{
  "type": "FeatureCollection",
  "features": [
    {
      "type": "Feature",
      "geometry": {
        "type": "Point",
        "coordinates": [
          136.7070729,
          34.4876109
        ]
      },
      "properties": {
        "内容": "バス停: 外宮前",
        "name": "外宮前",
        "operator": "事業者不明",
        "ref": "2",
        "url": "",
        "url2": ""
      }
    },
    {
      "type": "Feature",
      "geometry": {
        "type": "Point",
        "coordinates": [
          136.6972507,
          34.5404275
        ]
      },
      "properties": {
        "内容": "バス停: 有滝",
        "name": "有滝",
        "operator": "事業者不明",
        "ref": "",
        "url": "",
        "url2": ""
      }
    },
    {
      "type": "Feature",
      "geometry": {
        "type": "Point",
        "coordinates": [
          136.707148,
          34.4875457
        ]
      },
      "properties": {
        "内容": "バス停: 外宮前",
        "name": "外宮前",
        "operator": "事業者不明",
        "ref": "3",
        "url": "",
        "url2": ""
      }
    },
    {
      "type": "Feature",
      "geometry": {
        "type": "Point",
        "coordinates": [
          136.7095097,
          34.481151
        ]
      },
      "properties": {
        "内容": "バス停: 庁舎前",
        "name": "庁舎前",
        "operator": "事業者不明",
        "ref": "",
        "url": "",
        "url2": ""
      }
    },
    {
      "type": "Feature",
      "geometry": {
        "type": "Point",
        "coordinates": [
          136.7096276,
          34.4776653
        ]
      },
      "properties": {
        "内容": "バス停: 勢田町",
        "name": "勢田町",
        "operator": "事業者不明",
        "ref": "",
        "url": "",
        "url2": ""
      }
    },
    {
      "type": "Feature",
      "geometry": {
        "type": "Point",
        "coordinates": [
          136.7135596,
          34.4724989
        ]
      },
      "properties": {
        "内容": "バス停: 蓮台寺",
        "name": "蓮台寺",
        "operator": "事業者不明",
        "ref": "",
        "url": "",
        "url2": ""
      }
    },
    {
      "type": "Feature",
      "geometry": {
        "type": "Point",
        "coordinates": [
          136.7216017,
          34.4655935
        ]
      },
      "properties": {
        "内容": "バス停: 猿田彦神社前",
        "name": "猿田彦神社前",
        "operator": "事業者不明",
        "ref": "",
        "url": "",
        "url2": ""
      }
    },
    {
      "type": "Feature",
      "geometry": {
        "type": "Point",
        "coordinates": [
          136.7221703,
          34.4598276
        ]
      },
      "properties": {
        "内容": "バス停: 内宮前",
        "name": "内宮前",
        "operator": "事業者不明",
        "ref": "",
        "url": "",
        "url2": ""
      }
    },
    {
      "type": "Feature",
      "geometry": {
        "type": "Point",
        "coordinates": [
          136.722154,
          34.4599419
        ]
      },
      "properties": {
        "内容": "バス停: 内宮前",
        "name": "内宮前",
        "operator": "事業者不明",
        "ref": "",
        "url": "",
        "url2": ""
      }
    },
    {
      "type": "Feature",
      "geometry": {
        "type": "Point",
        "coordinates": [
          136.7221344,
          34.4600589
        ]
      },
      "properties": {
        "内容": "バス停: 内宮前",
        "name": "内宮前",
        "operator": "事業者不明",
        "ref": "",
        "url": "",
        "url2": ""
      }
    },
    {
      "type": "Feature",
      "geometry": {
        "type": "Point",
        "coordinates": [
          136.7213054,
          34.4633002
        ]
      },
      "properties": {
        "内容": "バス停: 神宮会館前",
        "name": "神宮会館前",
        "operator": "事業者不明",
        "ref": "",
        "url": "",
        "url2": ""
      }
    },
    {
      "type": "Feature",
      "geometry": {
        "type": "Point",
        "coordinates": [
          136.7213306,
          34.4653692
        ]
      },
      "properties": {
        "内容": "バス停: 猿田彦神社前",
        "name": "猿田彦神社前",
        "operator": "事業者不明",
        "ref": "",
        "url": "",
        "url2": ""
      }
    },
    {
      "type": "Feature",
      "geometry": {
        "type": "Point",
        "coordinates": [
          136.7279354,
          34.4766667
        ]
      },
      "properties": {
        "内容": "バス停: 五十鈴川駅前",
        "name": "五十鈴川駅前",
        "operator": "事業者不明",
        "ref": "",
        "url": "",
        "url2": ""
      }
    },
    {
      "type": "Feature",
      "geometry": {
        "type": "Point",
        "coordinates": [
          136.7276035,
          34.4771315
        ]
      },
      "properties": {
        "内容": "バス停: 五十鈴川駅前",
        "name": "五十鈴川駅前",
        "operator": "事業者不明",
        "ref": "",
        "url": "",
        "url2": ""
      }
    },
    {
      "type": "Feature",
      "geometry": {
        "type": "Point",
        "coordinates": [
          136.726074,
          34.4714486
        ]
      },
      "properties": {
        "内容": "バス停: 中村町(月讀宮前)",
        "name": "中村町(月讀宮前)",
        "operator": "事業者不明",
        "ref": "",
        "url": "",
        "url2": ""
      }
    },
    {
      "type": "Feature",
      "geometry": {
        "type": "Point",
        "coordinates": [
          136.8403714,
          34.4665547
        ]
      },
      "properties": {
        "内容": "バス停: 名称不明バス停",
        "name": "名称不明バス停",
        "operator": "事業者不明",
        "ref": "",
        "url": "",
        "url2": ""
      }
    },
    {
      "type": "Feature",
      "geometry": {
        "type": "Point",
        "coordinates": [
          136.8423168,
          34.4829532
        ]
      },
      "properties": {
        "内容": "バス停: 御木本幸吉生誕地東",
        "name": "御木本幸吉生誕地東",
        "operator": "事業者不明",
        "ref": "",
        "url": "",
        "url2": ""
      }
    },
    {
      "type": "Feature",
      "geometry": {
        "type": "Point",
        "coordinates": [
          136.2086619,
          34.1024116
        ]
      },
      "properties": {
        "内容": "バス停: 鷲毛 (三重交通)",
        "name": "鷲毛",
        "operator": "三重交通",
        "ref": "",
        "url": "",
        "url2": ""
      }
    },
    {
      "type": "Feature",
      "geometry": {
        "type": "Point",
        "coordinates": [
          136.2085417,
          34.1024601
        ]
      },
      "properties": {
        "内容": "バス停: 鷲毛 (三重交通)",
        "name": "鷲毛",
        "operator": "三重交通",
        "ref": "",
        "url": "",
        "url2": ""
      }
    },
    {
      "type": "Feature",
      "geometry": {
        "type": "Point",
        "coordinates": [
          136.6843568,
          35.0658666
        ]
      },
      "properties": {
        "内容": "バス停: 名称不明バス停",
        "name": "名称不明バス停",
        "operator": "事業者不明",
        "ref": "",
        "url": "",
        "url2": ""
      }
    },
    {
      "type": "Feature",
      "geometry": {
        "type": "Point",
        "coordinates": [
          136.8189055,
          34.3087186
        ]
      },
      "properties": {
        "内容": "バス停: 賢島駅前 (三重交通)",
        "name": "賢島駅前",
        "operator": "三重交通",
        "ref": "",
        "url": "",
        "url2": ""
      }
    },
    {
      "type": "Feature",
      "geometry": {
        "type": "Point",
        "coordinates": [
          136.186712,
          34.6646302
        ]
      },
      "properties": {
        "内容": "バス停: 桐ケ丘1丁目",
        "name": "桐ケ丘1丁目",
        "operator": "事業者不明",
        "ref": "",
        "url": "",
        "url2": ""
      }
    },
    {
      "type": "Feature",
      "geometry": {
        "type": "Point",
        "coordinates": [
          136.1863658,
          34.6646984
        ]
      },
      "properties": {
        "内容": "バス停: 桐ケ丘1丁目",
        "name": "桐ケ丘1丁目",
        "operator": "事業者不明",
        "ref": "",
        "url": "",
        "url2": ""
      }
    },
    {
      "type": "Feature",
      "geometry": {
        "type": "Point",
        "coordinates": [
          136.1852448,
          34.6656119
        ]
      },
      "properties": {
        "内容": "バス停: 青山小学校前",
        "name": "青山小学校前",
        "operator": "事業者不明",
        "ref": "",
        "url": "",
        "url2": ""
      }
    },
    {
      "type": "Feature",
      "geometry": {
        "type": "Point",
        "coordinates": [
          136.1891201,
          34.6633361
        ]
      },
      "properties": {
        "内容": "バス停: 桐ケ丘2丁目",
        "name": "桐ケ丘2丁目",
        "operator": "事業者不明",
        "ref": "",
        "url": "",
        "url2": ""
      }
    },
    {
      "type": "Feature",
      "geometry": {
        "type": "Point",
        "coordinates": [
          136.1890313,
          34.6634309
        ]
      },
      "properties": {
        "内容": "バス停: 桐ケ丘2丁目",
        "name": "桐ケ丘2丁目",
        "operator": "事業者不明",
        "ref": "",
        "url": "",
        "url2": ""
      }
    },
    {
      "type": "Feature",
      "geometry": {
        "type": "Point",
        "coordinates": [
          136.1849696,
          34.6657223
        ]
      },
      "properties": {
        "内容": "バス停: 青山小学校前",
        "name": "青山小学校前",
        "operator": "事業者不明",
        "ref": "",
        "url": "",
        "url2": ""
      }
    },
    {
      "type": "Feature",
      "geometry": {
        "type": "Point",
        "coordinates": [
          136.1974427,
          34.6587802
        ]
      },
      "properties": {
        "内容": "バス停: 桐ケ丘",
        "name": "桐ケ丘",
        "operator": "事業者不明",
        "ref": "",
        "url": "",
        "url2": ""
      }
    },
    {
      "type": "Feature",
      "geometry": {
        "type": "Point",
        "coordinates": [
          136.1976841,
          34.6589942
        ]
      },
      "properties": {
        "内容": "バス停: 桐ケ丘",
        "name": "桐ケ丘",
        "operator": "事業者不明",
        "ref": "",
        "url": "",
        "url2": ""
      }
    },
    {
      "type": "Feature",
      "geometry": {
        "type": "Point",
        "coordinates": [
          136.1980356,
          34.6602518
        ]
      },
      "properties": {
        "内容": "バス停: 桐ケ丘8丁目",
        "name": "桐ケ丘8丁目",
        "operator": "事業者不明",
        "ref": "",
        "url": "",
        "url2": ""
      }
    },
    {
      "type": "Feature",
      "geometry": {
        "type": "Point",
        "coordinates": [
          136.1980784,
          34.6606467
        ]
      },
      "properties": {
        "内容": "バス停: 桐ケ丘8丁目",
        "name": "桐ケ丘8丁目",
        "operator": "事業者不明",
        "ref": "",
        "url": "",
        "url2": ""
      }
    },
    {
      "type": "Feature",
      "geometry": {
        "type": "Point",
        "coordinates": [
          136.2019113,
          34.6612137
        ]
      },
      "properties": {
        "内容": "バス停: 桐ケ丘7丁目",
        "name": "桐ケ丘7丁目",
        "operator": "事業者不明",
        "ref": "",
        "url": "",
        "url2": ""
      }
    },
    {
      "type": "Feature",
      "geometry": {
        "type": "Point",
        "coordinates": [
          136.2012407,
          34.6612512
        ]
      },
      "properties": {
        "内容": "バス停: 桐ケ丘7丁目",
        "name": "桐ケ丘7丁目",
        "operator": "事業者不明",
        "ref": "",
        "url": "",
        "url2": ""
      }
    },
    {
      "type": "Feature",
      "geometry": {
        "type": "Point",
        "coordinates": [
          136.1976484,
          34.661975
        ]
      },
      "properties": {
        "内容": "バス停: 桐ケ丘5丁目東",
        "name": "桐ケ丘5丁目東",
        "operator": "事業者不明",
        "ref": "",
        "url": "",
        "url2": ""
      }
    },
    {
      "type": "Feature",
      "geometry": {
        "type": "Point",
        "coordinates": [
          136.1972925,
          34.66188
        ]
      },
      "properties": {
        "内容": "バス停: 桐ケ丘5丁目東",
        "name": "桐ケ丘5丁目東",
        "operator": "事業者不明",
        "ref": "",
        "url": "",
        "url2": ""
      }
    },
    {
      "type": "Feature",
      "geometry": {
        "type": "Point",
        "coordinates": [
          136.1945808,
          34.6624844
        ]
      },
      "properties": {
        "内容": "バス停: 桐ケ丘5丁目西",
        "name": "桐ケ丘5丁目西",
        "operator": "事業者不明",
        "ref": "",
        "url": "",
        "url2": ""
      }
    },
    {
      "type": "Feature",
      "geometry": {
        "type": "Point",
        "coordinates": [
          136.1945379,
          34.662394
        ]
      },
      "properties": {
        "内容": "バス停: 桐ケ丘5丁目西",
        "name": "桐ケ丘5丁目西",
        "operator": "事業者不明",
        "ref": "",
        "url": "",
        "url2": ""
      }
    },
    {
      "type": "Feature",
      "geometry": {
        "type": "Point",
        "coordinates": [
          136.1912253,
          34.6630713
        ]
      },
      "properties": {
        "内容": "バス停: 桐ケ丘3丁目",
        "name": "桐ケ丘3丁目",
        "operator": "事業者不明",
        "ref": "",
        "url": "",
        "url2": ""
      }
    },
    {
      "type": "Feature",
      "geometry": {
        "type": "Point",
        "coordinates": [
          136.191574,
          34.6628727
        ]
      },
      "properties": {
        "内容": "バス停: 桐ケ丘3丁目",
        "name": "桐ケ丘3丁目",
        "operator": "事業者不明",
        "ref": "",
        "url": "",
        "url2": ""
      }
    },
    {
      "type": "Feature",
      "geometry": {
        "type": "Point",
        "coordinates": [
          136.4480561,
          35.0148741
        ]
      },
      "properties": {
        "内容": "バス停: 名称不明バス停 (Mie Kotsu)",
        "name": "名称不明バス停",
        "operator": "Mie Kotsu",
        "ref": "",
        "url": "",
        "url2": ""
      }
    },
    {
      "type": "Feature",
      "geometry": {
        "type": "Point",
        "coordinates": [
          136.7772613,
          34.5061371
        ]
      },
      "properties": {
        "内容": "バス停: 二見浦表参道",
        "name": "二見浦表参道",
        "operator": "事業者不明",
        "ref": "",
        "url": "",
        "url2": ""
      }
    },
    {
      "type": "Feature",
      "geometry": {
        "type": "Point",
        "coordinates": [
          136.7796153,
          34.5059602
        ]
      },
      "properties": {
        "内容": "バス停: 名称不明バス停",
        "name": "名称不明バス停",
        "operator": "事業者不明",
        "ref": "",
        "url": "",
        "url2": ""
      }
    },
    {
      "type": "Feature",
      "geometry": {
        "type": "Point",
        "coordinates": [
          136.7791409,
          34.5055832
        ]
      },
      "properties": {
        "内容": "バス停: 名称不明バス停",
        "name": "名称不明バス停",
        "operator": "事業者不明",
        "ref": "",
        "url": "",
        "url2": ""
      }
    },
    {
      "type": "Feature",
      "geometry": {
        "type": "Point",
        "coordinates": [
          136.8407852,
          34.3312484
        ]
      },
      "properties": {
        "内容": "バス停: パールタウン",
        "name": "パールタウン",
        "operator": "事業者不明",
        "ref": "",
        "url": "",
        "url2": ""
      }
    },
    {
      "type": "Feature",
      "geometry": {
        "type": "Point",
        "coordinates": [
          136.840651,
          34.3311628
        ]
      },
      "properties": {
        "内容": "バス停: フリーパールタウン",
        "name": "フリーパールタウン",
        "operator": "事業者不明",
        "ref": "",
        "url": "",
        "url2": ""
      }
    },
    {
      "type": "Feature",
      "geometry": {
        "type": "Point",
        "coordinates": [
          136.5862451,
          34.8614199
        ]
      },
      "properties": {
        "内容": "バス停: 西玉垣",
        "name": "西玉垣",
        "operator": "事業者不明",
        "ref": "",
        "url": "",
        "url2": ""
      }
    },
    {
      "type": "Feature",
      "geometry": {
        "type": "Point",
        "coordinates": [
          136.3194293,
          34.6249218
        ]
      },
      "properties": {
        "内容": "バス停: 家城駅前",
        "name": "家城駅前",
        "operator": "事業者不明",
        "ref": "",
        "url": "",
        "url2": ""
      }
    },
    {
      "type": "Feature",
      "geometry": {
        "type": "Point",
        "coordinates": [
          136.4740978,
          35.0119246
        ]
      },
      "properties": {
        "内容": "バス停: 名称不明バス停",
        "name": "名称不明バス停",
        "operator": "事業者不明",
        "ref": "",
        "url": "",
        "url2": ""
      }
    },
    {
      "type": "Feature",
      "geometry": {
        "type": "Point",
        "coordinates": [
          136.4752364,
          35.0120828
        ]
      },
      "properties": {
        "内容": "バス停: 名称不明バス停",
        "name": "名称不明バス停",
        "operator": "事業者不明",
        "ref": "",
        "url": "",
        "url2": ""
      }
    },
    {
      "type": "Feature",
      "geometry": {
        "type": "Point",
        "coordinates": [
          136.5908872,
          34.9525945
        ]
      },
      "properties": {
        "内容": "バス停: 名称不明バス停",
        "name": "名称不明バス停",
        "operator": "事業者不明",
        "ref": "",
        "url": "",
        "url2": ""
      }
    },
    {
      "type": "Feature",
      "geometry": {
        "type": "Point",
        "coordinates": [
          136.6045921,
          34.9557806
        ]
      },
      "properties": {
        "内容": "バス停: 名称不明バス停",
        "name": "名称不明バス停",
        "operator": "事業者不明",
        "ref": "",
        "url": "",
        "url2": ""
      }
    },
    {
      "type": "Feature",
      "geometry": {
        "type": "Point",
        "coordinates": [
          136.5863283,
          34.9252389
        ]
      },
      "properties": {
        "内容": "バス停: 内部駅前",
        "name": "内部駅前",
        "operator": "事業者不明",
        "ref": "",
        "url": "",
        "url2": ""
      }
    },
    {
      "type": "Feature",
      "geometry": {
        "type": "Point",
        "coordinates": [
          136.5864208,
          34.9258294
        ]
      },
      "properties": {
        "内容": "バス停: 内部駅前",
        "name": "内部駅前",
        "operator": "事業者不明",
        "ref": "",
        "url": "",
        "url2": ""
      }
    },
    {
      "type": "Feature",
      "geometry": {
        "type": "Point",
        "coordinates": [
          136.1048972,
          33.891577
        ]
      },
      "properties": {
        "内容": "バス停: 新町 (三重交通)",
        "name": "新町",
        "operator": "三重交通",
        "ref": "",
        "url": "",
        "url2": ""
      }
    },
    {
      "type": "Feature",
      "geometry": {
        "type": "Point",
        "coordinates": [
          136.1049857,
          33.8916404
        ]
      },
      "properties": {
        "内容": "バス停: 新町 (三重交通)",
        "name": "新町",
        "operator": "三重交通",
        "ref": "",
        "url": "",
        "url2": ""
      }
    },
    {
      "type": "Feature",
      "geometry": {
        "type": "Point",
        "coordinates": [
          136.0887389,
          33.875188
        ]
      },
      "properties": {
        "内容": "バス停: 有馬 (三重交通)",
        "name": "有馬",
        "operator": "三重交通",
        "ref": "",
        "url": "",
        "url2": ""
      }
    },
    {
      "type": "Feature",
      "geometry": {
        "type": "Point",
        "coordinates": [
          136.0889484,
          33.8755598
        ]
      },
      "properties": {
        "内容": "バス停: 有馬 (三重交通)",
        "name": "有馬",
        "operator": "三重交通",
        "ref": "",
        "url": "",
        "url2": ""
      }
    },
    {
      "type": "Feature",
      "geometry": {
        "type": "Point",
        "coordinates": [
          136.0978913,
          33.884779
        ]
      },
      "properties": {
        "内容": "バス停: 獅子岩 (三重交通)",
        "name": "獅子岩",
        "operator": "三重交通",
        "ref": "",
        "url": "",
        "url2": ""
      }
    },
    {
      "type": "Feature",
      "geometry": {
        "type": "Point",
        "coordinates": [
          136.0980308,
          33.8848436
        ]
      },
      "properties": {
        "内容": "バス停: 獅子岩 (三重交通)",
        "name": "獅子岩",
        "operator": "三重交通",
        "ref": "",
        "url": "",
        "url2": ""
      }
    },
    {
      "type": "Feature",
      "geometry": {
        "type": "Point",
        "coordinates": [
          136.0920966,
          33.8783166
        ]
      },
      "properties": {
        "内容": "バス停: 花の窟 (三重交通)",
        "name": "花の窟",
        "operator": "三重交通",
        "ref": "",
        "url": "",
        "url2": ""
      }
    },
    {
      "type": "Feature",
      "geometry": {
        "type": "Point",
        "coordinates": [
          136.092043,
          33.8784379
        ]
      },
      "properties": {
        "内容": "バス停: 花の窟 (三重交通)",
        "name": "花の窟",
        "operator": "三重交通",
        "ref": "",
        "url": "",
        "url2": ""
      }
    },
    {
      "type": "Feature",
      "geometry": {
        "type": "Point",
        "coordinates": [
          136.1097953,
          33.8914659
        ]
      },
      "properties": {
        "内容": "バス停: 鬼ヶ城西口 (三重交通)",
        "name": "鬼ヶ城西口",
        "operator": "三重交通",
        "ref": "",
        "url": "",
        "url2": ""
      }
    },
    {
      "type": "Feature",
      "geometry": {
        "type": "Point",
        "coordinates": [
          136.5123961,
          34.733186
        ]
      },
      "properties": {
        "内容": "バス停: 栄町三丁目",
        "name": "栄町三丁目",
        "operator": "事業者不明",
        "ref": "",
        "url": "",
        "url2": ""
      }
    },
    {
      "type": "Feature",
      "geometry": {
        "type": "Point",
        "coordinates": [
          136.5121641,
          34.7332285
        ]
      },
      "properties": {
        "内容": "バス停: 津駅東口",
        "name": "津駅東口",
        "operator": "事業者不明",
        "ref": "",
        "url": "",
        "url2": ""
      }
    },
    {
      "type": "Feature",
      "geometry": {
        "type": "Point",
        "coordinates": [
          136.5109379,
          34.7341075
        ]
      },
      "properties": {
        "内容": "バス停: 津駅 (三重交通)",
        "name": "津駅",
        "operator": "三重交通",
        "ref": "1",
        "url": "",
        "url2": ""
      }
    },
    {
      "type": "Feature",
      "geometry": {
        "type": "Point",
        "coordinates": [
          136.5706055,
          34.8662693
        ]
      },
      "properties": {
        "内容": "バス停: 鈴鹿中央総合病院",
        "name": "鈴鹿中央総合病院",
        "operator": "事業者不明",
        "ref": "",
        "url": "",
        "url2": ""
      }
    },
    {
      "type": "Feature",
      "geometry": {
        "type": "Point",
        "coordinates": [
          136.5892674,
          34.8341463
        ]
      },
      "properties": {
        "内容": "バス停: １番のりば",
        "name": "１番のりば",
        "operator": "事業者不明",
        "ref": "",
        "url": "",
        "url2": ""
      }
    },
    {
      "type": "Feature",
      "geometry": {
        "type": "Point",
        "coordinates": [
          136.5893623,
          34.8342295
        ]
      },
      "properties": {
        "内容": "バス停: 2番のりば",
        "name": "2番のりば",
        "operator": "事業者不明",
        "ref": "",
        "url": "",
        "url2": ""
      }
    },
    {
      "type": "Feature",
      "geometry": {
        "type": "Point",
        "coordinates": [
          136.5909589,
          34.8373086
        ]
      },
      "properties": {
        "内容": "バス停: 白子サンズ",
        "name": "白子サンズ",
        "operator": "事業者不明",
        "ref": "",
        "url": "",
        "url2": ""
      }
    },
    {
      "type": "Feature",
      "geometry": {
        "type": "Point",
        "coordinates": [
          136.5932943,
          34.8408402
        ]
      },
      "properties": {
        "内容": "バス停: 体育館前",
        "name": "体育館前",
        "operator": "事業者不明",
        "ref": "",
        "url": "",
        "url2": ""
      }
    },
    {
      "type": "Feature",
      "geometry": {
        "type": "Point",
        "coordinates": [
          136.5910022,
          34.83726
        ]
      },
      "properties": {
        "内容": "バス停: 名称不明バス停",
        "name": "名称不明バス停",
        "operator": "事業者不明",
        "ref": "",
        "url": "",
        "url2": ""
      }
    },
    {
      "type": "Feature",
      "geometry": {
        "type": "Point",
        "coordinates": [
          136.5933525,
          34.8408185
        ]
      },
      "properties": {
        "内容": "バス停: 体育館前",
        "name": "体育館前",
        "operator": "事業者不明",
        "ref": "",
        "url": "",
        "url2": ""
      }
    },
    {
      "type": "Feature",
      "geometry": {
        "type": "Point",
        "coordinates": [
          136.5949986,
          34.8428884
        ]
      },
      "properties": {
        "内容": "バス停: 桜ヶ丘",
        "name": "桜ヶ丘",
        "operator": "事業者不明",
        "ref": "",
        "url": "",
        "url2": ""
      }
    },
    {
      "type": "Feature",
      "geometry": {
        "type": "Point",
        "coordinates": [
          136.5950013,
          34.8429633
        ]
      },
      "properties": {
        "内容": "バス停: 桜ヶ丘",
        "name": "桜ヶ丘",
        "operator": "事業者不明",
        "ref": "",
        "url": "",
        "url2": ""
      }
    },
    {
      "type": "Feature",
      "geometry": {
        "type": "Point",
        "coordinates": [
          136.5933222,
          34.8441586
        ]
      },
      "properties": {
        "内容": "バス停: 江島団地",
        "name": "江島団地",
        "operator": "事業者不明",
        "ref": "",
        "url": "",
        "url2": ""
      }
    },
    {
      "type": "Feature",
      "geometry": {
        "type": "Point",
        "coordinates": [
          136.5932149,
          34.8441432
        ]
      },
      "properties": {
        "内容": "バス停: 江島団地",
        "name": "江島団地",
        "operator": "事業者不明",
        "ref": "",
        "url": "",
        "url2": ""
      }
    },
    {
      "type": "Feature",
      "geometry": {
        "type": "Point",
        "coordinates": [
          136.589248,
          34.8476526
        ]
      },
      "properties": {
        "内容": "バス停: 鈴鹿警察",
        "name": "鈴鹿警察",
        "operator": "事業者不明",
        "ref": "",
        "url": "",
        "url2": ""
      }
    },
    {
      "type": "Feature",
      "geometry": {
        "type": "Point",
        "coordinates": [
          136.589459,
          34.8476548
        ]
      },
      "properties": {
        "内容": "バス停: 鈴鹿警察",
        "name": "鈴鹿警察",
        "operator": "事業者不明",
        "ref": "",
        "url": "",
        "url2": ""
      }
    },
    {
      "type": "Feature",
      "geometry": {
        "type": "Point",
        "coordinates": [
          136.589654,
          34.8536389
        ]
      },
      "properties": {
        "内容": "バス停: 南玉垣",
        "name": "南玉垣",
        "operator": "事業者不明",
        "ref": "",
        "url": "",
        "url2": ""
      }
    },
    {
      "type": "Feature",
      "geometry": {
        "type": "Point",
        "coordinates": [
          136.5898861,
          34.853627
        ]
      },
      "properties": {
        "内容": "バス停: 南玉垣",
        "name": "南玉垣",
        "operator": "事業者不明",
        "ref": "",
        "url": "",
        "url2": ""
      }
    },
    {
      "type": "Feature",
      "geometry": {
        "type": "Point",
        "coordinates": [
          136.5854226,
          34.8559519
        ]
      },
      "properties": {
        "内容": "バス停: 玉垣",
        "name": "玉垣",
        "operator": "事業者不明",
        "ref": "",
        "url": "",
        "url2": ""
      }
    },
    {
      "type": "Feature",
      "geometry": {
        "type": "Point",
        "coordinates": [
          136.5855664,
          34.8559827
        ]
      },
      "properties": {
        "内容": "バス停: 玉垣",
        "name": "玉垣",
        "operator": "事業者不明",
        "ref": "",
        "url": "",
        "url2": ""
      }
    },
    {
      "type": "Feature",
      "geometry": {
        "type": "Point",
        "coordinates": [
          136.5811932,
          34.8540833
        ]
      },
      "properties": {
        "内容": "バス停: アピタ鈴鹿店",
        "name": "アピタ鈴鹿店",
        "operator": "事業者不明",
        "ref": "",
        "url": "",
        "url2": ""
      }
    },
    {
      "type": "Feature",
      "geometry": {
        "type": "Point",
        "coordinates": [
          136.581243,
          34.8540292
        ]
      },
      "properties": {
        "内容": "バス停: アピタ鈴鹿店",
        "name": "アピタ鈴鹿店",
        "operator": "事業者不明",
        "ref": "",
        "url": "",
        "url2": ""
      }
    },
    {
      "type": "Feature",
      "geometry": {
        "type": "Point",
        "coordinates": [
          136.5748999,
          34.8547767
        ]
      },
      "properties": {
        "内容": "バス停: 桜島公園口",
        "name": "桜島公園口",
        "operator": "事業者不明",
        "ref": "",
        "url": "",
        "url2": ""
      }
    },
    {
      "type": "Feature",
      "geometry": {
        "type": "Point",
        "coordinates": [
          136.5750727,
          34.8549453
        ]
      },
      "properties": {
        "内容": "バス停: 桜島公園口",
        "name": "桜島公園口",
        "operator": "事業者不明",
        "ref": "",
        "url": "",
        "url2": ""
      }
    },
    {
      "type": "Feature",
      "geometry": {
        "type": "Point",
        "coordinates": [
          136.5760721,
          34.8588848
        ]
      },
      "properties": {
        "内容": "バス停: 桜島五丁目",
        "name": "桜島五丁目",
        "operator": "事業者不明",
        "ref": "",
        "url": "",
        "url2": ""
      }
    },
    {
      "type": "Feature",
      "geometry": {
        "type": "Point",
        "coordinates": [
          136.5760842,
          34.8589285
        ]
      },
      "properties": {
        "内容": "バス停: 桜島五丁目",
        "name": "桜島五丁目",
        "operator": "事業者不明",
        "ref": "",
        "url": "",
        "url2": ""
      }
    },
    {
      "type": "Feature",
      "geometry": {
        "type": "Point",
        "coordinates": [
          136.5705178,
          34.8607624
        ]
      },
      "properties": {
        "内容": "バス停: 石垣池公園",
        "name": "石垣池公園",
        "operator": "事業者不明",
        "ref": "",
        "url": "",
        "url2": ""
      }
    },
    {
      "type": "Feature",
      "geometry": {
        "type": "Point",
        "coordinates": [
          136.5705558,
          34.8608082
        ]
      },
      "properties": {
        "内容": "バス停: 石垣池公園",
        "name": "石垣池公園",
        "operator": "事業者不明",
        "ref": "",
        "url": "",
        "url2": ""
      }
    },
    {
      "type": "Feature",
      "geometry": {
        "type": "Point",
        "coordinates": [
          136.5733596,
          34.8665034
        ]
      },
      "properties": {
        "内容": "バス停: ザル池",
        "name": "ザル池",
        "operator": "事業者不明",
        "ref": "",
        "url": "",
        "url2": ""
      }
    },
    {
      "type": "Feature",
      "geometry": {
        "type": "Point",
        "coordinates": [
          136.5734712,
          34.8667547
        ]
      },
      "properties": {
        "内容": "バス停: ザル池",
        "name": "ザル池",
        "operator": "事業者不明",
        "ref": "",
        "url": "",
        "url2": ""
      }
    },
    {
      "type": "Feature",
      "geometry": {
        "type": "Point",
        "coordinates": [
          136.5177661,
          34.7972423
        ]
      },
      "properties": {
        "内容": "バス停: 道の駅津かわげ",
        "name": "道の駅津かわげ",
        "operator": "事業者不明",
        "ref": "",
        "url": "",
        "url2": ""
      }
    },
    {
      "type": "Feature",
      "geometry": {
        "type": "Point",
        "coordinates": [
          136.4615799,
          34.8021385
        ]
      },
      "properties": {
        "内容": "バス停: 名称不明バス停",
        "name": "名称不明バス停",
        "operator": "事業者不明",
        "ref": "",
        "url": "",
        "url2": ""
      }
    },
    {
      "type": "Feature",
      "geometry": {
        "type": "Point",
        "coordinates": [
          136.5812178,
          34.8259378
        ]
      },
      "properties": {
        "内容": "バス停: 名称不明バス停",
        "name": "名称不明バス停",
        "operator": "事業者不明",
        "ref": "",
        "url": "",
        "url2": ""
      }
    },
    {
      "type": "Feature",
      "geometry": {
        "type": "Point",
        "coordinates": [
          136.5392734,
          34.8486681
        ]
      },
      "properties": {
        "内容": "バス停: 名称不明バス停",
        "name": "名称不明バス停",
        "operator": "事業者不明",
        "ref": "",
        "url": "",
        "url2": ""
      }
    },
    {
      "type": "Feature",
      "geometry": {
        "type": "Point",
        "coordinates": [
          136.7302358,
          34.4782516
        ]
      },
      "properties": {
        "内容": "バス停: イオン伊勢店",
        "name": "イオン伊勢店",
        "operator": "事業者不明",
        "ref": "",
        "url": "",
        "url2": ""
      }
    },
    {
      "type": "Feature",
      "geometry": {
        "type": "Point",
        "coordinates": [
          136.7229268,
          34.4655629
        ]
      },
      "properties": {
        "内容": "バス停: 浦田町(三重交通Gスポーツの杜 伊勢口)",
        "name": "浦田町(三重交通Gスポーツの杜 伊勢口)",
        "operator": "事業者不明",
        "ref": "",
        "url": "",
        "url2": ""
      }
    },
    {
      "type": "Feature",
      "geometry": {
        "type": "Point",
        "coordinates": [
          136.7231491,
          34.4656764
        ]
      },
      "properties": {
        "内容": "バス停: 浦田町(三重交通Gスポーツの杜 伊勢口)",
        "name": "浦田町(三重交通Gスポーツの杜 伊勢口)",
        "operator": "事業者不明",
        "ref": "",
        "url": "",
        "url2": ""
      }
    },
    {
      "type": "Feature",
      "geometry": {
        "type": "Point",
        "coordinates": [
          136.7282068,
          35.0327956
        ]
      },
      "properties": {
        "内容": "バス停: 長島溫泉2番乗り場",
        "name": "長島溫泉2番乗り場",
        "operator": "事業者不明",
        "ref": "",
        "url": "",
        "url2": ""
      }
    },
    {
      "type": "Feature",
      "geometry": {
        "type": "Point",
        "coordinates": [
          136.7208497,
          34.4955863
        ]
      },
      "properties": {
        "内容": "バス停: 神久町 (三重交通)",
        "name": "神久町",
        "operator": "三重交通",
        "ref": "",
        "url": "",
        "url2": ""
      }
    },
    {
      "type": "Feature",
      "geometry": {
        "type": "Point",
        "coordinates": [
          136.7207886,
          34.4957044
        ]
      },
      "properties": {
        "内容": "バス停: 神久町 (三重交通)",
        "name": "神久町",
        "operator": "三重交通",
        "ref": "",
        "url": "",
        "url2": ""
      }
    },
    {
      "type": "Feature",
      "geometry": {
        "type": "Point",
        "coordinates": [
          136.7138819,
          34.4946019
        ]
      },
      "properties": {
        "内容": "バス停: 河崎町 (三重交通)",
        "name": "河崎町",
        "operator": "三重交通",
        "ref": "",
        "url": "",
        "url2": ""
      }
    },
    {
      "type": "Feature",
      "geometry": {
        "type": "Point",
        "coordinates": [
          136.6208853,
          34.9945802
        ]
      },
      "properties": {
        "内容": "バス停: 羽津山",
        "name": "羽津山",
        "operator": "事業者不明",
        "ref": "",
        "url": "",
        "url2": ""
      }
    },
    {
      "type": "Feature",
      "geometry": {
        "type": "Point",
        "coordinates": [
          136.6296791,
          34.9861765
        ]
      },
      "properties": {
        "内容": "バス停: 阿倉川駅口",
        "name": "阿倉川駅口",
        "operator": "事業者不明",
        "ref": "",
        "url": "",
        "url2": ""
      }
    },
    {
      "type": "Feature",
      "geometry": {
        "type": "Point",
        "coordinates": [
          136.6223348,
          34.9927042
        ]
      },
      "properties": {
        "内容": "バス停: 羽津山住宅口",
        "name": "羽津山住宅口",
        "operator": "事業者不明",
        "ref": "",
        "url": "",
        "url2": ""
      }
    },
    {
      "type": "Feature",
      "geometry": {
        "type": "Point",
        "coordinates": [
          136.6278524,
          34.984416
        ]
      },
      "properties": {
        "内容": "バス停: 阿倉川駅前",
        "name": "阿倉川駅前",
        "operator": "事業者不明",
        "ref": "",
        "url": "",
        "url2": ""
      }
    },
    {
      "type": "Feature",
      "geometry": {
        "type": "Point",
        "coordinates": [
          136.6291056,
          34.9628391
        ]
      },
      "properties": {
        "内容": "バス停: JR四日市",
        "name": "JR四日市",
        "operator": "事業者不明",
        "ref": "",
        "url": "",
        "url2": ""
      }
    },
    {
      "type": "Feature",
      "geometry": {
        "type": "Point",
        "coordinates": [
          136.654023,
          35.0078341
        ]
      },
      "properties": {
        "内容": "バス停: JR富田駅前",
        "name": "JR富田駅前",
        "operator": "事業者不明",
        "ref": "",
        "url": "",
        "url2": ""
      }
    },
    {
      "type": "Feature",
      "geometry": {
        "type": "Point",
        "coordinates": [
          136.6626907,
          35.0100629
        ]
      },
      "properties": {
        "内容": "バス停: 富洲原地区市民センター停留所 (四日市市)",
        "name": "富洲原地区市民センター停留所",
        "operator": "四日市市",
        "ref": "",
        "url": "",
        "url2": ""
      }
    },
    {
      "type": "Feature",
      "geometry": {
        "type": "Point",
        "coordinates": [
          136.642504,
          35.006742
        ]
      },
      "properties": {
        "内容": "バス停: 三洋堂前",
        "name": "三洋堂前",
        "operator": "事業者不明",
        "ref": "",
        "url": "",
        "url2": ""
      }
    },
    {
      "type": "Feature",
      "geometry": {
        "type": "Point",
        "coordinates": [
          136.6854827,
          35.0676921
        ]
      },
      "properties": {
        "内容": "バス停: 有楽町 (KUWANA COMMUNITY BUS)",
        "name": "有楽町",
        "operator": "KUWANA COMMUNITY BUS",
        "ref": "",
        "url": "",
        "url2": ""
      }
    },
    {
      "type": "Feature",
      "geometry": {
        "type": "Point",
        "coordinates": [
          136.6854425,
          35.0676987
        ]
      },
      "properties": {
        "内容": "バス停: 有楽町 桑名駅前[有楽町] (JR東海バス)",
        "name": "有楽町 桑名駅前[有楽町]",
        "operator": "JR東海バス",
        "ref": "",
        "url": "",
        "url2": ""
      }
    },
    {
      "type": "Feature",
      "geometry": {
        "type": "Point",
        "coordinates": [
          136.689852,
          35.0669929
        ]
      },
      "properties": {
        "内容": "バス停: 末広町 (KUWANA COMMUNITY BUS)",
        "name": "末広町",
        "operator": "KUWANA COMMUNITY BUS",
        "ref": "",
        "url": "",
        "url2": ""
      }
    },
    {
      "type": "Feature",
      "geometry": {
        "type": "Point",
        "coordinates": [
          136.7062161,
          34.4920473
        ]
      },
      "properties": {
        "内容": "バス停: おかげバス 月夜見宮前",
        "name": "おかげバス 月夜見宮前",
        "operator": "事業者不明",
        "ref": "",
        "url": "",
        "url2": ""
      }
    },
    {
      "type": "Feature",
      "geometry": {
        "type": "Point",
        "coordinates": [
          136.6085072,
          35.0219998
        ]
      },
      "properties": {
        "内容": "バス停: 四日市大学　バス停",
        "name": "四日市大学　バス停",
        "operator": "事業者不明",
        "ref": "",
        "url": "",
        "url2": ""
      }
    },
    {
      "type": "Feature",
      "geometry": {
        "type": "Point",
        "coordinates": [
          136.6241979,
          34.9903845
        ]
      },
      "properties": {
        "内容": "バス停: 山手中学校前",
        "name": "山手中学校前",
        "operator": "事業者不明",
        "ref": "",
        "url": "",
        "url2": ""
      }
    },
    {
      "type": "Feature",
      "geometry": {
        "type": "Point",
        "coordinates": [
          136.6258951,
          34.9886308
        ]
      },
      "properties": {
        "内容": "バス停: 四日市羽津医療センター",
        "name": "四日市羽津医療センター",
        "operator": "事業者不明",
        "ref": "",
        "url": "",
        "url2": ""
      }
    },
    {
      "type": "Feature",
      "geometry": {
        "type": "Point",
        "coordinates": [
          136.6278822,
          34.9868526
        ]
      },
      "properties": {
        "内容": "バス停: 羽津山",
        "name": "羽津山",
        "operator": "事業者不明",
        "ref": "",
        "url": "",
        "url2": ""
      }
    },
    {
      "type": "Feature",
      "geometry": {
        "type": "Point",
        "coordinates": [
          136.636091,
          34.9923177
        ]
      },
      "properties": {
        "内容": "バス停: かすみがうらクリニック",
        "name": "かすみがうらクリニック",
        "operator": "事業者不明",
        "ref": "",
        "url": "",
        "url2": ""
      }
    },
    {
      "type": "Feature",
      "geometry": {
        "type": "Point",
        "coordinates": [
          136.6491743,
          35.0074623
        ]
      },
      "properties": {
        "内容": "バス停: 近鉄富田(三岐鉄道バス)",
        "name": "近鉄富田(三岐鉄道バス)",
        "operator": "事業者不明",
        "ref": "",
        "url": "",
        "url2": ""
      }
    },
    {
      "type": "Feature",
      "geometry": {
        "type": "Point",
        "coordinates": [
          136.6302016,
          34.9828111
        ]
      },
      "properties": {
        "内容": "バス停: 三ツ谷 (三重交通)",
        "name": "三ツ谷",
        "operator": "三重交通",
        "ref": "",
        "url": "",
        "url2": ""
      }
    },
    {
      "type": "Feature",
      "geometry": {
        "type": "Point",
        "coordinates": [
          136.6181982,
          34.9983502
        ]
      },
      "properties": {
        "内容": "バス停: みゆきがおか",
        "name": "みゆきがおか",
        "operator": "事業者不明",
        "ref": "",
        "url": "",
        "url2": ""
      }
    },
    {
      "type": "Feature",
      "geometry": {
        "type": "Point",
        "coordinates": [
          136.627419,
          34.9784134
        ]
      },
      "properties": {
        "内容": "バス停: 川原町",
        "name": "川原町",
        "operator": "事業者不明",
        "ref": "",
        "url": "",
        "url2": ""
      }
    },
    {
      "type": "Feature",
      "geometry": {
        "type": "Point",
        "coordinates": [
          136.7578232,
          34.5117191
        ]
      },
      "properties": {
        "内容": "バス停: 名称不明バス停",
        "name": "名称不明バス停",
        "operator": "事業者不明",
        "ref": "",
        "url": "",
        "url2": ""
      }
    },
    {
      "type": "Feature",
      "geometry": {
        "type": "Point",
        "coordinates": [
          136.7579617,
          34.5072599
        ]
      },
      "properties": {
        "内容": "バス停: 名称不明バス停",
        "name": "名称不明バス停",
        "operator": "事業者不明",
        "ref": "",
        "url": "",
        "url2": ""
      }
    },
    {
      "type": "Feature",
      "geometry": {
        "type": "Point",
        "coordinates": [
          136.5403352,
          34.8079142
        ]
      },
      "properties": {
        "内容": "バス停: 鈴鹿大学",
        "name": "鈴鹿大学",
        "operator": "事業者不明",
        "ref": "",
        "url": "",
        "url2": ""
      }
    },
    {
      "type": "Feature",
      "geometry": {
        "type": "Point",
        "coordinates": [
          136.5397798,
          34.808128
        ]
      },
      "properties": {
        "内容": "バス停: 鈴鹿大学",
        "name": "鈴鹿大学",
        "operator": "事業者不明",
        "ref": "",
        "url": "",
        "url2": ""
      }
    },
    {
      "type": "Feature",
      "geometry": {
        "type": "Point",
        "coordinates": [
          136.5456465,
          34.8063651
        ]
      },
      "properties": {
        "内容": "バス停: フリー団地西",
        "name": "フリー団地西",
        "operator": "事業者不明",
        "ref": "",
        "url": "",
        "url2": ""
      }
    },
    {
      "type": "Feature",
      "geometry": {
        "type": "Point",
        "coordinates": [
          136.6670638,
          34.5218405
        ]
      },
      "properties": {
        "内容": "バス停: おかげバス",
        "name": "おかげバス",
        "operator": "事業者不明",
        "ref": "",
        "url": "",
        "url2": ""
      }
    },
    {
      "type": "Feature",
      "geometry": {
        "type": "Point",
        "coordinates": [
          136.6672336,
          34.5262238
        ]
      },
      "properties": {
        "内容": "バス停: おかげバス",
        "name": "おかげバス",
        "operator": "事業者不明",
        "ref": "",
        "url": "",
        "url2": ""
      }
    },
    {
      "type": "Feature",
      "geometry": {
        "type": "Point",
        "coordinates": [
          136.6670958,
          34.5173766
        ]
      },
      "properties": {
        "内容": "バス停: おかげバス",
        "name": "おかげバス",
        "operator": "事業者不明",
        "ref": "",
        "url": "",
        "url2": ""
      }
    },
    {
      "type": "Feature",
      "geometry": {
        "type": "Point",
        "coordinates": [
          136.547123,
          34.805954
        ]
      },
      "properties": {
        "内容": "バス停: 団地センター前（千里ヶ丘）",
        "name": "団地センター前（千里ヶ丘）",
        "operator": "事業者不明",
        "ref": "",
        "url": "",
        "url2": ""
      }
    },
    {
      "type": "Feature",
      "geometry": {
        "type": "Point",
        "coordinates": [
          136.5374933,
          34.7836835
        ]
      },
      "properties": {
        "内容": "バス停: 朝陽中学校前",
        "name": "朝陽中学校前",
        "operator": "事業者不明",
        "ref": "",
        "url": "",
        "url2": ""
      }
    },
    {
      "type": "Feature",
      "geometry": {
        "type": "Point",
        "coordinates": [
          136.5285702,
          34.7732247
        ]
      },
      "properties": {
        "内容": "バス停: 小川園前",
        "name": "小川園前",
        "operator": "事業者不明",
        "ref": "",
        "url": "",
        "url2": ""
      }
    },
    {
      "type": "Feature",
      "geometry": {
        "type": "Point",
        "coordinates": [
          136.5236597,
          34.7576445
        ]
      },
      "properties": {
        "内容": "バス停: 白塚口北",
        "name": "白塚口北",
        "operator": "事業者不明",
        "ref": "",
        "url": "",
        "url2": ""
      }
    },
    {
      "type": "Feature",
      "geometry": {
        "type": "Point",
        "coordinates": [
          136.5148044,
          34.7374625
        ]
      },
      "properties": {
        "内容": "バス停: 三交ホーム前",
        "name": "三交ホーム前",
        "operator": "事業者不明",
        "ref": "",
        "url": "",
        "url2": ""
      }
    },
    {
      "type": "Feature",
      "geometry": {
        "type": "Point",
        "coordinates": [
          136.5122884,
          34.7294112
        ]
      },
      "properties": {
        "内容": "バス停: 県庁前 (三重交通)",
        "name": "県庁前",
        "operator": "三重交通",
        "ref": "",
        "url": "",
        "url2": ""
      }
    },
    {
      "type": "Feature",
      "geometry": {
        "type": "Point",
        "coordinates": [
          136.7437209,
          34.5253004
        ]
      },
      "properties": {
        "内容": "バス停: 大湊",
        "name": "大湊",
        "operator": "事業者不明",
        "ref": "",
        "url": "",
        "url2": ""
      }
    },
    {
      "type": "Feature",
      "geometry": {
        "type": "Point",
        "coordinates": [
          136.7414761,
          34.5266976
        ]
      },
      "properties": {
        "内容": "バス停: 八幡宮前",
        "name": "八幡宮前",
        "operator": "事業者不明",
        "ref": "",
        "url": "",
        "url2": ""
      }
    },
    {
      "type": "Feature",
      "geometry": {
        "type": "Point",
        "coordinates": [
          136.7394022,
          34.5272814
        ]
      },
      "properties": {
        "内容": "バス停: 中町",
        "name": "中町",
        "operator": "事業者不明",
        "ref": "",
        "url": "",
        "url2": ""
      }
    },
    {
      "type": "Feature",
      "geometry": {
        "type": "Point",
        "coordinates": [
          136.7369456,
          34.5278937
        ]
      },
      "properties": {
        "内容": "バス停: 西町",
        "name": "西町",
        "operator": "事業者不明",
        "ref": "",
        "url": "",
        "url2": ""
      }
    },
    {
      "type": "Feature",
      "geometry": {
        "type": "Point",
        "coordinates": [
          136.7345874,
          34.5252638
        ]
      },
      "properties": {
        "内容": "バス停: 徳田",
        "name": "徳田",
        "operator": "事業者不明",
        "ref": "",
        "url": "",
        "url2": ""
      }
    },
    {
      "type": "Feature",
      "geometry": {
        "type": "Point",
        "coordinates": [
          136.7290935,
          34.5179172
        ]
      },
      "properties": {
        "内容": "バス停: 馬瀬",
        "name": "馬瀬",
        "operator": "事業者不明",
        "ref": "",
        "url": "",
        "url2": ""
      }
    },
    {
      "type": "Feature",
      "geometry": {
        "type": "Point",
        "coordinates": [
          136.7259063,
          34.5161274
        ]
      },
      "properties": {
        "内容": "バス停: 馬瀬口",
        "name": "馬瀬口",
        "operator": "事業者不明",
        "ref": "",
        "url": "",
        "url2": ""
      }
    },
    {
      "type": "Feature",
      "geometry": {
        "type": "Point",
        "coordinates": [
          136.7229822,
          34.5118515
        ]
      },
      "properties": {
        "内容": "バス停: 新開",
        "name": "新開",
        "operator": "事業者不明",
        "ref": "",
        "url": "",
        "url2": ""
      }
    },
    {
      "type": "Feature",
      "geometry": {
        "type": "Point",
        "coordinates": [
          136.7217586,
          34.5074498
        ]
      },
      "properties": {
        "内容": "バス停: ララパーク",
        "name": "ララパーク",
        "operator": "事業者不明",
        "ref": "",
        "url": "",
        "url2": ""
      }
    },
    {
      "type": "Feature",
      "geometry": {
        "type": "Point",
        "coordinates": [
          136.7224918,
          34.5078219
        ]
      },
      "properties": {
        "内容": "バス停: ララパーク",
        "name": "ララパーク",
        "operator": "事業者不明",
        "ref": "",
        "url": "",
        "url2": ""
      }
    },
    {
      "type": "Feature",
      "geometry": {
        "type": "Point",
        "coordinates": [
          136.7173697,
          34.5037049
        ]
      },
      "properties": {
        "内容": "バス停: 桧尻(ぎゅーとらハイジー店)",
        "name": "桧尻(ぎゅーとらハイジー店)",
        "operator": "事業者不明",
        "ref": "",
        "url": "",
        "url2": ""
      }
    },
    {
      "type": "Feature",
      "geometry": {
        "type": "Point",
        "coordinates": [
          136.7127444,
          34.4916676
        ]
      },
      "properties": {
        "内容": "バス停: 伊勢市駅北口",
        "name": "伊勢市駅北口",
        "operator": "事業者不明",
        "ref": "",
        "url": "",
        "url2": ""
      }
    },
    {
      "type": "Feature",
      "geometry": {
        "type": "Point",
        "coordinates": [
          136.7122401,
          34.4904321
        ]
      },
      "properties": {
        "内容": "バス停: 伊勢市駅北口",
        "name": "伊勢市駅北口",
        "operator": "事業者不明",
        "ref": "",
        "url": "",
        "url2": ""
      }
    },
    {
      "type": "Feature",
      "geometry": {
        "type": "Point",
        "coordinates": [
          136.5141222,
          34.7364365
        ]
      },
      "properties": {
        "内容": "バス停: 三交ホーム前",
        "name": "三交ホーム前",
        "operator": "事業者不明",
        "ref": "",
        "url": "",
        "url2": ""
      }
    },
    {
      "type": "Feature",
      "geometry": {
        "type": "Point",
        "coordinates": [
          136.5119088,
          34.7292689
        ]
      },
      "properties": {
        "内容": "バス停: 県庁前 (三重交通)",
        "name": "県庁前",
        "operator": "三重交通",
        "ref": "",
        "url": "",
        "url2": ""
      }
    },
    {
      "type": "Feature",
      "geometry": {
        "type": "Point",
        "coordinates": [
          136.5233853,
          34.757626
        ]
      },
      "properties": {
        "内容": "バス停: 白塚口北",
        "name": "白塚口北",
        "operator": "事業者不明",
        "ref": "",
        "url": "",
        "url2": ""
      }
    },
    {
      "type": "Feature",
      "geometry": {
        "type": "Point",
        "coordinates": [
          136.5283679,
          34.7734211
        ]
      },
      "properties": {
        "内容": "バス停: 小川園前",
        "name": "小川園前",
        "operator": "事業者不明",
        "ref": "",
        "url": "",
        "url2": ""
      }
    },
    {
      "type": "Feature",
      "geometry": {
        "type": "Point",
        "coordinates": [
          136.5470572,
          34.8058463
        ]
      },
      "properties": {
        "内容": "バス停: 団地センター前（千里ヶ丘）",
        "name": "団地センター前（千里ヶ丘）",
        "operator": "事業者不明",
        "ref": "",
        "url": "",
        "url2": ""
      }
    },
    {
      "type": "Feature",
      "geometry": {
        "type": "Point",
        "coordinates": [
          136.5368953,
          34.7835336
        ]
      },
      "properties": {
        "内容": "バス停: 朝陽中学校前",
        "name": "朝陽中学校前",
        "operator": "事業者不明",
        "ref": "",
        "url": "",
        "url2": ""
      }
    },
    {
      "type": "Feature",
      "geometry": {
        "type": "Point",
        "coordinates": [
          136.5307761,
          34.5774896
        ]
      },
      "properties": {
        "内容": "バス停: 名称不明バス停",
        "name": "名称不明バス停",
        "operator": "事業者不明",
        "ref": "",
        "url": "",
        "url2": ""
      }
    },
    {
      "type": "Feature",
      "geometry": {
        "type": "Point",
        "coordinates": [
          136.2228675,
          34.0624532
        ]
      },
      "properties": {
        "内容": "バス停: 大曽根浦駅前（バス）Osoneuraeki-mae",
        "name": "大曽根浦駅前（バス）Osoneuraeki-mae",
        "operator": "事業者不明",
        "ref": "",
        "url": "",
        "url2": ""
      }
    },
    {
      "type": "Feature",
      "geometry": {
        "type": "Point",
        "coordinates": [
          136.2137873,
          34.062735
        ]
      },
      "properties": {
        "内容": "バス停: 名称不明バス停",
        "name": "名称不明バス停",
        "operator": "事業者不明",
        "ref": "",
        "url": "",
        "url2": ""
      }
    },
    {
      "type": "Feature",
      "geometry": {
        "type": "Point",
        "coordinates": [
          136.0963125,
          34.6220323
        ]
      },
      "properties": {
        "内容": "バス停: 百合ヶ丘行き",
        "name": "百合ヶ丘行き",
        "operator": "事業者不明",
        "ref": "",
        "url": "",
        "url2": ""
      }
    },
    {
      "type": "Feature",
      "geometry": {
        "type": "Point",
        "coordinates": [
          136.0952213,
          34.6211952
        ]
      },
      "properties": {
        "内容": "バス停: 名張駅西口",
        "name": "名張駅西口",
        "operator": "事業者不明",
        "ref": "",
        "url": "",
        "url2": ""
      }
    },
    {
      "type": "Feature",
      "geometry": {
        "type": "Point",
        "coordinates": [
          136.1127045,
          34.6419472
        ]
      },
      "properties": {
        "内容": "バス停: 桔梗が丘 (三重交通)",
        "name": "桔梗が丘",
        "operator": "三重交通",
        "ref": "",
        "url": "",
        "url2": ""
      }
    },
    {
      "type": "Feature",
      "geometry": {
        "type": "Point",
        "coordinates": [
          136.5376021,
          34.5787706
        ]
      },
      "properties": {
        "内容": "バス停: 松阪駅北口",
        "name": "松阪駅北口",
        "operator": "事業者不明",
        "ref": "",
        "url": "",
        "url2": ""
      }
    },
    {
      "type": "Feature",
      "geometry": {
        "type": "Point",
        "coordinates": [
          136.5097092,
          34.733271
        ]
      },
      "properties": {
        "内容": "バス停: 津駅西口",
        "name": "津駅西口",
        "operator": "事業者不明",
        "ref": "",
        "url": "",
        "url2": ""
      }
    },
    {
      "type": "Feature",
      "geometry": {
        "type": "Point",
        "coordinates": [
          136.5298082,
          34.5783262
        ]
      },
      "properties": {
        "内容": "バス停: 名称不明バス停",
        "name": "名称不明バス停",
        "operator": "事業者不明",
        "ref": "",
        "url": "",
        "url2": ""
      }
    },
    {
      "type": "Feature",
      "geometry": {
        "type": "Point",
        "coordinates": [
          136.5277705,
          34.5773314
        ]
      },
      "properties": {
        "内容": "バス停: 名称不明バス停",
        "name": "名称不明バス停",
        "operator": "事業者不明",
        "ref": "",
        "url": "",
        "url2": ""
      }
    },
    {
      "type": "Feature",
      "geometry": {
        "type": "Point",
        "coordinates": [
          136.5259177,
          34.5771517
        ]
      },
      "properties": {
        "内容": "バス停: 名称不明バス停",
        "name": "名称不明バス停",
        "operator": "事業者不明",
        "ref": "",
        "url": "",
        "url2": ""
      }
    },
    {
      "type": "Feature",
      "geometry": {
        "type": "Point",
        "coordinates": [
          136.5221421,
          34.5779019
        ]
      },
      "properties": {
        "内容": "バス停: 名称不明バス停",
        "name": "名称不明バス停",
        "operator": "事業者不明",
        "ref": "",
        "url": "",
        "url2": ""
      }
    },
    {
      "type": "Feature",
      "geometry": {
        "type": "Point",
        "coordinates": [
          136.5195257,
          34.5784479
        ]
      },
      "properties": {
        "内容": "バス停: 名称不明バス停",
        "name": "名称不明バス停",
        "operator": "事業者不明",
        "ref": "",
        "url": "",
        "url2": ""
      }
    },
    {
      "type": "Feature",
      "geometry": {
        "type": "Point",
        "coordinates": [
          136.5176582,
          34.578797
        ]
      },
      "properties": {
        "内容": "バス停: 名称不明バス停",
        "name": "名称不明バス停",
        "operator": "事業者不明",
        "ref": "",
        "url": "",
        "url2": ""
      }
    },
    {
      "type": "Feature",
      "geometry": {
        "type": "Point",
        "coordinates": [
          136.5146675,
          34.5780096
        ]
      },
      "properties": {
        "内容": "バス停: 名称不明バス停",
        "name": "名称不明バス停",
        "operator": "事業者不明",
        "ref": "",
        "url": "",
        "url2": ""
      }
    },
    {
      "type": "Feature",
      "geometry": {
        "type": "Point",
        "coordinates": [
          136.5327653,
          34.5737956
        ]
      },
      "properties": {
        "内容": "バス停: 名称不明バス停",
        "name": "名称不明バス停",
        "operator": "事業者不明",
        "ref": "",
        "url": "",
        "url2": ""
      }
    },
    {
      "type": "Feature",
      "geometry": {
        "type": "Point",
        "coordinates": [
          136.5356191,
          34.5765694
        ]
      },
      "properties": {
        "内容": "バス停: 名称不明バス停",
        "name": "名称不明バス停",
        "operator": "事業者不明",
        "ref": "",
        "url": "",
        "url2": ""
      }
    },
    {
      "type": "Feature",
      "geometry": {
        "type": "Point",
        "coordinates": [
          136.5364828,
          34.5777267
        ]
      },
      "properties": {
        "内容": "バス停: 名称不明バス停",
        "name": "名称不明バス停",
        "operator": "事業者不明",
        "ref": "",
        "url": "",
        "url2": ""
      }
    },
    {
      "type": "Feature",
      "geometry": {
        "type": "Point",
        "coordinates": [
          136.5372338,
          34.5794934
        ]
      },
      "properties": {
        "内容": "バス停: 名称不明バス停",
        "name": "名称不明バス停",
        "operator": "事業者不明",
        "ref": "",
        "url": "",
        "url2": ""
      }
    },
    {
      "type": "Feature",
      "geometry": {
        "type": "Point",
        "coordinates": [
          136.5418969,
          34.5781441
        ]
      },
      "properties": {
        "内容": "バス停: 名称不明バス停",
        "name": "名称不明バス停",
        "operator": "事業者不明",
        "ref": "",
        "url": "",
        "url2": ""
      }
    },
    {
      "type": "Feature",
      "geometry": {
        "type": "Point",
        "coordinates": [
          136.531566,
          34.5759305
        ]
      },
      "properties": {
        "内容": "バス停: 名称不明バス停",
        "name": "名称不明バス停",
        "operator": "事業者不明",
        "ref": "",
        "url": "",
        "url2": ""
      }
    },
    {
      "type": "Feature",
      "geometry": {
        "type": "Point",
        "coordinates": [
          136.5176614,
          34.5725162
        ]
      },
      "properties": {
        "内容": "バス停: 名称不明バス停",
        "name": "名称不明バス停",
        "operator": "事業者不明",
        "ref": "",
        "url": "",
        "url2": ""
      }
    },
    {
      "type": "Feature",
      "geometry": {
        "type": "Point",
        "coordinates": [
          136.5161647,
          34.5714561
        ]
      },
      "properties": {
        "内容": "バス停: 名称不明バス停",
        "name": "名称不明バス停",
        "operator": "事業者不明",
        "ref": "",
        "url": "",
        "url2": ""
      }
    },
    {
      "type": "Feature",
      "geometry": {
        "type": "Point",
        "coordinates": [
          136.5118947,
          34.5694021
        ]
      },
      "properties": {
        "内容": "バス停: 名称不明バス停",
        "name": "名称不明バス停",
        "operator": "事業者不明",
        "ref": "",
        "url": "",
        "url2": ""
      }
    },
    {
      "type": "Feature",
      "geometry": {
        "type": "Point",
        "coordinates": [
          136.5112617,
          34.566597
        ]
      },
      "properties": {
        "内容": "バス停: 名称不明バス停",
        "name": "名称不明バス停",
        "operator": "事業者不明",
        "ref": "",
        "url": "",
        "url2": ""
      }
    },
    {
      "type": "Feature",
      "geometry": {
        "type": "Point",
        "coordinates": [
          136.5146466,
          34.5655501
        ]
      },
      "properties": {
        "内容": "バス停: 名称不明バス停",
        "name": "名称不明バス停",
        "operator": "事業者不明",
        "ref": "",
        "url": "",
        "url2": ""
      }
    },
    {
      "type": "Feature",
      "geometry": {
        "type": "Point",
        "coordinates": [
          136.519142,
          34.5625462
        ]
      },
      "properties": {
        "内容": "バス停: 名称不明バス停",
        "name": "名称不明バス停",
        "operator": "事業者不明",
        "ref": "",
        "url": "",
        "url2": ""
      }
    },
    {
      "type": "Feature",
      "geometry": {
        "type": "Point",
        "coordinates": [
          136.5208962,
          34.5612164
        ]
      },
      "properties": {
        "内容": "バス停: 名称不明バス停",
        "name": "名称不明バス停",
        "operator": "事業者不明",
        "ref": "",
        "url": "",
        "url2": ""
      }
    },
    {
      "type": "Feature",
      "geometry": {
        "type": "Point",
        "coordinates": [
          136.5310516,
          34.5608447
        ]
      },
      "properties": {
        "内容": "バス停: 名称不明バス停",
        "name": "名称不明バス停",
        "operator": "事業者不明",
        "ref": "",
        "url": "",
        "url2": ""
      }
    },
    {
      "type": "Feature",
      "geometry": {
        "type": "Point",
        "coordinates": [
          136.5356796,
          34.5639845
        ]
      },
      "properties": {
        "内容": "バス停: 名称不明バス停",
        "name": "名称不明バス停",
        "operator": "事業者不明",
        "ref": "",
        "url": "",
        "url2": ""
      }
    },
    {
      "type": "Feature",
      "geometry": {
        "type": "Point",
        "coordinates": [
          136.5353792,
          34.5663479
        ]
      },
      "properties": {
        "内容": "バス停: 名称不明バス停",
        "name": "名称不明バス停",
        "operator": "事業者不明",
        "ref": "",
        "url": "",
        "url2": ""
      }
    },
    {
      "type": "Feature",
      "geometry": {
        "type": "Point",
        "coordinates": [
          136.5367458,
          34.5705252
        ]
      },
      "properties": {
        "内容": "バス停: 名称不明バス停",
        "name": "名称不明バス停",
        "operator": "事業者不明",
        "ref": "",
        "url": "",
        "url2": ""
      }
    },
    {
      "type": "Feature",
      "geometry": {
        "type": "Point",
        "coordinates": [
          136.5350123,
          34.5718495
        ]
      },
      "properties": {
        "内容": "バス停: 名称不明バス停",
        "name": "名称不明バス停",
        "operator": "事業者不明",
        "ref": "",
        "url": "",
        "url2": ""
      }
    },
    {
      "type": "Feature",
      "geometry": {
        "type": "Point",
        "coordinates": [
          136.5167861,
          34.5766366
        ]
      },
      "properties": {
        "内容": "バス停: 名称不明バス停",
        "name": "名称不明バス停",
        "operator": "事業者不明",
        "ref": "",
        "url": "",
        "url2": ""
      }
    },
    {
      "type": "Feature",
      "geometry": {
        "type": "Point",
        "coordinates": [
          136.5196239,
          34.575698
        ]
      },
      "properties": {
        "内容": "バス停: 名称不明バス停",
        "name": "名称不明バス停",
        "operator": "事業者不明",
        "ref": "",
        "url": "",
        "url2": ""
      }
    },
    {
      "type": "Feature",
      "geometry": {
        "type": "Point",
        "coordinates": [
          136.5226179,
          34.5731168
        ]
      },
      "properties": {
        "内容": "バス停: 名称不明バス停",
        "name": "名称不明バス停",
        "operator": "事業者不明",
        "ref": "",
        "url": "",
        "url2": ""
      }
    },
    {
      "type": "Feature",
      "geometry": {
        "type": "Point",
        "coordinates": [
          136.5261411,
          34.5681737
        ]
      },
      "properties": {
        "内容": "バス停: 名称不明バス停",
        "name": "名称不明バス停",
        "operator": "事業者不明",
        "ref": "",
        "url": "",
        "url2": ""
      }
    },
    {
      "type": "Feature",
      "geometry": {
        "type": "Point",
        "coordinates": [
          136.5244657,
          34.568469
        ]
      },
      "properties": {
        "内容": "バス停: 名称不明バス停",
        "name": "名称不明バス停",
        "operator": "事業者不明",
        "ref": "",
        "url": "",
        "url2": ""
      }
    },
    {
      "type": "Feature",
      "geometry": {
        "type": "Point",
        "coordinates": [
          136.5311389,
          34.5734821
        ]
      },
      "properties": {
        "内容": "バス停: 名称不明バス停",
        "name": "名称不明バス停",
        "operator": "事業者不明",
        "ref": "",
        "url": "",
        "url2": ""
      }
    },
    {
      "type": "Feature",
      "geometry": {
        "type": "Point",
        "coordinates": [
          136.5319892,
          34.5790951
        ]
      },
      "properties": {
        "内容": "バス停: 名称不明バス停",
        "name": "名称不明バス停",
        "operator": "事業者不明",
        "ref": "",
        "url": "",
        "url2": ""
      }
    },
    {
      "type": "Feature",
      "geometry": {
        "type": "Point",
        "coordinates": [
          136.5290012,
          34.5819571
        ]
      },
      "properties": {
        "内容": "バス停: 名称不明バス停",
        "name": "名称不明バス停",
        "operator": "事業者不明",
        "ref": "",
        "url": "",
        "url2": ""
      }
    },
    {
      "type": "Feature",
      "geometry": {
        "type": "Point",
        "coordinates": [
          136.5326316,
          34.5749358
        ]
      },
      "properties": {
        "内容": "バス停: 名称不明バス停",
        "name": "名称不明バス停",
        "operator": "事業者不明",
        "ref": "",
        "url": "",
        "url2": ""
      }
    },
    {
      "type": "Feature",
      "geometry": {
        "type": "Point",
        "coordinates": [
          136.1919112,
          34.0742592
        ]
      },
      "properties": {
        "内容": "バス停: 尾鷲駅口 おわせえきぐち",
        "name": "尾鷲駅口 おわせえきぐち",
        "operator": "事業者不明",
        "ref": "",
        "url": "",
        "url2": ""
      }
    },
    {
      "type": "Feature",
      "geometry": {
        "type": "Point",
        "coordinates": [
          136.1917945,
          34.0739754
        ]
      },
      "properties": {
        "内容": "バス停: 尾鷲駅口 おわせえきぐち",
        "name": "尾鷲駅口 おわせえきぐち",
        "operator": "事業者不明",
        "ref": "",
        "url": "",
        "url2": ""
      }
    },
    {
      "type": "Feature",
      "geometry": {
        "type": "Point",
        "coordinates": [
          136.727381,
          35.0278582
        ]
      },
      "properties": {
        "内容": "バス停: Kuwana-eki made",
        "name": "Kuwana-eki made",
        "operator": "事業者不明",
        "ref": "",
        "url": "",
        "url2": ""
      }
    },
    {
      "type": "Feature",
      "geometry": {
        "type": "Point",
        "coordinates": [
          136.5875832,
          35.0776632
        ]
      },
      "properties": {
        "内容": "バス停: 名称不明バス停",
        "name": "名称不明バス停",
        "operator": "事業者不明",
        "ref": "",
        "url": "",
        "url2": ""
      }
    },
    {
      "type": "Feature",
      "geometry": {
        "type": "Point",
        "coordinates": [
          136.5876864,
          35.0776246
        ]
      },
      "properties": {
        "内容": "バス停: 名称不明バス停",
        "name": "名称不明バス停",
        "operator": "事業者不明",
        "ref": "",
        "url": "",
        "url2": ""
      }
    },
    {
      "type": "Feature",
      "geometry": {
        "type": "Point",
        "coordinates": [
          136.5877512,
          35.0775651
        ]
      },
      "properties": {
        "内容": "バス停: 名称不明バス停",
        "name": "名称不明バス停",
        "operator": "事業者不明",
        "ref": "",
        "url": "",
        "url2": ""
      }
    },
    {
      "type": "Feature",
      "geometry": {
        "type": "Point",
        "coordinates": [
          136.5601037,
          35.1111225
        ]
      },
      "properties": {
        "内容": "バス停: 名称不明バス停",
        "name": "名称不明バス停",
        "operator": "事業者不明",
        "ref": "",
        "url": "",
        "url2": ""
      }
    },
    {
      "type": "Feature",
      "geometry": {
        "type": "Point",
        "coordinates": [
          136.5186456,
          35.1462749
        ]
      },
      "properties": {
        "内容": "バス停: 阿下喜駅",
        "name": "阿下喜駅",
        "operator": "事業者不明",
        "ref": "",
        "url": "",
        "url2": ""
      }
    },
    {
      "type": "Feature",
      "geometry": {
        "type": "Point",
        "coordinates": [
          136.5358165,
          35.1338509
        ]
      },
      "properties": {
        "内容": "バス停: 名称不明バス停",
        "name": "名称不明バス停",
        "operator": "事業者不明",
        "ref": "",
        "url": "",
        "url2": ""
      }
    },
    {
      "type": "Feature",
      "geometry": {
        "type": "Point",
        "coordinates": [
          136.4986256,
          35.1481673
        ]
      },
      "properties": {
        "内容": "バス停: 名称不明バス停",
        "name": "名称不明バス停",
        "operator": "事業者不明",
        "ref": "",
        "url": "",
        "url2": ""
      }
    },
    {
      "type": "Feature",
      "geometry": {
        "type": "Point",
        "coordinates": [
          136.6361924,
          35.0835126
        ]
      },
      "properties": {
        "内容": "バス停: 名称不明バス停",
        "name": "名称不明バス停",
        "operator": "事業者不明",
        "ref": "",
        "url": "",
        "url2": ""
      }
    },
    {
      "type": "Feature",
      "geometry": {
        "type": "Point",
        "coordinates": [
          136.6364504,
          35.0834623
        ]
      },
      "properties": {
        "内容": "バス停: 名称不明バス停",
        "name": "名称不明バス停",
        "operator": "事業者不明",
        "ref": "",
        "url": "",
        "url2": ""
      }
    },
    {
      "type": "Feature",
      "geometry": {
        "type": "Point",
        "coordinates": [
          136.4532933,
          34.9625874
        ]
      },
      "properties": {
        "内容": "バス停: 樁大神社",
        "name": "樁大神社",
        "operator": "事業者不明",
        "ref": "",
        "url": "",
        "url2": ""
      }
    },
    {
      "type": "Feature",
      "geometry": {
        "type": "Point",
        "coordinates": [
          136.1215767,
          34.6128297
        ]
      },
      "properties": {
        "内容": "バス停: 近大高専前 (三重交通)",
        "name": "近大高専前",
        "operator": "三重交通",
        "ref": "",
        "url": "",
        "url2": ""
      }
    },
    {
      "type": "Feature",
      "geometry": {
        "type": "Point",
        "coordinates": [
          136.1009362,
          34.6080168
        ]
      },
      "properties": {
        "内容": "バス停: 公園前 (三重交通)",
        "name": "公園前",
        "operator": "三重交通",
        "ref": "",
        "url": "",
        "url2": ""
      }
    },
    {
      "type": "Feature",
      "geometry": {
        "type": "Point",
        "coordinates": [
          136.1014505,
          34.608137
        ]
      },
      "properties": {
        "内容": "バス停: 公園前 (三重交通)",
        "name": "公園前",
        "operator": "三重交通",
        "ref": "",
        "url": "",
        "url2": ""
      }
    },
    {
      "type": "Feature",
      "geometry": {
        "type": "Point",
        "coordinates": [
          136.1150427,
          34.6154983
        ]
      },
      "properties": {
        "内容": "バス停: 春日丘二番町 (三重交通)",
        "name": "春日丘二番町",
        "operator": "三重交通",
        "ref": "",
        "url": "",
        "url2": ""
      }
    },
    {
      "type": "Feature",
      "geometry": {
        "type": "Point",
        "coordinates": [
          136.1158994,
          34.6152921
        ]
      },
      "properties": {
        "内容": "バス停: 春日丘二番町 (三重交通)",
        "name": "春日丘二番町",
        "operator": "三重交通",
        "ref": "",
        "url": "",
        "url2": ""
      }
    },
    {
      "type": "Feature",
      "geometry": {
        "type": "Point",
        "coordinates": [
          136.1063629,
          34.6191192
        ]
      },
      "properties": {
        "内容": "バス停: 夏見",
        "name": "夏見",
        "operator": "事業者不明",
        "ref": "",
        "url": "",
        "url2": ""
      }
    },
    {
      "type": "Feature",
      "geometry": {
        "type": "Point",
        "coordinates": [
          136.1174417,
          34.6146844
        ]
      },
      "properties": {
        "内容": "バス停: 春日丘三番町",
        "name": "春日丘三番町",
        "operator": "事業者不明",
        "ref": "",
        "url": "",
        "url2": ""
      }
    },
    {
      "type": "Feature",
      "geometry": {
        "type": "Point",
        "coordinates": [
          136.1179271,
          34.6141701
        ]
      },
      "properties": {
        "内容": "バス停: 春日丘三番町 (三重交通)",
        "name": "春日丘三番町",
        "operator": "三重交通",
        "ref": "",
        "url": "",
        "url2": ""
      }
    },
    {
      "type": "Feature",
      "geometry": {
        "type": "Point",
        "coordinates": [
          136.0971608,
          34.6167306
        ]
      },
      "properties": {
        "内容": "バス停: 瀬古口",
        "name": "瀬古口",
        "operator": "事業者不明",
        "ref": "",
        "url": "",
        "url2": ""
      }
    },
    {
      "type": "Feature",
      "geometry": {
        "type": "Point",
        "coordinates": [
          136.1097471,
          34.6166602
        ]
      },
      "properties": {
        "内容": "バス停: 中川原",
        "name": "中川原",
        "operator": "事業者不明",
        "ref": "",
        "url": "",
        "url2": ""
      }
    },
    {
      "type": "Feature",
      "geometry": {
        "type": "Point",
        "coordinates": [
          136.1094555,
          34.6170147
        ]
      },
      "properties": {
        "内容": "バス停: 中川原",
        "name": "中川原",
        "operator": "事業者不明",
        "ref": "",
        "url": "",
        "url2": ""
      }
    },
    {
      "type": "Feature",
      "geometry": {
        "type": "Point",
        "coordinates": [
          136.1060835,
          34.6193147
        ]
      },
      "properties": {
        "内容": "バス停: 夏見",
        "name": "夏見",
        "operator": "事業者不明",
        "ref": "",
        "url": "",
        "url2": ""
      }
    },
    {
      "type": "Feature",
      "geometry": {
        "type": "Point",
        "coordinates": [
          136.1007024,
          34.619238
        ]
      },
      "properties": {
        "内容": "バス停: 名張口",
        "name": "名張口",
        "operator": "事業者不明",
        "ref": "",
        "url": "",
        "url2": ""
      }
    },
    {
      "type": "Feature",
      "geometry": {
        "type": "Point",
        "coordinates": [
          136.1007139,
          34.6191485
        ]
      },
      "properties": {
        "内容": "バス停: 名張口",
        "name": "名張口",
        "operator": "事業者不明",
        "ref": "",
        "url": "",
        "url2": ""
      }
    },
    {
      "type": "Feature",
      "geometry": {
        "type": "Point",
        "coordinates": [
          136.1276942,
          34.610756
        ]
      },
      "properties": {
        "内容": "バス停: つつじが丘北二番町",
        "name": "つつじが丘北二番町",
        "operator": "事業者不明",
        "ref": "",
        "url": "",
        "url2": ""
      }
    },
    {
      "type": "Feature",
      "geometry": {
        "type": "Point",
        "coordinates": [
          136.129714,
          34.6135482
        ]
      },
      "properties": {
        "内容": "バス停: つつじが丘北八番町",
        "name": "つつじが丘北八番町",
        "operator": "事業者不明",
        "ref": "",
        "url": "",
        "url2": ""
      }
    },
    {
      "type": "Feature",
      "geometry": {
        "type": "Point",
        "coordinates": [
          136.1317999,
          34.6137808
        ]
      },
      "properties": {
        "内容": "バス停: つつじが丘北九番町",
        "name": "つつじが丘北九番町",
        "operator": "事業者不明",
        "ref": "",
        "url": "",
        "url2": ""
      }
    },
    {
      "type": "Feature",
      "geometry": {
        "type": "Point",
        "coordinates": [
          136.1339135,
          34.6100623
        ]
      },
      "properties": {
        "内容": "バス停: つつじが丘北十番ま",
        "name": "つつじが丘北十番ま",
        "operator": "事業者不明",
        "ref": "",
        "url": "",
        "url2": ""
      }
    },
    {
      "type": "Feature",
      "geometry": {
        "type": "Point",
        "coordinates": [
          136.086096,
          34.6235645
        ]
      },
      "properties": {
        "内容": "バス停: 名張産業会館前",
        "name": "名張産業会館前",
        "operator": "事業者不明",
        "ref": "",
        "url": "",
        "url2": ""
      }
    },
    {
      "type": "Feature",
      "geometry": {
        "type": "Point",
        "coordinates": [
          136.1214991,
          34.6142809
        ]
      },
      "properties": {
        "内容": "バス停: 名称不明バス停",
        "name": "名称不明バス停",
        "operator": "事業者不明",
        "ref": "",
        "url": "",
        "url2": ""
      }
    },
    {
      "type": "Feature",
      "geometry": {
        "type": "Point",
        "coordinates": [
          136.0923539,
          34.6271242
        ]
      },
      "properties": {
        "内容": "バス停: 上八町",
        "name": "上八町",
        "operator": "事業者不明",
        "ref": "",
        "url": "",
        "url2": ""
      }
    },
    {
      "type": "Feature",
      "geometry": {
        "type": "Point",
        "coordinates": [
          136.0751249,
          34.6000094
        ]
      },
      "properties": {
        "内容": "バス停: 赤目口駅前 (三重交通)",
        "name": "赤目口駅前",
        "operator": "三重交通",
        "ref": "",
        "url": "",
        "url2": ""
      }
    },
    {
      "type": "Feature",
      "geometry": {
        "type": "Point",
        "coordinates": [
          136.0808771,
          34.5876512
        ]
      },
      "properties": {
        "内容": "バス停: 木戸口",
        "name": "木戸口",
        "operator": "事業者不明",
        "ref": "",
        "url": "",
        "url2": ""
      }
    },
    {
      "type": "Feature",
      "geometry": {
        "type": "Point",
        "coordinates": [
          136.0769474,
          34.5974199
        ]
      },
      "properties": {
        "内容": "バス停: 赤目支所前 (三重交通)",
        "name": "赤目支所前",
        "operator": "三重交通",
        "ref": "",
        "url": "",
        "url2": ""
      }
    },
    {
      "type": "Feature",
      "geometry": {
        "type": "Point",
        "coordinates": [
          136.084133,
          34.5664828
        ]
      },
      "properties": {
        "内容": "バス停: 赤目四十八滝 (三重交通)",
        "name": "赤目四十八滝",
        "operator": "三重交通",
        "ref": "",
        "url": "",
        "url2": ""
      }
    },
    {
      "type": "Feature",
      "geometry": {
        "type": "Point",
        "coordinates": [
          136.3273813,
          34.2177194
        ]
      },
      "properties": {
        "内容": "バス停: 紀伊長島高速バス乗り場",
        "name": "紀伊長島高速バス乗り場",
        "operator": "事業者不明",
        "ref": "",
        "url": "",
        "url2": ""
      }
    },
    {
      "type": "Feature",
      "geometry": {
        "type": "Point",
        "coordinates": [
          136.1032595,
          34.6038007
        ]
      },
      "properties": {
        "内容": "バス停: 百合が丘東三番町",
        "name": "百合が丘東三番町",
        "operator": "事業者不明",
        "ref": "",
        "url": "",
        "url2": ""
      }
    },
    {
      "type": "Feature",
      "geometry": {
        "type": "Point",
        "coordinates": [
          136.0949484,
          34.6061363
        ]
      },
      "properties": {
        "内容": "バス停: 百合が丘西五番町",
        "name": "百合が丘西五番町",
        "operator": "事業者不明",
        "ref": "",
        "url": "",
        "url2": ""
      }
    },
    {
      "type": "Feature",
      "geometry": {
        "type": "Point",
        "coordinates": [
          136.1026097,
          34.6103315
        ]
      },
      "properties": {
        "内容": "バス停: 西一番町",
        "name": "西一番町",
        "operator": "事業者不明",
        "ref": "",
        "url": "",
        "url2": ""
      }
    },
    {
      "type": "Feature",
      "geometry": {
        "type": "Point",
        "coordinates": [
          136.1038359,
          34.609319
        ]
      },
      "properties": {
        "内容": "バス停: 百合が丘東一番町",
        "name": "百合が丘東一番町",
        "operator": "事業者不明",
        "ref": "",
        "url": "",
        "url2": ""
      }
    },
    {
      "type": "Feature",
      "geometry": {
        "type": "Point",
        "coordinates": [
          136.1005898,
          34.6147427
        ]
      },
      "properties": {
        "内容": "バス停: 名称不明バス停",
        "name": "名称不明バス停",
        "operator": "事業者不明",
        "ref": "",
        "url": "",
        "url2": ""
      }
    },
    {
      "type": "Feature",
      "geometry": {
        "type": "Point",
        "coordinates": [
          136.1068478,
          34.6057526
        ]
      },
      "properties": {
        "内容": "バス停: 小学校前",
        "name": "小学校前",
        "operator": "事業者不明",
        "ref": "",
        "url": "",
        "url2": ""
      }
    },
    {
      "type": "Feature",
      "geometry": {
        "type": "Point",
        "coordinates": [
          136.099218,
          34.6037769
        ]
      },
      "properties": {
        "内容": "バス停: 百合が丘西三番町",
        "name": "百合が丘西三番町",
        "operator": "事業者不明",
        "ref": "",
        "url": "",
        "url2": ""
      }
    },
    {
      "type": "Feature",
      "geometry": {
        "type": "Point",
        "coordinates": [
          136.1070604,
          34.6076606
        ]
      },
      "properties": {
        "内容": "バス停: 名張清峰高校前",
        "name": "名張清峰高校前",
        "operator": "事業者不明",
        "ref": "",
        "url": "",
        "url2": ""
      }
    },
    {
      "type": "Feature",
      "geometry": {
        "type": "Point",
        "coordinates": [
          136.0993242,
          34.6081006
        ]
      },
      "properties": {
        "内容": "バス停: 市立病院前",
        "name": "市立病院前",
        "operator": "事業者不明",
        "ref": "",
        "url": "",
        "url2": ""
      }
    },
    {
      "type": "Feature",
      "geometry": {
        "type": "Point",
        "coordinates": [
          136.096027,
          34.604622
        ]
      },
      "properties": {
        "内容": "バス停: 百合が丘西四番町",
        "name": "百合が丘西四番町",
        "operator": "事業者不明",
        "ref": "",
        "url": "",
        "url2": ""
      }
    },
    {
      "type": "Feature",
      "geometry": {
        "type": "Point",
        "coordinates": [
          136.0996104,
          34.6039083
        ]
      },
      "properties": {
        "内容": "バス停: 百合が丘西三番町",
        "name": "百合が丘西三番町",
        "operator": "事業者不明",
        "ref": "",
        "url": "",
        "url2": ""
      }
    },
    {
      "type": "Feature",
      "geometry": {
        "type": "Point",
        "coordinates": [
          136.1061092,
          34.608483
        ]
      },
      "properties": {
        "内容": "バス停: 名張清峰高校前",
        "name": "名張清峰高校前",
        "operator": "事業者不明",
        "ref": "",
        "url": "",
        "url2": ""
      }
    },
    {
      "type": "Feature",
      "geometry": {
        "type": "Point",
        "coordinates": [
          136.0950754,
          34.6062909
        ]
      },
      "properties": {
        "内容": "バス停: 百合が丘西五番町",
        "name": "百合が丘西五番町",
        "operator": "事業者不明",
        "ref": "",
        "url": "",
        "url2": ""
      }
    },
    {
      "type": "Feature",
      "geometry": {
        "type": "Point",
        "coordinates": [
          136.1022589,
          34.6031913
        ]
      },
      "properties": {
        "内容": "バス停: 百合ヶ丘東九番町",
        "name": "百合ヶ丘東九番町",
        "operator": "事業者不明",
        "ref": "",
        "url": "",
        "url2": ""
      }
    },
    {
      "type": "Feature",
      "geometry": {
        "type": "Point",
        "coordinates": [
          136.1023889,
          34.6026321
        ]
      },
      "properties": {
        "内容": "バス停: 百合ヶ丘東九番町",
        "name": "百合ヶ丘東九番町",
        "operator": "事業者不明",
        "ref": "",
        "url": "",
        "url2": ""
      }
    },
    {
      "type": "Feature",
      "geometry": {
        "type": "Point",
        "coordinates": [
          136.1045467,
          34.6042417
        ]
      },
      "properties": {
        "内容": "バス停: 百合が丘東三番町",
        "name": "百合が丘東三番町",
        "operator": "事業者不明",
        "ref": "",
        "url": "",
        "url2": ""
      }
    },
    {
      "type": "Feature",
      "geometry": {
        "type": "Point",
        "coordinates": [
          136.1059568,
          34.6053283
        ]
      },
      "properties": {
        "内容": "バス停: 小学校前",
        "name": "小学校前",
        "operator": "事業者不明",
        "ref": "",
        "url": "",
        "url2": ""
      }
    },
    {
      "type": "Feature",
      "geometry": {
        "type": "Point",
        "coordinates": [
          136.0984844,
          34.6080607
        ]
      },
      "properties": {
        "内容": "バス停: 市立病院前",
        "name": "市立病院前",
        "operator": "事業者不明",
        "ref": "",
        "url": "",
        "url2": ""
      }
    },
    {
      "type": "Feature",
      "geometry": {
        "type": "Point",
        "coordinates": [
          136.0969494,
          34.6042716
        ]
      },
      "properties": {
        "内容": "バス停: 百合が丘西四番町",
        "name": "百合が丘西四番町",
        "operator": "事業者不明",
        "ref": "",
        "url": "",
        "url2": ""
      }
    },
    {
      "type": "Feature",
      "geometry": {
        "type": "Point",
        "coordinates": [
          136.1212073,
          34.6070346
        ]
      },
      "properties": {
        "内容": "バス停: 青蓮寺川バス乗り場",
        "name": "青蓮寺川バス乗り場",
        "operator": "事業者不明",
        "ref": "",
        "url": "",
        "url2": ""
      }
    },
    {
      "type": "Feature",
      "geometry": {
        "type": "Point",
        "coordinates": [
          136.1278546,
          34.6072187
        ]
      },
      "properties": {
        "内容": "バス停: つつじが丘北一番町",
        "name": "つつじが丘北一番町",
        "operator": "事業者不明",
        "ref": "",
        "url": "",
        "url2": ""
      }
    },
    {
      "type": "Feature",
      "geometry": {
        "type": "Point",
        "coordinates": [
          136.1301123,
          34.6135804
        ]
      },
      "properties": {
        "内容": "バス停: つつじが丘北八番町",
        "name": "つつじが丘北八番町",
        "operator": "事業者不明",
        "ref": "",
        "url": "",
        "url2": ""
      }
    },
    {
      "type": "Feature",
      "geometry": {
        "type": "Point",
        "coordinates": [
          136.1318006,
          34.6134307
        ]
      },
      "properties": {
        "内容": "バス停: つつじが丘北九番町",
        "name": "つつじが丘北九番町",
        "operator": "事業者不明",
        "ref": "",
        "url": "",
        "url2": ""
      }
    },
    {
      "type": "Feature",
      "geometry": {
        "type": "Point",
        "coordinates": [
          136.1283121,
          34.6072847
        ]
      },
      "properties": {
        "内容": "バス停: つつじが丘北一番町",
        "name": "つつじが丘北一番町",
        "operator": "事業者不明",
        "ref": "",
        "url": "",
        "url2": ""
      }
    },
    {
      "type": "Feature",
      "geometry": {
        "type": "Point",
        "coordinates": [
          136.1376171,
          34.6032422
        ]
      },
      "properties": {
        "内容": "バス停: つつじが丘南二番町",
        "name": "つつじが丘南二番町",
        "operator": "事業者不明",
        "ref": "",
        "url": "",
        "url2": ""
      }
    },
    {
      "type": "Feature",
      "geometry": {
        "type": "Point",
        "coordinates": [
          136.1392281,
          34.6006895
        ]
      },
      "properties": {
        "内容": "バス停: つつじが丘",
        "name": "つつじが丘",
        "operator": "事業者不明",
        "ref": "",
        "url": "",
        "url2": ""
      }
    },
    {
      "type": "Feature",
      "geometry": {
        "type": "Point",
        "coordinates": [
          136.1370883,
          34.5998485
        ]
      },
      "properties": {
        "内容": "バス停: つつじが丘南五番町 (三重交通)",
        "name": "つつじが丘南五番町",
        "operator": "三重交通",
        "ref": "",
        "url": "",
        "url2": ""
      }
    },
    {
      "type": "Feature",
      "geometry": {
        "type": "Point",
        "coordinates": [
          136.1338864,
          34.5996056
        ]
      },
      "properties": {
        "内容": "バス停: つつじが丘南六番町 (三重交通)",
        "name": "つつじが丘南六番町",
        "operator": "三重交通",
        "ref": "",
        "url": "",
        "url2": ""
      }
    },
    {
      "type": "Feature",
      "geometry": {
        "type": "Point",
        "coordinates": [
          136.132014,
          34.6025741
        ]
      },
      "properties": {
        "内容": "バス停: つつじが丘南七番町 (三重交通)",
        "name": "つつじが丘南七番町",
        "operator": "三重交通",
        "ref": "",
        "url": "",
        "url2": ""
      }
    },
    {
      "type": "Feature",
      "geometry": {
        "type": "Point",
        "coordinates": [
          136.1303575,
          34.6054484
        ]
      },
      "properties": {
        "内容": "バス停: つつじが丘南八番町",
        "name": "つつじが丘南八番町",
        "operator": "事業者不明",
        "ref": "",
        "url": "",
        "url2": ""
      }
    },
    {
      "type": "Feature",
      "geometry": {
        "type": "Point",
        "coordinates": [
          136.1279071,
          34.6106739
        ]
      },
      "properties": {
        "内容": "バス停: つつじが丘北二番町",
        "name": "つつじが丘北二番町",
        "operator": "事業者不明",
        "ref": "",
        "url": "",
        "url2": ""
      }
    },
    {
      "type": "Feature",
      "geometry": {
        "type": "Point",
        "coordinates": [
          136.1335104,
          34.6104633
        ]
      },
      "properties": {
        "内容": "バス停: つつじが丘北十番町",
        "name": "つつじが丘北十番町",
        "operator": "事業者不明",
        "ref": "",
        "url": "",
        "url2": ""
      }
    },
    {
      "type": "Feature",
      "geometry": {
        "type": "Point",
        "coordinates": [
          136.1365162,
          34.6053221
        ]
      },
      "properties": {
        "内容": "バス停: つつじが丘南一番町",
        "name": "つつじが丘南一番町",
        "operator": "事業者不明",
        "ref": "",
        "url": "",
        "url2": ""
      }
    },
    {
      "type": "Feature",
      "geometry": {
        "type": "Point",
        "coordinates": [
          136.1363798,
          34.6053943
        ]
      },
      "properties": {
        "内容": "バス停: つつじが丘南一番町",
        "name": "つつじが丘南一番町",
        "operator": "事業者不明",
        "ref": "",
        "url": "",
        "url2": ""
      }
    },
    {
      "type": "Feature",
      "geometry": {
        "type": "Point",
        "coordinates": [
          136.1309386,
          34.6047732
        ]
      },
      "properties": {
        "内容": "バス停: つつじが丘南八番町",
        "name": "つつじが丘南八番町",
        "operator": "事業者不明",
        "ref": "",
        "url": "",
        "url2": ""
      }
    },
    {
      "type": "Feature",
      "geometry": {
        "type": "Point",
        "coordinates": [
          136.1374746,
          34.6001549
        ]
      },
      "properties": {
        "内容": "バス停: つつじが丘南五番町",
        "name": "つつじが丘南五番町",
        "operator": "事業者不明",
        "ref": "",
        "url": "",
        "url2": ""
      }
    },
    {
      "type": "Feature",
      "geometry": {
        "type": "Point",
        "coordinates": [
          136.1326858,
          34.6017056
        ]
      },
      "properties": {
        "内容": "バス停: つつじが丘南七番町 (三重交通)",
        "name": "つつじが丘南七番町",
        "operator": "三重交通",
        "ref": "",
        "url": "",
        "url2": ""
      }
    },
    {
      "type": "Feature",
      "geometry": {
        "type": "Point",
        "coordinates": [
          136.1382122,
          34.6025045
        ]
      },
      "properties": {
        "内容": "バス停: つつじが丘南二番町",
        "name": "つつじが丘南二番町",
        "operator": "事業者不明",
        "ref": "",
        "url": "",
        "url2": ""
      }
    },
    {
      "type": "Feature",
      "geometry": {
        "type": "Point",
        "coordinates": [
          136.133479,
          34.6000395
        ]
      },
      "properties": {
        "内容": "バス停: つつじが丘南六番町 (三重交通)",
        "name": "つつじが丘南六番町",
        "operator": "三重交通",
        "ref": "",
        "url": "",
        "url2": ""
      }
    },
    {
      "type": "Feature",
      "geometry": {
        "type": "Point",
        "coordinates": [
          136.1122041,
          34.6207803
        ]
      },
      "properties": {
        "内容": "バス停: 住宅前;フリー赤坂",
        "name": "住宅前;フリー赤坂",
        "operator": "事業者不明",
        "ref": "",
        "url": "",
        "url2": ""
      }
    },
    {
      "type": "Feature",
      "geometry": {
        "type": "Point",
        "coordinates": [
          136.1124933,
          34.6212362
        ]
      },
      "properties": {
        "内容": "バス停: 住宅前",
        "name": "住宅前",
        "operator": "事業者不明",
        "ref": "",
        "url": "",
        "url2": ""
      }
    },
    {
      "type": "Feature",
      "geometry": {
        "type": "Point",
        "coordinates": [
          136.1212461,
          34.6242956
        ]
      },
      "properties": {
        "内容": "バス停: 富貴ケ丘",
        "name": "富貴ケ丘",
        "operator": "事業者不明",
        "ref": "",
        "url": "",
        "url2": ""
      }
    },
    {
      "type": "Feature",
      "geometry": {
        "type": "Point",
        "coordinates": [
          136.1212573,
          34.6244095
        ]
      },
      "properties": {
        "内容": "バス停: 富貴ケ丘",
        "name": "富貴ケ丘",
        "operator": "事業者不明",
        "ref": "",
        "url": "",
        "url2": ""
      }
    },
    {
      "type": "Feature",
      "geometry": {
        "type": "Point",
        "coordinates": [
          136.1152382,
          34.6220687
        ]
      },
      "properties": {
        "内容": "バス停: フリー赤坂",
        "name": "フリー赤坂",
        "operator": "事業者不明",
        "ref": "",
        "url": "",
        "url2": ""
      }
    },
    {
      "type": "Feature",
      "geometry": {
        "type": "Point",
        "coordinates": [
          136.0975067,
          34.6192557
        ]
      },
      "properties": {
        "内容": "バス停: 名称不明バス停",
        "name": "名称不明バス停",
        "operator": "事業者不明",
        "ref": "",
        "url": "",
        "url2": ""
      }
    },
    {
      "type": "Feature",
      "geometry": {
        "type": "Point",
        "coordinates": [
          136.1061129,
          34.6234021
        ]
      },
      "properties": {
        "内容": "バス停: 国道夏見",
        "name": "国道夏見",
        "operator": "事業者不明",
        "ref": "",
        "url": "",
        "url2": ""
      }
    },
    {
      "type": "Feature",
      "geometry": {
        "type": "Point",
        "coordinates": [
          136.0800736,
          34.6174453
        ]
      },
      "properties": {
        "内容": "バス停: 下黒田 (名張市コミュニティバス)",
        "name": "下黒田",
        "operator": "名張市コミュニティバス",
        "ref": "",
        "url": "",
        "url2": ""
      }
    },
    {
      "type": "Feature",
      "geometry": {
        "type": "Point",
        "coordinates": [
          136.0780381,
          34.6134977
        ]
      },
      "properties": {
        "内容": "バス停: 中才 (名張市コミュニティバス)",
        "name": "中才",
        "operator": "名張市コミュニティバス",
        "ref": "",
        "url": "",
        "url2": ""
      }
    },
    {
      "type": "Feature",
      "geometry": {
        "type": "Point",
        "coordinates": [
          136.0769321,
          34.6120812
        ]
      },
      "properties": {
        "内容": "バス停: 上黒田",
        "name": "上黒田",
        "operator": "事業者不明",
        "ref": "",
        "url": "",
        "url2": ""
      }
    },
    {
      "type": "Feature",
      "geometry": {
        "type": "Point",
        "coordinates": [
          136.0745715,
          34.6100687
        ]
      },
      "properties": {
        "内容": "バス停: 結馬",
        "name": "結馬",
        "operator": "事業者不明",
        "ref": "",
        "url": "",
        "url2": ""
      }
    },
    {
      "type": "Feature",
      "geometry": {
        "type": "Point",
        "coordinates": [
          136.061417,
          34.5993234
        ]
      },
      "properties": {
        "内容": "バス停: 名称不明バス停",
        "name": "名称不明バス停",
        "operator": "事業者不明",
        "ref": "",
        "url": "",
        "url2": ""
      }
    },
    {
      "type": "Feature",
      "geometry": {
        "type": "Point",
        "coordinates": [
          136.0919982,
          34.6152156
        ]
      },
      "properties": {
        "内容": "バス停: 国道瀬古口",
        "name": "国道瀬古口",
        "operator": "事業者不明",
        "ref": "",
        "url": "",
        "url2": ""
      }
    },
    {
      "type": "Feature",
      "geometry": {
        "type": "Point",
        "coordinates": [
          136.0990314,
          34.6167802
        ]
      },
      "properties": {
        "内容": "バス停: 沖津藻大橋",
        "name": "沖津藻大橋",
        "operator": "事業者不明",
        "ref": "",
        "url": "",
        "url2": ""
      }
    },
    {
      "type": "Feature",
      "geometry": {
        "type": "Point",
        "coordinates": [
          136.0905437,
          34.6207305
        ]
      },
      "properties": {
        "内容": "バス停: ふれあい (名張エフバス)",
        "name": "ふれあい",
        "operator": "名張エフバス",
        "ref": "",
        "url": "",
        "url2": ""
      }
    },
    {
      "type": "Feature",
      "geometry": {
        "type": "Point",
        "coordinates": [
          136.0883547,
          34.6258065
        ]
      },
      "properties": {
        "内容": "バス停: 名張市青少年センター前 (名張市コミュニティバス、ナッキー号)",
        "name": "名張市青少年センター前",
        "operator": "名張市コミュニティバス、ナッキー号",
        "ref": "",
        "url": "",
        "url2": ""
      }
    },
    {
      "type": "Feature",
      "geometry": {
        "type": "Point",
        "coordinates": [
          136.0867534,
          34.6266563
        ]
      },
      "properties": {
        "内容": "バス停: 朝日町",
        "name": "朝日町",
        "operator": "事業者不明",
        "ref": "",
        "url": "",
        "url2": ""
      }
    },
    {
      "type": "Feature",
      "geometry": {
        "type": "Point",
        "coordinates": [
          136.0856387,
          34.621047
        ]
      },
      "properties": {
        "内容": "バス停: イオン前 (名張市コミュニティバス)",
        "name": "イオン前",
        "operator": "名張市コミュニティバス",
        "ref": "",
        "url": "",
        "url2": ""
      }
    },
    {
      "type": "Feature",
      "geometry": {
        "type": "Point",
        "coordinates": [
          136.0838569,
          34.6211706
        ]
      },
      "properties": {
        "内容": "バス停: 南町 (名張市コミュニティバス)",
        "name": "南町",
        "operator": "名張市コミュニティバス",
        "ref": "",
        "url": "",
        "url2": ""
      }
    },
    {
      "type": "Feature",
      "geometry": {
        "type": "Point",
        "coordinates": [
          136.0824627,
          34.6198272
        ]
      },
      "properties": {
        "内容": "バス停: 新町口 (名張市コミュニティバス)",
        "name": "新町口",
        "operator": "名張市コミュニティバス",
        "ref": "",
        "url": "",
        "url2": ""
      }
    },
    {
      "type": "Feature",
      "geometry": {
        "type": "Point",
        "coordinates": [
          136.0950216,
          34.6210176
        ]
      },
      "properties": {
        "内容": "バス停: 名張駅西口 (名張市コミュニティ)",
        "name": "名張駅西口",
        "operator": "名張市コミュニティ",
        "ref": "",
        "url": "",
        "url2": ""
      }
    },
    {
      "type": "Feature",
      "geometry": {
        "type": "Point",
        "coordinates": [
          136.095015,
          34.6210615
        ]
      },
      "properties": {
        "内容": "バス停: 名張駅前 (三重交通)",
        "name": "名張駅前",
        "operator": "三重交通",
        "ref": "",
        "url": "",
        "url2": ""
      }
    },
    {
      "type": "Feature",
      "geometry": {
        "type": "Point",
        "coordinates": [
          136.0908606,
          34.6238525
        ]
      },
      "properties": {
        "内容": "バス停: 松崎町 (名張エフバス)",
        "name": "松崎町",
        "operator": "名張エフバス",
        "ref": "",
        "url": "",
        "url2": ""
      }
    },
    {
      "type": "Feature",
      "geometry": {
        "type": "Point",
        "coordinates": [
          136.0663395,
          34.6028199
        ]
      },
      "properties": {
        "内容": "バス停: 坂之下",
        "name": "坂之下",
        "operator": "事業者不明",
        "ref": "",
        "url": "",
        "url2": ""
      }
    },
    {
      "type": "Feature",
      "geometry": {
        "type": "Point",
        "coordinates": [
          136.0710923,
          34.607142
        ]
      },
      "properties": {
        "内容": "バス停: 井出",
        "name": "井出",
        "operator": "事業者不明",
        "ref": "",
        "url": "",
        "url2": ""
      }
    },
    {
      "type": "Feature",
      "geometry": {
        "type": "Point",
        "coordinates": [
          136.1215972,
          34.6079024
        ]
      },
      "properties": {
        "内容": "バス停: つつじが丘入口",
        "name": "つつじが丘入口",
        "operator": "事業者不明",
        "ref": "",
        "url": "",
        "url2": ""
      }
    },
    {
      "type": "Feature",
      "geometry": {
        "type": "Point",
        "coordinates": [
          136.1004238,
          34.7793189
        ]
      },
      "properties": {
        "内容": "バス停: 名称不明バス停",
        "name": "名称不明バス停",
        "operator": "事業者不明",
        "ref": "",
        "url": "",
        "url2": ""
      }
    },
    {
      "type": "Feature",
      "geometry": {
        "type": "Point",
        "coordinates": [
          136.568986,
          34.559579
        ]
      },
      "properties": {
        "内容": "バス停: 才た",
        "name": "才た",
        "operator": "事業者不明",
        "ref": "",
        "url": "",
        "url2": ""
      }
    },
    {
      "type": "Feature",
      "geometry": {
        "type": "Point",
        "coordinates": [
          136.1470952,
          34.7545133
        ]
      },
      "properties": {
        "内容": "バス停: 名称不明バス停",
        "name": "名称不明バス停",
        "operator": "事業者不明",
        "ref": "",
        "url": "",
        "url2": ""
      }
    },
    {
      "type": "Feature",
      "geometry": {
        "type": "Point",
        "coordinates": [
          136.1466459,
          34.7546937
        ]
      },
      "properties": {
        "内容": "バス停: 名称不明バス停",
        "name": "名称不明バス停",
        "operator": "事業者不明",
        "ref": "",
        "url": "",
        "url2": ""
      }
    },
    {
      "type": "Feature",
      "geometry": {
        "type": "Point",
        "coordinates": [
          136.6923069,
          34.2942388
        ]
      },
      "properties": {
        "内容": "バス停: 田曽浦 (三重交通)",
        "name": "田曽浦",
        "operator": "三重交通",
        "ref": "",
        "url": "",
        "url2": ""
      }
    },
    {
      "type": "Feature",
      "geometry": {
        "type": "Point",
        "coordinates": [
          136.6923572,
          34.2941596
        ]
      },
      "properties": {
        "内容": "バス停: 田曽浦 (三重交通)",
        "name": "田曽浦",
        "operator": "三重交通",
        "ref": "",
        "url": "",
        "url2": ""
      }
    },
    {
      "type": "Feature",
      "geometry": {
        "type": "Point",
        "coordinates": [
          135.9482078,
          33.8910377
        ]
      },
      "properties": {
        "内容": "バス停: 田平子",
        "name": "田平子",
        "operator": "事業者不明",
        "ref": "",
        "url": "",
        "url2": ""
      }
    },
    {
      "type": "Feature",
      "geometry": {
        "type": "Point",
        "coordinates": [
          136.4500072,
          34.8507551
        ]
      },
      "properties": {
        "内容": "バス停: 亀山駅前 (三重交通)",
        "name": "亀山駅前",
        "operator": "三重交通",
        "ref": "",
        "url": "",
        "url2": ""
      }
    },
    {
      "type": "Feature",
      "geometry": {
        "type": "Point",
        "coordinates": [
          136.2994136,
          34.5187699
        ]
      },
      "properties": {
        "内容": "バス停: 北畠神社前",
        "name": "北畠神社前",
        "operator": "事業者不明",
        "ref": "",
        "url": "",
        "url2": ""
      }
    },
    {
      "type": "Feature",
      "geometry": {
        "type": "Point",
        "coordinates": [
          136.8706691,
          34.4637984
        ]
      },
      "properties": {
        "内容": "バス停: 安楽島",
        "name": "安楽島",
        "operator": "事業者不明",
        "ref": "",
        "url": "",
        "url2": ""
      }
    },
    {
      "type": "Feature",
      "geometry": {
        "type": "Point",
        "coordinates": [
          136.6309784,
          34.490997
        ]
      },
      "properties": {
        "内容": "バス停: 田丸城跡",
        "name": "田丸城跡",
        "operator": "事業者不明",
        "ref": "",
        "url": "",
        "url2": ""
      }
    },
    {
      "type": "Feature",
      "geometry": {
        "type": "Point",
        "coordinates": [
          136.6872885,
          34.4723898
        ]
      },
      "properties": {
        "内容": "バス停: 辻久留団地第三公園前",
        "name": "辻久留団地第三公園前",
        "operator": "事業者不明",
        "ref": "",
        "url": "",
        "url2": ""
      }
    },
    {
      "type": "Feature",
      "geometry": {
        "type": "Point",
        "coordinates": [
          136.6866123,
          34.4730345
        ]
      },
      "properties": {
        "内容": "バス停: 辻久留団地中",
        "name": "辻久留団地中",
        "operator": "事業者不明",
        "ref": "",
        "url": "",
        "url2": ""
      }
    },
    {
      "type": "Feature",
      "geometry": {
        "type": "Point",
        "coordinates": [
          136.0800456,
          34.6174176
        ]
      },
      "properties": {
        "内容": "バス停: 下黒田 (名張エフバス)",
        "name": "下黒田",
        "operator": "名張エフバス",
        "ref": "",
        "url": "",
        "url2": ""
      }
    },
    {
      "type": "Feature",
      "geometry": {
        "type": "Point",
        "coordinates": [
          136.0785866,
          34.6156905
        ]
      },
      "properties": {
        "内容": "バス停: 中才 (名張エフバス)",
        "name": "中才",
        "operator": "名張エフバス",
        "ref": "",
        "url": "",
        "url2": ""
      }
    },
    {
      "type": "Feature",
      "geometry": {
        "type": "Point",
        "coordinates": [
          136.0785835,
          34.6157209
        ]
      },
      "properties": {
        "内容": "バス停: 中才 (錦生赤目小学校)",
        "name": "中才",
        "operator": "錦生赤目小学校",
        "ref": "",
        "url": "",
        "url2": ""
      }
    },
    {
      "type": "Feature",
      "geometry": {
        "type": "Point",
        "coordinates": [
          136.0823991,
          34.6198956
        ]
      },
      "properties": {
        "内容": "バス停: 新町口 (名張エフバス)",
        "name": "新町口",
        "operator": "名張エフバス",
        "ref": "",
        "url": "",
        "url2": ""
      }
    },
    {
      "type": "Feature",
      "geometry": {
        "type": "Point",
        "coordinates": [
          136.085612,
          34.6210269
        ]
      },
      "properties": {
        "内容": "バス停: イオン前 (名張エフバス)",
        "name": "イオン前",
        "operator": "名張エフバス",
        "ref": "",
        "url": "",
        "url2": ""
      }
    },
    {
      "type": "Feature",
      "geometry": {
        "type": "Point",
        "coordinates": [
          136.1170913,
          34.6400993
        ]
      },
      "properties": {
        "内容": "バス停: 中二番町 (名張市コミュニティバス)",
        "name": "中二番町",
        "operator": "名張市コミュニティバス",
        "ref": "",
        "url": "",
        "url2": ""
      }
    },
    {
      "type": "Feature",
      "geometry": {
        "type": "Point",
        "coordinates": [
          136.1931661,
          34.5308934
        ]
      },
      "properties": {
        "内容": "バス停: 中太郎生",
        "name": "中太郎生",
        "operator": "事業者不明",
        "ref": "",
        "url": "",
        "url2": ""
      }
    },
    {
      "type": "Feature",
      "geometry": {
        "type": "Point",
        "coordinates": [
          136.113065,
          34.6411072
        ]
      },
      "properties": {
        "内容": "バス停: 近鉄桔梗が丘駅東口 (美旗まちづくり協議会)",
        "name": "近鉄桔梗が丘駅東口",
        "operator": "美旗まちづくり協議会",
        "ref": "",
        "url": "",
        "url2": ""
      }
    },
    {
      "type": "Feature",
      "geometry": {
        "type": "Point",
        "coordinates": [
          136.1130676,
          34.6411057
        ]
      },
      "properties": {
        "内容": "バス停: 桔梗が丘駅前 (薦原コミュニティバス運営委員会)",
        "name": "桔梗が丘駅前",
        "operator": "薦原コミュニティバス運営委員会",
        "ref": "",
        "url": "",
        "url2": ""
      }
    },
    {
      "type": "Feature",
      "geometry": {
        "type": "Point",
        "coordinates": [
          136.1131211,
          34.6412272
        ]
      },
      "properties": {
        "内容": "バス停: 桔梗が丘駅前 (三重交通)",
        "name": "桔梗が丘駅前",
        "operator": "三重交通",
        "ref": "",
        "url": "",
        "url2": ""
      }
    },
    {
      "type": "Feature",
      "geometry": {
        "type": "Point",
        "coordinates": [
          136.1131134,
          34.6412163
        ]
      },
      "properties": {
        "内容": "バス停: 桔梗が丘駅前 (名張市コミュニティバス)",
        "name": "桔梗が丘駅前",
        "operator": "名張市コミュニティバス",
        "ref": "",
        "url": "",
        "url2": ""
      }
    },
    {
      "type": "Feature",
      "geometry": {
        "type": "Point",
        "coordinates": [
          136.1131074,
          34.6412058
        ]
      },
      "properties": {
        "内容": "バス停: 桔梗が丘駅前 (コミュニティバス)",
        "name": "桔梗が丘駅前",
        "operator": "コミュニティバス",
        "ref": "",
        "url": "",
        "url2": ""
      }
    },
    {
      "type": "Feature",
      "geometry": {
        "type": "Point",
        "coordinates": [
          136.1171188,
          34.640078
        ]
      },
      "properties": {
        "内容": "バス停: 中二番町 (三重交通)",
        "name": "中二番町",
        "operator": "三重交通",
        "ref": "",
        "url": "",
        "url2": ""
      }
    },
    {
      "type": "Feature",
      "geometry": {
        "type": "Point",
        "coordinates": [
          136.1402893,
          34.6513367
        ]
      },
      "properties": {
        "内容": "バス停: ゆらゆら橋 (美旗まちづくり協議会)",
        "name": "ゆらゆら橋",
        "operator": "美旗まちづくり協議会",
        "ref": "",
        "url": "",
        "url2": ""
      }
    },
    {
      "type": "Feature",
      "geometry": {
        "type": "Point",
        "coordinates": [
          136.1215434,
          34.6721301
        ]
      },
      "properties": {
        "内容": "バス停: うぐいす台入口 (美旗まちづくり協議会)",
        "name": "うぐいす台入口",
        "operator": "美旗まちづくり協議会",
        "ref": "",
        "url": "",
        "url2": ""
      }
    },
    {
      "type": "Feature",
      "geometry": {
        "type": "Point",
        "coordinates": [
          136.1116552,
          34.6678847
        ]
      },
      "properties": {
        "内容": "バス停: うぐいす台2第1公園前 (美旗まちづくり協議会)",
        "name": "うぐいす台2第1公園前",
        "operator": "美旗まちづくり協議会",
        "ref": "",
        "url": "",
        "url2": ""
      }
    },
    {
      "type": "Feature",
      "geometry": {
        "type": "Point",
        "coordinates": [
          136.1186817,
          34.6713404
        ]
      },
      "properties": {
        "内容": "バス停: うぐいす台 (美旗まちづくり協議会)",
        "name": "うぐいす台",
        "operator": "美旗まちづくり協議会",
        "ref": "",
        "url": "",
        "url2": ""
      }
    },
    {
      "type": "Feature",
      "geometry": {
        "type": "Point",
        "coordinates": [
          136.113329,
          34.6697156
        ]
      },
      "properties": {
        "内容": "バス停: うぐいす台2福祉バス停 (美旗まちづくり協議会)",
        "name": "うぐいす台2福祉バス停",
        "operator": "美旗まちづくり協議会",
        "ref": "",
        "url": "",
        "url2": ""
      }
    },
    {
      "type": "Feature",
      "geometry": {
        "type": "Point",
        "coordinates": [
          136.116912,
          34.6709167
        ]
      },
      "properties": {
        "内容": "バス停: うぐいす台福祉バス停 (美旗まちづくり協議会)",
        "name": "うぐいす台福祉バス停",
        "operator": "美旗まちづくり協議会",
        "ref": "",
        "url": "",
        "url2": ""
      }
    },
    {
      "type": "Feature",
      "geometry": {
        "type": "Point",
        "coordinates": [
          136.1168415,
          34.6709127
        ]
      },
      "properties": {
        "内容": "バス停: うぐいす台 (名張市福祉バス)",
        "name": "うぐいす台",
        "operator": "名張市福祉バス",
        "ref": "",
        "url": "",
        "url2": ""
      }
    },
    {
      "type": "Feature",
      "geometry": {
        "type": "Point",
        "coordinates": [
          136.1132789,
          34.6696636
        ]
      },
      "properties": {
        "内容": "バス停: うぐいす台2区 (名張市福祉バス)",
        "name": "うぐいす台2区",
        "operator": "名張市福祉バス",
        "ref": "",
        "url": "",
        "url2": ""
      }
    },
    {
      "type": "Feature",
      "geometry": {
        "type": "Point",
        "coordinates": [
          136.111627,
          34.6679709
        ]
      },
      "properties": {
        "内容": "バス停: 第1公園前 (名張市福祉福祉バス)",
        "name": "第1公園前",
        "operator": "名張市福祉福祉バス",
        "ref": "",
        "url": "",
        "url2": ""
      }
    },
    {
      "type": "Feature",
      "geometry": {
        "type": "Point",
        "coordinates": [
          136.095634,
          34.6292731
        ]
      },
      "properties": {
        "内容": "バス停: 東町",
        "name": "東町",
        "operator": "事業者不明",
        "ref": "",
        "url": "",
        "url2": ""
      }
    },
    {
      "type": "Feature",
      "geometry": {
        "type": "Point",
        "coordinates": [
          136.0900437,
          34.6245272
        ]
      },
      "properties": {
        "内容": "バス停: 松崎町 (三重交通)",
        "name": "松崎町",
        "operator": "三重交通",
        "ref": "",
        "url": "",
        "url2": ""
      }
    },
    {
      "type": "Feature",
      "geometry": {
        "type": "Point",
        "coordinates": [
          136.090016,
          34.6245285
        ]
      },
      "properties": {
        "内容": "バス停: 松崎町 (名張市コミュニティバス)",
        "name": "松崎町",
        "operator": "名張市コミュニティバス",
        "ref": "",
        "url": "",
        "url2": ""
      }
    },
    {
      "type": "Feature",
      "geometry": {
        "type": "Point",
        "coordinates": [
          136.0903895,
          34.624332
        ]
      },
      "properties": {
        "内容": "バス停: 松崎町 (三重交通)",
        "name": "松崎町",
        "operator": "三重交通",
        "ref": "",
        "url": "",
        "url2": ""
      }
    },
    {
      "type": "Feature",
      "geometry": {
        "type": "Point",
        "coordinates": [
          136.0900306,
          34.6245349
        ]
      },
      "properties": {
        "内容": "バス停: 松崎町 (山添村コミュニティバス)",
        "name": "松崎町",
        "operator": "山添村コミュニティバス",
        "ref": "",
        "url": "",
        "url2": ""
      }
    },
    {
      "type": "Feature",
      "geometry": {
        "type": "Point",
        "coordinates": [
          136.1309151,
          34.645531
        ]
      },
      "properties": {
        "内容": "バス停: 東桔梗が丘 (三重交通)",
        "name": "東桔梗が丘",
        "operator": "三重交通",
        "ref": "",
        "url": "",
        "url2": ""
      }
    },
    {
      "type": "Feature",
      "geometry": {
        "type": "Point",
        "coordinates": [
          136.1309688,
          34.6450906
        ]
      },
      "properties": {
        "内容": "バス停: 東桔梗が丘 (三重交通)",
        "name": "東桔梗が丘",
        "operator": "三重交通",
        "ref": "",
        "url": "",
        "url2": ""
      }
    },
    {
      "type": "Feature",
      "geometry": {
        "type": "Point",
        "coordinates": [
          136.1279456,
          34.6481916
        ]
      },
      "properties": {
        "内容": "バス停: 七番町北 (三重交通)",
        "name": "七番町北",
        "operator": "三重交通",
        "ref": "",
        "url": "",
        "url2": ""
      }
    },
    {
      "type": "Feature",
      "geometry": {
        "type": "Point",
        "coordinates": [
          136.1277482,
          34.6481977
        ]
      },
      "properties": {
        "内容": "バス停: 七番町北",
        "name": "七番町北",
        "operator": "事業者不明",
        "ref": "",
        "url": "",
        "url2": ""
      }
    },
    {
      "type": "Feature",
      "geometry": {
        "type": "Point",
        "coordinates": [
          136.1271518,
          34.6636024
        ]
      },
      "properties": {
        "内容": "バス停: エクセル入口 (美旗まちづくり協議会)",
        "name": "エクセル入口",
        "operator": "美旗まちづくり協議会",
        "ref": "",
        "url": "",
        "url2": ""
      }
    },
    {
      "type": "Feature",
      "geometry": {
        "type": "Point",
        "coordinates": [
          136.1288056,
          34.6649399
        ]
      },
      "properties": {
        "内容": "バス停: 名張市福祉バス",
        "name": "名張市福祉バス",
        "operator": "事業者不明",
        "ref": "",
        "url": "",
        "url2": ""
      }
    },
    {
      "type": "Feature",
      "geometry": {
        "type": "Point",
        "coordinates": [
          136.1329598,
          34.6633595
        ]
      },
      "properties": {
        "内容": "バス停: 美旗駅西口 (美旗まちづくり協議会)",
        "name": "美旗駅西口",
        "operator": "美旗まちづくり協議会",
        "ref": "",
        "url": "",
        "url2": ""
      }
    },
    {
      "type": "Feature",
      "geometry": {
        "type": "Point",
        "coordinates": [
          136.1270084,
          34.6636356
        ]
      },
      "properties": {
        "内容": "バス停: エクセル入口 (美旗まちづくり協議会)",
        "name": "エクセル入口",
        "operator": "美旗まちづくり協議会",
        "ref": "",
        "url": "",
        "url2": ""
      }
    },
    {
      "type": "Feature",
      "geometry": {
        "type": "Point",
        "coordinates": [
          136.0720965,
          34.5921822
        ]
      },
      "properties": {
        "内容": "バス停: 一ノ井市民センター (名張市)",
        "name": "一ノ井市民センター",
        "operator": "名張市",
        "ref": "",
        "url": "",
        "url2": ""
      }
    },
    {
      "type": "Feature",
      "geometry": {
        "type": "Point",
        "coordinates": [
          136.0851465,
          34.6345001
        ]
      },
      "properties": {
        "内容": "バス停: 梅が丘南四番町 (三重交通)",
        "name": "梅が丘南四番町",
        "operator": "三重交通",
        "ref": "",
        "url": "",
        "url2": ""
      }
    },
    {
      "type": "Feature",
      "geometry": {
        "type": "Point",
        "coordinates": [
          136.0906946,
          34.6365588
        ]
      },
      "properties": {
        "内容": "バス停: 梅が丘一番町 (三重交通)",
        "name": "梅が丘一番町",
        "operator": "三重交通",
        "ref": "",
        "url": "",
        "url2": ""
      }
    },
    {
      "type": "Feature",
      "geometry": {
        "type": "Point",
        "coordinates": [
          136.0849307,
          34.6353078
        ]
      },
      "properties": {
        "内容": "バス停: 梅が丘南四番町 (三重交通)",
        "name": "梅が丘南四番町",
        "operator": "三重交通",
        "ref": "",
        "url": "",
        "url2": ""
      }
    },
    {
      "type": "Feature",
      "geometry": {
        "type": "Point",
        "coordinates": [
          136.0902858,
          34.6367112
        ]
      },
      "properties": {
        "内容": "バス停: 梅が丘一番町 (三重交通)",
        "name": "梅が丘一番町",
        "operator": "三重交通",
        "ref": "",
        "url": "",
        "url2": ""
      }
    },
    {
      "type": "Feature",
      "geometry": {
        "type": "Point",
        "coordinates": [
          136.0905594,
          34.6206813
        ]
      },
      "properties": {
        "内容": "バス停: ふれあい (名張エフバス)",
        "name": "ふれあい",
        "operator": "名張エフバス",
        "ref": "",
        "url": "",
        "url2": ""
      }
    },
    {
      "type": "Feature",
      "geometry": {
        "type": "Point",
        "coordinates": [
          136.1337528,
          34.6622558
        ]
      },
      "properties": {
        "内容": "バス停: 馬塚前 (美旗まちづくり協議会)",
        "name": "馬塚前",
        "operator": "美旗まちづくり協議会",
        "ref": "はたっこ号",
        "url": "",
        "url2": ""
      }
    },
    {
      "type": "Feature",
      "geometry": {
        "type": "Point",
        "coordinates": [
          136.0902817,
          34.6146178
        ]
      },
      "properties": {
        "内容": "バス停: ビバホーム前、ほっとバス錦、名張エフバス",
        "name": "ビバホーム前、ほっとバス錦、名張エフバス",
        "operator": "事業者不明",
        "ref": "",
        "url": "",
        "url2": ""
      }
    },
    {
      "type": "Feature",
      "geometry": {
        "type": "Point",
        "coordinates": [
          136.1416949,
          34.6600592
        ]
      },
      "properties": {
        "内容": "バス停: 常夜灯前 (名張市)",
        "name": "常夜灯前",
        "operator": "名張市",
        "ref": "",
        "url": "",
        "url2": ""
      }
    },
    {
      "type": "Feature",
      "geometry": {
        "type": "Point",
        "coordinates": [
          136.1375733,
          34.6645567
        ]
      },
      "properties": {
        "内容": "バス停: 新田公民館前 (美旗まちづくり協議会)",
        "name": "新田公民館前",
        "operator": "美旗まちづくり協議会",
        "ref": "",
        "url": "",
        "url2": ""
      }
    },
    {
      "type": "Feature",
      "geometry": {
        "type": "Point",
        "coordinates": [
          136.1381443,
          34.6641302
        ]
      },
      "properties": {
        "内容": "バス停: 農協集荷場 (名張市)",
        "name": "農協集荷場",
        "operator": "名張市",
        "ref": "",
        "url": "",
        "url2": ""
      }
    },
    {
      "type": "Feature",
      "geometry": {
        "type": "Point",
        "coordinates": [
          136.1417127,
          34.659732
        ]
      },
      "properties": {
        "内容": "バス停: 新田東 (美旗まちづくり協議会)",
        "name": "新田東",
        "operator": "美旗まちづくり協議会",
        "ref": "",
        "url": "",
        "url2": ""
      }
    },
    {
      "type": "Feature",
      "geometry": {
        "type": "Point",
        "coordinates": [
          136.134513,
          34.6630111
        ]
      },
      "properties": {
        "内容": "バス停: 美旗駅前口東、名張市福祉バス",
        "name": "美旗駅前口東、名張市福祉バス",
        "operator": "事業者不明",
        "ref": "",
        "url": "",
        "url2": ""
      }
    },
    {
      "type": "Feature",
      "geometry": {
        "type": "Point",
        "coordinates": [
          136.1080745,
          34.6522441
        ]
      },
      "properties": {
        "内容": "バス停: さつき台１番町 (コモコモ号)",
        "name": "さつき台１番町",
        "operator": "コモコモ号",
        "ref": "",
        "url": "",
        "url2": ""
      }
    },
    {
      "type": "Feature",
      "geometry": {
        "type": "Point",
        "coordinates": [
          136.1080717,
          34.6521482
        ]
      },
      "properties": {
        "内容": "バス停: さつき台1番町 (薦原地域づくり委員会)",
        "name": "さつき台1番町",
        "operator": "薦原地域づくり委員会",
        "ref": "",
        "url": "",
        "url2": ""
      }
    },
    {
      "type": "Feature",
      "geometry": {
        "type": "Point",
        "coordinates": [
          136.1080492,
          34.6521494
        ]
      },
      "properties": {
        "内容": "バス停: さつき台集会所、名張市福祉バス",
        "name": "さつき台集会所、名張市福祉バス",
        "operator": "事業者不明",
        "ref": "",
        "url": "",
        "url2": ""
      }
    },
    {
      "type": "Feature",
      "geometry": {
        "type": "Point",
        "coordinates": [
          136.1292571,
          34.6654823
        ]
      },
      "properties": {
        "内容": "バス停: 美旗郵便局前 (美旗まちづくり協議会)",
        "name": "美旗郵便局前",
        "operator": "美旗まちづくり協議会",
        "ref": "",
        "url": "",
        "url2": ""
      }
    },
    {
      "type": "Feature",
      "geometry": {
        "type": "Point",
        "coordinates": [
          136.1305025,
          34.6665252
        ]
      },
      "properties": {
        "内容": "バス停: 新田西 (美旗まちづくり協議会)",
        "name": "新田西",
        "operator": "美旗まちづくり協議会",
        "ref": "",
        "url": "",
        "url2": ""
      }
    },
    {
      "type": "Feature",
      "geometry": {
        "type": "Point",
        "coordinates": [
          136.1293833,
          34.6654594
        ]
      },
      "properties": {
        "内容": "バス停: 美旗郵便局前 (美旗まちづくり協議会)",
        "name": "美旗郵便局前",
        "operator": "美旗まちづくり協議会",
        "ref": "",
        "url": "",
        "url2": ""
      }
    },
    {
      "type": "Feature",
      "geometry": {
        "type": "Point",
        "coordinates": [
          136.0651174,
          34.5713035
        ]
      },
      "properties": {
        "内容": "バス停: 白山神社前 (ほっとバス錦)",
        "name": "白山神社前",
        "operator": "ほっとバス錦",
        "ref": "",
        "url": "",
        "url2": ""
      }
    },
    {
      "type": "Feature",
      "geometry": {
        "type": "Point",
        "coordinates": [
          136.0672711,
          34.5709338
        ]
      },
      "properties": {
        "内容": "バス停: 竜口 (ほっとバス錦)",
        "name": "竜口",
        "operator": "ほっとバス錦",
        "ref": "",
        "url": "",
        "url2": ""
      }
    },
    {
      "type": "Feature",
      "geometry": {
        "type": "Point",
        "coordinates": [
          136.0849869,
          34.63871
        ]
      },
      "properties": {
        "内容": "バス停: 梅ヶ丘北四番町 (三重交通)",
        "name": "梅ヶ丘北四番町",
        "operator": "三重交通",
        "ref": "",
        "url": "",
        "url2": ""
      }
    },
    {
      "type": "Feature",
      "geometry": {
        "type": "Point",
        "coordinates": [
          136.136001,
          34.5994485
        ]
      },
      "properties": {
        "内容": "バス停: 公園前 (名張市)",
        "name": "公園前",
        "operator": "名張市",
        "ref": "",
        "url": "",
        "url2": ""
      }
    },
    {
      "type": "Feature",
      "geometry": {
        "type": "Point",
        "coordinates": [
          136.2534104,
          34.0146495
        ]
      },
      "properties": {
        "内容": "バス停: 漁業組合前 (尾鷲市)",
        "name": "漁業組合前",
        "operator": "尾鷲市",
        "ref": "",
        "url": "",
        "url2": ""
      }
    },
    {
      "type": "Feature",
      "geometry": {
        "type": "Point",
        "coordinates": [
          136.0919842,
          34.6269797
        ]
      },
      "properties": {
        "内容": "バス停: 上八町",
        "name": "上八町",
        "operator": "事業者不明",
        "ref": "",
        "url": "",
        "url2": ""
      }
    },
    {
      "type": "Feature",
      "geometry": {
        "type": "Point",
        "coordinates": [
          136.3389235,
          34.2090579
        ]
      },
      "properties": {
        "内容": "バス停: 紀伊長島駅 (三重交通)",
        "name": "紀伊長島駅",
        "operator": "三重交通",
        "ref": "",
        "url": "",
        "url2": ""
      }
    },
    {
      "type": "Feature",
      "geometry": {
        "type": "Point",
        "coordinates": [
          136.3385158,
          34.2113803
        ]
      },
      "properties": {
        "内容": "バス停: 紀北町社会福祉協議会 (三重交通)",
        "name": "紀北町社会福祉協議会",
        "operator": "三重交通",
        "ref": "",
        "url": "",
        "url2": ""
      }
    },
    {
      "type": "Feature",
      "geometry": {
        "type": "Point",
        "coordinates": [
          136.3385561,
          34.2114202
        ]
      },
      "properties": {
        "内容": "バス停: 紀北町社会福祉協議会 (三重交通)",
        "name": "紀北町社会福祉協議会",
        "operator": "三重交通",
        "ref": "",
        "url": "",
        "url2": ""
      }
    },
    {
      "type": "Feature",
      "geometry": {
        "type": "Point",
        "coordinates": [
          136.3350343,
          34.2122764
        ]
      },
      "properties": {
        "内容": "バス停: 紀北町役場 (三重交通)",
        "name": "紀北町役場",
        "operator": "三重交通",
        "ref": "",
        "url": "",
        "url2": ""
      }
    },
    {
      "type": "Feature",
      "geometry": {
        "type": "Point",
        "coordinates": [
          136.3349807,
          34.2128508
        ]
      },
      "properties": {
        "内容": "バス停: 主婦の店長島店前 (三重交通)",
        "name": "主婦の店長島店前",
        "operator": "三重交通",
        "ref": "",
        "url": "",
        "url2": ""
      }
    },
    {
      "type": "Feature",
      "geometry": {
        "type": "Point",
        "coordinates": [
          136.3350021,
          34.2129085
        ]
      },
      "properties": {
        "内容": "バス停: 主婦の店長島店前 (三重交通)",
        "name": "主婦の店長島店前",
        "operator": "三重交通",
        "ref": "",
        "url": "",
        "url2": ""
      }
    },
    {
      "type": "Feature",
      "geometry": {
        "type": "Point",
        "coordinates": [
          136.3269422,
          34.2154615
        ]
      },
      "properties": {
        "内容": "バス停: 山本 (三重交通)",
        "name": "山本",
        "operator": "三重交通",
        "ref": "",
        "url": "",
        "url2": ""
      }
    },
    {
      "type": "Feature",
      "geometry": {
        "type": "Point",
        "coordinates": [
          136.3270655,
          34.215497
        ]
      },
      "properties": {
        "内容": "バス停: 山本 (三重交通)",
        "name": "山本",
        "operator": "三重交通",
        "ref": "",
        "url": "",
        "url2": ""
      }
    },
    {
      "type": "Feature",
      "geometry": {
        "type": "Point",
        "coordinates": [
          136.1077153,
          34.6271518
        ]
      },
      "properties": {
        "内容": "バス停: 名称不明バス停",
        "name": "名称不明バス停",
        "operator": "事業者不明",
        "ref": "",
        "url": "",
        "url2": ""
      }
    },
    {
      "type": "Feature",
      "geometry": {
        "type": "Point",
        "coordinates": [
          136.107741,
          34.6271276
        ]
      },
      "properties": {
        "内容": "バス停: 名張市役所 (三重交通)",
        "name": "名張市役所",
        "operator": "三重交通",
        "ref": "",
        "url": "",
        "url2": ""
      }
    },
    {
      "type": "Feature",
      "geometry": {
        "type": "Point",
        "coordinates": [
          136.1077666,
          34.6271177
        ]
      },
      "properties": {
        "内容": "バス停: 名張市役所 (三重交通)",
        "name": "名張市役所",
        "operator": "三重交通",
        "ref": "",
        "url": "",
        "url2": ""
      }
    },
    {
      "type": "Feature",
      "geometry": {
        "type": "Point",
        "coordinates": [
          136.1077426,
          34.627106
        ]
      },
      "properties": {
        "内容": "バス停: 名張市役所前 (名張エフバス)",
        "name": "名張市役所前",
        "operator": "名張エフバス",
        "ref": "",
        "url": "",
        "url2": ""
      }
    },
    {
      "type": "Feature",
      "geometry": {
        "type": "Point",
        "coordinates": [
          136.1077106,
          34.6271267
        ]
      },
      "properties": {
        "内容": "バス停: 名張市役所 (名張市コミュニティバス)",
        "name": "名張市役所",
        "operator": "名張市コミュニティバス",
        "ref": "",
        "url": "",
        "url2": ""
      }
    },
    {
      "type": "Feature",
      "geometry": {
        "type": "Point",
        "coordinates": [
          136.5782048,
          34.8581365
        ]
      },
      "properties": {
        "内容": "バス停: 桜島四丁目",
        "name": "桜島四丁目",
        "operator": "事業者不明",
        "ref": "",
        "url": "",
        "url2": ""
      }
    },
    {
      "type": "Feature",
      "geometry": {
        "type": "Point",
        "coordinates": [
          136.5794665,
          34.8578433
        ]
      },
      "properties": {
        "内容": "バス停: 桜島四丁目",
        "name": "桜島四丁目",
        "operator": "事業者不明",
        "ref": "",
        "url": "",
        "url2": ""
      }
    },
    {
      "type": "Feature",
      "geometry": {
        "type": "Point",
        "coordinates": [
          136.1622719,
          34.7869069
        ]
      },
      "properties": {
        "内容": "バス停: 敢国神社",
        "name": "敢国神社",
        "operator": "事業者不明",
        "ref": "",
        "url": "",
        "url2": ""
      }
    },
    {
      "type": "Feature",
      "geometry": {
        "type": "Point",
        "coordinates": [
          136.1033494,
          34.6358141
        ]
      },
      "properties": {
        "内容": "バス停: ぎゅーとら前",
        "name": "ぎゅーとら前",
        "operator": "事業者不明",
        "ref": "",
        "url": "",
        "url2": ""
      }
    },
    {
      "type": "Feature",
      "geometry": {
        "type": "Point",
        "coordinates": [
          136.0983681,
          34.6084133
        ]
      },
      "properties": {
        "内容": "バス停: 市立病院前（玄関前）",
        "name": "市立病院前（玄関前）",
        "operator": "事業者不明",
        "ref": "",
        "url": "",
        "url2": ""
      }
    },
    {
      "type": "Feature",
      "geometry": {
        "type": "Point",
        "coordinates": [
          136.0964997,
          34.6220314
        ]
      },
      "properties": {
        "内容": "バス停: 春日丘近大高専前行き",
        "name": "春日丘近大高専前行き",
        "operator": "事業者不明",
        "ref": "",
        "url": "",
        "url2": ""
      }
    },
    {
      "type": "Feature",
      "geometry": {
        "type": "Point",
        "coordinates": [
          136.4688184,
          35.0121838
        ]
      },
      "properties": {
        "内容": "バス停: 保養所前",
        "name": "保養所前",
        "operator": "事業者不明",
        "ref": "",
        "url": "",
        "url2": ""
      }
    },
    {
      "type": "Feature",
      "geometry": {
        "type": "Point",
        "coordinates": [
          136.5029059,
          34.7091232
        ]
      },
      "properties": {
        "内容": "バス停: 修成町 (津市、三重交通)",
        "name": "修成町",
        "operator": "津市、三重交通",
        "ref": "",
        "url": "",
        "url2": ""
      }
    },
    {
      "type": "Feature",
      "geometry": {
        "type": "Point",
        "coordinates": [
          136.5048681,
          34.6616715
        ]
      },
      "properties": {
        "内容": "バス停: 小森南 (三重交通)",
        "name": "小森南",
        "operator": "三重交通",
        "ref": "",
        "url": "",
        "url2": ""
      }
    },
    {
      "type": "Feature",
      "geometry": {
        "type": "Point",
        "coordinates": [
          136.5125851,
          34.7038445
        ]
      },
      "properties": {
        "内容": "バス停: エンマ堂前 (三重交通)",
        "name": "エンマ堂前",
        "operator": "三重交通",
        "ref": "",
        "url": "",
        "url2": ""
      }
    },
    {
      "type": "Feature",
      "geometry": {
        "type": "Point",
        "coordinates": [
          136.4942244,
          34.7202012
        ]
      },
      "properties": {
        "内容": "バス停: 津高校口 (三重交通)",
        "name": "津高校口",
        "operator": "三重交通",
        "ref": "",
        "url": "",
        "url2": ""
      }
    },
    {
      "type": "Feature",
      "geometry": {
        "type": "Point",
        "coordinates": [
          136.4993689,
          34.7162524
        ]
      },
      "properties": {
        "内容": "バス停: 津新町駅前 (三重交通)",
        "name": "津新町駅前",
        "operator": "三重交通",
        "ref": "",
        "url": "",
        "url2": ""
      }
    },
    {
      "type": "Feature",
      "geometry": {
        "type": "Point",
        "coordinates": [
          136.4993273,
          34.7161661
        ]
      },
      "properties": {
        "内容": "バス停: 津新町駅前 (三重交通)",
        "name": "津新町駅前",
        "operator": "三重交通",
        "ref": "",
        "url": "",
        "url2": ""
      }
    },
    {
      "type": "Feature",
      "geometry": {
        "type": "Point",
        "coordinates": [
          136.4993904,
          34.7159622
        ]
      },
      "properties": {
        "内容": "バス停: 津新町駅前 (三重交通)",
        "name": "津新町駅前",
        "operator": "三重交通",
        "ref": "",
        "url": "",
        "url2": ""
      }
    },
    {
      "type": "Feature",
      "geometry": {
        "type": "Point",
        "coordinates": [
          136.4994993,
          34.7163764
        ]
      },
      "properties": {
        "内容": "バス停: 津新町駅前 (三重交通)",
        "name": "津新町駅前",
        "operator": "三重交通",
        "ref": "",
        "url": "",
        "url2": ""
      }
    },
    {
      "type": "Feature",
      "geometry": {
        "type": "Point",
        "coordinates": [
          136.7026143,
          35.0827864
        ]
      },
      "properties": {
        "内容": "バス停: 名称不明バス停",
        "name": "名称不明バス停",
        "operator": "事業者不明",
        "ref": "",
        "url": "",
        "url2": ""
      }
    },
    {
      "type": "Feature",
      "geometry": {
        "type": "Point",
        "coordinates": [
          136.7022564,
          35.0825513
        ]
      },
      "properties": {
        "内容": "バス停: 名称不明バス停",
        "name": "名称不明バス停",
        "operator": "事業者不明",
        "ref": "",
        "url": "",
        "url2": ""
      }
    },
    {
      "type": "Feature",
      "geometry": {
        "type": "Point",
        "coordinates": [
          136.6966916,
          35.0975101
        ]
      },
      "properties": {
        "内容": "バス停: 名称不明バス停",
        "name": "名称不明バス停",
        "operator": "事業者不明",
        "ref": "",
        "url": "",
        "url2": ""
      }
    },
    {
      "type": "Feature",
      "geometry": {
        "type": "Point",
        "coordinates": [
          136.4943337,
          34.7201378
        ]
      },
      "properties": {
        "内容": "バス停: 津高校口 (三重交通)",
        "name": "津高校口",
        "operator": "三重交通",
        "ref": "",
        "url": "",
        "url2": ""
      }
    },
    {
      "type": "Feature",
      "geometry": {
        "type": "Point",
        "coordinates": [
          136.4932381,
          34.7196671
        ]
      },
      "properties": {
        "内容": "バス停: 津高校前 (三重交通)",
        "name": "津高校前",
        "operator": "三重交通",
        "ref": "",
        "url": "",
        "url2": ""
      }
    },
    {
      "type": "Feature",
      "geometry": {
        "type": "Point",
        "coordinates": [
          136.5182962,
          35.1461533
        ]
      },
      "properties": {
        "内容": "バス停: 阿下喜 (三重交通)",
        "name": "阿下喜",
        "operator": "三重交通",
        "ref": "",
        "url": "",
        "url2": ""
      }
    },
    {
      "type": "Feature",
      "geometry": {
        "type": "Point",
        "coordinates": [
          136.7114956,
          34.4898479
        ]
      },
      "properties": {
        "内容": "バス停: 吹上町",
        "name": "吹上町",
        "operator": "事業者不明",
        "ref": "",
        "url": "",
        "url2": ""
      }
    },
    {
      "type": "Feature",
      "geometry": {
        "type": "Point",
        "coordinates": [
          136.7114492,
          34.4897436
        ]
      },
      "properties": {
        "内容": "バス停: 吹上町",
        "name": "吹上町",
        "operator": "事業者不明",
        "ref": "",
        "url": "",
        "url2": ""
      }
    },
    {
      "type": "Feature",
      "geometry": {
        "type": "Point",
        "coordinates": [
          136.7092761,
          34.4911443
        ]
      },
      "properties": {
        "内容": "バス停: 伊勢市駅前",
        "name": "伊勢市駅前",
        "operator": "事業者不明",
        "ref": "",
        "url": "",
        "url2": ""
      }
    },
    {
      "type": "Feature",
      "geometry": {
        "type": "Point",
        "coordinates": [
          136.7093529,
          34.49108
        ]
      },
      "properties": {
        "内容": "バス停: 伊勢市駅前",
        "name": "伊勢市駅前",
        "operator": "事業者不明",
        "ref": "",
        "url": "",
        "url2": ""
      }
    },
    {
      "type": "Feature",
      "geometry": {
        "type": "Point",
        "coordinates": [
          136.708956,
          34.4911898
        ]
      },
      "properties": {
        "内容": "バス停: 伊勢市駅前",
        "name": "伊勢市駅前",
        "operator": "事業者不明",
        "ref": "",
        "url": "",
        "url2": ""
      }
    },
    {
      "type": "Feature",
      "geometry": {
        "type": "Point",
        "coordinates": [
          136.7088457,
          34.491133
        ]
      },
      "properties": {
        "内容": "バス停: 伊勢市駅前",
        "name": "伊勢市駅前",
        "operator": "事業者不明",
        "ref": "",
        "url": "",
        "url2": ""
      }
    },
    {
      "type": "Feature",
      "geometry": {
        "type": "Point",
        "coordinates": [
          136.7086359,
          34.4913289
        ]
      },
      "properties": {
        "内容": "バス停: 伊勢市駅前",
        "name": "伊勢市駅前",
        "operator": "事業者不明",
        "ref": "",
        "url": "",
        "url2": ""
      }
    },
    {
      "type": "Feature",
      "geometry": {
        "type": "Point",
        "coordinates": [
          136.7081312,
          34.4904372
        ]
      },
      "properties": {
        "内容": "バス停: 伊勢市駅前",
        "name": "伊勢市駅前",
        "operator": "事業者不明",
        "ref": "",
        "url": "",
        "url2": ""
      }
    },
    {
      "type": "Feature",
      "geometry": {
        "type": "Point",
        "coordinates": [
          136.707802,
          34.4904862
        ]
      },
      "properties": {
        "内容": "バス停: 伊勢市駅前",
        "name": "伊勢市駅前",
        "operator": "事業者不明",
        "ref": "",
        "url": "",
        "url2": ""
      }
    },
    {
      "type": "Feature",
      "geometry": {
        "type": "Point",
        "coordinates": [
          136.7083559,
          34.4919156
        ]
      },
      "properties": {
        "内容": "バス停: 伊勢市駅前",
        "name": "伊勢市駅前",
        "operator": "事業者不明",
        "ref": "",
        "url": "",
        "url2": ""
      }
    },
    {
      "type": "Feature",
      "geometry": {
        "type": "Point",
        "coordinates": [
          136.7084514,
          34.4917873
        ]
      },
      "properties": {
        "内容": "バス停: 伊勢市駅前",
        "name": "伊勢市駅前",
        "operator": "事業者不明",
        "ref": "",
        "url": "",
        "url2": ""
      }
    },
    {
      "type": "Feature",
      "geometry": {
        "type": "Point",
        "coordinates": [
          136.7275141,
          34.4770637
        ]
      },
      "properties": {
        "内容": "バス停: 五十鈴川駅前",
        "name": "五十鈴川駅前",
        "operator": "事業者不明",
        "ref": "",
        "url": "",
        "url2": ""
      }
    },
    {
      "type": "Feature",
      "geometry": {
        "type": "Point",
        "coordinates": [
          136.7289338,
          34.4754968
        ]
      },
      "properties": {
        "内容": "バス停: 五十鈴川駅前(高速バス) (ジャムジャムエクスプレス)",
        "name": "五十鈴川駅前(高速バス)",
        "operator": "ジャムジャムエクスプレス",
        "ref": "",
        "url": "",
        "url2": ""
      }
    },
    {
      "type": "Feature",
      "geometry": {
        "type": "Point",
        "coordinates": [
          136.7260809,
          34.470955
        ]
      },
      "properties": {
        "内容": "バス停: 中村町(月讀宮前)",
        "name": "中村町(月讀宮前)",
        "operator": "事業者不明",
        "ref": "",
        "url": "",
        "url2": ""
      }
    },
    {
      "type": "Feature",
      "geometry": {
        "type": "Point",
        "coordinates": [
          136.7133043,
          34.4878764
        ]
      },
      "properties": {
        "内容": "バス停: 宇治山田駅前",
        "name": "宇治山田駅前",
        "operator": "事業者不明",
        "ref": "",
        "url": "",
        "url2": ""
      }
    },
    {
      "type": "Feature",
      "geometry": {
        "type": "Point",
        "coordinates": [
          136.7134035,
          34.4879187
        ]
      },
      "properties": {
        "内容": "バス停: 宇治山田駅前",
        "name": "宇治山田駅前",
        "operator": "事業者不明",
        "ref": "",
        "url": "",
        "url2": ""
      }
    },
    {
      "type": "Feature",
      "geometry": {
        "type": "Point",
        "coordinates": [
          136.7134934,
          34.4879505
        ]
      },
      "properties": {
        "内容": "バス停: 宇治山田駅前",
        "name": "宇治山田駅前",
        "operator": "事業者不明",
        "ref": "",
        "url": "",
        "url2": ""
      }
    },
    {
      "type": "Feature",
      "geometry": {
        "type": "Point",
        "coordinates": [
          136.713581,
          34.4879861
        ]
      },
      "properties": {
        "内容": "バス停: 宇治山田駅前",
        "name": "宇治山田駅前",
        "operator": "事業者不明",
        "ref": "",
        "url": "",
        "url2": ""
      }
    },
    {
      "type": "Feature",
      "geometry": {
        "type": "Point",
        "coordinates": [
          136.7135623,
          34.4884403
        ]
      },
      "properties": {
        "内容": "バス停: 宇治山田駅前",
        "name": "宇治山田駅前",
        "operator": "事業者不明",
        "ref": "",
        "url": "",
        "url2": ""
      }
    },
    {
      "type": "Feature",
      "geometry": {
        "type": "Point",
        "coordinates": [
          136.7134012,
          34.4884432
        ]
      },
      "properties": {
        "内容": "バス停: 宇治山田駅前",
        "name": "宇治山田駅前",
        "operator": "事業者不明",
        "ref": "",
        "url": "",
        "url2": ""
      }
    },
    {
      "type": "Feature",
      "geometry": {
        "type": "Point",
        "coordinates": [
          136.7134075,
          34.4881796
        ]
      },
      "properties": {
        "内容": "バス停: 宇治山田駅前",
        "name": "宇治山田駅前",
        "operator": "事業者不明",
        "ref": "",
        "url": "",
        "url2": ""
      }
    },
    {
      "type": "Feature",
      "geometry": {
        "type": "Point",
        "coordinates": [
          136.7215252,
          34.4630802
        ]
      },
      "properties": {
        "内容": "バス停: 神宮会館前",
        "name": "神宮会館前",
        "operator": "事業者不明",
        "ref": "",
        "url": "",
        "url2": ""
      }
    },
    {
      "type": "Feature",
      "geometry": {
        "type": "Point",
        "coordinates": [
          136.7200314,
          34.4664427
        ]
      },
      "properties": {
        "内容": "バス停: 猿田彦神社前",
        "name": "猿田彦神社前",
        "operator": "事業者不明",
        "ref": "",
        "url": "",
        "url2": ""
      }
    },
    {
      "type": "Feature",
      "geometry": {
        "type": "Point",
        "coordinates": [
          136.7202138,
          34.4665444
        ]
      },
      "properties": {
        "内容": "バス停: 猿田彦神社前",
        "name": "猿田彦神社前",
        "operator": "事業者不明",
        "ref": "",
        "url": "",
        "url2": ""
      }
    },
    {
      "type": "Feature",
      "geometry": {
        "type": "Point",
        "coordinates": [
          136.7302517,
          34.4780822
        ]
      },
      "properties": {
        "内容": "バス停: イオン伊勢店",
        "name": "イオン伊勢店",
        "operator": "事業者不明",
        "ref": "",
        "url": "",
        "url2": ""
      }
    },
    {
      "type": "Feature",
      "geometry": {
        "type": "Point",
        "coordinates": [
          136.7282354,
          34.4825541
        ]
      },
      "properties": {
        "内容": "バス停: 伊勢病院前",
        "name": "伊勢病院前",
        "operator": "事業者不明",
        "ref": "",
        "url": "",
        "url2": ""
      }
    },
    {
      "type": "Feature",
      "geometry": {
        "type": "Point",
        "coordinates": [
          136.7134761,
          34.4723264
        ]
      },
      "properties": {
        "内容": "バス停: 蓮台寺",
        "name": "蓮台寺",
        "operator": "事業者不明",
        "ref": "",
        "url": "",
        "url2": ""
      }
    },
    {
      "type": "Feature",
      "geometry": {
        "type": "Point",
        "coordinates": [
          136.7094818,
          34.4776308
        ]
      },
      "properties": {
        "内容": "バス停: 勢田町",
        "name": "勢田町",
        "operator": "事業者不明",
        "ref": "",
        "url": "",
        "url2": ""
      }
    },
    {
      "type": "Feature",
      "geometry": {
        "type": "Point",
        "coordinates": [
          136.7093112,
          34.4812978
        ]
      },
      "properties": {
        "内容": "バス停: 庁舎前",
        "name": "庁舎前",
        "operator": "事業者不明",
        "ref": "",
        "url": "",
        "url2": ""
      }
    },
    {
      "type": "Feature",
      "geometry": {
        "type": "Point",
        "coordinates": [
          136.7096936,
          34.4837419
        ]
      },
      "properties": {
        "内容": "バス停: 明倫小学校前",
        "name": "明倫小学校前",
        "operator": "事業者不明",
        "ref": "",
        "url": "",
        "url2": ""
      }
    },
    {
      "type": "Feature",
      "geometry": {
        "type": "Point",
        "coordinates": [
          136.7095044,
          34.4836361
        ]
      },
      "properties": {
        "内容": "バス停: 明倫小学校前",
        "name": "明倫小学校前",
        "operator": "事業者不明",
        "ref": "",
        "url": "",
        "url2": ""
      }
    },
    {
      "type": "Feature",
      "geometry": {
        "type": "Point",
        "coordinates": [
          136.7151741,
          34.4697612
        ]
      },
      "properties": {
        "内容": "バス停: つづみが丘",
        "name": "つづみが丘",
        "operator": "事業者不明",
        "ref": "",
        "url": "",
        "url2": ""
      }
    },
    {
      "type": "Feature",
      "geometry": {
        "type": "Point",
        "coordinates": [
          136.7152532,
          34.4699797
        ]
      },
      "properties": {
        "内容": "バス停: つづみが丘",
        "name": "つづみが丘",
        "operator": "事業者不明",
        "ref": "",
        "url": "",
        "url2": ""
      }
    },
    {
      "type": "Feature",
      "geometry": {
        "type": "Point",
        "coordinates": [
          136.717341,
          34.4676252
        ]
      },
      "properties": {
        "内容": "バス停: 滝倉",
        "name": "滝倉",
        "operator": "事業者不明",
        "ref": "",
        "url": "",
        "url2": ""
      }
    },
    {
      "type": "Feature",
      "geometry": {
        "type": "Point",
        "coordinates": [
          136.71705,
          34.4676495
        ]
      },
      "properties": {
        "内容": "バス停: 滝倉",
        "name": "滝倉",
        "operator": "事業者不明",
        "ref": "",
        "url": "",
        "url2": ""
      }
    },
    {
      "type": "Feature",
      "geometry": {
        "type": "Point",
        "coordinates": [
          136.7270073,
          34.4812295
        ]
      },
      "properties": {
        "内容": "バス停: 伊勢病院西口",
        "name": "伊勢病院西口",
        "operator": "事業者不明",
        "ref": "",
        "url": "",
        "url2": ""
      }
    },
    {
      "type": "Feature",
      "geometry": {
        "type": "Point",
        "coordinates": [
          136.7263796,
          34.4819458
        ]
      },
      "properties": {
        "内容": "バス停: 伊勢病院西口",
        "name": "伊勢病院西口",
        "operator": "事業者不明",
        "ref": "",
        "url": "",
        "url2": ""
      }
    },
    {
      "type": "Feature",
      "geometry": {
        "type": "Point",
        "coordinates": [
          136.7253847,
          34.4847474
        ]
      },
      "properties": {
        "内容": "バス停: 神宮徴古館前",
        "name": "神宮徴古館前",
        "operator": "事業者不明",
        "ref": "",
        "url": "",
        "url2": ""
      }
    },
    {
      "type": "Feature",
      "geometry": {
        "type": "Point",
        "coordinates": [
          136.7255264,
          34.4846535
        ]
      },
      "properties": {
        "内容": "バス停: 神宮徴古館前",
        "name": "神宮徴古館前",
        "operator": "事業者不明",
        "ref": "",
        "url": "",
        "url2": ""
      }
    },
    {
      "type": "Feature",
      "geometry": {
        "type": "Point",
        "coordinates": [
          136.7255704,
          34.4858151
        ]
      },
      "properties": {
        "内容": "バス停: 皇学館大学前(伊勢)",
        "name": "皇学館大学前(伊勢)",
        "operator": "事業者不明",
        "ref": "",
        "url": "",
        "url2": ""
      }
    },
    {
      "type": "Feature",
      "geometry": {
        "type": "Point",
        "coordinates": [
          136.7251539,
          34.4864028
        ]
      },
      "properties": {
        "内容": "バス停: 皇学館大学前(伊勢)",
        "name": "皇学館大学前(伊勢)",
        "operator": "事業者不明",
        "ref": "",
        "url": "",
        "url2": ""
      }
    },
    {
      "type": "Feature",
      "geometry": {
        "type": "Point",
        "coordinates": [
          136.7178724,
          34.4880907
        ]
      },
      "properties": {
        "内容": "バス停: 前田古市口",
        "name": "前田古市口",
        "operator": "事業者不明",
        "ref": "",
        "url": "",
        "url2": ""
      }
    },
    {
      "type": "Feature",
      "geometry": {
        "type": "Point",
        "coordinates": [
          136.7174255,
          34.4877702
        ]
      },
      "properties": {
        "内容": "バス停: 前田古市口",
        "name": "前田古市口",
        "operator": "事業者不明",
        "ref": "",
        "url": "",
        "url2": ""
      }
    },
    {
      "type": "Feature",
      "geometry": {
        "type": "Point",
        "coordinates": [
          136.7138509,
          34.4865844
        ]
      },
      "properties": {
        "内容": "バス停: 岩渕",
        "name": "岩渕",
        "operator": "事業者不明",
        "ref": "",
        "url": "",
        "url2": ""
      }
    },
    {
      "type": "Feature",
      "geometry": {
        "type": "Point",
        "coordinates": [
          136.7139254,
          34.4867176
        ]
      },
      "properties": {
        "内容": "バス停: 岩渕",
        "name": "岩渕",
        "operator": "事業者不明",
        "ref": "",
        "url": "",
        "url2": ""
      }
    },
    {
      "type": "Feature",
      "geometry": {
        "type": "Point",
        "coordinates": [
          136.7090776,
          34.4910956
        ]
      },
      "properties": {
        "内容": "バス停: 伊勢市駅前",
        "name": "伊勢市駅前",
        "operator": "事業者不明",
        "ref": "",
        "url": "",
        "url2": ""
      }
    },
    {
      "type": "Feature",
      "geometry": {
        "type": "Point",
        "coordinates": [
          136.7136956,
          34.4944622
        ]
      },
      "properties": {
        "内容": "バス停: 河崎町 (三重交通)",
        "name": "河崎町",
        "operator": "三重交通",
        "ref": "",
        "url": "",
        "url2": ""
      }
    },
    {
      "type": "Feature",
      "geometry": {
        "type": "Point",
        "coordinates": [
          136.705836,
          34.4953226
        ]
      },
      "properties": {
        "内容": "バス停: 一之木二丁目",
        "name": "一之木二丁目",
        "operator": "事業者不明",
        "ref": "",
        "url": "",
        "url2": ""
      }
    },
    {
      "type": "Feature",
      "geometry": {
        "type": "Point",
        "coordinates": [
          136.7057561,
          34.4953416
        ]
      },
      "properties": {
        "内容": "バス停: 一之木二丁目",
        "name": "一之木二丁目",
        "operator": "事業者不明",
        "ref": "",
        "url": "",
        "url2": ""
      }
    },
    {
      "type": "Feature",
      "geometry": {
        "type": "Point",
        "coordinates": [
          136.7151593,
          34.4955215
        ]
      },
      "properties": {
        "内容": "バス停: 河崎百五前",
        "name": "河崎百五前",
        "operator": "事業者不明",
        "ref": "",
        "url": "",
        "url2": ""
      }
    },
    {
      "type": "Feature",
      "geometry": {
        "type": "Point",
        "coordinates": [
          136.7154371,
          34.4955201
        ]
      },
      "properties": {
        "内容": "バス停: 河崎百五前",
        "name": "河崎百五前",
        "operator": "事業者不明",
        "ref": "",
        "url": "",
        "url2": ""
      }
    },
    {
      "type": "Feature",
      "geometry": {
        "type": "Point",
        "coordinates": [
          136.7176303,
          34.4944421
        ]
      },
      "properties": {
        "内容": "バス停: 河崎東",
        "name": "河崎東",
        "operator": "事業者不明",
        "ref": "",
        "url": "",
        "url2": ""
      }
    },
    {
      "type": "Feature",
      "geometry": {
        "type": "Point",
        "coordinates": [
          136.7176226,
          34.494342
        ]
      },
      "properties": {
        "内容": "バス停: 河崎東",
        "name": "河崎東",
        "operator": "事業者不明",
        "ref": "",
        "url": "",
        "url2": ""
      }
    },
    {
      "type": "Feature",
      "geometry": {
        "type": "Point",
        "coordinates": [
          136.7194898,
          34.4941077
        ]
      },
      "properties": {
        "内容": "バス停: 伊勢工高前",
        "name": "伊勢工高前",
        "operator": "事業者不明",
        "ref": "",
        "url": "",
        "url2": ""
      }
    },
    {
      "type": "Feature",
      "geometry": {
        "type": "Point",
        "coordinates": [
          136.7148032,
          34.4970441
        ]
      },
      "properties": {
        "内容": "バス停: 旭通",
        "name": "旭通",
        "operator": "事業者不明",
        "ref": "",
        "url": "",
        "url2": ""
      }
    },
    {
      "type": "Feature",
      "geometry": {
        "type": "Point",
        "coordinates": [
          136.7147629,
          34.4972895
        ]
      },
      "properties": {
        "内容": "バス停: 旭通",
        "name": "旭通",
        "operator": "事業者不明",
        "ref": "",
        "url": "",
        "url2": ""
      }
    },
    {
      "type": "Feature",
      "geometry": {
        "type": "Point",
        "coordinates": [
          136.7155058,
          34.4992374
        ]
      },
      "properties": {
        "内容": "バス停: 船江",
        "name": "船江",
        "operator": "事業者不明",
        "ref": "",
        "url": "",
        "url2": ""
      }
    },
    {
      "type": "Feature",
      "geometry": {
        "type": "Point",
        "coordinates": [
          136.7157631,
          34.4995688
        ]
      },
      "properties": {
        "内容": "バス停: 船江",
        "name": "船江",
        "operator": "事業者不明",
        "ref": "",
        "url": "",
        "url2": ""
      }
    },
    {
      "type": "Feature",
      "geometry": {
        "type": "Point",
        "coordinates": [
          136.7168404,
          34.5025931
        ]
      },
      "properties": {
        "内容": "バス停: 船江新道",
        "name": "船江新道",
        "operator": "事業者不明",
        "ref": "",
        "url": "",
        "url2": ""
      }
    },
    {
      "type": "Feature",
      "geometry": {
        "type": "Point",
        "coordinates": [
          136.7168892,
          34.5024691
        ]
      },
      "properties": {
        "内容": "バス停: 船江新道",
        "name": "船江新道",
        "operator": "事業者不明",
        "ref": "",
        "url": "",
        "url2": ""
      }
    },
    {
      "type": "Feature",
      "geometry": {
        "type": "Point",
        "coordinates": [
          136.7176007,
          34.5040706
        ]
      },
      "properties": {
        "内容": "バス停: 桧尻(ぎゅーとらハイジー店)",
        "name": "桧尻(ぎゅーとらハイジー店)",
        "operator": "事業者不明",
        "ref": "",
        "url": "",
        "url2": ""
      }
    },
    {
      "type": "Feature",
      "geometry": {
        "type": "Point",
        "coordinates": [
          136.7116755,
          34.5020426
        ]
      },
      "properties": {
        "内容": "バス停: 伊勢赤十字病院",
        "name": "伊勢赤十字病院",
        "operator": "事業者不明",
        "ref": "",
        "url": "",
        "url2": ""
      }
    },
    {
      "type": "Feature",
      "geometry": {
        "type": "Point",
        "coordinates": [
          136.710505,
          34.4997211
        ]
      },
      "properties": {
        "内容": "バス停: ミタス伊勢",
        "name": "ミタス伊勢",
        "operator": "事業者不明",
        "ref": "",
        "url": "",
        "url2": ""
      }
    },
    {
      "type": "Feature",
      "geometry": {
        "type": "Point",
        "coordinates": [
          136.7103709,
          34.4997211
        ]
      },
      "properties": {
        "内容": "バス停: ミタス伊勢",
        "name": "ミタス伊勢",
        "operator": "事業者不明",
        "ref": "",
        "url": "",
        "url2": ""
      }
    },
    {
      "type": "Feature",
      "geometry": {
        "type": "Point",
        "coordinates": [
          136.7085164,
          34.4991723
        ]
      },
      "properties": {
        "内容": "バス停: 一之木",
        "name": "一之木",
        "operator": "事業者不明",
        "ref": "",
        "url": "",
        "url2": ""
      }
    },
    {
      "type": "Feature",
      "geometry": {
        "type": "Point",
        "coordinates": [
          136.7085534,
          34.4992611
        ]
      },
      "properties": {
        "内容": "バス停: 一之木",
        "name": "一之木",
        "operator": "事業者不明",
        "ref": "",
        "url": "",
        "url2": ""
      }
    },
    {
      "type": "Feature",
      "geometry": {
        "type": "Point",
        "coordinates": [
          136.7068219,
          34.4981769
        ]
      },
      "properties": {
        "内容": "バス停: 一之木三丁目",
        "name": "一之木三丁目",
        "operator": "事業者不明",
        "ref": "",
        "url": "",
        "url2": ""
      }
    },
    {
      "type": "Feature",
      "geometry": {
        "type": "Point",
        "coordinates": [
          136.7066863,
          34.4982099
        ]
      },
      "properties": {
        "内容": "バス停: 一之木三丁目",
        "name": "一之木三丁目",
        "operator": "事業者不明",
        "ref": "",
        "url": "",
        "url2": ""
      }
    },
    {
      "type": "Feature",
      "geometry": {
        "type": "Point",
        "coordinates": [
          136.7291978,
          34.517912
        ]
      },
      "properties": {
        "内容": "バス停: 馬瀬",
        "name": "馬瀬",
        "operator": "事業者不明",
        "ref": "",
        "url": "",
        "url2": ""
      }
    },
    {
      "type": "Feature",
      "geometry": {
        "type": "Point",
        "coordinates": [
          136.7263956,
          34.5163477
        ]
      },
      "properties": {
        "内容": "バス停: 馬瀬口",
        "name": "馬瀬口",
        "operator": "事業者不明",
        "ref": "",
        "url": "",
        "url2": ""
      }
    },
    {
      "type": "Feature",
      "geometry": {
        "type": "Point",
        "coordinates": [
          136.7230942,
          34.5118106
        ]
      },
      "properties": {
        "内容": "バス停: 新開",
        "name": "新開",
        "operator": "事業者不明",
        "ref": "",
        "url": "",
        "url2": ""
      }
    },
    {
      "type": "Feature",
      "geometry": {
        "type": "Point",
        "coordinates": [
          136.7391644,
          34.5079977
        ]
      },
      "properties": {
        "内容": "バス停: 一色町",
        "name": "一色町",
        "operator": "事業者不明",
        "ref": "",
        "url": "",
        "url2": ""
      }
    },
    {
      "type": "Feature",
      "geometry": {
        "type": "Point",
        "coordinates": [
          136.7382762,
          34.5110433
        ]
      },
      "properties": {
        "内容": "バス停: 一色大橋",
        "name": "一色大橋",
        "operator": "事業者不明",
        "ref": "",
        "url": "",
        "url2": ""
      }
    },
    {
      "type": "Feature",
      "geometry": {
        "type": "Point",
        "coordinates": [
          136.7383666,
          34.5110311
        ]
      },
      "properties": {
        "内容": "バス停: 一色大橋",
        "name": "一色大橋",
        "operator": "事業者不明",
        "ref": "",
        "url": "",
        "url2": ""
      }
    },
    {
      "type": "Feature",
      "geometry": {
        "type": "Point",
        "coordinates": [
          136.7338049,
          34.5116975
        ]
      },
      "properties": {
        "内容": "バス停: 神社港",
        "name": "神社港",
        "operator": "事業者不明",
        "ref": "",
        "url": "",
        "url2": ""
      }
    },
    {
      "type": "Feature",
      "geometry": {
        "type": "Point",
        "coordinates": [
          136.7337442,
          34.5115936
        ]
      },
      "properties": {
        "内容": "バス停: 神社港",
        "name": "神社港",
        "operator": "事業者不明",
        "ref": "",
        "url": "",
        "url2": ""
      }
    },
    {
      "type": "Feature",
      "geometry": {
        "type": "Point",
        "coordinates": [
          136.7320947,
          34.511137
        ]
      },
      "properties": {
        "内容": "バス停: 竹ヶ鼻",
        "name": "竹ヶ鼻",
        "operator": "事業者不明",
        "ref": "",
        "url": "",
        "url2": ""
      }
    },
    {
      "type": "Feature",
      "geometry": {
        "type": "Point",
        "coordinates": [
          136.7278678,
          34.5096349
        ]
      },
      "properties": {
        "内容": "バス停: シンフォニアテクノロジー(旧神鋼前)",
        "name": "シンフォニアテクノロジー(旧神鋼前)",
        "operator": "事業者不明",
        "ref": "",
        "url": "",
        "url2": ""
      }
    },
    {
      "type": "Feature",
      "geometry": {
        "type": "Point",
        "coordinates": [
          136.7279339,
          34.5097409
        ]
      },
      "properties": {
        "内容": "バス停: シンフォニアテクノロジー(旧神鋼前)",
        "name": "シンフォニアテクノロジー(旧神鋼前)",
        "operator": "事業者不明",
        "ref": "",
        "url": "",
        "url2": ""
      }
    },
    {
      "type": "Feature",
      "geometry": {
        "type": "Point",
        "coordinates": [
          136.7313498,
          34.515569
        ]
      },
      "properties": {
        "内容": "バス停: 馬瀬下野神社墓地前",
        "name": "馬瀬下野神社墓地前",
        "operator": "事業者不明",
        "ref": "",
        "url": "",
        "url2": ""
      }
    },
    {
      "type": "Feature",
      "geometry": {
        "type": "Point",
        "coordinates": [
          136.7315307,
          34.5152525
        ]
      },
      "properties": {
        "内容": "バス停: 馬瀬下野神社墓地前",
        "name": "馬瀬下野神社墓地前",
        "operator": "事業者不明",
        "ref": "",
        "url": "",
        "url2": ""
      }
    },
    {
      "type": "Feature",
      "geometry": {
        "type": "Point",
        "coordinates": [
          136.735491,
          34.5164827
        ]
      },
      "properties": {
        "内容": "バス停: 下野町",
        "name": "下野町",
        "operator": "事業者不明",
        "ref": "",
        "url": "",
        "url2": ""
      }
    },
    {
      "type": "Feature",
      "geometry": {
        "type": "Point",
        "coordinates": [
          136.7342653,
          34.5190896
        ]
      },
      "properties": {
        "内容": "バス停: みなと小学校前",
        "name": "みなと小学校前",
        "operator": "事業者不明",
        "ref": "",
        "url": "",
        "url2": ""
      }
    },
    {
      "type": "Feature",
      "geometry": {
        "type": "Point",
        "coordinates": [
          136.7341701,
          34.5192077
        ]
      },
      "properties": {
        "内容": "バス停: みなと小学校前",
        "name": "みなと小学校前",
        "operator": "事業者不明",
        "ref": "",
        "url": "",
        "url2": ""
      }
    },
    {
      "type": "Feature",
      "geometry": {
        "type": "Point",
        "coordinates": [
          136.7318772,
          34.5209391
        ]
      },
      "properties": {
        "内容": "バス停: 下野工場団地口",
        "name": "下野工場団地口",
        "operator": "事業者不明",
        "ref": "",
        "url": "",
        "url2": ""
      }
    },
    {
      "type": "Feature",
      "geometry": {
        "type": "Point",
        "coordinates": [
          136.7318725,
          34.5210699
        ]
      },
      "properties": {
        "内容": "バス停: 下野工場団地口",
        "name": "下野工場団地口",
        "operator": "事業者不明",
        "ref": "",
        "url": "",
        "url2": ""
      }
    },
    {
      "type": "Feature",
      "geometry": {
        "type": "Point",
        "coordinates": [
          136.7354318,
          34.5166281
        ]
      },
      "properties": {
        "内容": "バス停: 下野町",
        "name": "下野町",
        "operator": "事業者不明",
        "ref": "",
        "url": "",
        "url2": ""
      }
    },
    {
      "type": "Feature",
      "geometry": {
        "type": "Point",
        "coordinates": [
          136.7350346,
          34.5266796
        ]
      },
      "properties": {
        "内容": "バス停: 大湊支所前",
        "name": "大湊支所前",
        "operator": "事業者不明",
        "ref": "",
        "url": "",
        "url2": ""
      }
    },
    {
      "type": "Feature",
      "geometry": {
        "type": "Point",
        "coordinates": [
          136.7349344,
          34.5266109
        ]
      },
      "properties": {
        "内容": "バス停: 大湊支所前",
        "name": "大湊支所前",
        "operator": "事業者不明",
        "ref": "",
        "url": "",
        "url2": ""
      }
    },
    {
      "type": "Feature",
      "geometry": {
        "type": "Point",
        "coordinates": [
          136.7307672,
          34.5280524
        ]
      },
      "properties": {
        "内容": "バス停: みどり苑",
        "name": "みどり苑",
        "operator": "事業者不明",
        "ref": "",
        "url": "",
        "url2": ""
      }
    },
    {
      "type": "Feature",
      "geometry": {
        "type": "Point",
        "coordinates": [
          136.7307306,
          34.5280959
        ]
      },
      "properties": {
        "内容": "バス停: みどり苑",
        "name": "みどり苑",
        "operator": "事業者不明",
        "ref": "",
        "url": "",
        "url2": ""
      }
    },
    {
      "type": "Feature",
      "geometry": {
        "type": "Point",
        "coordinates": [
          136.7288472,
          34.4755842
        ]
      },
      "properties": {
        "内容": "バス停: 五十鈴川駅前(高速バス) (ジャムジャムエクスプレス)",
        "name": "五十鈴川駅前(高速バス)",
        "operator": "ジャムジャムエクスプレス",
        "ref": "",
        "url": "",
        "url2": ""
      }
    },
    {
      "type": "Feature",
      "geometry": {
        "type": "Point",
        "coordinates": [
          136.2546566,
          34.0139756
        ]
      },
      "properties": {
        "内容": "バス停: 九鬼町 (尾鷲市)",
        "name": "九鬼町",
        "operator": "尾鷲市",
        "ref": "",
        "url": "",
        "url2": ""
      }
    },
    {
      "type": "Feature",
      "geometry": {
        "type": "Point",
        "coordinates": [
          136.2514289,
          34.0154804
        ]
      },
      "properties": {
        "内容": "バス停: 診療所前 (尾鷲市)",
        "name": "診療所前",
        "operator": "尾鷲市",
        "ref": "",
        "url": "",
        "url2": ""
      }
    },
    {
      "type": "Feature",
      "geometry": {
        "type": "Point",
        "coordinates": [
          136.25097,
          34.0171096
        ]
      },
      "properties": {
        "内容": "バス停: 中学校前 (尾鷲市)",
        "name": "中学校前",
        "operator": "尾鷲市",
        "ref": "",
        "url": "",
        "url2": ""
      }
    },
    {
      "type": "Feature",
      "geometry": {
        "type": "Point",
        "coordinates": [
          136.462216,
          34.7142547
        ]
      },
      "properties": {
        "内容": "バス停: 泉ケ丘団地",
        "name": "泉ケ丘団地",
        "operator": "事業者不明",
        "ref": "",
        "url": "",
        "url2": ""
      }
    },
    {
      "type": "Feature",
      "geometry": {
        "type": "Point",
        "coordinates": [
          136.4413234,
          34.7002003
        ]
      },
      "properties": {
        "内容": "バス停: 片田団地",
        "name": "片田団地",
        "operator": "事業者不明",
        "ref": "",
        "url": "",
        "url2": ""
      }
    },
    {
      "type": "Feature",
      "geometry": {
        "type": "Point",
        "coordinates": [
          136.6056825,
          35.0923864
        ]
      },
      "properties": {
        "内容": "バス停: 城山三丁目",
        "name": "城山三丁目",
        "operator": "事業者不明",
        "ref": "",
        "url": "",
        "url2": ""
      }
    },
    {
      "type": "Feature",
      "geometry": {
        "type": "Point",
        "coordinates": [
          136.6448731,
          35.0112544
        ]
      },
      "properties": {
        "内容": "バス停: 十志魚富前",
        "name": "十志魚富前",
        "operator": "事業者不明",
        "ref": "",
        "url": "",
        "url2": ""
      }
    },
    {
      "type": "Feature",
      "geometry": {
        "type": "Point",
        "coordinates": [
          136.1367711,
          34.7725297
        ]
      },
      "properties": {
        "内容": "バス停: 白鳳通り東 (にんまる)",
        "name": "白鳳通り東",
        "operator": "にんまる",
        "ref": "",
        "url": "",
        "url2": ""
      }
    },
    {
      "type": "Feature",
      "geometry": {
        "type": "Point",
        "coordinates": [
          136.1365831,
          34.7724539
        ]
      },
      "properties": {
        "内容": "バス停: 白鳳通り東 (にんまる)",
        "name": "白鳳通り東",
        "operator": "にんまる",
        "ref": "",
        "url": "",
        "url2": ""
      }
    },
    {
      "type": "Feature",
      "geometry": {
        "type": "Point",
        "coordinates": [
          136.6615655,
          35.0727057
        ]
      },
      "properties": {
        "内容": "バス停: 名称不明バス停",
        "name": "名称不明バス停",
        "operator": "事業者不明",
        "ref": "",
        "url": "",
        "url2": ""
      }
    },
    {
      "type": "Feature",
      "geometry": {
        "type": "Point",
        "coordinates": [
          136.6617599,
          35.0728967
        ]
      },
      "properties": {
        "内容": "バス停: 名称不明バス停",
        "name": "名称不明バス停",
        "operator": "事業者不明",
        "ref": "",
        "url": "",
        "url2": ""
      }
    },
    {
      "type": "Feature",
      "geometry": {
        "type": "Point",
        "coordinates": [
          136.7758135,
          34.3153655
        ]
      },
      "properties": {
        "内容": "バス停: 迫子",
        "name": "迫子",
        "operator": "事業者不明",
        "ref": "",
        "url": "",
        "url2": ""
      }
    },
    {
      "type": "Feature",
      "geometry": {
        "type": "Point",
        "coordinates": [
          136.7756096,
          34.3153945
        ]
      },
      "properties": {
        "内容": "バス停: 迫子",
        "name": "迫子",
        "operator": "事業者不明",
        "ref": "",
        "url": "",
        "url2": ""
      }
    },
    {
      "type": "Feature",
      "geometry": {
        "type": "Point",
        "coordinates": [
          136.8208065,
          34.3283944
        ]
      },
      "properties": {
        "内容": "バス停: 鵜方西口（郵便局前）",
        "name": "鵜方西口（郵便局前）",
        "operator": "事業者不明",
        "ref": "",
        "url": "",
        "url2": ""
      }
    },
    {
      "type": "Feature",
      "geometry": {
        "type": "Point",
        "coordinates": [
          136.8169498,
          34.3283463
        ]
      },
      "properties": {
        "内容": "バス停: 鵜方カヨウ",
        "name": "鵜方カヨウ",
        "operator": "事業者不明",
        "ref": "",
        "url": "",
        "url2": ""
      }
    },
    {
      "type": "Feature",
      "geometry": {
        "type": "Point",
        "coordinates": [
          136.8111925,
          34.3280967
        ]
      },
      "properties": {
        "内容": "バス停: 横山下",
        "name": "横山下",
        "operator": "事業者不明",
        "ref": "",
        "url": "",
        "url2": ""
      }
    },
    {
      "type": "Feature",
      "geometry": {
        "type": "Point",
        "coordinates": [
          136.8064523,
          34.3282208
        ]
      },
      "properties": {
        "内容": "バス停: 鵜方浜",
        "name": "鵜方浜",
        "operator": "事業者不明",
        "ref": "",
        "url": "",
        "url2": ""
      }
    },
    {
      "type": "Feature",
      "geometry": {
        "type": "Point",
        "coordinates": [
          136.7974267,
          34.319713
        ]
      },
      "properties": {
        "内容": "バス停: 福川原",
        "name": "福川原",
        "operator": "事業者不明",
        "ref": "",
        "url": "",
        "url2": ""
      }
    },
    {
      "type": "Feature",
      "geometry": {
        "type": "Point",
        "coordinates": [
          136.7893787,
          34.3160179
        ]
      },
      "properties": {
        "内容": "バス停: 大崎口",
        "name": "大崎口",
        "operator": "事業者不明",
        "ref": "",
        "url": "",
        "url2": ""
      }
    },
    {
      "type": "Feature",
      "geometry": {
        "type": "Point",
        "coordinates": [
          136.826584,
          34.3288925
        ]
      },
      "properties": {
        "内容": "バス停: 鵜方駅前",
        "name": "鵜方駅前",
        "operator": "事業者不明",
        "ref": "5",
        "url": "",
        "url2": ""
      }
    },
    {
      "type": "Feature",
      "geometry": {
        "type": "Point",
        "coordinates": [
          136.8265615,
          34.3289697
        ]
      },
      "properties": {
        "内容": "バス停: 鵜方駅前",
        "name": "鵜方駅前",
        "operator": "事業者不明",
        "ref": "4",
        "url": "",
        "url2": ""
      }
    },
    {
      "type": "Feature",
      "geometry": {
        "type": "Point",
        "coordinates": [
          136.8263406,
          34.3291017
        ]
      },
      "properties": {
        "内容": "バス停: 鵜方駅前",
        "name": "鵜方駅前",
        "operator": "事業者不明",
        "ref": "3",
        "url": "",
        "url2": ""
      }
    },
    {
      "type": "Feature",
      "geometry": {
        "type": "Point",
        "coordinates": [
          136.826275,
          34.3291022
        ]
      },
      "properties": {
        "内容": "バス停: 鵜方駅前",
        "name": "鵜方駅前",
        "operator": "事業者不明",
        "ref": "2",
        "url": "",
        "url2": ""
      }
    },
    {
      "type": "Feature",
      "geometry": {
        "type": "Point",
        "coordinates": [
          136.826188,
          34.3291021
        ]
      },
      "properties": {
        "内容": "バス停: 鵜方駅前",
        "name": "鵜方駅前",
        "operator": "事業者不明",
        "ref": "1",
        "url": "",
        "url2": ""
      }
    },
    {
      "type": "Feature",
      "geometry": {
        "type": "Point",
        "coordinates": [
          136.8985252,
          34.3615918
        ]
      },
      "properties": {
        "内容": "バス停: 安乗",
        "name": "安乗",
        "operator": "事業者不明",
        "ref": "",
        "url": "",
        "url2": ""
      }
    },
    {
      "type": "Feature",
      "geometry": {
        "type": "Point",
        "coordinates": [
          136.8968119,
          34.3590217
        ]
      },
      "properties": {
        "内容": "バス停: 安乗口",
        "name": "安乗口",
        "operator": "事業者不明",
        "ref": "",
        "url": "",
        "url2": ""
      }
    },
    {
      "type": "Feature",
      "geometry": {
        "type": "Point",
        "coordinates": [
          136.8939487,
          34.3552298
        ]
      },
      "properties": {
        "内容": "バス停: 安乗中学校前",
        "name": "安乗中学校前",
        "operator": "事業者不明",
        "ref": "",
        "url": "",
        "url2": ""
      }
    },
    {
      "type": "Feature",
      "geometry": {
        "type": "Point",
        "coordinates": [
          136.8928912,
          34.3547531
        ]
      },
      "properties": {
        "内容": "バス停: 安乗中学校前",
        "name": "安乗中学校前",
        "operator": "事業者不明",
        "ref": "",
        "url": "",
        "url2": ""
      }
    },
    {
      "type": "Feature",
      "geometry": {
        "type": "Point",
        "coordinates": [
          136.8907629,
          34.353107
        ]
      },
      "properties": {
        "内容": "バス停: 北上野",
        "name": "北上野",
        "operator": "事業者不明",
        "ref": "",
        "url": "",
        "url2": ""
      }
    },
    {
      "type": "Feature",
      "geometry": {
        "type": "Point",
        "coordinates": [
          136.8866839,
          34.3515074
        ]
      },
      "properties": {
        "内容": "バス停: 南上野",
        "name": "南上野",
        "operator": "事業者不明",
        "ref": "",
        "url": "",
        "url2": ""
      }
    },
    {
      "type": "Feature",
      "geometry": {
        "type": "Point",
        "coordinates": [
          136.8795063,
          34.355511
        ]
      },
      "properties": {
        "内容": "バス停: 渡鹿野渡船場",
        "name": "渡鹿野渡船場",
        "operator": "事業者不明",
        "ref": "",
        "url": "",
        "url2": ""
      }
    },
    {
      "type": "Feature",
      "geometry": {
        "type": "Point",
        "coordinates": [
          136.8812867,
          34.3489254
        ]
      },
      "properties": {
        "内容": "バス停: 国府坂の上",
        "name": "国府坂の上",
        "operator": "事業者不明",
        "ref": "",
        "url": "",
        "url2": ""
      }
    },
    {
      "type": "Feature",
      "geometry": {
        "type": "Point",
        "coordinates": [
          136.8814395,
          34.3488866
        ]
      },
      "properties": {
        "内容": "バス停: 国府坂の上",
        "name": "国府坂の上",
        "operator": "事業者不明",
        "ref": "",
        "url": "",
        "url2": ""
      }
    },
    {
      "type": "Feature",
      "geometry": {
        "type": "Point",
        "coordinates": [
          136.8803895,
          34.3459419
        ]
      },
      "properties": {
        "内容": "バス停: 国府白浜",
        "name": "国府白浜",
        "operator": "事業者不明",
        "ref": "",
        "url": "",
        "url2": ""
      }
    },
    {
      "type": "Feature",
      "geometry": {
        "type": "Point",
        "coordinates": [
          136.8771289,
          34.3422562
        ]
      },
      "properties": {
        "内容": "バス停: ゴルフ場前",
        "name": "ゴルフ場前",
        "operator": "事業者不明",
        "ref": "",
        "url": "",
        "url2": ""
      }
    },
    {
      "type": "Feature",
      "geometry": {
        "type": "Point",
        "coordinates": [
          136.8762092,
          34.3394037
        ]
      },
      "properties": {
        "内容": "バス停: 国府神社前",
        "name": "国府神社前",
        "operator": "事業者不明",
        "ref": "",
        "url": "",
        "url2": ""
      }
    },
    {
      "type": "Feature",
      "geometry": {
        "type": "Point",
        "coordinates": [
          136.8742405,
          34.3362504
        ]
      },
      "properties": {
        "内容": "バス停: 国府",
        "name": "国府",
        "operator": "事業者不明",
        "ref": "",
        "url": "",
        "url2": ""
      }
    },
    {
      "type": "Feature",
      "geometry": {
        "type": "Point",
        "coordinates": [
          136.8741882,
          34.3363385
        ]
      },
      "properties": {
        "内容": "バス停: 国府",
        "name": "国府",
        "operator": "事業者不明",
        "ref": "",
        "url": "",
        "url2": ""
      }
    },
    {
      "type": "Feature",
      "geometry": {
        "type": "Point",
        "coordinates": [
          136.8565057,
          34.331566
        ]
      },
      "properties": {
        "内容": "バス停: 豊和苑前",
        "name": "豊和苑前",
        "operator": "事業者不明",
        "ref": "",
        "url": "",
        "url2": ""
      }
    },
    {
      "type": "Feature",
      "geometry": {
        "type": "Point",
        "coordinates": [
          136.8536954,
          34.3317365
        ]
      },
      "properties": {
        "内容": "バス停: 国府三本松",
        "name": "国府三本松",
        "operator": "事業者不明",
        "ref": "",
        "url": "",
        "url2": ""
      }
    },
    {
      "type": "Feature",
      "geometry": {
        "type": "Point",
        "coordinates": [
          136.8313013,
          34.3295653
        ]
      },
      "properties": {
        "内容": "バス停: 志摩市役所前",
        "name": "志摩市役所前",
        "operator": "事業者不明",
        "ref": "",
        "url": "",
        "url2": ""
      }
    },
    {
      "type": "Feature",
      "geometry": {
        "type": "Point",
        "coordinates": [
          136.8315042,
          34.3304629
        ]
      },
      "properties": {
        "内容": "バス停: 鵜方東",
        "name": "鵜方東",
        "operator": "事業者不明",
        "ref": "",
        "url": "",
        "url2": ""
      }
    },
    {
      "type": "Feature",
      "geometry": {
        "type": "Point",
        "coordinates": [
          136.8280857,
          34.3237397
        ]
      },
      "properties": {
        "内容": "バス停: イオン阿児店",
        "name": "イオン阿児店",
        "operator": "事業者不明",
        "ref": "",
        "url": "",
        "url2": ""
      }
    },
    {
      "type": "Feature",
      "geometry": {
        "type": "Point",
        "coordinates": [
          136.874608,
          34.3310502
        ]
      },
      "properties": {
        "内容": "バス停: ガンナ箸",
        "name": "ガンナ箸",
        "operator": "事業者不明",
        "ref": "",
        "url": "",
        "url2": ""
      }
    },
    {
      "type": "Feature",
      "geometry": {
        "type": "Point",
        "coordinates": [
          136.8512814,
          34.3203898
        ]
      },
      "properties": {
        "内容": "バス停: 長沢",
        "name": "長沢",
        "operator": "事業者不明",
        "ref": "",
        "url": "",
        "url2": ""
      }
    },
    {
      "type": "Feature",
      "geometry": {
        "type": "Point",
        "coordinates": [
          136.8514343,
          34.3205155
        ]
      },
      "properties": {
        "内容": "バス停: 長沢",
        "name": "長沢",
        "operator": "事業者不明",
        "ref": "",
        "url": "",
        "url2": ""
      }
    },
    {
      "type": "Feature",
      "geometry": {
        "type": "Point",
        "coordinates": [
          136.8399424,
          34.327759
        ]
      },
      "properties": {
        "内容": "バス停: 金谷",
        "name": "金谷",
        "operator": "事業者不明",
        "ref": "",
        "url": "",
        "url2": ""
      }
    },
    {
      "type": "Feature",
      "geometry": {
        "type": "Point",
        "coordinates": [
          136.8827129,
          34.2997699
        ]
      },
      "properties": {
        "内容": "バス停: 内新田",
        "name": "内新田",
        "operator": "事業者不明",
        "ref": "",
        "url": "",
        "url2": ""
      }
    },
    {
      "type": "Feature",
      "geometry": {
        "type": "Point",
        "coordinates": [
          136.8757968,
          34.3040453
        ]
      },
      "properties": {
        "内容": "バス停: 島茶屋前",
        "name": "島茶屋前",
        "operator": "事業者不明",
        "ref": "",
        "url": "",
        "url2": ""
      }
    },
    {
      "type": "Feature",
      "geometry": {
        "type": "Point",
        "coordinates": [
          136.8728296,
          34.3065933
        ]
      },
      "properties": {
        "内容": "バス停: 甲賀西",
        "name": "甲賀西",
        "operator": "事業者不明",
        "ref": "",
        "url": "",
        "url2": ""
      }
    },
    {
      "type": "Feature",
      "geometry": {
        "type": "Point",
        "coordinates": [
          136.8650365,
          34.3121376
        ]
      },
      "properties": {
        "内容": "バス停: 甲賀口",
        "name": "甲賀口",
        "operator": "事業者不明",
        "ref": "",
        "url": "",
        "url2": ""
      }
    },
    {
      "type": "Feature",
      "geometry": {
        "type": "Point",
        "coordinates": [
          136.859031,
          34.3147994
        ]
      },
      "properties": {
        "内容": "バス停: 立神口",
        "name": "立神口",
        "operator": "事業者不明",
        "ref": "",
        "url": "",
        "url2": ""
      }
    },
    {
      "type": "Feature",
      "geometry": {
        "type": "Point",
        "coordinates": [
          136.8577436,
          34.3156651
        ]
      },
      "properties": {
        "内容": "バス停: 立神口",
        "name": "立神口",
        "operator": "事業者不明",
        "ref": "",
        "url": "",
        "url2": ""
      }
    },
    {
      "type": "Feature",
      "geometry": {
        "type": "Point",
        "coordinates": [
          136.8920631,
          34.2884212
        ]
      },
      "properties": {
        "内容": "バス停: 名田",
        "name": "名田",
        "operator": "事業者不明",
        "ref": "",
        "url": "",
        "url2": ""
      }
    },
    {
      "type": "Feature",
      "geometry": {
        "type": "Point",
        "coordinates": [
          136.8909654,
          34.2917663
        ]
      },
      "properties": {
        "内容": "バス停: 名田会神",
        "name": "名田会神",
        "operator": "事業者不明",
        "ref": "",
        "url": "",
        "url2": ""
      }
    },
    {
      "type": "Feature",
      "geometry": {
        "type": "Point",
        "coordinates": [
          136.8833566,
          34.2964691
        ]
      },
      "properties": {
        "内容": "バス停: 畔名丸岡",
        "name": "畔名丸岡",
        "operator": "事業者不明",
        "ref": "",
        "url": "",
        "url2": ""
      }
    },
    {
      "type": "Feature",
      "geometry": {
        "type": "Point",
        "coordinates": [
          136.8669928,
          34.2716206
        ]
      },
      "properties": {
        "内容": "バス停: 船越浜",
        "name": "船越浜",
        "operator": "事業者不明",
        "ref": "",
        "url": "",
        "url2": ""
      }
    },
    {
      "type": "Feature",
      "geometry": {
        "type": "Point",
        "coordinates": [
          136.8684811,
          34.2722662
        ]
      },
      "properties": {
        "内容": "バス停: 船越浜",
        "name": "船越浜",
        "operator": "事業者不明",
        "ref": "",
        "url": "",
        "url2": ""
      }
    },
    {
      "type": "Feature",
      "geometry": {
        "type": "Point",
        "coordinates": [
          136.8783771,
          34.2785375
        ]
      },
      "properties": {
        "内容": "バス停: 志摩市民病院",
        "name": "志摩市民病院",
        "operator": "事業者不明",
        "ref": "",
        "url": "",
        "url2": ""
      }
    },
    {
      "type": "Feature",
      "geometry": {
        "type": "Point",
        "coordinates": [
          136.8844879,
          34.2808793
        ]
      },
      "properties": {
        "内容": "バス停: 大王支所前",
        "name": "大王支所前",
        "operator": "事業者不明",
        "ref": "",
        "url": "",
        "url2": ""
      }
    },
    {
      "type": "Feature",
      "geometry": {
        "type": "Point",
        "coordinates": [
          136.8889886,
          34.2809117
        ]
      },
      "properties": {
        "内容": "バス停: 大王小坂",
        "name": "大王小坂",
        "operator": "事業者不明",
        "ref": "",
        "url": "",
        "url2": ""
      }
    },
    {
      "type": "Feature",
      "geometry": {
        "type": "Point",
        "coordinates": [
          136.8892082,
          34.2806945
        ]
      },
      "properties": {
        "内容": "バス停: 大王小坂",
        "name": "大王小坂",
        "operator": "事業者不明",
        "ref": "",
        "url": "",
        "url2": ""
      }
    },
    {
      "type": "Feature",
      "geometry": {
        "type": "Point",
        "coordinates": [
          136.8926438,
          34.2782006
        ]
      },
      "properties": {
        "内容": "バス停: 大王小学校前",
        "name": "大王小学校前",
        "operator": "事業者不明",
        "ref": "",
        "url": "",
        "url2": ""
      }
    },
    {
      "type": "Feature",
      "geometry": {
        "type": "Point",
        "coordinates": [
          136.8958256,
          34.2786943
        ]
      },
      "properties": {
        "内容": "バス停: 波切",
        "name": "波切",
        "operator": "事業者不明",
        "ref": "",
        "url": "",
        "url2": ""
      }
    },
    {
      "type": "Feature",
      "geometry": {
        "type": "Point",
        "coordinates": [
          136.8959999,
          34.2786162
        ]
      },
      "properties": {
        "内容": "バス停: 波切",
        "name": "波切",
        "operator": "事業者不明",
        "ref": "",
        "url": "",
        "url2": ""
      }
    },
    {
      "type": "Feature",
      "geometry": {
        "type": "Point",
        "coordinates": [
          136.8975851,
          34.2789196
        ]
      },
      "properties": {
        "内容": "バス停: 大王崎灯台",
        "name": "大王崎灯台",
        "operator": "事業者不明",
        "ref": "",
        "url": "",
        "url2": ""
      }
    },
    {
      "type": "Feature",
      "geometry": {
        "type": "Point",
        "coordinates": [
          136.8976783,
          34.2788783
        ]
      },
      "properties": {
        "内容": "バス停: 大王崎灯台",
        "name": "大王崎灯台",
        "operator": "事業者不明",
        "ref": "",
        "url": "",
        "url2": ""
      }
    },
    {
      "type": "Feature",
      "geometry": {
        "type": "Point",
        "coordinates": [
          136.8976897,
          34.2804003
        ]
      },
      "properties": {
        "内容": "バス停: 波切魚市場",
        "name": "波切魚市場",
        "operator": "事業者不明",
        "ref": "",
        "url": "",
        "url2": ""
      }
    },
    {
      "type": "Feature",
      "geometry": {
        "type": "Point",
        "coordinates": [
          136.8930387,
          34.2845735
        ]
      },
      "properties": {
        "内容": "バス停: 田神",
        "name": "田神",
        "operator": "事業者不明",
        "ref": "",
        "url": "",
        "url2": ""
      }
    },
    {
      "type": "Feature",
      "geometry": {
        "type": "Point",
        "coordinates": [
          136.8884374,
          34.2849353
        ]
      },
      "properties": {
        "内容": "バス停: 丸田",
        "name": "丸田",
        "operator": "事業者不明",
        "ref": "",
        "url": "",
        "url2": ""
      }
    },
    {
      "type": "Feature",
      "geometry": {
        "type": "Point",
        "coordinates": [
          136.7687237,
          34.2770631
        ]
      },
      "properties": {
        "内容": "バス停: 御座",
        "name": "御座",
        "operator": "事業者不明",
        "ref": "",
        "url": "",
        "url2": ""
      }
    },
    {
      "type": "Feature",
      "geometry": {
        "type": "Point",
        "coordinates": [
          136.7682114,
          34.2771055
        ]
      },
      "properties": {
        "内容": "バス停: 御座",
        "name": "御座",
        "operator": "事業者不明",
        "ref": "",
        "url": "",
        "url2": ""
      }
    },
    {
      "type": "Feature",
      "geometry": {
        "type": "Point",
        "coordinates": [
          136.7653602,
          34.273846
        ]
      },
      "properties": {
        "内容": "バス停: 御座白浜",
        "name": "御座白浜",
        "operator": "事業者不明",
        "ref": "",
        "url": "",
        "url2": ""
      }
    },
    {
      "type": "Feature",
      "geometry": {
        "type": "Point",
        "coordinates": [
          136.764622,
          34.2737368
        ]
      },
      "properties": {
        "内容": "バス停: 御座白浜",
        "name": "御座白浜",
        "operator": "事業者不明",
        "ref": "",
        "url": "",
        "url2": ""
      }
    },
    {
      "type": "Feature",
      "geometry": {
        "type": "Point",
        "coordinates": [
          136.7879739,
          34.2595004
        ]
      },
      "properties": {
        "内容": "バス停: 越賀西",
        "name": "越賀西",
        "operator": "事業者不明",
        "ref": "",
        "url": "",
        "url2": ""
      }
    },
    {
      "type": "Feature",
      "geometry": {
        "type": "Point",
        "coordinates": [
          136.7893814,
          34.2591645
        ]
      },
      "properties": {
        "内容": "バス停: 越賀集会場前",
        "name": "越賀集会場前",
        "operator": "事業者不明",
        "ref": "",
        "url": "",
        "url2": ""
      }
    },
    {
      "type": "Feature",
      "geometry": {
        "type": "Point",
        "coordinates": [
          136.7926919,
          34.2572791
        ]
      },
      "properties": {
        "内容": "バス停: 越賀",
        "name": "越賀",
        "operator": "事業者不明",
        "ref": "",
        "url": "",
        "url2": ""
      }
    },
    {
      "type": "Feature",
      "geometry": {
        "type": "Point",
        "coordinates": [
          136.7964202,
          34.2569859
        ]
      },
      "properties": {
        "内容": "バス停: 越賀神社前",
        "name": "越賀神社前",
        "operator": "事業者不明",
        "ref": "",
        "url": "",
        "url2": ""
      }
    },
    {
      "type": "Feature",
      "geometry": {
        "type": "Point",
        "coordinates": [
          136.8061281,
          34.2563341
        ]
      },
      "properties": {
        "内容": "バス停: 和具",
        "name": "和具",
        "operator": "事業者不明",
        "ref": "",
        "url": "",
        "url2": ""
      }
    },
    {
      "type": "Feature",
      "geometry": {
        "type": "Point",
        "coordinates": [
          136.8109886,
          34.2573799
        ]
      },
      "properties": {
        "内容": "バス停: 和具学校前",
        "name": "和具学校前",
        "operator": "事業者不明",
        "ref": "",
        "url": "",
        "url2": ""
      }
    },
    {
      "type": "Feature",
      "geometry": {
        "type": "Point",
        "coordinates": [
          136.825138,
          34.2552245
        ]
      },
      "properties": {
        "内容": "バス停: 布施田西口",
        "name": "布施田西口",
        "operator": "事業者不明",
        "ref": "",
        "url": "",
        "url2": ""
      }
    },
    {
      "type": "Feature",
      "geometry": {
        "type": "Point",
        "coordinates": [
          136.8244727,
          34.2556175
        ]
      },
      "properties": {
        "内容": "バス停: 布施田西口",
        "name": "布施田西口",
        "operator": "事業者不明",
        "ref": "",
        "url": "",
        "url2": ""
      }
    },
    {
      "type": "Feature",
      "geometry": {
        "type": "Point",
        "coordinates": [
          136.8283077,
          34.2552146
        ]
      },
      "properties": {
        "内容": "バス停: 布施田",
        "name": "布施田",
        "operator": "事業者不明",
        "ref": "",
        "url": "",
        "url2": ""
      }
    },
    {
      "type": "Feature",
      "geometry": {
        "type": "Point",
        "coordinates": [
          136.8323424,
          34.2551816
        ]
      },
      "properties": {
        "内容": "バス停: 布施田東",
        "name": "布施田東",
        "operator": "事業者不明",
        "ref": "",
        "url": "",
        "url2": ""
      }
    },
    {
      "type": "Feature",
      "geometry": {
        "type": "Point",
        "coordinates": [
          136.8377276,
          34.2543777
        ]
      },
      "properties": {
        "内容": "バス停: 片田椿山",
        "name": "片田椿山",
        "operator": "事業者不明",
        "ref": "",
        "url": "",
        "url2": ""
      }
    },
    {
      "type": "Feature",
      "geometry": {
        "type": "Point",
        "coordinates": [
          136.8454359,
          34.2533348
        ]
      },
      "properties": {
        "内容": "バス停: 片田",
        "name": "片田",
        "operator": "事業者不明",
        "ref": "",
        "url": "",
        "url2": ""
      }
    },
    {
      "type": "Feature",
      "geometry": {
        "type": "Point",
        "coordinates": [
          136.8478137,
          34.2568471
        ]
      },
      "properties": {
        "内容": "バス停: 片田新開",
        "name": "片田新開",
        "operator": "事業者不明",
        "ref": "",
        "url": "",
        "url2": ""
      }
    },
    {
      "type": "Feature",
      "geometry": {
        "type": "Point",
        "coordinates": [
          136.8476558,
          34.256836
        ]
      },
      "properties": {
        "内容": "バス停: 片田新開",
        "name": "片田新開",
        "operator": "事業者不明",
        "ref": "",
        "url": "",
        "url2": ""
      }
    },
    {
      "type": "Feature",
      "geometry": {
        "type": "Point",
        "coordinates": [
          136.8513217,
          34.2610804
        ]
      },
      "properties": {
        "内容": "バス停: 片田稲荷前",
        "name": "片田稲荷前",
        "operator": "事業者不明",
        "ref": "",
        "url": "",
        "url2": ""
      }
    },
    {
      "type": "Feature",
      "geometry": {
        "type": "Point",
        "coordinates": [
          136.8515245,
          34.2613123
        ]
      },
      "properties": {
        "内容": "バス停: 片田稲荷前",
        "name": "片田稲荷前",
        "operator": "事業者不明",
        "ref": "",
        "url": "",
        "url2": ""
      }
    },
    {
      "type": "Feature",
      "geometry": {
        "type": "Point",
        "coordinates": [
          136.857079,
          34.2633576
        ]
      },
      "properties": {
        "内容": "バス停: 片田東",
        "name": "片田東",
        "operator": "事業者不明",
        "ref": "",
        "url": "",
        "url2": ""
      }
    },
    {
      "type": "Feature",
      "geometry": {
        "type": "Point",
        "coordinates": [
          136.8615644,
          34.2636746
        ]
      },
      "properties": {
        "内容": "バス停: 深谷水道",
        "name": "深谷水道",
        "operator": "事業者不明",
        "ref": "",
        "url": "",
        "url2": ""
      }
    },
    {
      "type": "Feature",
      "geometry": {
        "type": "Point",
        "coordinates": [
          136.8643726,
          34.2677787
        ]
      },
      "properties": {
        "内容": "バス停: 船越新田",
        "name": "船越新田",
        "operator": "事業者不明",
        "ref": "",
        "url": "",
        "url2": ""
      }
    },
    {
      "type": "Feature",
      "geometry": {
        "type": "Point",
        "coordinates": [
          136.8642617,
          34.2678549
        ]
      },
      "properties": {
        "内容": "バス停: 船越新田",
        "name": "船越新田",
        "operator": "事業者不明",
        "ref": "",
        "url": "",
        "url2": ""
      }
    },
    {
      "type": "Feature",
      "geometry": {
        "type": "Point",
        "coordinates": [
          136.8638037,
          34.2714671
        ]
      },
      "properties": {
        "内容": "バス停: 船越",
        "name": "船越",
        "operator": "事業者不明",
        "ref": "",
        "url": "",
        "url2": ""
      }
    },
    {
      "type": "Feature",
      "geometry": {
        "type": "Point",
        "coordinates": [
          136.7699046,
          34.2778222
        ]
      },
      "properties": {
        "内容": "バス停: 御座港",
        "name": "御座港",
        "operator": "事業者不明",
        "ref": "",
        "url": "",
        "url2": ""
      }
    },
    {
      "type": "Feature",
      "geometry": {
        "type": "Point",
        "coordinates": [
          136.7815749,
          34.2615088
        ]
      },
      "properties": {
        "内容": "バス停: あづり浜",
        "name": "あづり浜",
        "operator": "事業者不明",
        "ref": "",
        "url": "",
        "url2": ""
      }
    },
    {
      "type": "Feature",
      "geometry": {
        "type": "Point",
        "coordinates": [
          136.8008516,
          34.2566162
        ]
      },
      "properties": {
        "内容": "バス停: 志摩高岡",
        "name": "志摩高岡",
        "operator": "事業者不明",
        "ref": "",
        "url": "",
        "url2": ""
      }
    },
    {
      "type": "Feature",
      "geometry": {
        "type": "Point",
        "coordinates": [
          136.8065957,
          34.2562447
        ]
      },
      "properties": {
        "内容": "バス停: 和具",
        "name": "和具",
        "operator": "事業者不明",
        "ref": "",
        "url": "",
        "url2": ""
      }
    },
    {
      "type": "Feature",
      "geometry": {
        "type": "Point",
        "coordinates": [
          136.8106612,
          34.2572062
        ]
      },
      "properties": {
        "内容": "バス停: 和具学校前",
        "name": "和具学校前",
        "operator": "事業者不明",
        "ref": "",
        "url": "",
        "url2": ""
      }
    },
    {
      "type": "Feature",
      "geometry": {
        "type": "Point",
        "coordinates": [
          136.8136997,
          34.2581991
        ]
      },
      "properties": {
        "内容": "バス停: 志摩支所前",
        "name": "志摩支所前",
        "operator": "事業者不明",
        "ref": "",
        "url": "",
        "url2": ""
      }
    },
    {
      "type": "Feature",
      "geometry": {
        "type": "Point",
        "coordinates": [
          136.8144366,
          34.2583964
        ]
      },
      "properties": {
        "内容": "バス停: 志摩支所前",
        "name": "志摩支所前",
        "operator": "事業者不明",
        "ref": "",
        "url": "",
        "url2": ""
      }
    },
    {
      "type": "Feature",
      "geometry": {
        "type": "Point",
        "coordinates": [
          136.818469,
          34.2578117
        ]
      },
      "properties": {
        "内容": "バス停: 和具東",
        "name": "和具東",
        "operator": "事業者不明",
        "ref": "",
        "url": "",
        "url2": ""
      }
    },
    {
      "type": "Feature",
      "geometry": {
        "type": "Point",
        "coordinates": [
          136.8184314,
          34.2577432
        ]
      },
      "properties": {
        "内容": "バス停: 和具東",
        "name": "和具東",
        "operator": "事業者不明",
        "ref": "",
        "url": "",
        "url2": ""
      }
    },
    {
      "type": "Feature",
      "geometry": {
        "type": "Point",
        "coordinates": [
          136.8283137,
          34.2551281
        ]
      },
      "properties": {
        "内容": "バス停: 布施田",
        "name": "布施田",
        "operator": "事業者不明",
        "ref": "",
        "url": "",
        "url2": ""
      }
    },
    {
      "type": "Feature",
      "geometry": {
        "type": "Point",
        "coordinates": [
          136.8323394,
          34.2550549
        ]
      },
      "properties": {
        "内容": "バス停: 布施田東",
        "name": "布施田東",
        "operator": "事業者不明",
        "ref": "",
        "url": "",
        "url2": ""
      }
    },
    {
      "type": "Feature",
      "geometry": {
        "type": "Point",
        "coordinates": [
          136.8390144,
          34.2543696
        ]
      },
      "properties": {
        "内容": "バス停: 片田椿山",
        "name": "片田椿山",
        "operator": "事業者不明",
        "ref": "",
        "url": "",
        "url2": ""
      }
    },
    {
      "type": "Feature",
      "geometry": {
        "type": "Point",
        "coordinates": [
          136.8454778,
          34.2531729
        ]
      },
      "properties": {
        "内容": "バス停: 片田",
        "name": "片田",
        "operator": "事業者不明",
        "ref": "",
        "url": "",
        "url2": ""
      }
    },
    {
      "type": "Feature",
      "geometry": {
        "type": "Point",
        "coordinates": [
          136.8632682,
          34.264743
        ]
      },
      "properties": {
        "内容": "バス停: 深谷",
        "name": "深谷",
        "operator": "事業者不明",
        "ref": "",
        "url": "",
        "url2": ""
      }
    },
    {
      "type": "Feature",
      "geometry": {
        "type": "Point",
        "coordinates": [
          136.8847259,
          34.3176581
        ]
      },
      "properties": {
        "内容": "バス停: 甲賀",
        "name": "甲賀",
        "operator": "事業者不明",
        "ref": "",
        "url": "",
        "url2": ""
      }
    },
    {
      "type": "Feature",
      "geometry": {
        "type": "Point",
        "coordinates": [
          136.8829657,
          34.3064263
        ]
      },
      "properties": {
        "内容": "バス停: 大口",
        "name": "大口",
        "operator": "事業者不明",
        "ref": "",
        "url": "",
        "url2": ""
      }
    },
    {
      "type": "Feature",
      "geometry": {
        "type": "Point",
        "coordinates": [
          136.883525,
          34.3074169
        ]
      },
      "properties": {
        "内容": "バス停: 大口",
        "name": "大口",
        "operator": "事業者不明",
        "ref": "",
        "url": "",
        "url2": ""
      }
    },
    {
      "type": "Feature",
      "geometry": {
        "type": "Point",
        "coordinates": [
          136.8857096,
          34.3089562
        ]
      },
      "properties": {
        "内容": "バス停: 志島農協前",
        "name": "志島農協前",
        "operator": "事業者不明",
        "ref": "",
        "url": "",
        "url2": ""
      }
    },
    {
      "type": "Feature",
      "geometry": {
        "type": "Point",
        "coordinates": [
          136.8881806,
          34.3112343
        ]
      },
      "properties": {
        "内容": "バス停: 志島",
        "name": "志島",
        "operator": "事業者不明",
        "ref": "",
        "url": "",
        "url2": ""
      }
    },
    {
      "type": "Feature",
      "geometry": {
        "type": "Point",
        "coordinates": [
          136.8002833,
          34.2562449
        ]
      },
      "properties": {
        "内容": "バス停: 志摩高岡",
        "name": "志摩高岡",
        "operator": "事業者不明",
        "ref": "",
        "url": "",
        "url2": ""
      }
    },
    {
      "type": "Feature",
      "geometry": {
        "type": "Point",
        "coordinates": [
          136.8570868,
          34.2632731
        ]
      },
      "properties": {
        "内容": "バス停: 片田東",
        "name": "片田東",
        "operator": "事業者不明",
        "ref": "",
        "url": "",
        "url2": ""
      }
    },
    {
      "type": "Feature",
      "geometry": {
        "type": "Point",
        "coordinates": [
          136.8617977,
          34.2638126
        ]
      },
      "properties": {
        "内容": "バス停: 深谷水道",
        "name": "深谷水道",
        "operator": "事業者不明",
        "ref": "",
        "url": "",
        "url2": ""
      }
    },
    {
      "type": "Feature",
      "geometry": {
        "type": "Point",
        "coordinates": [
          136.8845234,
          34.2808131
        ]
      },
      "properties": {
        "内容": "バス停: 大王支所前",
        "name": "大王支所前",
        "operator": "事業者不明",
        "ref": "",
        "url": "",
        "url2": ""
      }
    },
    {
      "type": "Feature",
      "geometry": {
        "type": "Point",
        "coordinates": [
          136.8927119,
          34.2781153
        ]
      },
      "properties": {
        "内容": "バス停: 大王小学校前",
        "name": "大王小学校前",
        "operator": "事業者不明",
        "ref": "",
        "url": "",
        "url2": ""
      }
    },
    {
      "type": "Feature",
      "geometry": {
        "type": "Point",
        "coordinates": [
          136.6923644,
          34.294159
        ]
      },
      "properties": {
        "内容": "バス停: 田曽",
        "name": "田曽",
        "operator": "事業者不明",
        "ref": "",
        "url": "",
        "url2": ""
      }
    },
    {
      "type": "Feature",
      "geometry": {
        "type": "Point",
        "coordinates": [
          136.6912977,
          34.2988793
        ]
      },
      "properties": {
        "内容": "バス停: 宿浦桟橋",
        "name": "宿浦桟橋",
        "operator": "事業者不明",
        "ref": "",
        "url": "",
        "url2": ""
      }
    },
    {
      "type": "Feature",
      "geometry": {
        "type": "Point",
        "coordinates": [
          136.6914057,
          34.2988921
        ]
      },
      "properties": {
        "内容": "バス停: 宿浦桟橋",
        "name": "宿浦桟橋",
        "operator": "事業者不明",
        "ref": "",
        "url": "",
        "url2": ""
      }
    },
    {
      "type": "Feature",
      "geometry": {
        "type": "Point",
        "coordinates": [
          136.6904803,
          34.3003506
        ]
      },
      "properties": {
        "内容": "バス停: 宿浦漁協前",
        "name": "宿浦漁協前",
        "operator": "事業者不明",
        "ref": "",
        "url": "",
        "url2": ""
      }
    },
    {
      "type": "Feature",
      "geometry": {
        "type": "Point",
        "coordinates": [
          136.6909273,
          34.3001036
        ]
      },
      "properties": {
        "内容": "バス停: 宿浦漁協前",
        "name": "宿浦漁協前",
        "operator": "事業者不明",
        "ref": "",
        "url": "",
        "url2": ""
      }
    },
    {
      "type": "Feature",
      "geometry": {
        "type": "Point",
        "coordinates": [
          136.6896777,
          34.3023093
        ]
      },
      "properties": {
        "内容": "バス停: 船着場",
        "name": "船着場",
        "operator": "事業者不明",
        "ref": "",
        "url": "",
        "url2": ""
      }
    },
    {
      "type": "Feature",
      "geometry": {
        "type": "Point",
        "coordinates": [
          136.6900941,
          34.303842
        ]
      },
      "properties": {
        "内容": "バス停: 宿浦",
        "name": "宿浦",
        "operator": "事業者不明",
        "ref": "",
        "url": "",
        "url2": ""
      }
    },
    {
      "type": "Feature",
      "geometry": {
        "type": "Point",
        "coordinates": [
          136.7196232,
          34.3051337
        ]
      },
      "properties": {
        "内容": "バス停: 南張",
        "name": "南張",
        "operator": "事業者不明",
        "ref": "",
        "url": "",
        "url2": ""
      }
    },
    {
      "type": "Feature",
      "geometry": {
        "type": "Point",
        "coordinates": [
          136.7100605,
          34.3004664
        ]
      },
      "properties": {
        "内容": "バス停: 田曽白浜",
        "name": "田曽白浜",
        "operator": "事業者不明",
        "ref": "",
        "url": "",
        "url2": ""
      }
    },
    {
      "type": "Feature",
      "geometry": {
        "type": "Point",
        "coordinates": [
          136.7099726,
          34.3005074
        ]
      },
      "properties": {
        "内容": "バス停: 田曽白浜",
        "name": "田曽白浜",
        "operator": "事業者不明",
        "ref": "",
        "url": "",
        "url2": ""
      }
    },
    {
      "type": "Feature",
      "geometry": {
        "type": "Point",
        "coordinates": [
          136.6971902,
          34.2940579
        ]
      },
      "properties": {
        "内容": "バス停: 田曽口",
        "name": "田曽口",
        "operator": "事業者不明",
        "ref": "",
        "url": "",
        "url2": ""
      }
    },
    {
      "type": "Feature",
      "geometry": {
        "type": "Point",
        "coordinates": [
          136.7525006,
          34.3018267
        ]
      },
      "properties": {
        "内容": "バス停: 大江戸温泉物語前",
        "name": "大江戸温泉物語前",
        "operator": "事業者不明",
        "ref": "",
        "url": "",
        "url2": ""
      }
    },
    {
      "type": "Feature",
      "geometry": {
        "type": "Point",
        "coordinates": [
          136.7537089,
          34.3012869
        ]
      },
      "properties": {
        "内容": "バス停: 大江戸温泉物語前",
        "name": "大江戸温泉物語前",
        "operator": "事業者不明",
        "ref": "",
        "url": "",
        "url2": ""
      }
    },
    {
      "type": "Feature",
      "geometry": {
        "type": "Point",
        "coordinates": [
          136.7517131,
          34.2989485
        ]
      },
      "properties": {
        "内容": "バス停: 朝日山",
        "name": "朝日山",
        "operator": "事業者不明",
        "ref": "",
        "url": "",
        "url2": ""
      }
    },
    {
      "type": "Feature",
      "geometry": {
        "type": "Point",
        "coordinates": [
          136.7513707,
          34.2988608
        ]
      },
      "properties": {
        "内容": "バス停: 朝日山",
        "name": "朝日山",
        "operator": "事業者不明",
        "ref": "",
        "url": "",
        "url2": ""
      }
    },
    {
      "type": "Feature",
      "geometry": {
        "type": "Point",
        "coordinates": [
          136.7502745,
          34.2963935
        ]
      },
      "properties": {
        "内容": "バス停: 浜島",
        "name": "浜島",
        "operator": "事業者不明",
        "ref": "",
        "url": "",
        "url2": ""
      }
    },
    {
      "type": "Feature",
      "geometry": {
        "type": "Point",
        "coordinates": [
          136.7452558,
          34.2983248
        ]
      },
      "properties": {
        "内容": "バス停: 平野",
        "name": "平野",
        "operator": "事業者不明",
        "ref": "",
        "url": "",
        "url2": ""
      }
    },
    {
      "type": "Feature",
      "geometry": {
        "type": "Point",
        "coordinates": [
          136.7450785,
          34.2983595
        ]
      },
      "properties": {
        "内容": "バス停: 平野",
        "name": "平野",
        "operator": "事業者不明",
        "ref": "",
        "url": "",
        "url2": ""
      }
    },
    {
      "type": "Feature",
      "geometry": {
        "type": "Point",
        "coordinates": [
          136.7405693,
          34.3010797
        ]
      },
      "properties": {
        "内容": "バス停: 塩鹿浜",
        "name": "塩鹿浜",
        "operator": "事業者不明",
        "ref": "",
        "url": "",
        "url2": ""
      }
    },
    {
      "type": "Feature",
      "geometry": {
        "type": "Point",
        "coordinates": [
          136.7403751,
          34.3010691
        ]
      },
      "properties": {
        "内容": "バス停: 塩鹿浜",
        "name": "塩鹿浜",
        "operator": "事業者不明",
        "ref": "",
        "url": "",
        "url2": ""
      }
    },
    {
      "type": "Feature",
      "geometry": {
        "type": "Point",
        "coordinates": [
          136.7354702,
          34.3034161
        ]
      },
      "properties": {
        "内容": "バス停: 磯笛峠",
        "name": "磯笛峠",
        "operator": "事業者不明",
        "ref": "",
        "url": "",
        "url2": ""
      }
    },
    {
      "type": "Feature",
      "geometry": {
        "type": "Point",
        "coordinates": [
          136.7245809,
          34.3066538
        ]
      },
      "properties": {
        "内容": "バス停: 南張口",
        "name": "南張口",
        "operator": "事業者不明",
        "ref": "",
        "url": "",
        "url2": ""
      }
    },
    {
      "type": "Feature",
      "geometry": {
        "type": "Point",
        "coordinates": [
          136.7650223,
          34.3148033
        ]
      },
      "properties": {
        "内容": "バス停: 塩屋",
        "name": "塩屋",
        "operator": "事業者不明",
        "ref": "",
        "url": "",
        "url2": ""
      }
    },
    {
      "type": "Feature",
      "geometry": {
        "type": "Point",
        "coordinates": [
          136.7584307,
          34.3164095
        ]
      },
      "properties": {
        "内容": "バス停: 桧山路",
        "name": "桧山路",
        "operator": "事業者不明",
        "ref": "",
        "url": "",
        "url2": ""
      }
    },
    {
      "type": "Feature",
      "geometry": {
        "type": "Point",
        "coordinates": [
          136.7582805,
          34.3159542
        ]
      },
      "properties": {
        "内容": "バス停: 桧山路",
        "name": "桧山路",
        "operator": "事業者不明",
        "ref": "",
        "url": "",
        "url2": ""
      }
    },
    {
      "type": "Feature",
      "geometry": {
        "type": "Point",
        "coordinates": [
          136.760653,
          34.3120221
        ]
      },
      "properties": {
        "内容": "バス停: ジャンボ前",
        "name": "ジャンボ前",
        "operator": "事業者不明",
        "ref": "",
        "url": "",
        "url2": ""
      }
    },
    {
      "type": "Feature",
      "geometry": {
        "type": "Point",
        "coordinates": [
          136.75945,
          34.3122478
        ]
      },
      "properties": {
        "内容": "バス停: ジャンボ前",
        "name": "ジャンボ前",
        "operator": "事業者不明",
        "ref": "",
        "url": "",
        "url2": ""
      }
    },
    {
      "type": "Feature",
      "geometry": {
        "type": "Point",
        "coordinates": [
          136.7575551,
          34.3070544
        ]
      },
      "properties": {
        "内容": "バス停: 浜島中学校前",
        "name": "浜島中学校前",
        "operator": "事業者不明",
        "ref": "",
        "url": "",
        "url2": ""
      }
    },
    {
      "type": "Feature",
      "geometry": {
        "type": "Point",
        "coordinates": [
          136.757488,
          34.3068957
        ]
      },
      "properties": {
        "内容": "バス停: 浜島中学校前",
        "name": "浜島中学校前",
        "operator": "事業者不明",
        "ref": "",
        "url": "",
        "url2": ""
      }
    },
    {
      "type": "Feature",
      "geometry": {
        "type": "Point",
        "coordinates": [
          136.7544094,
          34.3036119
        ]
      },
      "properties": {
        "内容": "バス停: 鴻住",
        "name": "鴻住",
        "operator": "事業者不明",
        "ref": "",
        "url": "",
        "url2": ""
      }
    },
    {
      "type": "Feature",
      "geometry": {
        "type": "Point",
        "coordinates": [
          136.7544564,
          34.3035246
        ]
      },
      "properties": {
        "内容": "バス停: 鴻住",
        "name": "鴻住",
        "operator": "事業者不明",
        "ref": "",
        "url": "",
        "url2": ""
      }
    },
    {
      "type": "Feature",
      "geometry": {
        "type": "Point",
        "coordinates": [
          136.6923126,
          34.2942386
        ]
      },
      "properties": {
        "内容": "バス停: 田曽",
        "name": "田曽",
        "operator": "事業者不明",
        "ref": "",
        "url": "",
        "url2": ""
      }
    },
    {
      "type": "Feature",
      "geometry": {
        "type": "Point",
        "coordinates": [
          136.8024787,
          34.3712294
        ]
      },
      "properties": {
        "内容": "バス停: 磯部バスセンター",
        "name": "磯部バスセンター",
        "operator": "事業者不明",
        "ref": "",
        "url": "",
        "url2": ""
      }
    },
    {
      "type": "Feature",
      "geometry": {
        "type": "Point",
        "coordinates": [
          136.8106755,
          34.3644936
        ]
      },
      "properties": {
        "内容": "バス停: 穴川",
        "name": "穴川",
        "operator": "事業者不明",
        "ref": "",
        "url": "",
        "url2": ""
      }
    },
    {
      "type": "Feature",
      "geometry": {
        "type": "Point",
        "coordinates": [
          136.8106835,
          34.3641607
        ]
      },
      "properties": {
        "内容": "バス停: 穴川",
        "name": "穴川",
        "operator": "事業者不明",
        "ref": "",
        "url": "",
        "url2": ""
      }
    },
    {
      "type": "Feature",
      "geometry": {
        "type": "Point",
        "coordinates": [
          136.813408,
          34.3590383
        ]
      },
      "properties": {
        "内容": "バス停: 穴川駅口",
        "name": "穴川駅口",
        "operator": "事業者不明",
        "ref": "",
        "url": "",
        "url2": ""
      }
    },
    {
      "type": "Feature",
      "geometry": {
        "type": "Point",
        "coordinates": [
          136.8135126,
          34.3600862
        ]
      },
      "properties": {
        "内容": "バス停: 穴川駅口",
        "name": "穴川駅口",
        "operator": "事業者不明",
        "ref": "",
        "url": "",
        "url2": ""
      }
    },
    {
      "type": "Feature",
      "geometry": {
        "type": "Point",
        "coordinates": [
          136.8125705,
          34.3492631
        ]
      },
      "properties": {
        "内容": "バス停: 浅野",
        "name": "浅野",
        "operator": "事業者不明",
        "ref": "",
        "url": "",
        "url2": ""
      }
    },
    {
      "type": "Feature",
      "geometry": {
        "type": "Point",
        "coordinates": [
          136.812695,
          34.3490382
        ]
      },
      "properties": {
        "内容": "バス停: 浅野",
        "name": "浅野",
        "operator": "事業者不明",
        "ref": "",
        "url": "",
        "url2": ""
      }
    },
    {
      "type": "Feature",
      "geometry": {
        "type": "Point",
        "coordinates": [
          136.8138519,
          34.345324
        ]
      },
      "properties": {
        "内容": "バス停: 山口丘",
        "name": "山口丘",
        "operator": "事業者不明",
        "ref": "",
        "url": "",
        "url2": ""
      }
    },
    {
      "type": "Feature",
      "geometry": {
        "type": "Point",
        "coordinates": [
          136.8148946,
          34.3449691
        ]
      },
      "properties": {
        "内容": "バス停: 山口丘",
        "name": "山口丘",
        "operator": "事業者不明",
        "ref": "",
        "url": "",
        "url2": ""
      }
    },
    {
      "type": "Feature",
      "geometry": {
        "type": "Point",
        "coordinates": [
          136.8175885,
          34.3343177
        ]
      },
      "properties": {
        "内容": "バス停: 横山登山口",
        "name": "横山登山口",
        "operator": "事業者不明",
        "ref": "",
        "url": "",
        "url2": ""
      }
    },
    {
      "type": "Feature",
      "geometry": {
        "type": "Point",
        "coordinates": [
          136.8177612,
          34.3342803
        ]
      },
      "properties": {
        "内容": "バス停: 横山登山口",
        "name": "横山登山口",
        "operator": "事業者不明",
        "ref": "",
        "url": "",
        "url2": ""
      }
    },
    {
      "type": "Feature",
      "geometry": {
        "type": "Point",
        "coordinates": [
          136.8212226,
          34.3292555
        ]
      },
      "properties": {
        "内容": "バス停: 鵜方西口",
        "name": "鵜方西口",
        "operator": "事業者不明",
        "ref": "",
        "url": "",
        "url2": ""
      }
    },
    {
      "type": "Feature",
      "geometry": {
        "type": "Point",
        "coordinates": [
          136.8216846,
          34.3291015
        ]
      },
      "properties": {
        "内容": "バス停: 鵜方西口",
        "name": "鵜方西口",
        "operator": "事業者不明",
        "ref": "",
        "url": "",
        "url2": ""
      }
    },
    {
      "type": "Feature",
      "geometry": {
        "type": "Point",
        "coordinates": [
          136.600826,
          34.9394097
        ]
      },
      "properties": {
        "内容": "バス停: イオンタウン四日市泊",
        "name": "イオンタウン四日市泊",
        "operator": "事業者不明",
        "ref": "",
        "url": "",
        "url2": ""
      }
    },
    {
      "type": "Feature",
      "geometry": {
        "type": "Point",
        "coordinates": [
          136.5750331,
          34.9385421
        ]
      },
      "properties": {
        "内容": "バス停: 聖母の家前 (三重交通)",
        "name": "聖母の家前",
        "operator": "三重交通",
        "ref": "",
        "url": "",
        "url2": ""
      }
    },
    {
      "type": "Feature",
      "geometry": {
        "type": "Point",
        "coordinates": [
          136.5751533,
          34.938584
        ]
      },
      "properties": {
        "内容": "バス停: 聖母の家前 (三重交通)",
        "name": "聖母の家前",
        "operator": "三重交通",
        "ref": "",
        "url": "",
        "url2": ""
      }
    },
    {
      "type": "Feature",
      "geometry": {
        "type": "Point",
        "coordinates": [
          136.5697817,
          34.9364712
        ]
      },
      "properties": {
        "内容": "バス停: 笹川テニス場 (三重交通)",
        "name": "笹川テニス場",
        "operator": "三重交通",
        "ref": "",
        "url": "",
        "url2": ""
      }
    },
    {
      "type": "Feature",
      "geometry": {
        "type": "Point",
        "coordinates": [
          136.5675789,
          34.939737
        ]
      },
      "properties": {
        "内容": "バス停: 笹川ジャブ (三重交通)",
        "name": "笹川ジャブ",
        "operator": "三重交通",
        "ref": "",
        "url": "",
        "url2": ""
      }
    },
    {
      "type": "Feature",
      "geometry": {
        "type": "Point",
        "coordinates": [
          136.6418404,
          35.0137137
        ]
      },
      "properties": {
        "内容": "バス停: あさけプラザ",
        "name": "あさけプラザ",
        "operator": "事業者不明",
        "ref": "",
        "url": "",
        "url2": ""
      }
    },
    {
      "type": "Feature",
      "geometry": {
        "type": "Point",
        "coordinates": [
          136.6491048,
          35.0074099
        ]
      },
      "properties": {
        "内容": "バス停: 川越高校行き",
        "name": "川越高校行き",
        "operator": "事業者不明",
        "ref": "",
        "url": "",
        "url2": ""
      }
    },
    {
      "type": "Feature",
      "geometry": {
        "type": "Point",
        "coordinates": [
          136.6490718,
          35.007392
        ]
      },
      "properties": {
        "内容": "バス停: 近鉄富田駅前",
        "name": "近鉄富田駅前",
        "operator": "事業者不明",
        "ref": "1",
        "url": "",
        "url2": ""
      }
    },
    {
      "type": "Feature",
      "geometry": {
        "type": "Point",
        "coordinates": [
          136.6490102,
          35.0071839
        ]
      },
      "properties": {
        "内容": "バス停: 近鉄富田駅前",
        "name": "近鉄富田駅前",
        "operator": "事業者不明",
        "ref": "2",
        "url": "",
        "url2": ""
      }
    },
    {
      "type": "Feature",
      "geometry": {
        "type": "Point",
        "coordinates": [
          136.0961888,
          34.6218885
        ]
      },
      "properties": {
        "内容": "バス停: 桔梗が丘駅前市役所行き",
        "name": "桔梗が丘駅前市役所行き",
        "operator": "事業者不明",
        "ref": "",
        "url": "",
        "url2": ""
      }
    },
    {
      "type": "Feature",
      "geometry": {
        "type": "Point",
        "coordinates": [
          136.0961877,
          34.6218299
        ]
      },
      "properties": {
        "内容": "バス停: 大和龍口行き",
        "name": "大和龍口行き",
        "operator": "事業者不明",
        "ref": "",
        "url": "",
        "url2": ""
      }
    },
    {
      "type": "Feature",
      "geometry": {
        "type": "Point",
        "coordinates": [
          136.095993,
          34.6212372
        ]
      },
      "properties": {
        "内容": "バス停: 降車場",
        "name": "降車場",
        "operator": "事業者不明",
        "ref": "",
        "url": "",
        "url2": ""
      }
    },
    {
      "type": "Feature",
      "geometry": {
        "type": "Point",
        "coordinates": [
          136.0949108,
          34.6212912
        ]
      },
      "properties": {
        "内容": "バス停: 降車場",
        "name": "降車場",
        "operator": "事業者不明",
        "ref": "",
        "url": "",
        "url2": ""
      }
    },
    {
      "type": "Feature",
      "geometry": {
        "type": "Point",
        "coordinates": [
          136.7997214,
          34.4962943
        ]
      },
      "properties": {
        "内容": "バス停: Matsushita",
        "name": "Matsushita",
        "operator": "事業者不明",
        "ref": "",
        "url": "",
        "url2": ""
      }
    },
    {
      "type": "Feature",
      "geometry": {
        "type": "Point",
        "coordinates": [
          136.8170215,
          34.4814992
        ]
      },
      "properties": {
        "内容": "バス停: Katagami",
        "name": "Katagami",
        "operator": "事業者不明",
        "ref": "",
        "url": "",
        "url2": ""
      }
    },
    {
      "type": "Feature",
      "geometry": {
        "type": "Point",
        "coordinates": [
          136.8103037,
          34.4920951
        ]
      },
      "properties": {
        "内容": "バス停: Ikenoura",
        "name": "Ikenoura",
        "operator": "事業者不明",
        "ref": "",
        "url": "",
        "url2": ""
      }
    },
    {
      "type": "Feature",
      "geometry": {
        "type": "Point",
        "coordinates": [
          136.5816902,
          34.8682095
        ]
      },
      "properties": {
        "内容": "バス停: 安塚",
        "name": "安塚",
        "operator": "事業者不明",
        "ref": "",
        "url": "",
        "url2": ""
      }
    },
    {
      "type": "Feature",
      "geometry": {
        "type": "Point",
        "coordinates": [
          136.6828986,
          35.0674553
        ]
      },
      "properties": {
        "内容": "バス停: 桑名駅西口 (三重交通)",
        "name": "桑名駅西口",
        "operator": "三重交通",
        "ref": "12",
        "url": "",
        "url2": ""
      }
    },
    {
      "type": "Feature",
      "geometry": {
        "type": "Point",
        "coordinates": [
          136.6829786,
          35.0672094
        ]
      },
      "properties": {
        "内容": "バス停: 桑名駅西口 (三重交通)",
        "name": "桑名駅西口",
        "operator": "三重交通",
        "ref": "13",
        "url": "",
        "url2": ""
      }
    },
    {
      "type": "Feature",
      "geometry": {
        "type": "Point",
        "coordinates": [
          136.682647,
          35.0673834
        ]
      },
      "properties": {
        "内容": "バス停: 桑名駅西口",
        "name": "桑名駅西口",
        "operator": "事業者不明",
        "ref": "",
        "url": "",
        "url2": ""
      }
    },
    {
      "type": "Feature",
      "geometry": {
        "type": "Point",
        "coordinates": [
          136.6365479,
          35.0898578
        ]
      },
      "properties": {
        "内容": "バス停: 陽だまりの丘北 (三重交通)",
        "name": "陽だまりの丘北",
        "operator": "三重交通",
        "ref": "",
        "url": "",
        "url2": ""
      }
    },
    {
      "type": "Feature",
      "geometry": {
        "type": "Point",
        "coordinates": [
          136.6366837,
          35.0901121
        ]
      },
      "properties": {
        "内容": "バス停: 陽だまりの丘北 (三重交通)",
        "name": "陽だまりの丘北",
        "operator": "三重交通",
        "ref": "",
        "url": "",
        "url2": ""
      }
    },
    {
      "type": "Feature",
      "geometry": {
        "type": "Point",
        "coordinates": [
          136.6344799,
          35.0928136
        ]
      },
      "properties": {
        "内容": "バス停: 陽だまりの丘（郵政研修所前） (三重交通)",
        "name": "陽だまりの丘（郵政研修所前）",
        "operator": "三重交通",
        "ref": "",
        "url": "",
        "url2": ""
      }
    },
    {
      "type": "Feature",
      "geometry": {
        "type": "Point",
        "coordinates": [
          136.6334595,
          35.0934674
        ]
      },
      "properties": {
        "内容": "バス停: 陽だまりの丘（郵政研修所前） (三重交通)",
        "name": "陽だまりの丘（郵政研修所前）",
        "operator": "三重交通",
        "ref": "",
        "url": "",
        "url2": ""
      }
    },
    {
      "type": "Feature",
      "geometry": {
        "type": "Point",
        "coordinates": [
          136.6388994,
          35.0884899
        ]
      },
      "properties": {
        "内容": "バス停: 陽だまりの丘中央 (三重交通)",
        "name": "陽だまりの丘中央",
        "operator": "三重交通",
        "ref": "",
        "url": "",
        "url2": ""
      }
    },
    {
      "type": "Feature",
      "geometry": {
        "type": "Point",
        "coordinates": [
          136.6181465,
          34.9669336
        ]
      },
      "properties": {
        "内容": "バス停: 近鉄四日市",
        "name": "近鉄四日市",
        "operator": "事業者不明",
        "ref": "",
        "url": "",
        "url2": ""
      }
    },
    {
      "type": "Feature",
      "geometry": {
        "type": "Point",
        "coordinates": [
          136.6181214,
          34.9666891
        ]
      },
      "properties": {
        "内容": "バス停: 近鉄四日市",
        "name": "近鉄四日市",
        "operator": "事業者不明",
        "ref": "",
        "url": "",
        "url2": ""
      }
    },
    {
      "type": "Feature",
      "geometry": {
        "type": "Point",
        "coordinates": [
          136.6212396,
          34.9657912
        ]
      },
      "properties": {
        "内容": "バス停: 近鉄四日市",
        "name": "近鉄四日市",
        "operator": "事業者不明",
        "ref": "",
        "url": "",
        "url2": ""
      }
    },
    {
      "type": "Feature",
      "geometry": {
        "type": "Point",
        "coordinates": [
          136.6179416,
          34.9667902
        ]
      },
      "properties": {
        "内容": "バス停: 近鉄四日市",
        "name": "近鉄四日市",
        "operator": "事業者不明",
        "ref": "",
        "url": "",
        "url2": ""
      }
    },
    {
      "type": "Feature",
      "geometry": {
        "type": "Point",
        "coordinates": [
          136.5103886,
          34.7189282
        ]
      },
      "properties": {
        "内容": "バス停: 三重会館 (三重交通)",
        "name": "三重会館",
        "operator": "三重交通",
        "ref": "",
        "url": "",
        "url2": ""
      }
    },
    {
      "type": "Feature",
      "geometry": {
        "type": "Point",
        "coordinates": [
          136.5110612,
          34.7271543
        ]
      },
      "properties": {
        "内容": "バス停: 塔世橋 (三重交通)",
        "name": "塔世橋",
        "operator": "三重交通",
        "ref": "",
        "url": "",
        "url2": ""
      }
    },
    {
      "type": "Feature",
      "geometry": {
        "type": "Point",
        "coordinates": [
          136.5108421,
          34.7226502
        ]
      },
      "properties": {
        "内容": "バス停: 中町 (三重交通)",
        "name": "中町",
        "operator": "三重交通",
        "ref": "",
        "url": "",
        "url2": ""
      }
    },
    {
      "type": "Feature",
      "geometry": {
        "type": "Point",
        "coordinates": [
          136.5106658,
          34.7204443
        ]
      },
      "properties": {
        "内容": "バス停: 京口立町 (三重交通)",
        "name": "京口立町",
        "operator": "三重交通",
        "ref": "",
        "url": "",
        "url2": ""
      }
    },
    {
      "type": "Feature",
      "geometry": {
        "type": "Point",
        "coordinates": [
          136.5110049,
          34.7203821
        ]
      },
      "properties": {
        "内容": "バス停: 京口立町 (三重交通)",
        "name": "京口立町",
        "operator": "三重交通",
        "ref": "",
        "url": "",
        "url2": ""
      }
    },
    {
      "type": "Feature",
      "geometry": {
        "type": "Point",
        "coordinates": [
          136.510678,
          34.7187621
        ]
      },
      "properties": {
        "内容": "バス停: 三重会館 (三重交通)",
        "name": "三重会館",
        "operator": "三重交通",
        "ref": "",
        "url": "",
        "url2": ""
      }
    },
    {
      "type": "Feature",
      "geometry": {
        "type": "Point",
        "coordinates": [
          136.5139912,
          34.7173909
        ]
      },
      "properties": {
        "内容": "バス停: 堀川町 (三重交通)",
        "name": "堀川町",
        "operator": "三重交通",
        "ref": "",
        "url": "",
        "url2": ""
      }
    },
    {
      "type": "Feature",
      "geometry": {
        "type": "Point",
        "coordinates": [
          136.5139874,
          34.7173771
        ]
      },
      "properties": {
        "内容": "バス停: 大門病院前",
        "name": "大門病院前",
        "operator": "事業者不明",
        "ref": "",
        "url": "",
        "url2": ""
      }
    }
  ]
}