{
"type": "FeatureCollection",
"name": "geo_24_通所介護",
"crs": { "type": "name", "properties": { "name": "urn:ogc:def:crs:OGC:1.3:CRS84" } },
"features": [
{ "type": "Feature", "properties": { "内容": "シンシア久居【通所介護】三重県津市久居明神町1530-47", "url": "https://www.kaigokensaku.mhlw.go.jp/24/index.php?action_kouhyou_detail_004_kani=true&JigyosyoCd=2470504909-00&ServiceCd=150&Type=search", "url2": null }, "geometry": { "type": "Point", "coordinates": [ 136.468146821565227, 34.693579952901416 ] } },
{ "type": "Feature", "properties": { "内容": "デイサービス　シンフォニー【通所介護】三重県津市高茶屋小森町１５２７番地", "url": "https://www.kaigokensaku.mhlw.go.jp/24/index.php?action_kouhyou_detail_004_kani=true&JigyosyoCd=2470506565-00&ServiceCd=150&Type=search", "url2": null }, "geometry": { "type": "Point", "coordinates": [ 136.5024391, 34.6619703 ] } },
{ "type": "Feature", "properties": { "内容": "ジョイリハ津東丸之内【通所介護】三重県津市東丸之内14-32", "url": "https://www.kaigokensaku.mhlw.go.jp/24/index.php?action_kouhyou_detail_004_kani=true&JigyosyoCd=2470504370-00&ServiceCd=150&Type=search", "url2": "ジョイリハで検索" }, "geometry": { "type": "Point", "coordinates": [ 136.514157599999976, 34.7154939 ] } },
{ "type": "Feature", "properties": { "内容": "ケアパートナー久居【通所介護】三重県津市久居明神町2722番地", "url": "https://www.kaigokensaku.mhlw.go.jp/24/index.php?action_kouhyou_detail_004_kani=true&JigyosyoCd=2470502333-00&ServiceCd=150&Type=search", "url2": "https://www.care-partner.com/place/hisai/" }, "geometry": { "type": "Point", "coordinates": [ 136.465285, 34.6820998 ] } },
{ "type": "Feature", "properties": { "内容": "デイサービスセンターぬくもり【通所介護】三重県津市河芸町西千里1356-12", "url": "https://www.kaigokensaku.mhlw.go.jp/24/index.php?action_kouhyou_detail_004_kani=true&JigyosyoCd=2470506938-00&ServiceCd=150&Type=search", "url2": "https://tamada-group.jp/" }, "geometry": { "type": "Point", "coordinates": [ 136.551954599999988, 34.8118064 ] } },
{ "type": "Feature", "properties": { "内容": "ケアパートナー津【通所介護】三重県津市江戸橋二丁目１０９番地", "url": "https://www.kaigokensaku.mhlw.go.jp/24/index.php?action_kouhyou_detail_004_kani=true&JigyosyoCd=2470501343-00&ServiceCd=150&Type=search", "url2": "http://www.care-partner.com" }, "geometry": { "type": "Point", "coordinates": [ 136.523580700000025, 34.7392371 ] } },
{ "type": "Feature", "properties": { "内容": "デイサービス　ゴールドエイジ久居【通所介護】三重県津市久居明神町2715‐1ゴールドエイジ久居", "url": "https://www.kaigokensaku.mhlw.go.jp/24/index.php?action_kouhyou_detail_004_kani=true&JigyosyoCd=2470205812-00&ServiceCd=150&Type=search", "url2": "https://goldage.co.jp/" }, "geometry": { "type": "Point", "coordinates": [ 136.463187676233275, 34.681927385714538 ] } },
{ "type": "Feature", "properties": { "内容": "ニチイケアセンター八町【通所介護】三重県津市新町2丁目8番12号", "url": "https://www.kaigokensaku.mhlw.go.jp/24/index.php?action_kouhyou_detail_004_kani=true&JigyosyoCd=2470501756-00&ServiceCd=150&Type=search", "url2": "http://.nichiigakkan.co.jp" }, "geometry": { "type": "Point", "coordinates": [ 136.494710199999986, 34.7181292 ] } },
{ "type": "Feature", "properties": { "内容": "デイサービス　ゴールドエイジ一身田【通所介護】三重県津市一身田中野268‐1", "url": "https://www.kaigokensaku.mhlw.go.jp/24/index.php?action_kouhyou_detail_004_kani=true&JigyosyoCd=2470506383-00&ServiceCd=150&Type=search", "url2": "http://goldage.co.jp" }, "geometry": { "type": "Point", "coordinates": [ 136.507839, 34.7514896 ] } },
{ "type": "Feature", "properties": { "内容": "津橋北デイサービスセンター「サポート」【通所介護】津市上浜町６丁目２７７－１", "url": "https://www.kaigokensaku.mhlw.go.jp/24/index.php?action_kouhyou_detail_004_kani=true&JigyosyoCd=2470500337-00&ServiceCd=150&Type=search", "url2": "https://wellcare.or.jp" }, "geometry": { "type": "Point", "coordinates": [ 136.504257899999971, 34.7419171 ] } },
{ "type": "Feature", "properties": { "内容": "デイサービス　クレイドル【通所介護】三重県津市白山町川口３１４１", "url": "https://www.kaigokensaku.mhlw.go.jp/24/index.php?action_kouhyou_detail_004_kani=true&JigyosyoCd=2470506888-00&ServiceCd=150&Type=search", "url2": null }, "geometry": { "type": "Point", "coordinates": [ 136.3570523, 34.6507256 ] } },
{ "type": "Feature", "properties": { "内容": "デイサービスセンターときの音色【通所介護】三重県津市中村町745番地25ときの音色", "url": "https://www.kaigokensaku.mhlw.go.jp/24/index.php?action_kouhyou_detail_004_kani=true&JigyosyoCd=2470506045-00&ServiceCd=150&Type=search", "url2": "https://kaigo-momotaro.jp/" }, "geometry": { "type": "Point", "coordinates": [ 136.407023558104243, 34.672421776574524 ] } },
{ "type": "Feature", "properties": { "内容": "ベタニヤデイサービス【通所介護】津市豊が丘五丁目47番10号", "url": "https://www.kaigokensaku.mhlw.go.jp/24/index.php?action_kouhyou_detail_004_kani=true&JigyosyoCd=2470501681-00&ServiceCd=150&Type=search", "url2": "http://betaniya.jp/" }, "geometry": { "type": "Point", "coordinates": [ 136.459300289549219, 34.806149630174446 ] } },
{ "type": "Feature", "properties": { "内容": "ニチイケアセンター津【通所介護】三重県津市下弁財町津興２４４ニチイケアセンター津", "url": "https://www.kaigokensaku.mhlw.go.jp/24/index.php?action_kouhyou_detail_004_kani=true&JigyosyoCd=2470500600-00&ServiceCd=150&Type=search", "url2": "http://www.nichiigakkan.co.jp" }, "geometry": { "type": "Point", "coordinates": [ 136.518826799999943, 34.7032906 ] } },
{ "type": "Feature", "properties": { "内容": "なごやかデイサービスセンター【通所介護】津市柳山津興3308", "url": "https://www.kaigokensaku.mhlw.go.jp/24/index.php?action_kouhyou_detail_004_kani=true&JigyosyoCd=2470501624-00&ServiceCd=150&Type=search", "url2": null }, "geometry": { "type": "Point", "coordinates": [ 136.512366499999985, 34.7078701 ] } },
{ "type": "Feature", "properties": { "内容": "愛ケアデイサービス【通所介護】三重県津市津興3306", "url": "https://www.kaigokensaku.mhlw.go.jp/24/index.php?action_kouhyou_detail_004_kani=true&JigyosyoCd=2470501566-00&ServiceCd=150&Type=search", "url2": null }, "geometry": { "type": "Point", "coordinates": [ 136.5118443, 34.7080368 ] } },
{ "type": "Feature", "properties": { "内容": "明合乃里デイサービスセンター【通所介護】三重県津市安濃町田端上野970-3", "url": "https://www.kaigokensaku.mhlw.go.jp/24/index.php?action_kouhyou_detail_004_kani=true&JigyosyoCd=2472400155-00&ServiceCd=150&Type=search", "url2": "http://www.akeai.or.jp/" }, "geometry": { "type": "Point", "coordinates": [ 136.436907799999972, 34.7635184 ] } },
{ "type": "Feature", "properties": { "内容": "デイサービス安濃津ろまん【通所介護】津市神戸１５４番地９サービス付き高齢者向け住宅安濃津ろまん", "url": "https://www.kaigokensaku.mhlw.go.jp/24/index.php?action_kouhyou_detail_004_kani=true&JigyosyoCd=2470503901-00&ServiceCd=150&Type=search", "url2": "http://www.anotsu-roman.jp" }, "geometry": { "type": "Point", "coordinates": [ 136.48934159999996, 34.7147879 ] } },
{ "type": "Feature", "properties": { "内容": "デイリハセンターナゴミ【通所介護】津市一志町片野121-9", "url": "https://www.kaigokensaku.mhlw.go.jp/24/index.php?action_kouhyou_detail_004_kani=true&JigyosyoCd=2470503687-00&ServiceCd=150&Type=search", "url2": "www.nagomi-uc.jp" }, "geometry": { "type": "Point", "coordinates": [ 136.4624619, 34.6481094 ] } },
{ "type": "Feature", "properties": { "内容": "メディケアデイナゴミ【通所介護】三重県津市一志町片野369-1", "url": "https://www.kaigokensaku.mhlw.go.jp/24/index.php?action_kouhyou_detail_004_kani=true&JigyosyoCd=2470506342-00&ServiceCd=150&Type=search", "url2": "https://nagomi-uc.jp/" }, "geometry": { "type": "Point", "coordinates": [ 136.462514689942537, 34.648418391538534 ] } },
{ "type": "Feature", "properties": { "内容": "シルバータウン新町デイサービスセンター【通所介護】三重県津市南丸之内222-21", "url": "https://www.kaigokensaku.mhlw.go.jp/24/index.php?action_kouhyou_detail_004_kani=true&JigyosyoCd=2470501947-00&ServiceCd=150&Type=search", "url2": "http:/www.akeai.or.jp/" }, "geometry": { "type": "Point", "coordinates": [ 136.500176353025864, 34.714899948175443 ] } },
{ "type": "Feature", "properties": { "内容": "レッツ倶楽部片田【通所介護】三重県津市片田志袋町223-1", "url": "https://www.kaigokensaku.mhlw.go.jp/24/index.php?action_kouhyou_detail_004_kani=true&JigyosyoCd=2470506433-00&ServiceCd=150&Type=search", "url2": "https://www.lets-club.jp/shop/katada/" }, "geometry": { "type": "Point", "coordinates": [ 136.450069500000012, 34.716945 ] } },
{ "type": "Feature", "properties": { "内容": "デイサービスセンター　花紬【通所介護】三重県津市芸濃町椋本字藤ノ山3805番2", "url": "https://www.kaigokensaku.mhlw.go.jp/24/index.php?action_kouhyou_detail_004_kani=true&JigyosyoCd=2472400247-00&ServiceCd=150&Type=search", "url2": "http://www.fushugroup.jp/" }, "geometry": { "type": "Point", "coordinates": [ 136.441929248668089, 34.810589963433635 ] } },
{ "type": "Feature", "properties": { "内容": "かいま　デイサービスセンター【通所介護】三重県津市西古河町24番21号", "url": "https://www.kaigokensaku.mhlw.go.jp/24/index.php?action_kouhyou_detail_004_kani=true&JigyosyoCd=2470503745-00&ServiceCd=150&Type=search", "url2": null }, "geometry": { "type": "Point", "coordinates": [ 136.496637400000054, 34.7239033 ] } },
{ "type": "Feature", "properties": { "内容": "心楽デイサービス【通所介護】三重県津市一志町大仰５８番地総合支援ファシリティおおのき", "url": "https://www.kaigokensaku.mhlw.go.jp/24/index.php?action_kouhyou_detail_004_kani=true&JigyosyoCd=2470505799-00&ServiceCd=150&Type=search", "url2": null }, "geometry": { "type": "Point", "coordinates": [ 136.413528007995637, 34.648038514452288 ] } },
{ "type": "Feature", "properties": { "内容": "デイサービスセンターわが家【通所介護】三重県津市久居野村町885-8", "url": "https://www.kaigokensaku.mhlw.go.jp/24/index.php?action_kouhyou_detail_004_kani=true&JigyosyoCd=2470502432-00&ServiceCd=150&Type=search", "url2": null }, "geometry": { "type": "Point", "coordinates": [ 136.487166200000047, 34.6802035 ] } },
{ "type": "Feature", "properties": { "内容": "マイホーム高松山【通所介護】津市半田2226-20", "url": "https://www.kaigokensaku.mhlw.go.jp/24/index.php?action_kouhyou_detail_004_kani=true&JigyosyoCd=2470501202-00&ServiceCd=150&Type=search", "url2": "http://hp.kaipoke.biz/c5g62399/flow_0004.html" }, "geometry": { "type": "Point", "coordinates": [ 136.494245377909948, 34.701579569280703 ] } },
{ "type": "Feature", "properties": { "内容": "デイサービス　あいちゃん【通所介護】三重県津市高茶屋6丁目10-14", "url": "https://www.kaigokensaku.mhlw.go.jp/24/index.php?action_kouhyou_detail_004_kani=true&JigyosyoCd=2470503406-00&ServiceCd=150&Type=search", "url2": null }, "geometry": { "type": "Point", "coordinates": [ 136.499675900000057, 34.6729822 ] } },
{ "type": "Feature", "properties": { "内容": "みえ医療福祉生協　デイサービスえがお【通所介護】柳山津興1548", "url": "https://www.kaigokensaku.mhlw.go.jp/24/index.php?action_kouhyou_detail_004_kani=true&JigyosyoCd=2470503554-00&ServiceCd=150&Type=search", "url2": "http://www.mie-hewcoop.jp/" }, "geometry": { "type": "Point", "coordinates": [ 136.51423, 34.7095088 ] } },
{ "type": "Feature", "properties": { "内容": "新高茶屋通通所介護センターシルバーケア豊壽園【通所介護】津市高茶屋小森町字向山2059-1", "url": "https://www.kaigokensaku.mhlw.go.jp/24/index.php?action_kouhyou_detail_004_kani=true&JigyosyoCd=2470503836-00&ServiceCd=150&Type=search", "url2": "www.sensin/or.jp" }, "geometry": { "type": "Point", "coordinates": [ 136.489905499999963, 34.6668551 ] } },
{ "type": "Feature", "properties": { "内容": "デイサービス　トマトハウス【通所介護】久居北口町438番地40", "url": "https://www.kaigokensaku.mhlw.go.jp/24/index.php?action_kouhyou_detail_004_kani=true&JigyosyoCd=2470505922-00&ServiceCd=150&Type=search", "url2": "tomato-h.jp" }, "geometry": { "type": "Point", "coordinates": [ 136.473427438761888, 34.678895477941175 ] } },
{ "type": "Feature", "properties": { "内容": "フルハウス　デイサービスセンター【通所介護】津市香良洲町1990", "url": "https://www.kaigokensaku.mhlw.go.jp/24/index.php?action_kouhyou_detail_004_kani=true&JigyosyoCd=2472500137-00&ServiceCd=150&Type=search", "url2": "https://hamayu-kai.or.jp" }, "geometry": { "type": "Point", "coordinates": [ 136.541545600000063, 34.6409231 ] } },
{ "type": "Feature", "properties": { "内容": "しおりの里デイサービスセンター【通所介護】三重県津市野田２０３５番地２", "url": "https://www.kaigokensaku.mhlw.go.jp/24/index.php?action_kouhyou_detail_004_kani=true&JigyosyoCd=2470503158-00&ServiceCd=150&Type=search", "url2": "http://www.pmc.or.jp/shiori/" }, "geometry": { "type": "Point", "coordinates": [ 136.462064100000021, 34.7089101 ] } },
{ "type": "Feature", "properties": { "内容": "八幡園デイサービスセンター【通所介護】三重県津市津興2947", "url": "https://www.kaigokensaku.mhlw.go.jp/24/index.php?action_kouhyou_detail_004_kani=true&JigyosyoCd=2470500774-00&ServiceCd=150&Type=search", "url2": "http://www.pmc.or.jp/yahata" }, "geometry": { "type": "Point", "coordinates": [ 136.509822799999938, 34.6994185 ] } },
{ "type": "Feature", "properties": { "内容": "デイサービス青い鳥Ⅱ【通所介護】三重県津市豊が丘四丁目３番１号", "url": "https://www.kaigokensaku.mhlw.go.jp/24/index.php?action_kouhyou_detail_004_kani=true&JigyosyoCd=2470506201-00&ServiceCd=150&Type=search", "url2": null }, "geometry": { "type": "Point", "coordinates": [ 136.4623474, 34.8075447 ] } },
{ "type": "Feature", "properties": { "内容": "シルバータウンあのう　デイサービスセンター【通所介護】三重県津市安濃町田端上野892-1", "url": "https://www.kaigokensaku.mhlw.go.jp/24/index.php?action_kouhyou_detail_004_kani=true&JigyosyoCd=2472400379-00&ServiceCd=150&Type=search", "url2": "http://www.akeai.or.jp" }, "geometry": { "type": "Point", "coordinates": [ 136.441043499999978, 34.764971 ] } },
{ "type": "Feature", "properties": { "内容": "老人デイサービス豊野みかんの里【通所介護】三重県津市一身田豊野1659", "url": "https://www.kaigokensaku.mhlw.go.jp/24/index.php?action_kouhyou_detail_004_kani=true&JigyosyoCd=2470502069-00&ServiceCd=150&Type=search", "url2": "http://www.care-net.biz/24/toyono-mikan/" }, "geometry": { "type": "Point", "coordinates": [ 136.519255199999947, 34.7706767 ] } },
{ "type": "Feature", "properties": { "内容": "みどり津デイサービスセンター【通所介護】三重県津市高茶屋小森町132-6", "url": "https://www.kaigokensaku.mhlw.go.jp/24/index.php?action_kouhyou_detail_004_kani=true&JigyosyoCd=2470503133-00&ServiceCd=150&Type=search", "url2": "http://kisshoukan.com/wp/" }, "geometry": { "type": "Point", "coordinates": [ 136.514839315002376, 34.668584621305101 ] } },
{ "type": "Feature", "properties": { "内容": "榊原陽光苑【通所介護】三重県津市榊原町5684番地", "url": "https://www.kaigokensaku.mhlw.go.jp/24/index.php?action_kouhyou_detail_004_kani=true&JigyosyoCd=2470600160-00&ServiceCd=150&Type=search", "url2": "http://miefukushikai.jp/" }, "geometry": { "type": "Point", "coordinates": [ 136.372575888499483, 34.702250583608858 ] } },
{ "type": "Feature", "properties": { "内容": "デイトレセンタースマイルかざはや【通所介護】津市戸木町4174-1", "url": "https://www.kaigokensaku.mhlw.go.jp/24/index.php?action_kouhyou_detail_004_kani=true&JigyosyoCd=2470600319-00&ServiceCd=150&Type=search", "url2": "http://seiju-kai.or.jp/index.shtml" }, "geometry": { "type": "Point", "coordinates": [ 136.45170702659766, 34.684696565725389 ] } },
{ "type": "Feature", "properties": { "内容": "高田デイサービス通所介護事業所【通所介護】三重県津市大里野田町字宮下１１２４－１", "url": "https://www.kaigokensaku.mhlw.go.jp/24/index.php?action_kouhyou_detail_004_kani=true&JigyosyoCd=2470500493-00&ServiceCd=150&Type=search", "url2": null }, "geometry": { "type": "Point", "coordinates": [ 136.486392199999955, 34.7815887 ] } },
{ "type": "Feature", "properties": { "内容": "久居さくらデイサービスセンター【通所介護】三重県津市久居新町１１６５番地", "url": "https://www.kaigokensaku.mhlw.go.jp/24/index.php?action_kouhyou_detail_004_kani=true&JigyosyoCd=2470502986-00&ServiceCd=150&Type=search", "url2": "http://www.ohrin-mc.jp/hisai/" }, "geometry": { "type": "Point", "coordinates": [ 136.481694599999969, 34.678789600000016 ] } },
{ "type": "Feature", "properties": { "内容": "レッツ俱楽部津南【通所介護】三重県津市雲出長常町1103-4エイトマンション1F", "url": "https://www.kaigokensaku.mhlw.go.jp/24/index.php?action_kouhyou_detail_004_kani=true&JigyosyoCd=2470506813-00&ServiceCd=150&Type=search", "url2": "https://www.lets-club.jp/shop/tsuminami/" }, "geometry": { "type": "Point", "coordinates": [ 136.52507495881332, 34.666921900094074 ] } },
{ "type": "Feature", "properties": { "内容": "白塚通所介護センターシルバーケア豊壽園【通所介護】三重県津市白塚町字白池58番14", "url": "https://www.kaigokensaku.mhlw.go.jp/24/index.php?action_kouhyou_detail_004_kani=true&JigyosyoCd=2470501269-00&ServiceCd=150&Type=search", "url2": "http://www.sensin.or.jp" }, "geometry": { "type": "Point", "coordinates": [ 136.530757499999936, 34.7585622 ] } },
{ "type": "Feature", "properties": { "内容": "シルバータウン久居　デイサービスセンター【通所介護】三重県津市久居明神町1553-10", "url": "https://www.kaigokensaku.mhlw.go.jp/24/index.php?action_kouhyou_detail_004_kani=true&JigyosyoCd=2470600376-00&ServiceCd=150&Type=search", "url2": "http://www.akeai.or.jp" }, "geometry": { "type": "Point", "coordinates": [ 136.471250599999962, 34.6912211 ] } },
{ "type": "Feature", "properties": { "内容": "デイサービスセンター美里ヒルズ【通所介護】三重県津市美里町三郷430番地", "url": "https://www.kaigokensaku.mhlw.go.jp/24/index.php?action_kouhyou_detail_004_kani=true&JigyosyoCd=2472400460-00&ServiceCd=150&Type=search", "url2": "http://www.misatohills.jp" }, "geometry": { "type": "Point", "coordinates": [ 136.386703, 34.7243686 ] } },
{ "type": "Feature", "properties": { "内容": "北郊デイサービスセンター【通所介護】三重県津市栗真中山町字下沢84番2", "url": "https://www.kaigokensaku.mhlw.go.jp/24/index.php?action_kouhyou_detail_004_kani=true&JigyosyoCd=2470500519-00&ServiceCd=150&Type=search", "url2": "http://care-net.biz/24/hokukou/" }, "geometry": { "type": "Point", "coordinates": [ 136.524226331491036, 34.757118761246375 ] } },
{ "type": "Feature", "properties": { "内容": "あそかデイサービスセンター【通所介護】三重県津市寿町7-11", "url": "https://www.kaigokensaku.mhlw.go.jp/24/index.php?action_kouhyou_detail_004_kani=true&JigyosyoCd=2470501988-00&ServiceCd=150&Type=search", "url2": null }, "geometry": { "type": "Point", "coordinates": [ 136.516050516532886, 34.713490393996722 ] } },
{ "type": "Feature", "properties": { "内容": "デイサービスセンターふるさと【通所介護】三重県津市戸木町4113-56", "url": "https://www.kaigokensaku.mhlw.go.jp/24/index.php?action_kouhyou_detail_004_kani=true&JigyosyoCd=2470600285-00&ServiceCd=150&Type=search", "url2": null }, "geometry": { "type": "Point", "coordinates": [ 136.44685329999993, 34.6861656 ] } },
{ "type": "Feature", "properties": { "内容": "グリーンヒル　デイサービスセンター【通所介護】三重県津市緑が丘一丁目1-2", "url": "https://www.kaigokensaku.mhlw.go.jp/24/index.php?action_kouhyou_detail_004_kani=true&JigyosyoCd=2470505567-00&ServiceCd=150&Type=search", "url2": "http://www.akeai.or.jp" }, "geometry": { "type": "Point", "coordinates": [ 136.472142673749545, 34.714223292968235 ] } },
{ "type": "Feature", "properties": { "内容": "デイサービス　ゴールドエイジ白塚【通所介護】三重県津市白塚町字白池357番地18", "url": "https://www.kaigokensaku.mhlw.go.jp/24/index.php?action_kouhyou_detail_004_kani=true&JigyosyoCd=2470506532-00&ServiceCd=150&Type=search", "url2": "http://goldage.co.jo/" }, "geometry": { "type": "Point", "coordinates": [ 136.530765222218946, 34.772864211738174 ] } },
{ "type": "Feature", "properties": { "内容": "デイサービス　アヴェニール高茶屋【通所介護】三重県津市高茶屋小森町1895アヴェニール　高茶屋", "url": "https://www.kaigokensaku.mhlw.go.jp/24/index.php?action_kouhyou_detail_004_kani=true&JigyosyoCd=2470506136-00&ServiceCd=150&Type=search", "url2": null }, "geometry": { "type": "Point", "coordinates": [ 136.496241, 34.6645263 ] } },
{ "type": "Feature", "properties": { "内容": "サンヒルズガーデンデイサービスセンター【通所介護】三重県津市一身田上津部田１４２４", "url": "https://www.kaigokensaku.mhlw.go.jp/24/index.php?action_kouhyou_detail_004_kani=true&JigyosyoCd=2470503273-00&ServiceCd=150&Type=search", "url2": "http://www.sunhills-garden.jp/publics/index/1/" }, "geometry": { "type": "Point", "coordinates": [ 136.498866799999973, 34.7427864 ] } },
{ "type": "Feature", "properties": { "内容": "指定通所介護事業所　ハートヒルかわげＲ２３【通所介護】三重県津市河芸町一色39番地1", "url": "https://www.kaigokensaku.mhlw.go.jp/24/index.php?action_kouhyou_detail_004_kani=true&JigyosyoCd=2470504172-00&ServiceCd=150&Type=search", "url2": "deir23@heart-hill.or.jp" }, "geometry": { "type": "Point", "coordinates": [ 136.542250599999988, 34.7792126 ] } },
{ "type": "Feature", "properties": { "内容": "地域総合ケアセンター第1通所介護センターシルバーケア豊壽園【通所介護】三重県津市高茶屋小森町4152番地", "url": "https://www.kaigokensaku.mhlw.go.jp/24/index.php?action_kouhyou_detail_004_kani=true&JigyosyoCd=2470500162-00&ServiceCd=150&Type=search", "url2": "http://www.sensin.or.jp" }, "geometry": { "type": "Point", "coordinates": [ 136.494887799999987, 34.6723128 ] } },
{ "type": "Feature", "properties": { "内容": "地域総合ケアセンター第2通所介護センターシルバーケア豊壽園【通所介護】三重県津市高茶屋小森上野町字野田737番地", "url": "https://www.kaigokensaku.mhlw.go.jp/24/index.php?action_kouhyou_detail_004_kani=true&JigyosyoCd=2470500212-00&ServiceCd=150&Type=search", "url2": "http://www.sensin.or.jp" }, "geometry": { "type": "Point", "coordinates": [ 136.494135939575159, 34.672598963762766 ] } },
{ "type": "Feature", "properties": { "内容": "デイサービスさわらび【通所介護】一志町高野66番地の1", "url": "https://www.kaigokensaku.mhlw.go.jp/24/index.php?action_kouhyou_detail_004_kani=true&JigyosyoCd=2470504297-00&ServiceCd=150&Type=search", "url2": null }, "geometry": { "type": "Point", "coordinates": [ 136.417430272592128, 34.657577315051043 ] } },
{ "type": "Feature", "properties": { "内容": "デイサービスセンターいつき津【通所介護】一身田平野32番地の1", "url": "https://www.kaigokensaku.mhlw.go.jp/24/index.php?action_kouhyou_detail_004_kani=true&JigyosyoCd=2470505724-00&ServiceCd=150&Type=search", "url2": "http://dayservice-itsuki-tsu.jp/" }, "geometry": { "type": "Point", "coordinates": [ 136.511884790690743, 34.758716624844034 ] } },
{ "type": "Feature", "properties": { "内容": "すまいるはうす藤方デイサービスセンター【通所介護】三重県津市藤方1529番地", "url": "https://www.kaigokensaku.mhlw.go.jp/24/index.php?action_kouhyou_detail_004_kani=true&JigyosyoCd=2470505633-00&ServiceCd=150&Type=search", "url2": "http://smile-house.jp" }, "geometry": { "type": "Point", "coordinates": [ 136.509534882666003, 34.688255474459751 ] } },
{ "type": "Feature", "properties": { "内容": "デイサービスセンター　カトレア【通所介護】三重県津市久居小野辺町925-3", "url": "https://www.kaigokensaku.mhlw.go.jp/24/index.php?action_kouhyou_detail_004_kani=true&JigyosyoCd=2470501228-00&ServiceCd=150&Type=search", "url2": "https://cattleya-care.com/" }, "geometry": { "type": "Point", "coordinates": [ 136.495694149238034, 34.678896900292557 ] } },
{ "type": "Feature", "properties": { "内容": "デイサービスいちごさん【通所介護】三重県津市末広町919番地", "url": "https://www.kaigokensaku.mhlw.go.jp/24/index.php?action_kouhyou_detail_004_kani=true&JigyosyoCd=2470505518-00&ServiceCd=150&Type=search", "url2": null }, "geometry": { "type": "Point", "coordinates": [ 136.523578499999985, 34.7202015 ] } },
{ "type": "Feature", "properties": { "内容": "デイサービス　いちごくん【通所介護】三重県津市末広町1039番地3", "url": "https://www.kaigokensaku.mhlw.go.jp/24/index.php?action_kouhyou_detail_004_kani=true&JigyosyoCd=2470505658-00&ServiceCd=150&Type=search", "url2": null }, "geometry": { "type": "Point", "coordinates": [ 136.525067300000046, 34.7230872 ] } },
{ "type": "Feature", "properties": { "内容": "デイサービス　ゴールドエイジ高茶屋【通所介護】三重県津市高茶屋１丁目２３番３号ゴールドエイジ高茶屋", "url": "https://www.kaigokensaku.mhlw.go.jp/24/index.php?action_kouhyou_detail_004_kani=true&JigyosyoCd=2470506359-00&ServiceCd=150&Type=search", "url2": "https://goldage.co.jp/" }, "geometry": { "type": "Point", "coordinates": [ 136.513103199999989, 34.6705536 ] } },
{ "type": "Feature", "properties": { "内容": "クレインデイサービス【通所介護】三重県津市久居東鷹跡町268-1", "url": "https://www.kaigokensaku.mhlw.go.jp/24/index.php?action_kouhyou_detail_004_kani=true&JigyosyoCd=2470505310-00&ServiceCd=150&Type=search", "url2": null }, "geometry": { "type": "Point", "coordinates": [ 136.470482, 34.6738288 ] } },
{ "type": "Feature", "properties": { "内容": "とくべつようごろうじんほーむせんねんきぼうのもりみすぎ【通所介護】三重県津市美杉町八知729番地1特別養護老人ホーム千年希望の杜美杉", "url": "https://www.kaigokensaku.mhlw.go.jp/24/index.php?action_kouhyou_detail_004_kani=true&JigyosyoCd=2470506508-00&ServiceCd=150&Type=search", "url2": "https://keishukai.or.jp/" }, "geometry": { "type": "Point", "coordinates": [ 136.2803915, 34.5825619 ] } },
{ "type": "Feature", "properties": { "内容": "デイサービスるあな【通所介護】三重県津市末広町991番地7", "url": "https://www.kaigokensaku.mhlw.go.jp/24/index.php?action_kouhyou_detail_004_kani=true&JigyosyoCd=2470506011-00&ServiceCd=150&Type=search", "url2": null }, "geometry": { "type": "Point", "coordinates": [ 136.5246864, 34.7207829 ] } },
{ "type": "Feature", "properties": { "内容": "デイサービスセンター　安濃聖母の家【通所介護】三重県津市安濃町今徳81の2", "url": "https://www.kaigokensaku.mhlw.go.jp/24/index.php?action_kouhyou_detail_004_kani=true&JigyosyoCd=2470503950-00&ServiceCd=150&Type=search", "url2": "http://care-net.biz/24/st-francisco/b15.php" }, "geometry": { "type": "Point", "coordinates": [ 136.445582741139219, 34.743010540997943 ] } },
{ "type": "Feature", "properties": { "内容": "有限会社　やすらぎの家【通所介護】三重県津市美里町南長野１００７－２", "url": "https://www.kaigokensaku.mhlw.go.jp/24/index.php?action_kouhyou_detail_004_kani=true&JigyosyoCd=2472400296-00&ServiceCd=150&Type=search", "url2": "http://care-net.biz/24/yasuraginoie/" }, "geometry": { "type": "Point", "coordinates": [ 136.362160899999907, 34.7263847 ] } },
{ "type": "Feature", "properties": { "内容": "デイサービス　笑みたす【通所介護】三重県津市一志町高野183番地7", "url": "https://www.kaigokensaku.mhlw.go.jp/24/index.php?action_kouhyou_detail_004_kani=true&JigyosyoCd=2470505500-00&ServiceCd=150&Type=search", "url2": "https://emitas.net" }, "geometry": { "type": "Point", "coordinates": [ 136.428011021357378, 34.659332524055245 ] } },
{ "type": "Feature", "properties": { "内容": "デイサービスセンター笑スタ【通所介護】三重県津市小森町1732番地6", "url": "https://www.kaigokensaku.mhlw.go.jp/24/index.php?action_kouhyou_detail_004_kani=true&JigyosyoCd=2470505427-00&ServiceCd=150&Type=search", "url2": "https://www.instagram.com/emista.gram0501/" }, "geometry": { "type": "Point", "coordinates": [ 136.486986300000012, 34.6689632 ] } },
{ "type": "Feature", "properties": { "内容": "フルハウス　デイサービス　笑【通所介護】津市香良洲町1990", "url": "https://www.kaigokensaku.mhlw.go.jp/24/index.php?action_kouhyou_detail_004_kani=true&JigyosyoCd=2470504776-00&ServiceCd=150&Type=search", "url2": "https://hamayu-kai.or.jp" }, "geometry": { "type": "Point", "coordinates": [ 136.541545600000063, 34.6409231 ] } },
{ "type": "Feature", "properties": { "内容": "デイサービス安心庄田【通所介護】庄田町3561番地の1", "url": "https://www.kaigokensaku.mhlw.go.jp/24/index.php?action_kouhyou_detail_004_kani=true&JigyosyoCd=2470505864-00&ServiceCd=150&Type=search", "url2": "https://www.anshin-shouda.jp" }, "geometry": { "type": "Point", "coordinates": [ 136.425669528470053, 34.678705308325362 ] } },
{ "type": "Feature", "properties": { "内容": "デイサービス　エフ【通所介護】四日市市日永西4丁目11-21ゴールドエイジ　エフ", "url": "https://www.kaigokensaku.mhlw.go.jp/24/index.php?action_kouhyou_detail_004_kani=true&JigyosyoCd=2470203569-00&ServiceCd=150&Type=search", "url2": "http://goldage.co.jp/gold-age/f/" }, "geometry": { "type": "Point", "coordinates": [ 136.598587800000018, 34.9466383 ] } },
{ "type": "Feature", "properties": { "内容": "デイサービス　すこやか【通所介護】三重県四日市市生桑町７９－１", "url": "https://www.kaigokensaku.mhlw.go.jp/24/index.php?action_kouhyou_detail_004_kani=true&JigyosyoCd=2470203536-00&ServiceCd=150&Type=search", "url2": "https://www.sukoyaka-residence.com" }, "geometry": { "type": "Point", "coordinates": [ 136.601780800000029, 34.9900757 ] } },
{ "type": "Feature", "properties": { "内容": "デイサービスセンター　おれんじ【通所介護】三重県四日市市西阿倉川825番地", "url": "https://www.kaigokensaku.mhlw.go.jp/24/index.php?action_kouhyou_detail_004_kani=true&JigyosyoCd=2470204047-00&ServiceCd=150&Type=search", "url2": null }, "geometry": { "type": "Point", "coordinates": [ 136.618922871096373, 34.987874575442724 ] } },
{ "type": "Feature", "properties": { "内容": "レッツ倶楽部山城【通所介護】三重県四日市市あさけが丘2丁目1-42", "url": "https://www.kaigokensaku.mhlw.go.jp/24/index.php?action_kouhyou_detail_004_kani=true&JigyosyoCd=2470205440-00&ServiceCd=150&Type=search", "url2": "http://www.lets-club.jp/shop/yamajo/" }, "geometry": { "type": "Point", "coordinates": [ 136.578032, 35.0346835 ] } },
{ "type": "Feature", "properties": { "内容": "ケアパートナー四日市【通所介護】三重県四日市市大矢知町１０６１番地アールコンシャス1F", "url": "https://www.kaigokensaku.mhlw.go.jp/24/index.php?action_kouhyou_detail_004_kani=true&JigyosyoCd=2470202454-00&ServiceCd=150&Type=search", "url2": "www.care-partner.com" }, "geometry": { "type": "Point", "coordinates": [ 136.636685, 35.0193724 ] } },
{ "type": "Feature", "properties": { "内容": "デイサービス　ゴールドエイジ小生【通所介護】小生町608番地6", "url": "https://www.kaigokensaku.mhlw.go.jp/24/index.php?action_kouhyou_detail_004_kani=true&JigyosyoCd=2470205788-00&ServiceCd=150&Type=search", "url2": null }, "geometry": { "type": "Point", "coordinates": [ 136.575731499999961, 34.9752053 ] } },
{ "type": "Feature", "properties": { "内容": "デイサービスセンター富田ひまわり【通所介護】三重県四日市市富田一色町9-15", "url": "https://www.kaigokensaku.mhlw.go.jp/24/index.php?action_kouhyou_detail_004_kani=true&JigyosyoCd=2470205861-00&ServiceCd=150&Type=search", "url2": null }, "geometry": { "type": "Point", "coordinates": [ 136.660868599999986, 35.004745399999983 ] } },
{ "type": "Feature", "properties": { "内容": "聖十字保々在宅介護サービスセンター【通所介護】三重県四日市市中野町2492番地", "url": "https://www.kaigokensaku.mhlw.go.jp/24/index.php?action_kouhyou_detail_004_kani=true&JigyosyoCd=2470200979-00&ServiceCd=150&Type=search", "url2": "http://suzukaseijujikai.jp/" }, "geometry": { "type": "Point", "coordinates": [ 136.560646954943451, 35.050261847946381 ] } },
{ "type": "Feature", "properties": { "内容": "大矢知福祉サービスセンター【通所介護】三重県四日市市川北3丁目1番11号", "url": "https://www.kaigokensaku.mhlw.go.jp/24/index.php?action_kouhyou_detail_004_kani=true&JigyosyoCd=2470202371-00&ServiceCd=150&Type=search", "url2": "http://www.jcs-jcs.com" }, "geometry": { "type": "Point", "coordinates": [ 136.642423399999984, 35.0235747 ] } },
{ "type": "Feature", "properties": { "内容": "デイサービス菜の花【通所介護】四日市市上海老町1918-1", "url": "https://www.kaigokensaku.mhlw.go.jp/24/index.php?action_kouhyou_detail_004_kani=true&JigyosyoCd=2470202215-00&ServiceCd=150&Type=search", "url2": "http://care-net.biz/24/nanohana/" }, "geometry": { "type": "Point", "coordinates": [ 136.565166699999963, 35.0294315 ] } },
{ "type": "Feature", "properties": { "内容": "通所介護事業所ケアヒルズ四日市【通所介護】三重県四日市市大字日永5380-157", "url": "https://www.kaigokensaku.mhlw.go.jp/24/index.php?action_kouhyou_detail_004_kani=true&JigyosyoCd=2470205770-00&ServiceCd=150&Type=search", "url2": "https://care-hills.com/" }, "geometry": { "type": "Point", "coordinates": [ 136.586776200000031, 34.9444496 ] } },
{ "type": "Feature", "properties": { "内容": "ケアヒルズよごうデイサービスセンター【通所介護】三重県四日市市小林町3018-108", "url": "https://www.kaigokensaku.mhlw.go.jp/24/index.php?action_kouhyou_detail_004_kani=true&JigyosyoCd=2470206224-00&ServiceCd=150&Type=search", "url2": null }, "geometry": { "type": "Point", "coordinates": [ 136.541321900000042, 34.957946700000022 ] } },
{ "type": "Feature", "properties": { "内容": "デイサービスセンターのぞみ【通所介護】三重県四日市市智積町806番地", "url": "https://www.kaigokensaku.mhlw.go.jp/24/index.php?action_kouhyou_detail_004_kani=true&JigyosyoCd=2470204690-00&ServiceCd=150&Type=search", "url2": "http://www.nozomi-care.co.jp/" }, "geometry": { "type": "Point", "coordinates": [ 136.539626335516573, 34.991472027310685 ] } },
{ "type": "Feature", "properties": { "内容": "クレアデイサービス【通所介護】小林町3029-84", "url": "https://www.kaigokensaku.mhlw.go.jp/24/index.php?action_kouhyou_detail_004_kani=true&JigyosyoCd=2470205853-00&ServiceCd=150&Type=search", "url2": "https://clea2020.com/" }, "geometry": { "type": "Point", "coordinates": [ 136.538465575285329, 34.958503525738564 ] } },
{ "type": "Feature", "properties": { "内容": "富田浜在宅介護サービスセンター【通所介護】三重県四日市市富田浜町26番14号", "url": "https://www.kaigokensaku.mhlw.go.jp/24/index.php?action_kouhyou_detail_004_kani=true&JigyosyoCd=2470200219-00&ServiceCd=150&Type=search", "url2": "http://www.tomidahama.jp/" }, "geometry": { "type": "Point", "coordinates": [ 136.652411358999643, 34.997957396715854 ] } },
{ "type": "Feature", "properties": { "内容": "デイサービスセンター　サクラさくら【通所介護】三重県四日市市浜一色町15番14号-1特別養護老人ホームさくらスマイル", "url": "https://www.kaigokensaku.mhlw.go.jp/24/index.php?action_kouhyou_detail_004_kani=true&JigyosyoCd=2470205531-00&ServiceCd=150&Type=search", "url2": "http//sakuracom.or.jp" }, "geometry": { "type": "Point", "coordinates": [ 136.634842099999986, 34.9787187 ] } },
{ "type": "Feature", "properties": { "内容": "くぬぎの木在宅介護サービスセンター【通所介護】四日市市赤水町１２７４－１４", "url": "https://www.kaigokensaku.mhlw.go.jp/24/index.php?action_kouhyou_detail_004_kani=true&JigyosyoCd=2470200045-00&ServiceCd=150&Type=search", "url2": "http://www.kunuginoki.jp/" }, "geometry": { "type": "Point", "coordinates": [ 136.56162310000002, 35.0092984 ] } },
{ "type": "Feature", "properties": { "内容": "デイサービスセンター　マザーアース【通所介護】三重県四日市市下之宮町260-1", "url": "https://www.kaigokensaku.mhlw.go.jp/24/index.php?action_kouhyou_detail_004_kani=true&JigyosyoCd=2470205697-00&ServiceCd=150&Type=search", "url2": "https://kaigo-around.co.jp" }, "geometry": { "type": "Point", "coordinates": [ 136.642660500000034, 35.0154661 ] } },
{ "type": "Feature", "properties": { "内容": "在宅介護サービスセンター　うねめの里【通所介護】三重県四日市市采女町字森ヶ山418-1", "url": "https://www.kaigokensaku.mhlw.go.jp/24/index.php?action_kouhyou_detail_004_kani=true&JigyosyoCd=2470200029-00&ServiceCd=150&Type=search", "url2": "http://www.eiko-kai.jp/uneme-day/" }, "geometry": { "type": "Point", "coordinates": [ 136.580681, 34.932458 ] } },
{ "type": "Feature", "properties": { "内容": "デイサービスセンターいつき小古曽【通所介護】三重県四日市市小古曽二丁目10番10号", "url": "https://www.kaigokensaku.mhlw.go.jp/24/index.php?action_kouhyou_detail_004_kani=true&JigyosyoCd=2470205887-00&ServiceCd=150&Type=search", "url2": "http://dayservice-itsuki-ogoso.jp/" }, "geometry": { "type": "Point", "coordinates": [ 136.591907, 34.9303186 ] } },
{ "type": "Feature", "properties": { "内容": "ハピネスやさとデイサービスセンター【通所介護】四日市市千代田町３２５－１", "url": "https://www.kaigokensaku.mhlw.go.jp/24/index.php?action_kouhyou_detail_004_kani=true&JigyosyoCd=2470200334-00&ServiceCd=150&Type=search", "url2": "http://www.apatheia.jp" }, "geometry": { "type": "Point", "coordinates": [ 136.624915900000019, 35.0310238 ] } },
{ "type": "Feature", "properties": { "内容": "南部陽光苑デイサービスセンター【通所介護】三重県四日市市河原田町２１４６番地", "url": "https://www.kaigokensaku.mhlw.go.jp/24/index.php?action_kouhyou_detail_004_kani=true&JigyosyoCd=2470200409-00&ServiceCd=150&Type=search", "url2": "http://www.miefukushikai.or.jp/" }, "geometry": { "type": "Point", "coordinates": [ 136.599071800000047, 34.9102136 ] } },
{ "type": "Feature", "properties": { "内容": "ゴールドエイジ株式会社　デイサービスラウレア【通所介護】三重県四日市市東阿倉川字宮ノ内６４１－１", "url": "https://www.kaigokensaku.mhlw.go.jp/24/index.php?action_kouhyou_detail_004_kani=true&JigyosyoCd=2470203353-00&ServiceCd=150&Type=search", "url2": "http://www.goldtrust.jp" }, "geometry": { "type": "Point", "coordinates": [ 136.522106, 34.983233 ] } },
{ "type": "Feature", "properties": { "内容": "デイサービス　笑門来福【通所介護】笹川３丁目２１番地4", "url": "https://www.kaigokensaku.mhlw.go.jp/24/index.php?action_kouhyou_detail_004_kani=true&JigyosyoCd=2470204435-00&ServiceCd=150&Type=search", "url2": "hanabiyori.net" }, "geometry": { "type": "Point", "coordinates": [ 136.573295, 34.9514234 ] } },
{ "type": "Feature", "properties": { "内容": "デイサービスゴールドエイジ松寺【通所介護】三重県四日市市松寺2丁18番31号", "url": "https://www.kaigokensaku.mhlw.go.jp/24/index.php?action_kouhyou_detail_004_kani=true&JigyosyoCd=2470205713-00&ServiceCd=150&Type=search", "url2": "http://goldage.co.jp" }, "geometry": { "type": "Point", "coordinates": [ 136.655401203179963, 35.024223280571071 ] } },
{ "type": "Feature", "properties": { "内容": "LTS通所介護サービスセンター【通所介護】三重県四日市市大治田2丁目18-19", "url": "https://www.kaigokensaku.mhlw.go.jp/24/index.php?action_kouhyou_detail_004_kani=true&JigyosyoCd=2470202736-00&ServiceCd=150&Type=search", "url2": "http://www.life-techno.jp/ikoinosato/index.html" }, "geometry": { "type": "Point", "coordinates": [ 136.600076899999976, 34.931312 ] } },
{ "type": "Feature", "properties": { "内容": "デイサービスセンター三美【通所介護】三重県四日市市水沢町2503番地5", "url": "https://www.kaigokensaku.mhlw.go.jp/24/index.php?action_kouhyou_detail_004_kani=true&JigyosyoCd=2470202488-00&ServiceCd=150&Type=search", "url2": null }, "geometry": { "type": "Point", "coordinates": [ 136.477978300000018, 34.9741332 ] } },
{ "type": "Feature", "properties": { "内容": "川島在宅介護サービスセンター【通所介護】三重県四日市市川島町別山４０４０番地", "url": "https://www.kaigokensaku.mhlw.go.jp/24/index.php?action_kouhyou_detail_004_kani=true&JigyosyoCd=2470200177-00&ServiceCd=150&Type=search", "url2": "https://seizanrikai.jp/" }, "geometry": { "type": "Point", "coordinates": [ 136.558134800000062, 34.9665782 ] } },
{ "type": "Feature", "properties": { "内容": "英水苑在宅介護サービスセンター【通所介護】三重県四日市市智積町中須34-1", "url": "https://www.kaigokensaku.mhlw.go.jp/24/index.php?action_kouhyou_detail_004_kani=true&JigyosyoCd=2470200201-00&ServiceCd=150&Type=search", "url2": "http://www.eisuikai.jp/" }, "geometry": { "type": "Point", "coordinates": [ 136.541991400000029, 34.995794 ] } },
{ "type": "Feature", "properties": { "内容": "芽生え荘通所介護事業所【通所介護】三重県四日市市生桑町328-1", "url": "https://www.kaigokensaku.mhlw.go.jp/24/index.php?action_kouhyou_detail_004_kani=true&JigyosyoCd=2470201605-00&ServiceCd=150&Type=search", "url2": "http://www7.cty-net.ne.jp/^mebaesou/" }, "geometry": { "type": "Point", "coordinates": [ 136.604975, 34.9859372 ] } },
{ "type": "Feature", "properties": { "内容": "高浜楽々館　通所介護事業所【通所介護】三重県四日市市高浜町8番26号", "url": "https://www.kaigokensaku.mhlw.go.jp/24/index.php?action_kouhyou_detail_004_kani=true&JigyosyoCd=2470203718-00&ServiceCd=150&Type=search", "url2": "http://www.suzuranhukushikai.jp/" }, "geometry": { "type": "Point", "coordinates": [ 136.638563936695391, 34.977325490065525 ] } },
{ "type": "Feature", "properties": { "内容": "デイサービスセンター桜園三聖【通所介護】三重県四日市市高浜町5-7", "url": "https://www.kaigokensaku.mhlw.go.jp/24/index.php?action_kouhyou_detail_004_kani=true&JigyosyoCd=2470205754-00&ServiceCd=150&Type=search", "url2": "www.sansei-sakura.info/" }, "geometry": { "type": "Point", "coordinates": [ 136.637982500000021, 34.9785579 ] } },
{ "type": "Feature", "properties": { "内容": "天カ須賀在宅介護サービスセンター【通所介護】四日市市天カ須賀4丁目7番25号", "url": "https://www.kaigokensaku.mhlw.go.jp/24/index.php?action_kouhyou_detail_004_kani=true&JigyosyoCd=2470201035-00&ServiceCd=150&Type=search", "url2": "http://www.tokujukai.com" }, "geometry": { "type": "Point", "coordinates": [ 136.669235500000013, 35.0153316 ] } },
{ "type": "Feature", "properties": { "内容": "みどりデイサービスセンター【通所介護】三重県四日市市日永2丁目5-45", "url": "https://www.kaigokensaku.mhlw.go.jp/24/index.php?action_kouhyou_detail_004_kani=true&JigyosyoCd=2470202793-00&ServiceCd=150&Type=search", "url2": "http://kisshoukan.coｍ/wp/" }, "geometry": { "type": "Point", "coordinates": [ 136.607297965606676, 34.953466971368634 ] } },
{ "type": "Feature", "properties": { "内容": "みえ医療福祉生協デイサービスいくわ【通所介護】三重県四日市市生桑町1455番地", "url": "https://www.kaigokensaku.mhlw.go.jp/24/index.php?action_kouhyou_detail_004_kani=true&JigyosyoCd=2470203445-00&ServiceCd=150&Type=search", "url2": "http://www.mie-hewcoop.jp/" }, "geometry": { "type": "Point", "coordinates": [ 136.596395700000016, 34.9797794 ] } },
{ "type": "Feature", "properties": { "内容": "四季の郷　デイサービス　潮彩の家【通所介護】四日市市富田浜元町５－９", "url": "https://www.kaigokensaku.mhlw.go.jp/24/index.php?action_kouhyou_detail_004_kani=true&JigyosyoCd=2470203742-00&ServiceCd=150&Type=search", "url2": "http://www.sikisato.net" }, "geometry": { "type": "Point", "coordinates": [ 136.652642900000046, 34.9998915 ] } },
{ "type": "Feature", "properties": { "内容": "ゴールドエイジ城西デイサービス【通所介護】三重県四日市市城西町６番１３号", "url": "https://www.kaigokensaku.mhlw.go.jp/24/index.php?action_kouhyou_detail_004_kani=true&JigyosyoCd=2470204930-00&ServiceCd=150&Type=search", "url2": "http://goldage.co.jp/gold-age/shironishi/" }, "geometry": { "type": "Point", "coordinates": [ 136.60306479999997, 34.9638256 ] } },
{ "type": "Feature", "properties": { "内容": "陽　光　苑【通所介護】三重県四日市市西坂部町1127番地", "url": "https://www.kaigokensaku.mhlw.go.jp/24/index.php?action_kouhyou_detail_004_kani=true&JigyosyoCd=2470200417-00&ServiceCd=150&Type=search", "url2": "http://www.miefukusikai.jp/" }, "geometry": { "type": "Point", "coordinates": [ 136.586632, 35.0074542 ] } },
{ "type": "Feature", "properties": { "内容": "リウォーク新正【通所介護】新正2丁目4-28", "url": "https://www.kaigokensaku.mhlw.go.jp/24/index.php?action_kouhyou_detail_004_kani=true&JigyosyoCd=2470203593-00&ServiceCd=150&Type=search", "url2": "http://rewalk-nrs.jimdo.com/" }, "geometry": { "type": "Point", "coordinates": [ 136.620252, 34.959004600000043 ] } },
{ "type": "Feature", "properties": { "内容": "デイサービスセンターいつき【通所介護】四日市市平尾町3554-3", "url": "https://www.kaigokensaku.mhlw.go.jp/24/index.php?action_kouhyou_detail_004_kani=true&JigyosyoCd=2470204187-00&ServiceCd=150&Type=search", "url2": "http://dayservice-itsuki.jp/" }, "geometry": { "type": "Point", "coordinates": [ 136.552454600000033, 35.0015077 ] } },
{ "type": "Feature", "properties": { "内容": "デイサービスセンターからふるときわ【通所介護】三重県四日市市西松本町14-25", "url": "https://www.kaigokensaku.mhlw.go.jp/24/index.php?action_kouhyou_detail_004_kani=true&JigyosyoCd=2470206695-00&ServiceCd=150&Type=search", "url2": "https://colorfulgarden.jp/find-single/?pid=4001" }, "geometry": { "type": "Point", "coordinates": [ 136.584200399999986, 34.969248699999966 ] } },
{ "type": "Feature", "properties": { "内容": "デイサービスセンター　しあわせ【通所介護】三重県四日市市水沢町字横堀５１３１－３", "url": "https://www.kaigokensaku.mhlw.go.jp/24/index.php?action_kouhyou_detail_004_kani=true&JigyosyoCd=2470201589-00&ServiceCd=150&Type=search", "url2": "http://shiawase-senior.co.jp/" }, "geometry": { "type": "Point", "coordinates": [ 136.480000300000029, 34.970753 ] } },
{ "type": "Feature", "properties": { "内容": "デイサービスエクセレント【通所介護】三重県四日市市日永東3丁目11-20", "url": "https://www.kaigokensaku.mhlw.go.jp/24/index.php?action_kouhyou_detail_004_kani=true&JigyosyoCd=2470203379-00&ServiceCd=150&Type=search", "url2": "http://goldage．co．jp" }, "geometry": { "type": "Point", "coordinates": [ 136.605770600000028, 34.9436806 ] } },
{ "type": "Feature", "properties": { "内容": "社会福祉法人風薫会　みなとデイサービスセンター【通所介護】三重県四日市市高砂町7-6みなと在宅介護サービスセンター", "url": "https://www.kaigokensaku.mhlw.go.jp/24/index.php?action_kouhyou_detail_004_kani=true&JigyosyoCd=2470200342-00&ServiceCd=150&Type=search", "url2": "https://kazekaorukai.com/" }, "geometry": { "type": "Point", "coordinates": [ 136.636653499999966, 34.9613825 ] } },
{ "type": "Feature", "properties": { "内容": "しおはまデイサービスセンター【通所介護】三重県四日市市塩浜栄町471", "url": "https://www.kaigokensaku.mhlw.go.jp/24/index.php?action_kouhyou_detail_004_kani=true&JigyosyoCd=2470201019-00&ServiceCd=150&Type=search", "url2": "https://www.kazekaorukai.com/" }, "geometry": { "type": "Point", "coordinates": [ 136.616056038237048, 34.929690969640141 ] } },
{ "type": "Feature", "properties": { "内容": "パナソニックエイジフリーケアセンター四日市芝田・デイサービス【通所介護】三重県四日市市芝田1丁目10番地11号", "url": "https://www.kaigokensaku.mhlw.go.jp/24/index.php?action_kouhyou_detail_004_kani=true&JigyosyoCd=2470205259-00&ServiceCd=150&Type=search", "url2": "http://sumai.panasonic.jp/agefree/" }, "geometry": { "type": "Point", "coordinates": [ 136.6101665, 34.9698141 ] } },
{ "type": "Feature", "properties": { "内容": "よっかいち諧朋苑デイサービス【通所介護】三重県四日市市西大鐘町字山添1580番地", "url": "https://www.kaigokensaku.mhlw.go.jp/24/index.php?action_kouhyou_detail_004_kani=true&JigyosyoCd=2470200086-00&ServiceCd=150&Type=search", "url2": "http://kaihouen.jp/" }, "geometry": { "type": "Point", "coordinates": [ 136.60382042648925, 35.043172647249655 ] } },
{ "type": "Feature", "properties": { "内容": "第二陽光苑デイサービスセンター【通所介護】三重県四日市市波木町字長坂1168-4", "url": "https://www.kaigokensaku.mhlw.go.jp/24/index.php?action_kouhyou_detail_004_kani=true&JigyosyoCd=2470204674-00&ServiceCd=150&Type=search", "url2": null }, "geometry": { "type": "Point", "coordinates": [ 136.561166855416388, 34.940040097114341 ] } },
{ "type": "Feature", "properties": { "内容": "はちデイサービスセンター四日市中川原【通所介護】三重県四日市市中川原1丁目6‐35", "url": "https://www.kaigokensaku.mhlw.go.jp/24/index.php?action_kouhyou_detail_004_kani=true&JigyosyoCd=2470206182-00&ServiceCd=150&Type=search", "url2": "https://hattori-kaigo.com/" }, "geometry": { "type": "Point", "coordinates": [ 136.6061833, 34.9673281 ] } },
{ "type": "Feature", "properties": { "内容": "デイサービス下之宮ルピナス【通所介護】下之宮町71-1", "url": "https://www.kaigokensaku.mhlw.go.jp/24/index.php?action_kouhyou_detail_004_kani=true&JigyosyoCd=2470205143-00&ServiceCd=150&Type=search", "url2": "http//goldage.co.jp" }, "geometry": { "type": "Point", "coordinates": [ 136.641514557672025, 35.01671810075311 ] } },
{ "type": "Feature", "properties": { "内容": "ＹＭＣＡ在宅介護サ-ビスセンター・通所介護事業所【通所介護】三重県四日市市阿倉川町１４番１６号", "url": "https://www.kaigokensaku.mhlw.go.jp/24/index.php?action_kouhyou_detail_004_kani=true&JigyosyoCd=2470200284-00&ServiceCd=150&Type=search", "url2": "https://ymca-fukushi.jp/" }, "geometry": { "type": "Point", "coordinates": [ 136.627911499999982, 34.986157 ] } },
{ "type": "Feature", "properties": { "内容": "かんざき在宅介護サービスセンター【通所介護】四日市市寺方町東谷986-4", "url": "https://www.kaigokensaku.mhlw.go.jp/24/index.php?action_kouhyou_detail_004_kani=true&JigyosyoCd=2470200169-00&ServiceCd=150&Type=search", "url2": "https://seizanrikai.jp/" }, "geometry": { "type": "Point", "coordinates": [ 136.558798600000046, 34.9916281 ] } },
{ "type": "Feature", "properties": { "内容": "オーロラデイサービス【通所介護】西日野町2806-1", "url": "https://www.kaigokensaku.mhlw.go.jp/24/index.php?action_kouhyou_detail_004_kani=true&JigyosyoCd=2470204286-00&ServiceCd=150&Type=search", "url2": "http//shiki-no-sato.jp" }, "geometry": { "type": "Point", "coordinates": [ 136.58841910000001, 34.9599227 ] } },
{ "type": "Feature", "properties": { "内容": "常磐在宅介護サービスセンター【通所介護】四日市市城東町3-22", "url": "https://www.kaigokensaku.mhlw.go.jp/24/index.php?action_kouhyou_detail_004_kani=true&JigyosyoCd=2470200193-00&ServiceCd=150&Type=search", "url2": "tokiwa-day@seizanrikai.jp" }, "geometry": { "type": "Point", "coordinates": [ 136.609550099999979, 34.9644869 ] } },
{ "type": "Feature", "properties": { "内容": "日永英水苑在宅介護サービスセンター【通所介護】四日市市大字日永5530-23", "url": "https://www.kaigokensaku.mhlw.go.jp/24/index.php?action_kouhyou_detail_004_kani=true&JigyosyoCd=2470200466-00&ServiceCd=150&Type=search", "url2": "http://www.eisuikai.jp/" }, "geometry": { "type": "Point", "coordinates": [ 136.585286, 34.9418632 ] } },
{ "type": "Feature", "properties": { "内容": "四郷在宅介護サービスセンター【通所介護】四日市市西日野町小溝野4015", "url": "https://www.kaigokensaku.mhlw.go.jp/24/index.php?action_kouhyou_detail_004_kani=true&JigyosyoCd=2470200151-00&ServiceCd=150&Type=search", "url2": "http://www.normari.jp" }, "geometry": { "type": "Point", "coordinates": [ 136.58841910000001, 34.9599227 ] } },
{ "type": "Feature", "properties": { "内容": "富洲原通所介護センター【通所介護】四日市市富洲原町2番80号", "url": "https://www.kaigokensaku.mhlw.go.jp/24/index.php?action_kouhyou_detail_004_kani=true&JigyosyoCd=2470200565-00&ServiceCd=150&Type=search", "url2": "yokkaichi.tokuyou.jp" }, "geometry": { "type": "Point", "coordinates": [ 136.660312299999987, 35.009222 ] } },
{ "type": "Feature", "properties": { "内容": "ヴィラ四日市通所介護センター【通所介護】三重県四日市市垂坂町8番地の2", "url": "https://www.kaigokensaku.mhlw.go.jp/24/index.php?action_kouhyou_detail_004_kani=true&JigyosyoCd=2470200458-00&ServiceCd=150&Type=search", "url2": "http://www.yokkaichi.tokuyou.jp/index.html" }, "geometry": { "type": "Point", "coordinates": [ 136.627655399999981, 35.0053741 ] } },
{ "type": "Feature", "properties": { "内容": "ユートピア在宅介護サービスセンター【通所介護】四日市市久保田二丁目１２番８号", "url": "https://www.kaigokensaku.mhlw.go.jp/24/index.php?action_kouhyou_detail_004_kani=true&JigyosyoCd=2470201126-00&ServiceCd=150&Type=search", "url2": "http://yokkaichi-yutopia.com" }, "geometry": { "type": "Point", "coordinates": [ 136.6097886, 34.9756329 ] } },
{ "type": "Feature", "properties": { "内容": "リハビリデイサービス　みんなの家四日市中央【通所介護】三重県四日市市久保田2丁目8番1号糸与ビル103", "url": "https://www.kaigokensaku.mhlw.go.jp/24/index.php?action_kouhyou_detail_004_kani=true&JigyosyoCd=2470206729-00&ServiceCd=150&Type=search", "url2": null }, "geometry": { "type": "Point", "coordinates": [ 136.611235599999986, 34.9735284 ] } },
{ "type": "Feature", "properties": { "内容": "ツクイ四日市下之宮【通所介護】三重県四日市市下之宮町292-1", "url": "https://www.kaigokensaku.mhlw.go.jp/24/index.php?action_kouhyou_detail_004_kani=true&JigyosyoCd=2470205895-00&ServiceCd=150&Type=search", "url2": "https://www.tsukui.net" }, "geometry": { "type": "Point", "coordinates": [ 136.641605174868772, 35.014357931152738 ] } },
{ "type": "Feature", "properties": { "内容": "デイサービスおれんじプラス【通所介護】三重県四日市市野田2丁目1-10", "url": "https://www.kaigokensaku.mhlw.go.jp/24/index.php?action_kouhyou_detail_004_kani=true&JigyosyoCd=2470206646-00&ServiceCd=150&Type=search", "url2": "https://orangeplus.jp/" }, "geometry": { "type": "Point", "coordinates": [ 136.609542022090153, 34.982284899999989 ] } },
{ "type": "Feature", "properties": { "内容": "デイサービス　にっこり山城【通所介護】三重県四日市市山城町1014サービス付高齢者向け住宅　にっこり山城", "url": "https://www.kaigokensaku.mhlw.go.jp/24/index.php?action_kouhyou_detail_004_kani=true&JigyosyoCd=2470205077-00&ServiceCd=150&Type=search", "url2": "http://nikkoriyamajou.com/" }, "geometry": { "type": "Point", "coordinates": [ 136.588775400000031, 35.0356389 ] } },
{ "type": "Feature", "properties": { "内容": "ねこカントリークラブ【通所介護】三重県四日市小古曽町六丁目15-1", "url": "https://www.kaigokensaku.mhlw.go.jp/24/index.php?action_kouhyou_detail_004_kani=true&JigyosyoCd=2470206687-00&ServiceCd=150&Type=search", "url2": "https://nekokan-day.com/" }, "geometry": { "type": "Point", "coordinates": [ 136.5868793, 34.927192 ] } },
{ "type": "Feature", "properties": { "内容": "小山田在宅介護サービスセンター【通所介護】四日市市山田町5500-1", "url": "https://www.kaigokensaku.mhlw.go.jp/24/index.php?action_kouhyou_detail_004_kani=true&JigyosyoCd=2470200656-00&ServiceCd=150&Type=search", "url2": "https://seizanrikai.jp/" }, "geometry": { "type": "Point", "coordinates": [ 136.528728970183579, 34.946541295106016 ] } },
{ "type": "Feature", "properties": { "内容": "デイサービス　るぴなす【通所介護】三重県四日市市日永西3丁目２２－２４", "url": "https://www.kaigokensaku.mhlw.go.jp/24/index.php?action_kouhyou_detail_004_kani=true&JigyosyoCd=2470205119-00&ServiceCd=150&Type=search", "url2": "https://lupinus-happy.com/" }, "geometry": { "type": "Point", "coordinates": [ 136.5996543, 34.9490436 ] } },
{ "type": "Feature", "properties": { "内容": "デイサービス笑門来福あかほり【通所介護】赤堀１丁目４－７", "url": "https://www.kaigokensaku.mhlw.go.jp/24/index.php?action_kouhyou_detail_004_kani=true&JigyosyoCd=2470204997-00&ServiceCd=150&Type=search", "url2": null }, "geometry": { "type": "Point", "coordinates": [ 136.61383879999994, 34.9592487 ] } },
{ "type": "Feature", "properties": { "内容": "デイサービスケアねこのおうち【通所介護】馳出町3丁目35-1", "url": "https://www.kaigokensaku.mhlw.go.jp/24/index.php?action_kouhyou_detail_004_kani=true&JigyosyoCd=2470206265-00&ServiceCd=150&Type=search", "url2": null }, "geometry": { "type": "Point", "coordinates": [ 136.6234225, 34.9338681 ] } },
{ "type": "Feature", "properties": { "内容": "デイサービス　あさひ【通所介護】三重県伊勢市小俣町宮前７５３番地２", "url": "https://www.kaigokensaku.mhlw.go.jp/24/index.php?action_kouhyou_detail_004_kani=true&JigyosyoCd=2470801131-00&ServiceCd=150&Type=search", "url2": "http://asahi-ise.net/" }, "geometry": { "type": "Point", "coordinates": [ 136.675394399999959, 34.4921985 ] } },
{ "type": "Feature", "properties": { "内容": "デイサービス　こはる【通所介護】伊勢市小木町４９０番地1", "url": "https://www.kaigokensaku.mhlw.go.jp/24/index.php?action_kouhyou_detail_004_kani=true&JigyosyoCd=2470801693-00&ServiceCd=150&Type=search", "url2": null }, "geometry": { "type": "Point", "coordinates": [ 136.721068100000025, 34.50684192059488 ] } },
{ "type": "Feature", "properties": { "内容": "デイサービス　かのみ【通所介護】三重県伊勢市鹿海町1621-1", "url": "https://www.kaigokensaku.mhlw.go.jp/24/index.php?action_kouhyou_detail_004_kani=true&JigyosyoCd=2470802709-00&ServiceCd=150&Type=search", "url2": null }, "geometry": { "type": "Point", "coordinates": [ 136.742792377909836, 34.491166235698024 ] } },
{ "type": "Feature", "properties": { "内容": "在宅総合センター宮川さくら苑　デイサービス【通所介護】三重県伊勢市中島２丁目２４－２４", "url": "https://www.kaigokensaku.mhlw.go.jp/24/index.php?action_kouhyou_detail_004_kani=true&JigyosyoCd=2470801461-00&ServiceCd=150&Type=search", "url2": "http://www.isewatarai-iryoseikyo.com/sakura.index.html" }, "geometry": { "type": "Point", "coordinates": [ 136.6879156, 34.4899603 ] } },
{ "type": "Feature", "properties": { "内容": "デイサービス　オアシス【通所介護】三重県伊勢市宮後3丁目7-61", "url": "https://www.kaigokensaku.mhlw.go.jp/24/index.php?action_kouhyou_detail_004_kani=true&JigyosyoCd=2470800505-00&ServiceCd=150&Type=search", "url2": null }, "geometry": { "type": "Point", "coordinates": [ 136.710666299999957, 34.4981464 ] } },
{ "type": "Feature", "properties": { "内容": "海野デイサービスセンター【通所介護】伊勢市浦口2丁目3番20号", "url": "https://www.kaigokensaku.mhlw.go.jp/24/index.php?action_kouhyou_detail_004_kani=true&JigyosyoCd=2470800570-00&ServiceCd=150&Type=search", "url2": "https://unno-naika.com" }, "geometry": { "type": "Point", "coordinates": [ 136.695012200000065, 34.4926269 ] } },
{ "type": "Feature", "properties": { "内容": "医療法人あんず会まつもとクリニック　デイサービスセンターあんず【通所介護】三重県伊勢市黒瀬町1215", "url": "https://www.kaigokensaku.mhlw.go.jp/24/index.php?action_kouhyou_detail_004_kani=true&JigyosyoCd=2410805440-00&ServiceCd=150&Type=search", "url2": "https：//www.matsumotoclinic-isesi.com" }, "geometry": { "type": "Point", "coordinates": [ 136.742729417156482, 34.4937033 ] } },
{ "type": "Feature", "properties": { "内容": "生活リハビリ　えがおの木【通所介護】三重県伊勢市小俣町宮前641番地1", "url": "https://www.kaigokensaku.mhlw.go.jp/24/index.php?action_kouhyou_detail_004_kani=true&JigyosyoCd=2470802428-00&ServiceCd=150&Type=search", "url2": "http://www.care-fit.com" }, "geometry": { "type": "Point", "coordinates": [ 136.671474492065499, 34.496582038948219 ] } },
{ "type": "Feature", "properties": { "内容": "伊勢社協　健幸倶楽部つどい【通所介護】三重県伊勢市八日市場町13-1伊勢市社会福祉協議会　福祉センター", "url": "https://www.kaigokensaku.mhlw.go.jp/24/index.php?action_kouhyou_detail_004_kani=true&JigyosyoCd=2470803103-00&ServiceCd=150&Type=search", "url2": "https://ise-shakyo.jp" }, "geometry": { "type": "Point", "coordinates": [ 136.6987048, 34.4895843 ] } },
{ "type": "Feature", "properties": { "内容": "デイサービスセンターいつき伊勢【通所介護】伊勢市御薗町長屋2234番地", "url": "https://www.kaigokensaku.mhlw.go.jp/24/index.php?action_kouhyou_detail_004_kani=true&JigyosyoCd=2470802519-00&ServiceCd=150&Type=search", "url2": "http://dayservice-ituki-ise.jp/" }, "geometry": { "type": "Point", "coordinates": [ 136.710753477246044, 34.507990318454645 ] } },
{ "type": "Feature", "properties": { "内容": "リハセンター歩歩歩【通所介護】三重県伊勢市上地町5112-4", "url": "https://www.kaigokensaku.mhlw.go.jp/24/index.php?action_kouhyou_detail_004_kani=true&JigyosyoCd=2470801297-00&ServiceCd=150&Type=search", "url2": "http://allchiiki.com/" }, "geometry": { "type": "Point", "coordinates": [ 136.654280808617955, 34.481361730565325 ] } },
{ "type": "Feature", "properties": { "内容": "いちの木デイサービス【通所介護】三重県伊勢市一之木4-11-31", "url": "https://www.kaigokensaku.mhlw.go.jp/24/index.php?action_kouhyou_detail_004_kani=true&JigyosyoCd=2470801305-00&ServiceCd=150&Type=search", "url2": null }, "geometry": { "type": "Point", "coordinates": [ 136.7070278, 34.5025956 ] } },
{ "type": "Feature", "properties": { "内容": "JA伊勢介護センターひまわり通所介護事業所【通所介護】三重県伊勢市上地町1810番地", "url": "https://www.kaigokensaku.mhlw.go.jp/24/index.php?action_kouhyou_detail_004_kani=true&JigyosyoCd=2470800687-00&ServiceCd=150&Type=search", "url2": "http://www.jaise.jp" }, "geometry": { "type": "Point", "coordinates": [ 136.661821344180339, 34.491557312613608 ] } },
{ "type": "Feature", "properties": { "内容": "JA伊勢みのりデイサービス【通所介護】三重県伊勢市粟野町706番地", "url": "https://www.kaigokensaku.mhlw.go.jp/24/index.php?action_kouhyou_detail_004_kani=true&JigyosyoCd=2470802147-00&ServiceCd=150&Type=search", "url2": "http://jaise.jp" }, "geometry": { "type": "Point", "coordinates": [ 136.673844499999973, 34.4875408 ] } },
{ "type": "Feature", "properties": { "内容": "ひかりの橋デイサービスセンター【通所介護】三重県伊勢市常磐2丁目4番35号", "url": "https://www.kaigokensaku.mhlw.go.jp/24/index.php?action_kouhyou_detail_004_kani=true&JigyosyoCd=2470802618-00&ServiceCd=150&Type=search", "url2": "http://hikarinohashi.jp/" }, "geometry": { "type": "Point", "coordinates": [ 136.696234299999986, 34.4930602 ] } },
{ "type": "Feature", "properties": { "内容": "指定通所介護事業所高砂寮【通所介護】三重県伊勢市小俣町宮前３８番地", "url": "https://www.kaigokensaku.mhlw.go.jp/24/index.php?action_kouhyou_detail_004_kani=true&JigyosyoCd=2472800230-00&ServiceCd=150&Type=search", "url2": "http://takasago-ise.jp" }, "geometry": { "type": "Point", "coordinates": [ 136.681316199999969, 34.4950954 ] } },
{ "type": "Feature", "properties": { "内容": "白百合園通所介護事業所【通所介護】三重県伊勢市上地町3130番地", "url": "https://www.kaigokensaku.mhlw.go.jp/24/index.php?action_kouhyou_detail_004_kani=true&JigyosyoCd=2470800117-00&ServiceCd=150&Type=search", "url2": "http://fukutokukai.jp" }, "geometry": { "type": "Point", "coordinates": [ 136.656523900000025, 34.5008105 ] } },
{ "type": "Feature", "properties": { "内容": "双寿園指定通所介護事業所【通所介護】三重県伊勢市河崎3-15-33", "url": "https://www.kaigokensaku.mhlw.go.jp/24/index.php?action_kouhyou_detail_004_kani=true&JigyosyoCd=2470800414-00&ServiceCd=150&Type=search", "url2": "http://www.hoeikai.or.jp" }, "geometry": { "type": "Point", "coordinates": [ 136.718765599999983, 34.4957555 ] } },
{ "type": "Feature", "properties": { "内容": "楽寿苑指定通所介護事業所【通所介護】三重県伊勢市馬瀬町1065番地", "url": "https://www.kaigokensaku.mhlw.go.jp/24/index.php?action_kouhyou_detail_004_kani=true&JigyosyoCd=2470800596-00&ServiceCd=150&Type=search", "url2": "http://www.hoeikai.or.jp" }, "geometry": { "type": "Point", "coordinates": [ 136.724637, 34.5136921 ] } },
{ "type": "Feature", "properties": { "内容": "ﾘﾊﾋﾞﾘﾃﾞｲ　ふるさと【通所介護】三重県伊勢市宇治浦田3丁目59－25", "url": "https://www.kaigokensaku.mhlw.go.jp/24/index.php?action_kouhyou_detail_004_kani=true&JigyosyoCd=2470801792-00&ServiceCd=150&Type=search", "url2": "http://care-net.biz/24/mamiihand/" }, "geometry": { "type": "Point", "coordinates": [ 136.714966199999907, 34.4630508 ] } },
{ "type": "Feature", "properties": { "内容": "雅之園指定通所介護事業所【通所介護】三重県伊勢市小俣町本町341番地104", "url": "https://www.kaigokensaku.mhlw.go.jp/24/index.php?action_kouhyou_detail_004_kani=true&JigyosyoCd=2470802071-00&ServiceCd=150&Type=search", "url2": "http://www.hoeikai.or.jp" }, "geometry": { "type": "Point", "coordinates": [ 136.6659065, 34.5017884 ] } },
{ "type": "Feature", "properties": { "内容": "ナーシング伊勢【通所介護】三重県伊勢市藤里町166-10", "url": "https://www.kaigokensaku.mhlw.go.jp/24/index.php?action_kouhyou_detail_004_kani=true&JigyosyoCd=2470802600-00&ServiceCd=150&Type=search", "url2": "http://www.technocare-mie.com/index.html" }, "geometry": { "type": "Point", "coordinates": [ 136.698851, 34.4646891 ] } },
{ "type": "Feature", "properties": { "内容": "ナーシング明野【通所介護】三重県伊勢市東大淀町3834ナーシング明野", "url": "https://www.kaigokensaku.mhlw.go.jp/24/index.php?action_kouhyou_detail_004_kani=true&JigyosyoCd=2470802733-00&ServiceCd=150&Type=search", "url2": "http://www.technocare-mie.com/index.html" }, "geometry": { "type": "Point", "coordinates": [ 136.65721, 34.536409 ] } },
{ "type": "Feature", "properties": { "内容": "ケアセンター有明の里【通所介護】三重県伊勢市中村町４７８番地３", "url": "https://www.kaigokensaku.mhlw.go.jp/24/index.php?action_kouhyou_detail_004_kani=true&JigyosyoCd=2470801560-00&ServiceCd=150&Type=search", "url2": "http://www.ariakenosato.com/" }, "geometry": { "type": "Point", "coordinates": [ 136.72593365949399, 34.472283741034929 ] } },
{ "type": "Feature", "properties": { "内容": "ケアセンターつきよみの里【通所介護】中村町４７８番地３", "url": "https://www.kaigokensaku.mhlw.go.jp/24/index.php?action_kouhyou_detail_004_kani=true&JigyosyoCd=2470802014-00&ServiceCd=150&Type=search", "url2": "http://www.ariakenosato.com/" }, "geometry": { "type": "Point", "coordinates": [ 136.725842899999947, 34.4720975 ] } },
{ "type": "Feature", "properties": { "内容": "通所介護事業　いすず苑【通所介護】三重県伊勢市楠部町若ノ山2605-33", "url": "https://www.kaigokensaku.mhlw.go.jp/24/index.php?action_kouhyou_detail_004_kani=true&JigyosyoCd=2470800646-00&ServiceCd=150&Type=search", "url2": "https://isuzukai.or.jp" }, "geometry": { "type": "Point", "coordinates": [ 136.7389948, 34.476925 ] } },
{ "type": "Feature", "properties": { "内容": "デイサービス第2ひだまり【通所介護】三重県伊勢市川端町字浦246-2", "url": "https://www.kaigokensaku.mhlw.go.jp/24/index.php?action_kouhyou_detail_004_kani=true&JigyosyoCd=2472800818-00&ServiceCd=150&Type=search", "url2": null }, "geometry": { "type": "Point", "coordinates": [ 136.679805200000033, 34.4934706 ] } },
{ "type": "Feature", "properties": { "内容": "アロハディサービス【通所介護】三重県伊勢市勢田町588-2", "url": "https://www.kaigokensaku.mhlw.go.jp/24/index.php?action_kouhyou_detail_004_kani=true&JigyosyoCd=2470802782-00&ServiceCd=150&Type=search", "url2": "http://parkhills-aloha.com/" }, "geometry": { "type": "Point", "coordinates": [ 136.711208263823636, 34.479278638750806 ] } },
{ "type": "Feature", "properties": { "内容": "デイサービスセンターありまの里【通所介護】中村町７３３番地２", "url": "https://www.kaigokensaku.mhlw.go.jp/24/index.php?action_kouhyou_detail_004_kani=true&JigyosyoCd=2470802816-00&ServiceCd=150&Type=search", "url2": "http://www.ariakenosato.com/" }, "geometry": { "type": "Point", "coordinates": [ 136.72756124788512, 34.471142207686512 ] } },
{ "type": "Feature", "properties": { "内容": "徳デイサービス【通所介護】三重県伊勢市二見町荘字常福寺18-1", "url": "https://www.kaigokensaku.mhlw.go.jp/24/index.php?action_kouhyou_detail_004_kani=true&JigyosyoCd=2470802980-00&ServiceCd=150&Type=search", "url2": "https://tokuday2023.wixsite.com/my-site" }, "geometry": { "type": "Point", "coordinates": [ 136.775059274413451, 34.504639517156555 ] } },
{ "type": "Feature", "properties": { "内容": "ポピーデイサービスセンターTSUNAGARI【通所介護】三重県伊勢市小俣町湯田44番地", "url": "https://www.kaigokensaku.mhlw.go.jp/24/index.php?action_kouhyou_detail_004_kani=true&JigyosyoCd=2472800586-00&ServiceCd=150&Type=search", "url2": "https://mk-corporation-ise.com" }, "geometry": { "type": "Point", "coordinates": [ 136.656713364503759, 34.510719788495649 ] } },
{ "type": "Feature", "properties": { "内容": "ブルーミングケア伊勢【通所介護】三重県伊勢市一之木四丁目12-20", "url": "https://www.kaigokensaku.mhlw.go.jp/24/index.php?action_kouhyou_detail_004_kani=true&JigyosyoCd=2470803145-00&ServiceCd=150&Type=search", "url2": null }, "geometry": { "type": "Point", "coordinates": [ 136.7059208, 34.5026385 ] } },
{ "type": "Feature", "properties": { "内容": "デイサービス　虹【通所介護】三重県伊勢市小俣町湯田１６１６番地１", "url": "https://www.kaigokensaku.mhlw.go.jp/24/index.php?action_kouhyou_detail_004_kani=true&JigyosyoCd=2470803129-00&ServiceCd=150&Type=search", "url2": null }, "geometry": { "type": "Point", "coordinates": [ 136.6555275, 34.4991722 ] } },
{ "type": "Feature", "properties": { "内容": "リールデイサービス松阪【通所介護】垣鼻町1023-10リールデイサービス松阪", "url": "https://www.kaigokensaku.mhlw.go.jp/24/index.php?action_kouhyou_detail_004_kani=true&JigyosyoCd=2470703725-00&ServiceCd=150&Type=search", "url2": "rirestage.co.jp" }, "geometry": { "type": "Point", "coordinates": [ 136.5444113, 34.5724449 ] } },
{ "type": "Feature", "properties": { "内容": "ジョイリハ松阪大黒田【通所介護】三重県松阪市大黒田町594-2", "url": "https://www.kaigokensaku.mhlw.go.jp/24/index.php?action_kouhyou_detail_004_kani=true&JigyosyoCd=2470702487-00&ServiceCd=150&Type=search", "url2": "http://joyreha.co.jp/" }, "geometry": { "type": "Point", "coordinates": [ 136.521938099999943, 34.5630083 ] } },
{ "type": "Feature", "properties": { "内容": "石田クリニックケアセンター　パストラル【通所介護】三重県松阪市大口町153番地1", "url": "https://www.kaigokensaku.mhlw.go.jp/24/index.php?action_kouhyou_detail_004_kani=true&JigyosyoCd=2470701208-00&ServiceCd=150&Type=search", "url2": "http://www.pastoral.cc/" }, "geometry": { "type": "Point", "coordinates": [ 136.5469961, 34.5914399 ] } },
{ "type": "Feature", "properties": { "内容": "ホームケアみくも【通所介護】三重県松阪市中林町410番地", "url": "https://www.kaigokensaku.mhlw.go.jp/24/index.php?action_kouhyou_detail_004_kani=true&JigyosyoCd=2470704053-00&ServiceCd=150&Type=search", "url2": "http://homecare-nankou.co.jp/" }, "geometry": { "type": "Point", "coordinates": [ 136.5135616, 34.6299132 ] } },
{ "type": "Feature", "properties": { "内容": "ブルーミングケアOlu.Olu松阪23【通所介護】三重県松阪市郷津町145番地4", "url": "https://www.kaigokensaku.mhlw.go.jp/24/index.php?action_kouhyou_detail_004_kani=true&JigyosyoCd=2470704244-00&ServiceCd=150&Type=search", "url2": null }, "geometry": { "type": "Point", "coordinates": [ 136.5466101, 34.589765 ] } },
{ "type": "Feature", "properties": { "内容": "ツクイ松阪ひかり【通所介護】光町868番地", "url": "https://www.kaigokensaku.mhlw.go.jp/24/index.php?action_kouhyou_detail_004_kani=true&JigyosyoCd=2470703832-00&ServiceCd=150&Type=search", "url2": "matsusaka-hikari@tsukui.net" }, "geometry": { "type": "Point", "coordinates": [ 136.517377399999987, 34.5500816 ] } },
{ "type": "Feature", "properties": { "内容": "老人デイサービスセンター青葉【通所介護】松阪市駅部田町207番地", "url": "https://www.kaigokensaku.mhlw.go.jp/24/index.php?action_kouhyou_detail_004_kani=true&JigyosyoCd=2470700358-00&ServiceCd=150&Type=search", "url2": "http://www.ma.mctv.ne.jp/~biha_ra/index.html" }, "geometry": { "type": "Point", "coordinates": [ 136.528701500000011, 34.5604395 ] } },
{ "type": "Feature", "properties": { "内容": "デイサービス木もれび【通所介護】三重県松阪市西野町457-3", "url": "https://www.kaigokensaku.mhlw.go.jp/24/index.php?action_kouhyou_detail_004_kani=true&JigyosyoCd=2470700754-00&ServiceCd=150&Type=search", "url2": null }, "geometry": { "type": "Point", "coordinates": [ 136.47491860926209, 34.55176099942252 ] } },
{ "type": "Feature", "properties": { "内容": "サービス付き高齢者向け住宅いぶき【通所介護】松阪市市場庄町　1098番地", "url": "https://www.kaigokensaku.mhlw.go.jp/24/index.php?action_kouhyou_detail_004_kani=true&JigyosyoCd=2470701984-00&ServiceCd=150&Type=search", "url2": "http://www.kirakudo.jp/ibuki/" }, "geometry": { "type": "Point", "coordinates": [ 136.515768200000025, 34.6015627 ] } },
{ "type": "Feature", "properties": { "内容": "ふれあいステーション夢虹房【通所介護】三重県松阪市大黒田町高見742", "url": "https://www.kaigokensaku.mhlw.go.jp/24/index.php?action_kouhyou_detail_004_kani=true&JigyosyoCd=2470700879-00&ServiceCd=150&Type=search", "url2": "http://hp.kaipoke.biz/3xs/index.html" }, "geometry": { "type": "Point", "coordinates": [ 136.524417672973641, 34.559577992151759 ] } },
{ "type": "Feature", "properties": { "内容": "リハビリ付きデイサービス桜木さん・松阪【通所介護】三重県松阪市垣鼻町４５８番地", "url": "https://www.kaigokensaku.mhlw.go.jp/24/index.php?action_kouhyou_detail_004_kani=true&JigyosyoCd=2470703550-00&ServiceCd=150&Type=search", "url2": "http://www.sakuragi-hp.com" }, "geometry": { "type": "Point", "coordinates": [ 136.536375600000042, 34.5661809 ] } },
{ "type": "Feature", "properties": { "内容": "ゴールドエイジ株式会社　デイサービスゴールドエイジ松阪【通所介護】三重県松阪市久保町字小部1294-1", "url": "https://www.kaigokensaku.mhlw.go.jp/24/index.php?action_kouhyou_detail_004_kani=true&JigyosyoCd=2470702495-00&ServiceCd=150&Type=search", "url2": "www.goldage.co.jp" }, "geometry": { "type": "Point", "coordinates": [ 136.533515200000011, 34.551213 ] } },
{ "type": "Feature", "properties": { "内容": "デイサービスセンターさくら園【通所介護】三重県松阪市下蛸路町409-1", "url": "https://www.kaigokensaku.mhlw.go.jp/24/index.php?action_kouhyou_detail_004_kani=true&JigyosyoCd=2470702081-00&ServiceCd=150&Type=search", "url2": "http://www.sakuraen.com." }, "geometry": { "type": "Point", "coordinates": [ 136.54243740000004, 34.524333 ] } },
{ "type": "Feature", "properties": { "内容": "特定非営利活動法人　スマイルタウン【通所介護】三重県松阪市立野町801-1", "url": "https://www.kaigokensaku.mhlw.go.jp/24/index.php?action_kouhyou_detail_004_kani=true&JigyosyoCd=2470704137-00&ServiceCd=150&Type=search", "url2": "https://www.smile-towm.org" }, "geometry": { "type": "Point", "coordinates": [ 136.5017671, 34.5440533 ] } },
{ "type": "Feature", "properties": { "内容": "ケアステーションたきびデイサービス【通所介護】三重県松阪市宮町62-1", "url": "https://www.kaigokensaku.mhlw.go.jp/24/index.php?action_kouhyou_detail_004_kani=true&JigyosyoCd=2470701430-00&ServiceCd=150&Type=search", "url2": "http://cs-takibi.jp/" }, "geometry": { "type": "Point", "coordinates": [ 136.547174199999972, 34.5787052 ] } },
{ "type": "Feature", "properties": { "内容": "松阪社協飯高支所　通所介護事業所【通所介護】三重県松阪市飯高町富永72番地1", "url": "https://www.kaigokensaku.mhlw.go.jp/24/index.php?action_kouhyou_detail_004_kani=true&JigyosyoCd=2470703618-00&ServiceCd=150&Type=search", "url2": "https://matsusakawel.com/" }, "geometry": { "type": "Point", "coordinates": [ 136.236268900000056, 34.4129433 ] } },
{ "type": "Feature", "properties": { "内容": "介護デイサービス　ごえん【通所介護】三重県松阪市小津町874番地", "url": "https://www.kaigokensaku.mhlw.go.jp/24/index.php?action_kouhyou_detail_004_kani=true&JigyosyoCd=2470702123-00&ServiceCd=150&Type=search", "url2": null }, "geometry": { "type": "Point", "coordinates": [ 136.51002410000001, 34.6157557 ] } },
{ "type": "Feature", "properties": { "内容": "ふれあいの里くしだ【通所介護】三重県松阪市櫛田町647番地2", "url": "https://www.kaigokensaku.mhlw.go.jp/24/index.php?action_kouhyou_detail_004_kani=true&JigyosyoCd=2470703972-00&ServiceCd=150&Type=search", "url2": "https://www.ja-mienaka.or.jp/" }, "geometry": { "type": "Point", "coordinates": [ 136.5876513, 34.5503834 ] } },
{ "type": "Feature", "properties": { "内容": "デイサービスセンター　びわの里【通所介護】三重県松阪市嬉野島田町　156-3", "url": "https://www.kaigokensaku.mhlw.go.jp/24/index.php?action_kouhyou_detail_004_kani=true&JigyosyoCd=2470701356-00&ServiceCd=150&Type=search", "url2": null }, "geometry": { "type": "Point", "coordinates": [ 136.454574900000011, 34.6247231 ] } },
{ "type": "Feature", "properties": { "内容": "デイサービスアクア【通所介護】三重県松阪市川井町555-1", "url": "https://www.kaigokensaku.mhlw.go.jp/24/index.php?action_kouhyou_detail_004_kani=true&JigyosyoCd=2470703790-00&ServiceCd=150&Type=search", "url2": "https://keyaki-medical.co.jp" }, "geometry": { "type": "Point", "coordinates": [ 136.5120109, 34.5784131 ] } },
{ "type": "Feature", "properties": { "内容": "第二吉祥苑デイサービスセンター【通所介護】三重県松阪市五主町３９１－１", "url": "https://www.kaigokensaku.mhlw.go.jp/24/index.php?action_kouhyou_detail_004_kani=true&JigyosyoCd=2472500392-00&ServiceCd=150&Type=search", "url2": "http://www.sumire-kai.or.jp/" }, "geometry": { "type": "Point", "coordinates": [ 136.537599, 34.6270802 ] } },
{ "type": "Feature", "properties": { "内容": "デイサービスアクア西之庄【通所介護】松阪市西之庄町51-2住宅型有料老人ホーム　アクア西之庄", "url": "https://www.kaigokensaku.mhlw.go.jp/24/index.php?action_kouhyou_detail_004_kani=true&JigyosyoCd=2470704228-00&ServiceCd=150&Type=search", "url2": "http://keyaki-medical.co.jp/company/" }, "geometry": { "type": "Point", "coordinates": [ 136.5226446, 34.5808545 ] } },
{ "type": "Feature", "properties": { "内容": "デイセンターリハビリプラザなでしこ【通所介護】三重県松阪市新町810-1", "url": "https://www.kaigokensaku.mhlw.go.jp/24/index.php?action_kouhyou_detail_004_kani=true&JigyosyoCd=2470701901-00&ServiceCd=150&Type=search", "url2": "https://medi-care.co.jp" }, "geometry": { "type": "Point", "coordinates": [ 136.531117499999937, 34.5738465 ] } },
{ "type": "Feature", "properties": { "内容": "ふれあいの里つじわら【通所介護】三重県松阪市辻原町97番地の3", "url": "https://www.kaigokensaku.mhlw.go.jp/24/index.php?action_kouhyou_detail_004_kani=true&JigyosyoCd=2470704012-00&ServiceCd=150&Type=search", "url2": "https://www.ja-mienaka.or.jp/" }, "geometry": { "type": "Point", "coordinates": [ 136.4549576, 34.5140311 ] } },
{ "type": "Feature", "properties": { "内容": "ニチイケアセンター松阪【通所介護】三重県松阪市大黒田町821-12", "url": "https://www.kaigokensaku.mhlw.go.jp/24/index.php?action_kouhyou_detail_004_kani=true&JigyosyoCd=2470700390-00&ServiceCd=150&Type=search", "url2": "http://www.nichiigakkan.co.jp" }, "geometry": { "type": "Point", "coordinates": [ 136.5209827, 34.5607863 ] } },
{ "type": "Feature", "properties": { "内容": "デイサービスセンター　ルミナス嬉野【通所介護】松阪市嬉野中川町1528-101", "url": "https://www.kaigokensaku.mhlw.go.jp/24/index.php?action_kouhyou_detail_004_kani=true&JigyosyoCd=2470704277-00&ServiceCd=150&Type=search", "url2": "http://www.akeai.or.jp/" }, "geometry": { "type": "Point", "coordinates": [ 136.476533122615052, 34.624813900000014 ] } },
{ "type": "Feature", "properties": { "内容": "吉祥苑デイサービスセンター【通所介護】三重県松阪市鎌田町275番地1", "url": "https://www.kaigokensaku.mhlw.go.jp/24/index.php?action_kouhyou_detail_004_kani=true&JigyosyoCd=2470700085-00&ServiceCd=150&Type=search", "url2": "http://www.sumire-kai.or.jp" }, "geometry": { "type": "Point", "coordinates": [ 136.536339, 34.5822543 ] } },
{ "type": "Feature", "properties": { "内容": "デイサービス　パインアップル【通所介護】三重県松阪市小阿坂町字下山見３２００番地", "url": "https://www.kaigokensaku.mhlw.go.jp/24/index.php?action_kouhyou_detail_004_kani=true&JigyosyoCd=2470703154-00&ServiceCd=150&Type=search", "url2": null }, "geometry": { "type": "Point", "coordinates": [ 136.467369175640869, 34.58982949363623 ] } },
{ "type": "Feature", "properties": { "内容": "デイサービスセンターやまさくら【通所介護】田村町235番地1", "url": "https://www.kaigokensaku.mhlw.go.jp/24/index.php?action_kouhyou_detail_004_kani=true&JigyosyoCd=2470704095-00&ServiceCd=150&Type=search", "url2": "http://www.midori-nomori.com/" }, "geometry": { "type": "Point", "coordinates": [ 136.512503764074893, 34.556997979550765 ] } },
{ "type": "Feature", "properties": { "内容": "協和苑通所介護事業所【通所介護】松阪市上川町３８２１番２", "url": "https://www.kaigokensaku.mhlw.go.jp/24/index.php?action_kouhyou_detail_004_kani=true&JigyosyoCd=2470700366-00&ServiceCd=150&Type=search", "url2": "http://miekf.com" }, "geometry": { "type": "Point", "coordinates": [ 136.5491194, 34.5484111 ] } },
{ "type": "Feature", "properties": { "内容": "デイサービスセンターなでしこ苑【通所介護】三重県松阪市川井町字中道53番地4", "url": "https://www.kaigokensaku.mhlw.go.jp/24/index.php?action_kouhyou_detail_004_kani=true&JigyosyoCd=2470700309-00&ServiceCd=150&Type=search", "url2": "http://www.nadesicoen.com/" }, "geometry": { "type": "Point", "coordinates": [ 136.511891308260942, 34.583725262326126 ] } },
{ "type": "Feature", "properties": { "内容": "老人デイサービスセンターたいよう【通所介護】三重県松阪市川井町１３５４－１", "url": "https://www.kaigokensaku.mhlw.go.jp/24/index.php?action_kouhyou_detail_004_kani=true&JigyosyoCd=2470700861-00&ServiceCd=150&Type=search", "url2": "http://www.sawayaka-well.jp/" }, "geometry": { "type": "Point", "coordinates": [ 136.525945299999989, 34.5876699 ] } },
{ "type": "Feature", "properties": { "内容": "松阪社協嬉野支所　通所介護事業所【通所介護】三重県松阪市嬉野権現前町423－9", "url": "https://www.kaigokensaku.mhlw.go.jp/24/index.php?action_kouhyou_detail_004_kani=true&JigyosyoCd=2472500053-00&ServiceCd=150&Type=search", "url2": "http://www.matsusakawel.com" }, "geometry": { "type": "Point", "coordinates": [ 136.480952300000013, 34.6232904 ] } },
{ "type": "Feature", "properties": { "内容": "南勢カトリックデイサービスセンター【通所介護】三重県松阪市小阿坂町1988-6", "url": "https://www.kaigokensaku.mhlw.go.jp/24/index.php?action_kouhyou_detail_004_kani=true&JigyosyoCd=2470700267-00&ServiceCd=150&Type=search", "url2": "http://nankato.or.jp/" }, "geometry": { "type": "Point", "coordinates": [ 136.473609399999987, 34.5779665 ] } },
{ "type": "Feature", "properties": { "内容": "老人デイサービスセンターさわやか苑【通所介護】三重県松阪市西黒部町3728-1", "url": "https://www.kaigokensaku.mhlw.go.jp/24/index.php?action_kouhyou_detail_004_kani=true&JigyosyoCd=2470700408-00&ServiceCd=150&Type=search", "url2": "http://www.sawayaka-well.jp/" }, "geometry": { "type": "Point", "coordinates": [ 136.563683699999956, 34.5845078 ] } },
{ "type": "Feature", "properties": { "内容": "アサヒビハーラ通所介護事業所【通所介護】三重県松阪市駅部田町２０８番地", "url": "https://www.kaigokensaku.mhlw.go.jp/24/index.php?action_kouhyou_detail_004_kani=true&JigyosyoCd=2470701471-00&ServiceCd=150&Type=search", "url2": "http://www.ma.mctv.ne.jp/~biha_ra/topimage.html" }, "geometry": { "type": "Point", "coordinates": [ 136.529057, 34.5604617 ] } },
{ "type": "Feature", "properties": { "内容": "百花苑デイサービスセンター【通所介護】松阪市井村町277－1", "url": "https://www.kaigokensaku.mhlw.go.jp/24/index.php?action_kouhyou_detail_004_kani=true&JigyosyoCd=2470702271-00&ServiceCd=150&Type=search", "url2": "http://www.sumire-kai.or.jp" }, "geometry": { "type": "Point", "coordinates": [ 136.5117692, 34.5763149 ] } },
{ "type": "Feature", "properties": { "内容": "デイサービスセンターみもざ【通所介護】三重県松阪市中林町431", "url": "https://www.kaigokensaku.mhlw.go.jp/24/index.php?action_kouhyou_detail_004_kani=true&JigyosyoCd=2470704301-00&ServiceCd=150&Type=search", "url2": "www.midori-nomori.com/" }, "geometry": { "type": "Point", "coordinates": [ 136.5118075, 34.6320993 ] } },
{ "type": "Feature", "properties": { "内容": "シンシア嬉野デイサービス【通所介護】三重県松阪市嬉野町1475-8", "url": "https://www.kaigokensaku.mhlw.go.jp/24/index.php?action_kouhyou_detail_004_kani=true&JigyosyoCd=2470701679-00&ServiceCd=150&Type=search", "url2": "http://www.sincere-gri.com" }, "geometry": { "type": "Point", "coordinates": [ 136.4807634, 34.6252346 ] } },
{ "type": "Feature", "properties": { "内容": "デイサービス西井【通所介護】松阪市曽原町８１３－１", "url": "https://www.kaigokensaku.mhlw.go.jp/24/index.php?action_kouhyou_detail_004_kani=true&JigyosyoCd=2472500327-00&ServiceCd=150&Type=search", "url2": "http://nishii-hospital.com/" }, "geometry": { "type": "Point", "coordinates": [ 136.517969900000026, 34.6310129 ] } },
{ "type": "Feature", "properties": { "内容": "うさぎ　通所介護事業所【通所介護】松阪市射和町644-2", "url": "https://www.kaigokensaku.mhlw.go.jp/24/index.php?action_kouhyou_detail_004_kani=true&JigyosyoCd=2470700994-00&ServiceCd=150&Type=search", "url2": null }, "geometry": { "type": "Point", "coordinates": [ 136.535302499999943, 34.5067099 ] } },
{ "type": "Feature", "properties": { "内容": "伊勢寺デイサービスぬくもりの家【通所介護】三重県松阪市伊勢寺町2011番地", "url": "https://www.kaigokensaku.mhlw.go.jp/24/index.php?action_kouhyou_detail_004_kani=true&JigyosyoCd=2470703329-00&ServiceCd=150&Type=search", "url2": "http://www.nankato.or.jp/index" }, "geometry": { "type": "Point", "coordinates": [ 136.472526199999947, 34.5679978 ] } },
{ "type": "Feature", "properties": { "内容": "デイサービスセンター「ワークス」【通所介護】舞出町468番地4", "url": "https://www.kaigokensaku.mhlw.go.jp/24/index.php?action_kouhyou_detail_004_kani=true&JigyosyoCd=2470702370-00&ServiceCd=150&Type=search", "url2": "https://www.mie-kouseikai.com" }, "geometry": { "type": "Point", "coordinates": [ 136.497703176721188, 34.643229186461753 ] } },
{ "type": "Feature", "properties": { "内容": "ツクイ松阪船江【通所介護】三重県松阪市船江町508-9", "url": "https://www.kaigokensaku.mhlw.go.jp/24/index.php?action_kouhyou_detail_004_kani=true&JigyosyoCd=2470703824-00&ServiceCd=150&Type=search", "url2": "matsusaka－hunae＠tukui．net" }, "geometry": { "type": "Point", "coordinates": [ 136.520418, 34.585774 ] } },
{ "type": "Feature", "properties": { "内容": "通所デイサービスセンターむつみ園【通所介護】松阪市嬉野須賀領町　475-1", "url": "https://www.kaigokensaku.mhlw.go.jp/24/index.php?action_kouhyou_detail_004_kani=true&JigyosyoCd=2472500277-00&ServiceCd=150&Type=search", "url2": "http://www.mutsumifukusikai-mie.com" }, "geometry": { "type": "Point", "coordinates": [ 136.485784795106468, 34.616058400283208 ] } },
{ "type": "Feature", "properties": { "内容": "デイサービスセンター木の香【通所介護】三重県松阪市鎌田町58番地3", "url": "https://www.kaigokensaku.mhlw.go.jp/24/index.php?action_kouhyou_detail_004_kani=true&JigyosyoCd=2470703378-00&ServiceCd=150&Type=search", "url2": "http://kinoka-life.com" }, "geometry": { "type": "Point", "coordinates": [ 136.534886300000039, 34.5836207 ] } },
{ "type": "Feature", "properties": { "内容": "デイサービス　憩家【通所介護】三重県松阪市舞出町547番地6", "url": "https://www.kaigokensaku.mhlw.go.jp/24/index.php?action_kouhyou_detail_004_kani=true&JigyosyoCd=2470704079-00&ServiceCd=150&Type=search", "url2": null }, "geometry": { "type": "Point", "coordinates": [ 136.498885699999988, 34.6432203 ] } },
{ "type": "Feature", "properties": { "内容": "お元気デイサービスcocoRo【通所介護】三重県松阪市鎌田町677-15", "url": "https://www.kaigokensaku.mhlw.go.jp/24/index.php?action_kouhyou_detail_004_kani=true&JigyosyoCd=2470702800-00&ServiceCd=150&Type=search", "url2": "http://www.fukujima.jp/" }, "geometry": { "type": "Point", "coordinates": [ 136.5397719, 34.5852708 ] } },
{ "type": "Feature", "properties": { "内容": "ひまわりデイサービス【通所介護】久保町1855-1654", "url": "https://www.kaigokensaku.mhlw.go.jp/24/index.php?action_kouhyou_detail_004_kani=true&JigyosyoCd=2470700010-00&ServiceCd=150&Type=search", "url2": null }, "geometry": { "type": "Point", "coordinates": [ 136.532185537538339, 34.545961574876834 ] } },
{ "type": "Feature", "properties": { "内容": "デイサービス第二ほてい【通所介護】三重県松阪市市場庄町字桑原1087－2", "url": "https://www.kaigokensaku.mhlw.go.jp/24/index.php?action_kouhyou_detail_004_kani=true&JigyosyoCd=2470702966-00&ServiceCd=150&Type=search", "url2": null }, "geometry": { "type": "Point", "coordinates": [ 136.515673600000014, 34.6071289 ] } },
{ "type": "Feature", "properties": { "内容": "デイサ－ビスセンタ－　　「フロ－ラ」【通所介護】三重県松阪市山室町690-2ローマリンダ", "url": "https://www.kaigokensaku.mhlw.go.jp/24/index.php?action_kouhyou_detail_004_kani=true&JigyosyoCd=2470701539-00&ServiceCd=150&Type=search", "url2": "roma-r@mctv.ne.jp" }, "geometry": { "type": "Point", "coordinates": [ 136.502296500000057, 34.5299505 ] } },
{ "type": "Feature", "properties": { "内容": "デイサービスメディカルガーデン松阪【通所介護】三重県松阪市大津町849番地メディカルガーデン松阪", "url": "https://www.kaigokensaku.mhlw.go.jp/24/index.php?action_kouhyou_detail_004_kani=true&JigyosyoCd=2470702446-00&ServiceCd=150&Type=search", "url2": "https://m.mg-shima.jp" }, "geometry": { "type": "Point", "coordinates": [ 136.549553274235507, 34.566553031500135 ] } },
{ "type": "Feature", "properties": { "内容": "松阪社協三雲支所通所介護事業所【通所介護】三重県松阪市曽原町2678", "url": "https://www.kaigokensaku.mhlw.go.jp/24/index.php?action_kouhyou_detail_004_kani=true&JigyosyoCd=2472500079-00&ServiceCd=150&Type=search", "url2": "https://matsusakawel.com/" }, "geometry": { "type": "Point", "coordinates": [ 136.5309856, 34.6252803 ] } },
{ "type": "Feature", "properties": { "内容": "デイサービス　のろま倶楽部【通所介護】三重県松阪市小片野町４０６－１", "url": "https://www.kaigokensaku.mhlw.go.jp/24/index.php?action_kouhyou_detail_004_kani=true&JigyosyoCd=2470703444-00&ServiceCd=150&Type=search", "url2": "http://www.noroma-c.com/noroma.html" }, "geometry": { "type": "Point", "coordinates": [ 136.44723137672122, 34.479546915308838 ] } },
{ "type": "Feature", "properties": { "内容": "松阪社協飯南支所通所介護事業所【通所介護】三重県松阪市飯南町横野885番地多世代交流センターいいなん内", "url": "https://www.kaigokensaku.mhlw.go.jp/24/index.php?action_kouhyou_detail_004_kani=true&JigyosyoCd=2472600010-00&ServiceCd=150&Type=search", "url2": "http://matsusakawel.com" }, "geometry": { "type": "Point", "coordinates": [ 136.394793970639057, 34.471792571416294 ] } },
{ "type": "Feature", "properties": { "内容": "メイショウデイサービスセンター【通所介護】桑名市五反田1135-1", "url": "https://www.kaigokensaku.mhlw.go.jp/24/index.php?action_kouhyou_detail_004_kani=true&JigyosyoCd=2470102290-00&ServiceCd=150&Type=search", "url2": "-" }, "geometry": { "type": "Point", "coordinates": [ 136.613777662927504, 35.07173904405515 ] } },
{ "type": "Feature", "properties": { "内容": "デイサービスセンターソレイユ西別所【通所介護】三重県桑名市大字増田595番地デイサービスセンターソレイユ西別所", "url": "https://www.kaigokensaku.mhlw.go.jp/24/index.php?action_kouhyou_detail_004_kani=true&JigyosyoCd=2470102514-00&ServiceCd=150&Type=search", "url2": "httas://active4165.com/" }, "geometry": { "type": "Point", "coordinates": [ 136.650336399999986, 35.058421 ] } },
{ "type": "Feature", "properties": { "内容": "デイサービスセンター　結い【通所介護】桑名市西別所1842番地3", "url": "https://www.kaigokensaku.mhlw.go.jp/24/index.php?action_kouhyou_detail_004_kani=true&JigyosyoCd=2470101789-00&ServiceCd=150&Type=search", "url2": "http://dayservicecenter-yui.jp/" }, "geometry": { "type": "Point", "coordinates": [ 136.663041262416556, 35.060956716894225 ] } },
{ "type": "Feature", "properties": { "内容": "ディサービスセンターソレイユ西別所【通所介護】三重県桑名市増田５９５番地", "url": "https://www.kaigokensaku.mhlw.go.jp/24/index.php?action_kouhyou_detail_004_kani=true&JigyosyoCd=2470102738-00&ServiceCd=150&Type=search", "url2": null }, "geometry": { "type": "Point", "coordinates": [ 136.650373300000012, 35.0584263 ] } },
{ "type": "Feature", "properties": { "内容": "やすらぎデイサービスセンター【通所介護】城山台51", "url": "https://www.kaigokensaku.mhlw.go.jp/24/index.php?action_kouhyou_detail_004_kani=true&JigyosyoCd=2470102308-00&ServiceCd=150&Type=search", "url2": null }, "geometry": { "type": "Point", "coordinates": [ 136.655755499999941, 35.0509718 ] } },
{ "type": "Feature", "properties": { "内容": "多度デイサービスセンターすこやか【通所介護】三重県桑名市多度町多度一丁目1番地1多度すこやかセンター", "url": "https://www.kaigokensaku.mhlw.go.jp/24/index.php?action_kouhyou_detail_004_kani=true&JigyosyoCd=2472000013-00&ServiceCd=150&Type=search", "url2": "http://www.kuwana-shakyo.com/" }, "geometry": { "type": "Point", "coordinates": [ 136.631408599999986, 35.1322385 ] } },
{ "type": "Feature", "properties": { "内容": "デイサービスセンターたんとんとん【通所介護】桑名市長島町横満蔵５７３番地", "url": "https://www.kaigokensaku.mhlw.go.jp/24/index.php?action_kouhyou_detail_004_kani=true&JigyosyoCd=2470101730-00&ServiceCd=150&Type=search", "url2": "http://www.apatheia.jp/tantonton/index.html" }, "geometry": { "type": "Point", "coordinates": [ 136.722354600000017, 35.0518187 ] } },
{ "type": "Feature", "properties": { "内容": "通所介護ふれあい【通所介護】三重県桑名市大字桑部614-1", "url": "https://www.kaigokensaku.mhlw.go.jp/24/index.php?action_kouhyou_detail_004_kani=true&JigyosyoCd=2470102829-00&ServiceCd=150&Type=search", "url2": null }, "geometry": { "type": "Point", "coordinates": [ 136.652498590213014, 35.051776781398075 ] } },
{ "type": "Feature", "properties": { "内容": "すずらん寿楽の家デイサービスセンター【通所介護】三重県桑名市大字下深谷部４４７番地１", "url": "https://www.kaigokensaku.mhlw.go.jp/24/index.php?action_kouhyou_detail_004_kani=true&JigyosyoCd=2470100559-00&ServiceCd=150&Type=search", "url2": null }, "geometry": { "type": "Point", "coordinates": [ 136.670742300000029, 35.0934348 ] } },
{ "type": "Feature", "properties": { "内容": "すずらんの家デイサービスセンター【通所介護】桑名市下深谷部山之原４２０番地１", "url": "https://www.kaigokensaku.mhlw.go.jp/24/index.php?action_kouhyou_detail_004_kani=true&JigyosyoCd=2470100740-00&ServiceCd=150&Type=search", "url2": null }, "geometry": { "type": "Point", "coordinates": [ 136.670100600000069, 35.0971677 ] } },
{ "type": "Feature", "properties": { "内容": "デイサービスセンター　木もれび【通所介護】三重県桑名市桑部2533-3", "url": "https://www.kaigokensaku.mhlw.go.jp/24/index.php?action_kouhyou_detail_004_kani=true&JigyosyoCd=2470100849-00&ServiceCd=150&Type=search", "url2": null }, "geometry": { "type": "Point", "coordinates": [ 136.656936, 35.0477527 ] } },
{ "type": "Feature", "properties": { "内容": "こころデイサービスセンター【通所介護】三重県桑名市大字稗田字柳944番地", "url": "https://www.kaigokensaku.mhlw.go.jp/24/index.php?action_kouhyou_detail_004_kani=true&JigyosyoCd=2470101516-00&ServiceCd=150&Type=search", "url2": null }, "geometry": { "type": "Point", "coordinates": [ 136.683803, 35.0622161 ] } },
{ "type": "Feature", "properties": { "内容": "社会福祉法人　桑名市社会福祉協議会　桑名北部老人福祉センター　デイサービス【通所介護】三重県桑名市下深谷部4960番地10", "url": "https://www.kaigokensaku.mhlw.go.jp/24/index.php?action_kouhyou_detail_004_kani=true&JigyosyoCd=2470100286-00&ServiceCd=150&Type=search", "url2": "http://www.kuwana-shakyo.com/index.php" }, "geometry": { "type": "Point", "coordinates": [ 136.666025799999943, 35.1027144 ] } },
{ "type": "Feature", "properties": { "内容": "三交ウェルフェア桑名事業所【通所介護】三重県桑名市明正町77番地1", "url": "https://www.kaigokensaku.mhlw.go.jp/24/index.php?action_kouhyou_detail_004_kani=true&JigyosyoCd=2470102316-00&ServiceCd=150&Type=search", "url2": "http://www.sanco-welfare.co.jp" }, "geometry": { "type": "Point", "coordinates": [ 136.677086528836043, 35.058513744356034 ] } },
{ "type": "Feature", "properties": { "内容": "グリーンパーク【通所介護】大字矢田413番地の1", "url": "https://www.kaigokensaku.mhlw.go.jp/24/index.php?action_kouhyou_detail_004_kani=true&JigyosyoCd=2470101714-00&ServiceCd=150&Type=search", "url2": null }, "geometry": { "type": "Point", "coordinates": [ 136.67160130000002, 35.058355 ] } },
{ "type": "Feature", "properties": { "内容": "デイサービス　満天星【通所介護】桑名市大字星川800番地1", "url": "https://www.kaigokensaku.mhlw.go.jp/24/index.php?action_kouhyou_detail_004_kani=true&JigyosyoCd=2470101680-00&ServiceCd=150&Type=search", "url2": "http://humancarestationmie.com" }, "geometry": { "type": "Point", "coordinates": [ 136.626654499999972, 35.0667613 ] } },
{ "type": "Feature", "properties": { "内容": "長島デイサービスセンターほほえみ【通所介護】三重県桑名市長島町松ヶ島６６番地桑名市長島デイサービスセンター", "url": "https://www.kaigokensaku.mhlw.go.jp/24/index.php?action_kouhyou_detail_004_kani=true&JigyosyoCd=2472000047-00&ServiceCd=150&Type=search", "url2": "http://www.kuwana-syakyo.com/" }, "geometry": { "type": "Point", "coordinates": [ 136.699834199999941, 35.087389 ] } },
{ "type": "Feature", "properties": { "内容": "老人デイサービスセンター　いこい【通所介護】三重県桑名市大字西金井字村中170番地", "url": "https://www.kaigokensaku.mhlw.go.jp/24/index.php?action_kouhyou_detail_004_kani=true&JigyosyoCd=2470100310-00&ServiceCd=150&Type=search", "url2": "http://www.ikoi-mie.com" }, "geometry": { "type": "Point", "coordinates": [ 136.683803, 35.0622161 ] } },
{ "type": "Feature", "properties": { "内容": "有限会社　通所介護　ほほえみ【通所介護】三重県桑名市大字桑部八左衛門新田1079-1", "url": "https://www.kaigokensaku.mhlw.go.jp/24/index.php?action_kouhyou_detail_004_kani=true&JigyosyoCd=2470100773-00&ServiceCd=150&Type=search", "url2": "https://hohoemi-g.com/" }, "geometry": { "type": "Point", "coordinates": [ 136.647544899999957, 35.0515939 ] } },
{ "type": "Feature", "properties": { "内容": "通所介護ほほえみ山の華【通所介護】三重県桑名市桑部山ヶ鼻1456-2", "url": "https://www.kaigokensaku.mhlw.go.jp/24/index.php?action_kouhyou_detail_004_kani=true&JigyosyoCd=2470101011-00&ServiceCd=150&Type=search", "url2": "https://hohoemi-g.com" }, "geometry": { "type": "Point", "coordinates": [ 136.644648114263873, 35.049999769394041 ] } },
{ "type": "Feature", "properties": { "内容": "ケアパーク和月デイサービスセンター【通所介護】三重県桑名市太夫123番地2", "url": "https://www.kaigokensaku.mhlw.go.jp/24/index.php?action_kouhyou_detail_004_kani=true&JigyosyoCd=2470101110-00&ServiceCd=150&Type=search", "url2": "http://care-sweet.com" }, "geometry": { "type": "Point", "coordinates": [ 136.66738220000002, 35.0645543 ] } },
{ "type": "Feature", "properties": { "内容": "お元気デイサービスエクセレントくわな【通所介護】三重県桑名市大字福島1000番地1", "url": "https://www.kaigokensaku.mhlw.go.jp/24/index.php?action_kouhyou_detail_004_kani=true&JigyosyoCd=2470101383-00&ServiceCd=150&Type=search", "url2": "http://www.fukujima.jp" }, "geometry": { "type": "Point", "coordinates": [ 136.688102500000014, 35.0730846 ] } },
{ "type": "Feature", "properties": { "内容": "在宅総合ステーションデイサービスいがまち【通所介護】桑名市伊賀町55-1在宅総合ステーションいがまち", "url": "https://www.kaigokensaku.mhlw.go.jp/24/index.php?action_kouhyou_detail_004_kani=true&JigyosyoCd=2470101565-00&ServiceCd=150&Type=search", "url2": "http://www.mie-hewcoop.jp/index.html" }, "geometry": { "type": "Point", "coordinates": [ 136.698407, 35.0599807 ] } },
{ "type": "Feature", "properties": { "内容": "老人デイサービス事業所　ソフトハウス【通所介護】三重県桑名市多度町福永字西福永440番48", "url": "https://www.kaigokensaku.mhlw.go.jp/24/index.php?action_kouhyou_detail_004_kani=true&JigyosyoCd=2472000187-00&ServiceCd=150&Type=search", "url2": "http:/softhouse.jp/" }, "geometry": { "type": "Point", "coordinates": [ 136.648608551590002, 35.145030398224371 ] } },
{ "type": "Feature", "properties": { "内容": "医療法人　普照会　もりえい病院【通所介護】桑名市内堀28-1", "url": "https://www.kaigokensaku.mhlw.go.jp/24/index.php?action_kouhyou_detail_004_kani=true&JigyosyoCd=2410105569-00&ServiceCd=150&Type=search", "url2": "http://www.moriei.jp" }, "geometry": { "type": "Point", "coordinates": [ 136.693638100000044, 35.0625997 ] } },
{ "type": "Feature", "properties": { "内容": "ニチイケアセンター桑名【通所介護】三重県桑名市東方3139", "url": "https://www.kaigokensaku.mhlw.go.jp/24/index.php?action_kouhyou_detail_004_kani=true&JigyosyoCd=2470100393-00&ServiceCd=150&Type=search", "url2": "http://www.nichiigakkan.co.jp" }, "geometry": { "type": "Point", "coordinates": [ 136.677447900000061, 35.0744592 ] } },
{ "type": "Feature", "properties": { "内容": "らいふスクウェアれんげの里【通所介護】桑名市蓮花寺1322-2", "url": "https://www.kaigokensaku.mhlw.go.jp/24/index.php?action_kouhyou_detail_004_kani=true&JigyosyoCd=2470101136-00&ServiceCd=150&Type=search", "url2": "http://renge-sato.com" }, "geometry": { "type": "Point", "coordinates": [ 136.651993738375836, 35.068480099633703 ] } },
{ "type": "Feature", "properties": { "内容": "デイサービス　たんぽぽの里城南【通所介護】桑名市小貝須1077－3", "url": "https://www.kaigokensaku.mhlw.go.jp/24/index.php?action_kouhyou_detail_004_kani=true&JigyosyoCd=2470101037-00&ServiceCd=150&Type=search", "url2": null }, "geometry": { "type": "Point", "coordinates": [ 136.700068099999953, 35.0476542 ] } },
{ "type": "Feature", "properties": { "内容": "リハビリデイサービスよなは【通所介護】三重県桑名市星見ヶ丘7丁目121ヨナハ在宅ケアセンター星見ヶ丘", "url": "https://www.kaigokensaku.mhlw.go.jp/24/index.php?action_kouhyou_detail_004_kani=true&JigyosyoCd=2470101763-00&ServiceCd=150&Type=search", "url2": "https://yonaha.or.jp/zc/rihaday.html" }, "geometry": { "type": "Point", "coordinates": [ 136.635548400000062, 35.0666476 ] } },
{ "type": "Feature", "properties": { "内容": "おおえのき接骨院デイサービス稲生【通所介護】稲生町5096番地", "url": "https://www.kaigokensaku.mhlw.go.jp/24/index.php?action_kouhyou_detail_004_kani=true&JigyosyoCd=2470303245-00&ServiceCd=150&Type=search", "url2": "http://www.ohenoki.com" }, "geometry": { "type": "Point", "coordinates": [ 136.55595059999996, 34.8438662 ] } },
{ "type": "Feature", "properties": { "内容": "デイサービスセンターLapin【通所介護】三重県鈴鹿市三宅町1700番地", "url": "https://www.kaigokensaku.mhlw.go.jp/24/index.php?action_kouhyou_detail_004_kani=true&JigyosyoCd=2470303898-00&ServiceCd=150&Type=search", "url2": null }, "geometry": { "type": "Point", "coordinates": [ 136.5066171, 34.8184203 ] } },
{ "type": "Feature", "properties": { "内容": "デイサービス　えにし【通所介護】三重県鈴鹿市長太旭町２丁目５番２９号", "url": "https://www.kaigokensaku.mhlw.go.jp/24/index.php?action_kouhyou_detail_004_kani=true&JigyosyoCd=2470301876-00&ServiceCd=150&Type=search", "url2": "http://enish.org" }, "geometry": { "type": "Point", "coordinates": [ 136.62565010000003, 34.8964876 ] } },
{ "type": "Feature", "properties": { "内容": "デイサービスセンター伊勢マリンホーム白子【通所介護】鈴鹿市白子町字ハサマ1976番１", "url": "https://www.kaigokensaku.mhlw.go.jp/24/index.php?action_kouhyou_detail_004_kani=true&JigyosyoCd=2470300811-00&ServiceCd=150&Type=search", "url2": "day-siroko＠isemarin.jp" }, "geometry": { "type": "Point", "coordinates": [ 136.577214637504511, 34.839492747120488 ] } },
{ "type": "Feature", "properties": { "内容": "第1通所介護センター鈴鹿シルバーケア豊壽園【通所介護】三重県鈴鹿市東磯山2丁目５番１号", "url": "https://www.kaigokensaku.mhlw.go.jp/24/index.php?action_kouhyou_detail_004_kani=true&JigyosyoCd=2470302643-00&ServiceCd=150&Type=search", "url2": "ｈｔｔｐ：//ｗｗｗ.sensin.or.jp/" }, "geometry": { "type": "Point", "coordinates": [ 136.573433300000033, 34.8124174 ] } },
{ "type": "Feature", "properties": { "内容": "ふるさと【通所介護】鈴鹿市算所3丁目21-23", "url": "https://www.kaigokensaku.mhlw.go.jp/24/index.php?action_kouhyou_detail_004_kani=true&JigyosyoCd=2470303195-00&ServiceCd=150&Type=search", "url2": "https://furusatonoie.jimdosite.com/" }, "geometry": { "type": "Point", "coordinates": [ 136.548127900000054, 34.8763323 ] } },
{ "type": "Feature", "properties": { "内容": "ニチイケアセンター鈴鹿【通所介護】三重県鈴鹿市南江島12番20号", "url": "https://www.kaigokensaku.mhlw.go.jp/24/index.php?action_kouhyou_detail_004_kani=true&JigyosyoCd=2470302411-00&ServiceCd=150&Type=search", "url2": "http://.nichiigakkan.co.jp" }, "geometry": { "type": "Point", "coordinates": [ 136.59175879999998, 34.8395565 ] } },
{ "type": "Feature", "properties": { "内容": "デイサービス　なごみ【通所介護】三重県鈴鹿市南若松町４８８番地", "url": "https://www.kaigokensaku.mhlw.go.jp/24/index.php?action_kouhyou_detail_004_kani=true&JigyosyoCd=2470301694-00&ServiceCd=150&Type=search", "url2": null }, "geometry": { "type": "Point", "coordinates": [ 136.611679500000037, 34.8508438 ] } },
{ "type": "Feature", "properties": { "内容": "デイサービスゴールドエイジ伊船【通所介護】三重県鈴鹿市伊船町2942－1", "url": "https://www.kaigokensaku.mhlw.go.jp/24/index.php?action_kouhyou_detail_004_kani=true&JigyosyoCd=2470303120-00&ServiceCd=150&Type=search", "url2": null }, "geometry": { "type": "Point", "coordinates": [ 136.47920709999994, 34.9292845 ] } },
{ "type": "Feature", "properties": { "内容": "デイサービスなごみとくすい【通所介護】三重県鈴鹿市徳居町４１４番地", "url": "https://www.kaigokensaku.mhlw.go.jp/24/index.php?action_kouhyou_detail_004_kani=true&JigyosyoCd=2470303468-00&ServiceCd=150&Type=search", "url2": null }, "geometry": { "type": "Point", "coordinates": [ 136.511851299999989, 34.8199626 ] } },
{ "type": "Feature", "properties": { "内容": "デイサービス　あおぞら【通所介護】三重県鈴鹿市稲生四丁目4878番2", "url": "https://www.kaigokensaku.mhlw.go.jp/24/index.php?action_kouhyou_detail_004_kani=true&JigyosyoCd=2470303260-00&ServiceCd=150&Type=search", "url2": "https://tamada-group.jp/" }, "geometry": { "type": "Point", "coordinates": [ 136.562950699999988, 34.8408775 ] } },
{ "type": "Feature", "properties": { "内容": "デイサービス富士山【通所介護】国府町943-3", "url": "https://www.kaigokensaku.mhlw.go.jp/24/index.php?action_kouhyou_detail_004_kani=true&JigyosyoCd=2470303591-00&ServiceCd=150&Type=search", "url2": "mamemame.co.jp" }, "geometry": { "type": "Point", "coordinates": [ 136.498570731352231, 34.857513565618198 ] } },
{ "type": "Feature", "properties": { "内容": "デイサービスセンター未来【通所介護】三重県鈴鹿市平田１丁目２番８号", "url": "https://www.kaigokensaku.mhlw.go.jp/24/index.php?action_kouhyou_detail_004_kani=true&JigyosyoCd=2470300886-00&ServiceCd=150&Type=search", "url2": null }, "geometry": { "type": "Point", "coordinates": [ 136.539353600000027, 34.8744244 ] } },
{ "type": "Feature", "properties": { "内容": "デイサービスセンター鈴鹿清寿苑【通所介護】三重県鈴鹿市石薬師町字西裏2081-1鈴鹿清寿苑", "url": "https://www.kaigokensaku.mhlw.go.jp/24/index.php?action_kouhyou_detail_004_kani=true&JigyosyoCd=2470302973-00&ServiceCd=150&Type=search", "url2": "http://www.keyakien.jp/" }, "geometry": { "type": "Point", "coordinates": [ 136.544709097978171, 34.904979567626405 ] } },
{ "type": "Feature", "properties": { "内容": "デイサービスプラージュ【通所介護】三重県鈴鹿市南若松町429番17号プラージュなごみ", "url": "https://www.kaigokensaku.mhlw.go.jp/24/index.php?action_kouhyou_detail_004_kani=true&JigyosyoCd=2470303344-00&ServiceCd=150&Type=search", "url2": null }, "geometry": { "type": "Point", "coordinates": [ 136.610624881089734, 34.850082370131695 ] } },
{ "type": "Feature", "properties": { "内容": "デイサービス　シトリン【通所介護】三重県鈴鹿市江島町3916番地", "url": "https://www.kaigokensaku.mhlw.go.jp/24/index.php?action_kouhyou_detail_004_kani=true&JigyosyoCd=2470303633-00&ServiceCd=150&Type=search", "url2": "https://www.3leaves.co.jp/nHome_citrin01.html" }, "geometry": { "type": "Point", "coordinates": [ 136.585901458058146, 34.842471765146804 ] } },
{ "type": "Feature", "properties": { "内容": "デイサービス陽だまり長屋鈴鹿【通所介護】三重県鈴鹿市秋永町大門2079番地", "url": "https://www.kaigokensaku.mhlw.go.jp/24/index.php?action_kouhyou_detail_004_kani=true&JigyosyoCd=2470301744-00&ServiceCd=150&Type=search", "url2": "http://hidamari.in/" }, "geometry": { "type": "Point", "coordinates": [ 136.549479428836094, 34.812450969098791 ] } },
{ "type": "Feature", "properties": { "内容": "通所介護事業所　ハートヒルすずか【通所介護】三重県鈴鹿市野村町１４８-１ハートヒルすずか", "url": "https://www.kaigokensaku.mhlw.go.jp/24/index.php?action_kouhyou_detail_004_kani=true&JigyosyoCd=2470300852-00&ServiceCd=150&Type=search", "url2": "www.heart-hill.or.jp/h_suzuka.html" }, "geometry": { "type": "Point", "coordinates": [ 136.5686346, 34.8352829 ] } },
{ "type": "Feature", "properties": { "内容": "デイサービスセンター　汐騒の詩【通所介護】三重県鈴鹿市岸岡町2973-2", "url": "https://www.kaigokensaku.mhlw.go.jp/24/index.php?action_kouhyou_detail_004_kani=true&JigyosyoCd=2470301439-00&ServiceCd=150&Type=search", "url2": "https://www.shiosaino-uta.com" }, "geometry": { "type": "Point", "coordinates": [ 136.603224599999976, 34.8483636 ] } },
{ "type": "Feature", "properties": { "内容": "伊勢マリンホームデイサービスセンター【通所介護】鈴鹿市南若松町字南新田2-1", "url": "https://www.kaigokensaku.mhlw.go.jp/24/index.php?action_kouhyou_detail_004_kani=true&JigyosyoCd=2470300225-00&ServiceCd=150&Type=search", "url2": "https://isemarin.jp/" }, "geometry": { "type": "Point", "coordinates": [ 136.600378091271182, 34.838898965102899 ] } },
{ "type": "Feature", "properties": { "内容": "みどりの鈴デイサービスセンター【通所介護】三重県鈴鹿市住吉町６７８３番４９", "url": "https://www.kaigokensaku.mhlw.go.jp/24/index.php?action_kouhyou_detail_004_kani=true&JigyosyoCd=2470303153-00&ServiceCd=150&Type=search", "url2": "https://kisshoukan.com/" }, "geometry": { "type": "Point", "coordinates": [ 136.535003452778597, 34.853184912300755 ] } },
{ "type": "Feature", "properties": { "内容": "デイサービスセンター鈴鹿けやき苑【通所介護】三重県鈴鹿市石薬師町字寺東452番地68鈴鹿けやき苑", "url": "https://www.kaigokensaku.mhlw.go.jp/24/index.php?action_kouhyou_detail_004_kani=true&JigyosyoCd=2470300423-00&ServiceCd=150&Type=search", "url2": "http://www.keyakien.jp/" }, "geometry": { "type": "Point", "coordinates": [ 136.55316433298799, 34.901804169730838 ] } },
{ "type": "Feature", "properties": { "内容": "太陽の家　デイサービスセンター【通所介護】三重県鈴鹿市西條町４９５番地の１", "url": "https://www.kaigokensaku.mhlw.go.jp/24/index.php?action_kouhyou_detail_004_kani=true&JigyosyoCd=2470301140-00&ServiceCd=150&Type=search", "url2": "http://taiyo-ie.com" }, "geometry": { "type": "Point", "coordinates": [ 136.5660547, 34.8752242 ] } },
{ "type": "Feature", "properties": { "内容": "デイサービスセンター　ルーエハイム【通所介護】三重県鈴鹿市長法寺町字権現７６３番地", "url": "https://www.kaigokensaku.mhlw.go.jp/24/index.php?action_kouhyou_detail_004_kani=true&JigyosyoCd=2470300068-00&ServiceCd=150&Type=search", "url2": "https://www.ruheheim.com" }, "geometry": { "type": "Point", "coordinates": [ 136.508556211419773, 34.826525353563689 ] } },
{ "type": "Feature", "properties": { "内容": "デイサービスセンター伊勢マリンホーム旭が丘【通所介護】鈴鹿市中旭が丘1-11-8", "url": "https://www.kaigokensaku.mhlw.go.jp/24/index.php?action_kouhyou_detail_004_kani=true&JigyosyoCd=2470301306-00&ServiceCd=150&Type=search", "url2": "day-asahi@isemarin.jp" }, "geometry": { "type": "Point", "coordinates": [ 136.569843799999944, 34.8488772 ] } },
{ "type": "Feature", "properties": { "内容": "優の里ロイヤル　デイサービスセンター【通所介護】三重県鈴鹿市東磯山二丁目9-1", "url": "https://www.kaigokensaku.mhlw.go.jp/24/index.php?action_kouhyou_detail_004_kani=true&JigyosyoCd=2470302270-00&ServiceCd=150&Type=search", "url2": null }, "geometry": { "type": "Point", "coordinates": [ 136.575173187360633, 34.81102067444963 ] } },
{ "type": "Feature", "properties": { "内容": "デイサービスセンター鈴鹿グリーンホーム【通所介護】三重県鈴鹿市深溝町字北林2956番地", "url": "https://www.kaigokensaku.mhlw.go.jp/24/index.php?action_kouhyou_detail_004_kani=true&JigyosyoCd=2470300332-00&ServiceCd=150&Type=search", "url2": "https://suzuka-greenhome.jp/" }, "geometry": { "type": "Point", "coordinates": [ 136.505925499999989, 34.935340600000025 ] } },
{ "type": "Feature", "properties": { "内容": "老人デイサービスセンターひまわり苑【通所介護】三重県鈴鹿市須賀一丁目28番23号", "url": "https://www.kaigokensaku.mhlw.go.jp/24/index.php?action_kouhyou_detail_004_kani=true&JigyosyoCd=2470300910-00&ServiceCd=150&Type=search", "url2": "http://www.murase.or.jp/youkoukai-web/" }, "geometry": { "type": "Point", "coordinates": [ 136.591381, 34.8857738 ] } },
{ "type": "Feature", "properties": { "内容": "デイサービスりんくモリシタ【通所介護】三重県鈴鹿市阿古曽町20番26号", "url": "https://www.kaigokensaku.mhlw.go.jp/24/index.php?action_kouhyou_detail_004_kani=true&JigyosyoCd=2470301660-00&ServiceCd=150&Type=search", "url2": "linkmorishita.com" }, "geometry": { "type": "Point", "coordinates": [ 136.543928400000027, 34.868072 ] } },
{ "type": "Feature", "properties": { "内容": "ケアサービス矢橋【通所介護】三重県鈴鹿市矢橋三丁目１６番１３号", "url": "https://www.kaigokensaku.mhlw.go.jp/24/index.php?action_kouhyou_detail_004_kani=true&JigyosyoCd=2470302312-00&ServiceCd=150&Type=search", "url2": "http://www.murase.or.jp" }, "geometry": { "type": "Point", "coordinates": [ 136.590989300000047, 34.8851461 ] } },
{ "type": "Feature", "properties": { "内容": "くすのき園通所介護事業所【通所介護】鈴鹿市若松西６丁目２８番１８号", "url": "https://www.kaigokensaku.mhlw.go.jp/24/index.php?action_kouhyou_detail_004_kani=true&JigyosyoCd=2470300464-00&ServiceCd=150&Type=search", "url2": "https://www.sunalix.co.jp/kusunokien/" }, "geometry": { "type": "Point", "coordinates": [ 136.612354099999948, 34.876572 ] } },
{ "type": "Feature", "properties": { "内容": "デイサービス　きらめき【通所介護】地子町字金生水620-1", "url": "https://www.kaigokensaku.mhlw.go.jp/24/index.php?action_kouhyou_detail_004_kani=true&JigyosyoCd=2470302171-00&ServiceCd=150&Type=search", "url2": "http://tennenkai.or.jp" }, "geometry": { "type": "Point", "coordinates": [ 136.561982899999947, 34.8664498 ] } },
{ "type": "Feature", "properties": { "内容": "ゴールドエイジ白子デイサービス【通所介護】鈴鹿市中江島町１８－３ゴールドエイジ白子", "url": "https://www.kaigokensaku.mhlw.go.jp/24/index.php?action_kouhyou_detail_004_kani=true&JigyosyoCd=2470302809-00&ServiceCd=150&Type=search", "url2": "http://www.goldage.co.jp" }, "geometry": { "type": "Point", "coordinates": [ 136.5927587, 34.8407675 ] } },
{ "type": "Feature", "properties": { "内容": "デイサービスセンターうの花【通所介護】三重県鈴鹿市石薬師町字青木1096", "url": "https://www.kaigokensaku.mhlw.go.jp/24/index.php?action_kouhyou_detail_004_kani=true&JigyosyoCd=2470301090-00&ServiceCd=150&Type=search", "url2": null }, "geometry": { "type": "Point", "coordinates": [ 136.546324700000014, 34.9033 ] } },
{ "type": "Feature", "properties": { "内容": "富士ライフケアネット株式会社　玉垣あんしん館　通所介護事業所【通所介護】三重県鈴鹿市南玉垣町5520番地", "url": "https://www.kaigokensaku.mhlw.go.jp/24/index.php?action_kouhyou_detail_004_kani=true&JigyosyoCd=2470301082-00&ServiceCd=150&Type=search", "url2": "http://www.fujielectric.co.jp/flcn/" }, "geometry": { "type": "Point", "coordinates": [ 136.580248500000039, 34.8601095 ] } },
{ "type": "Feature", "properties": { "内容": "さと和デイサービスセンター鈴鹿【通所介護】三重県鈴鹿市野町中２丁目22番12号", "url": "https://www.kaigokensaku.mhlw.go.jp/24/index.php?action_kouhyou_detail_004_kani=true&JigyosyoCd=2470302064-00&ServiceCd=150&Type=search", "url2": null }, "geometry": { "type": "Point", "coordinates": [ 136.564326553503406, 34.850145878830801 ] } },
{ "type": "Feature", "properties": { "内容": "さと和+デイサービス【通所介護】野町中2-18-10", "url": "https://www.kaigokensaku.mhlw.go.jp/24/index.php?action_kouhyou_detail_004_kani=true&JigyosyoCd=2470303351-00&ServiceCd=150&Type=search", "url2": "http://anjyu.co.jp" }, "geometry": { "type": "Point", "coordinates": [ 136.566624499999989, 34.8527572 ] } },
{ "type": "Feature", "properties": { "内容": "シンシア鈴鹿デイサービス【通所介護】三重県鈴鹿市三日市町977-1", "url": "https://www.kaigokensaku.mhlw.go.jp/24/index.php?action_kouhyou_detail_004_kani=true&JigyosyoCd=2470302825-00&ServiceCd=150&Type=search", "url2": "http//www.gri.co.jp" }, "geometry": { "type": "Point", "coordinates": [ 136.558838400000013, 34.8760184 ] } },
{ "type": "Feature", "properties": { "内容": "デイサービスセンター桜の森白子ホーム【通所介護】三重県鈴鹿市南玉垣町７３００－２", "url": "https://www.kaigokensaku.mhlw.go.jp/24/index.php?action_kouhyou_detail_004_kani=true&JigyosyoCd=2470303021-00&ServiceCd=150&Type=search", "url2": "http://www.shiroko-home.com/" }, "geometry": { "type": "Point", "coordinates": [ 136.585020703041096, 34.849334043173315 ] } },
{ "type": "Feature", "properties": { "内容": "鈴鹿インター（株）　さつきの里　通所介護事業所【通所介護】鈴鹿市伊船町北上の割2020-3", "url": "https://www.kaigokensaku.mhlw.go.jp/24/index.php?action_kouhyou_detail_004_kani=true&JigyosyoCd=2470301009-00&ServiceCd=150&Type=search", "url2": "http://www.suzuka-inter.jp/satuki/" }, "geometry": { "type": "Point", "coordinates": [ 136.496092194039875, 34.920434802383035 ] } },
{ "type": "Feature", "properties": { "内容": "希望の里たんぽぽ　通所介護【通所介護】三重県鈴鹿市道伯町２４０４", "url": "https://www.kaigokensaku.mhlw.go.jp/24/index.php?action_kouhyou_detail_004_kani=true&JigyosyoCd=2470301843-00&ServiceCd=150&Type=search", "url2": "http://kibou-tanpopo.jindo.com/" }, "geometry": { "type": "Point", "coordinates": [ 136.546061900000041, 34.8603894 ] } },
{ "type": "Feature", "properties": { "内容": "デイサービスリハビリスタジオリフィットプラス【通所介護】稲生町5549-2", "url": "https://www.kaigokensaku.mhlw.go.jp/24/index.php?action_kouhyou_detail_004_kani=true&JigyosyoCd=2470303419-00&ServiceCd=150&Type=search", "url2": "https://requalia.jimdo.com/" }, "geometry": { "type": "Point", "coordinates": [ 136.559569142867844, 34.845671466351632 ] } },
{ "type": "Feature", "properties": { "内容": "通所介護事業所　フレンドクラブ【通所介護】三重県鈴鹿市柳町1519番地の3", "url": "https://www.kaigokensaku.mhlw.go.jp/24/index.php?action_kouhyou_detail_004_kani=true&JigyosyoCd=2470300662-00&ServiceCd=150&Type=search", "url2": "htto://www.mecha.ne.jp/~fclub" }, "geometry": { "type": "Point", "coordinates": [ 136.596833299999957, 34.8762941 ] } },
{ "type": "Feature", "properties": { "内容": "デイサービスセンター　「大家族」【通所介護】鈴鹿市高岡町1820-1", "url": "https://www.kaigokensaku.mhlw.go.jp/24/index.php?action_kouhyou_detail_004_kani=true&JigyosyoCd=2470301611-00&ServiceCd=150&Type=search", "url2": "daikazoku.com" }, "geometry": { "type": "Point", "coordinates": [ 136.580059149259938, 34.907140376073244 ] } },
{ "type": "Feature", "properties": { "内容": "ゴールドエイジ三日市デイサービス【通所介護】三重県鈴鹿市三日市1978-1ゴールドエイジ三日市", "url": "https://www.kaigokensaku.mhlw.go.jp/24/index.php?action_kouhyou_detail_004_kani=true&JigyosyoCd=2470302965-00&ServiceCd=150&Type=search", "url2": "http://www.goldage.co.jp" }, "geometry": { "type": "Point", "coordinates": [ 136.556313089379813, 34.865705644876371 ] } },
{ "type": "Feature", "properties": { "内容": "デイサービスつくし【通所介護】鈴鹿市岸岡町３０７８番地の８", "url": "https://www.kaigokensaku.mhlw.go.jp/24/index.php?action_kouhyou_detail_004_kani=true&JigyosyoCd=2470302619-00&ServiceCd=150&Type=search", "url2": null }, "geometry": { "type": "Point", "coordinates": [ 136.608737404801929, 34.850771724589201 ] } },
{ "type": "Feature", "properties": { "内容": "デイサービス　「はなやか」【通所介護】高岡町2687", "url": "https://www.kaigokensaku.mhlw.go.jp/24/index.php?action_kouhyou_detail_004_kani=true&JigyosyoCd=2470302726-00&ServiceCd=150&Type=search", "url2": "http://suzukanohana.com" }, "geometry": { "type": "Point", "coordinates": [ 136.593699459802195, 34.896235294183917 ] } },
{ "type": "Feature", "properties": { "内容": "デイサービスセンターからふる　鈴鹿【通所介護】三重県鈴鹿市国府町4670-1", "url": "https://www.kaigokensaku.mhlw.go.jp/24/index.php?action_kouhyou_detail_004_kani=true&JigyosyoCd=2472200779-00&ServiceCd=150&Type=search", "url2": "https://colorfulgarden.jp/" }, "geometry": { "type": "Point", "coordinates": [ 136.49945550000001, 34.8455827 ] } },
{ "type": "Feature", "properties": { "内容": "ゴールドエイジ株式会社　末広デイサービス【通所介護】三重県鈴鹿市末広東5-1ゴールドエイジ末広", "url": "https://www.kaigokensaku.mhlw.go.jp/24/index.php?action_kouhyou_detail_004_kani=true&JigyosyoCd=2470303229-00&ServiceCd=150&Type=search", "url2": null }, "geometry": { "type": "Point", "coordinates": [ 136.568793699999986, 34.8600814 ] } },
{ "type": "Feature", "properties": { "内容": "希望の里たんぽぽ　第２デイサービスセンター【通所介護】鈴鹿市道伯町2403", "url": "https://www.kaigokensaku.mhlw.go.jp/24/index.php?action_kouhyou_detail_004_kani=true&JigyosyoCd=2470302593-00&ServiceCd=150&Type=search", "url2": "希望の里たんぽぽ" }, "geometry": { "type": "Point", "coordinates": [ 136.55481420000001, 34.8583895 ] } },
{ "type": "Feature", "properties": { "内容": "デイサービスききょうぷらす【通所介護】三重県名張市さつき台2番町48番地", "url": "https://www.kaigokensaku.mhlw.go.jp/24/index.php?action_kouhyou_detail_004_kani=true&JigyosyoCd=2471301206-00&ServiceCd=150&Type=search", "url2": "http://kikyo.biz/" }, "geometry": { "type": "Point", "coordinates": [ 136.107059, 34.6512958 ] } },
{ "type": "Feature", "properties": { "内容": "かんプロチアCLUB希央台【通所介護】三重県名張市桜ケ丘3088-106桜ケ丘キャッスル", "url": "https://www.kaigokensaku.mhlw.go.jp/24/index.php?action_kouhyou_detail_004_kani=true&JigyosyoCd=2471301560-00&ServiceCd=150&Type=search", "url2": "http://www.kanpro.co.jp" }, "geometry": { "type": "Point", "coordinates": [ 136.0986977, 34.6226138 ] } },
{ "type": "Feature", "properties": { "内容": "老人デイサービスセンター　はなの里【通所介護】三重県　名張市　西田原　2000番地", "url": "https://www.kaigokensaku.mhlw.go.jp/24/index.php?action_kouhyou_detail_004_kani=true&JigyosyoCd=2471300141-00&ServiceCd=150&Type=search", "url2": "http://www.hananosato-nabari.com" }, "geometry": { "type": "Point", "coordinates": [ 136.10661719999996, 34.6556786 ] } },
{ "type": "Feature", "properties": { "内容": "デイサービスつつじが丘【通所介護】三重県名張市つつじが丘北５番町１６２番地", "url": "https://www.kaigokensaku.mhlw.go.jp/24/index.php?action_kouhyou_detail_004_kani=true&JigyosyoCd=2471301164-00&ServiceCd=150&Type=search", "url2": "www.hananosato-nabari.com" }, "geometry": { "type": "Point", "coordinates": [ 136.133216425656087, 34.606821495667269 ] } },
{ "type": "Feature", "properties": { "内容": "近鉄スマイル桔梗が丘ケアセンター【通所介護】三重県名張市桔梗が丘西３番町１街区１０番地", "url": "https://www.kaigokensaku.mhlw.go.jp/24/index.php?action_kouhyou_detail_004_kani=true&JigyosyoCd=2471300406-00&ServiceCd=150&Type=search", "url2": "http://www.k-smile.com" }, "geometry": { "type": "Point", "coordinates": [ 136.111383700000033, 34.6438355 ] } },
{ "type": "Feature", "properties": { "内容": "デイサービスのんびり【通所介護】三重県名張市新田字出山１２３３番３", "url": "https://www.kaigokensaku.mhlw.go.jp/24/index.php?action_kouhyou_detail_004_kani=true&JigyosyoCd=2471300810-00&ServiceCd=150&Type=search", "url2": "http://www.nonbiri.co.jp" }, "geometry": { "type": "Point", "coordinates": [ 136.124939700000027, 34.6646778 ] } },
{ "type": "Feature", "properties": { "内容": "デイサービス　そらまめ希央台【通所介護】希央台５番町３５番", "url": "https://www.kaigokensaku.mhlw.go.jp/24/index.php?action_kouhyou_detail_004_kani=true&JigyosyoCd=2471300711-00&ServiceCd=150&Type=search", "url2": "http://www.kouseikai-med.com" }, "geometry": { "type": "Point", "coordinates": [ 136.098319599999968, 34.6238427 ] } },
{ "type": "Feature", "properties": { "内容": "笑美の里リハビリデイサービスセンター桔梗が丘【通所介護】三重県名張市桔梗が丘5番町8街区1829-4", "url": "https://www.kaigokensaku.mhlw.go.jp/24/index.php?action_kouhyou_detail_004_kani=true&JigyosyoCd=2471301180-00&ServiceCd=150&Type=search", "url2": "emi-care.info" }, "geometry": { "type": "Point", "coordinates": [ 136.128620700000056, 34.642336 ] } },
{ "type": "Feature", "properties": { "内容": "デイサービスそらまめ【通所介護】三重県名張市百合が丘東9番町165番", "url": "https://www.kaigokensaku.mhlw.go.jp/24/index.php?action_kouhyou_detail_004_kani=true&JigyosyoCd=2471300307-00&ServiceCd=150&Type=search", "url2": "http://www.kouseikai-med.com" }, "geometry": { "type": "Point", "coordinates": [ 136.102994500000023, 34.6019365 ] } },
{ "type": "Feature", "properties": { "内容": "デイサービス第２はなの里【通所介護】三重県名張市百合が丘西５番町１番地", "url": "https://www.kaigokensaku.mhlw.go.jp/24/index.php?action_kouhyou_detail_004_kani=true&JigyosyoCd=2471300638-00&ServiceCd=150&Type=search", "url2": "https://www.hananosato-nabari.com" }, "geometry": { "type": "Point", "coordinates": [ 136.096261799999979, 34.6040027 ] } },
{ "type": "Feature", "properties": { "内容": "通所介護事業所「ことのは」【通所介護】三重県名張市美旗中村字弓谷2327番地複合福祉施設てらだ", "url": "https://www.kaigokensaku.mhlw.go.jp/24/index.php?action_kouhyou_detail_004_kani=true&JigyosyoCd=2471300737-00&ServiceCd=150&Type=search", "url2": "http//www.terada-hp.or.jp" }, "geometry": { "type": "Point", "coordinates": [ 136.118707299136304, 34.650400393302469 ] } },
{ "type": "Feature", "properties": { "内容": "生活機能向上型デイサービス　みちびき【通所介護】三重県名張市西原町2920-2", "url": "https://www.kaigokensaku.mhlw.go.jp/24/index.php?action_kouhyou_detail_004_kani=true&JigyosyoCd=2471301602-00&ServiceCd=150&Type=search", "url2": "https://michibiki-kaigo.com/" }, "geometry": { "type": "Point", "coordinates": [ 136.1116193, 34.6558728 ] } },
{ "type": "Feature", "properties": { "内容": "憩いの里鴻之台ケアホームデイサービスセンター【通所介護】名張市鴻之台1番町72番地", "url": "https://www.kaigokensaku.mhlw.go.jp/24/index.php?action_kouhyou_detail_004_kani=true&JigyosyoCd=2471301099-00&ServiceCd=150&Type=search", "url2": "http://www.life-techno.jp" }, "geometry": { "type": "Point", "coordinates": [ 136.111974725270102, 34.630320321423447 ] } },
{ "type": "Feature", "properties": { "内容": "社会福祉法人　名張市社会福祉協議会　通所介護事業所「ふれあい」【通所介護】三重県名張市丸之内79番地", "url": "https://www.kaigokensaku.mhlw.go.jp/24/index.php?action_kouhyou_detail_004_kani=true&JigyosyoCd=2471300042-00&ServiceCd=150&Type=search", "url2": "http://www.nabarishakyo.jp" }, "geometry": { "type": "Point", "coordinates": [ 136.090737200000035, 34.6209621 ] } },
{ "type": "Feature", "properties": { "内容": "デイサービスひだまり【通所介護】三重県名張市東田原336-2", "url": "https://www.kaigokensaku.mhlw.go.jp/24/index.php?action_kouhyou_detail_004_kani=true&JigyosyoCd=2471301255-00&ServiceCd=150&Type=search", "url2": "happywellnes.jp" }, "geometry": { "type": "Point", "coordinates": [ 136.122181295306405, 34.66658948326328 ] } },
{ "type": "Feature", "properties": { "内容": "在宅複合型施設グリーントピア名張【通所介護】三重県名張市東田原2745番地", "url": "https://www.kaigokensaku.mhlw.go.jp/24/index.php?action_kouhyou_detail_004_kani=true&JigyosyoCd=2471300018-00&ServiceCd=150&Type=search", "url2": "http://www.green-center.or.jp" }, "geometry": { "type": "Point", "coordinates": [ 136.111505599999987, 34.6519152 ] } },
{ "type": "Feature", "properties": { "内容": "通所デイサービスセンター伊賀の里【通所介護】三重県名張市下比奈知2872番地2", "url": "https://www.kaigokensaku.mhlw.go.jp/24/index.php?action_kouhyou_detail_004_kani=true&JigyosyoCd=2471300372-00&ServiceCd=150&Type=search", "url2": null }, "geometry": { "type": "Point", "coordinates": [ 136.119305599999961, 34.6272208 ] } },
{ "type": "Feature", "properties": { "内容": "デイサービスセンター　名張もみじ山荘【通所介護】三重県名張市赤目町日之谷２５０番３", "url": "https://www.kaigokensaku.mhlw.go.jp/24/index.php?action_kouhyou_detail_004_kani=true&JigyosyoCd=2471300869-00&ServiceCd=150&Type=search", "url2": "http://nabari-momiji@rice.ocn.ne.jp" }, "geometry": { "type": "Point", "coordinates": [ 136.10829590000003, 34.6276593 ] } },
{ "type": "Feature", "properties": { "内容": "デイサービスセンター国津園【通所介護】三重県名張市神屋７６５番地", "url": "https://www.kaigokensaku.mhlw.go.jp/24/index.php?action_kouhyou_detail_004_kani=true&JigyosyoCd=2471300257-00&ServiceCd=150&Type=search", "url2": "https://www.kunitsuen.jp" }, "geometry": { "type": "Point", "coordinates": [ 136.145918400000028, 34.5881776 ] } },
{ "type": "Feature", "properties": { "内容": "デイサービス青蓮寺【通所介護】三重県名張市中知山字下出897-25", "url": "https://www.kaigokensaku.mhlw.go.jp/24/index.php?action_kouhyou_detail_004_kani=true&JigyosyoCd=2471300596-00&ServiceCd=150&Type=search", "url2": null }, "geometry": { "type": "Point", "coordinates": [ 136.120855914541607, 34.601542724558527 ] } },
{ "type": "Feature", "properties": { "内容": "あゆみのデイサービス　名張【通所介護】名張市東町１６９７番地１", "url": "https://www.kaigokensaku.mhlw.go.jp/24/index.php?action_kouhyou_detail_004_kani=true&JigyosyoCd=2471301537-00&ServiceCd=150&Type=search", "url2": "https://www.medisop.jp/" }, "geometry": { "type": "Point", "coordinates": [ 136.092881299999959, 34.628462800000015 ] } },
{ "type": "Feature", "properties": { "内容": "有限会社　尾鷲介護サービス　ライト　ディサービスライト　いろは【通所介護】三重県尾鷲市大字向井127番地1", "url": "https://www.kaigokensaku.mhlw.go.jp/24/index.php?action_kouhyou_detail_004_kani=true&JigyosyoCd=2471000618-00&ServiceCd=150&Type=search", "url2": null }, "geometry": { "type": "Point", "coordinates": [ 136.214873264526091, 34.059876271727624 ] } },
{ "type": "Feature", "properties": { "内容": "あいあいの丘デイサービス【通所介護】三重県尾鷲市矢浜四丁目1番46号あいあいの丘", "url": "https://www.kaigokensaku.mhlw.go.jp/24/index.php?action_kouhyou_detail_004_kani=true&JigyosyoCd=2471000485-00&ServiceCd=150&Type=search", "url2": null }, "geometry": { "type": "Point", "coordinates": [ 136.198466899999971, 34.0564341 ] } },
{ "type": "Feature", "properties": { "内容": "デイサービスセンターあゆむ【通所介護】三重県尾鷲市光ヶ丘11番44号", "url": "https://www.kaigokensaku.mhlw.go.jp/24/index.php?action_kouhyou_detail_004_kani=true&JigyosyoCd=2471000584-00&ServiceCd=150&Type=search", "url2": null }, "geometry": { "type": "Point", "coordinates": [ 136.180924, 34.0649439 ] } },
{ "type": "Feature", "properties": { "内容": "プレミアムDayRinRin【通所介護】両尾町2182-1プレミアムDayRinRin", "url": "https://www.kaigokensaku.mhlw.go.jp/24/index.php?action_kouhyou_detail_004_kani=true&JigyosyoCd=2470400744-00&ServiceCd=150&Type=search", "url2": "http://ringringring.jp" }, "geometry": { "type": "Point", "coordinates": [ 136.432453007101458, 34.901295200517609 ] } },
{ "type": "Feature", "properties": { "内容": "サクラサクラ【通所介護】川合町103番地", "url": "https://www.kaigokensaku.mhlw.go.jp/24/index.php?action_kouhyou_detail_004_kani=true&JigyosyoCd=2470400926-00&ServiceCd=150&Type=search", "url2": "https://sakura2525.com/" }, "geometry": { "type": "Point", "coordinates": [ 136.4875302, 34.8654259 ] } },
{ "type": "Feature", "properties": { "内容": "ナーシング三重【通所介護】三重県亀山市川崎町4855番地", "url": "https://www.kaigokensaku.mhlw.go.jp/24/index.php?action_kouhyou_detail_004_kani=true&JigyosyoCd=2470400868-00&ServiceCd=150&Type=search", "url2": "http://www.nursing-mie.jp/" }, "geometry": { "type": "Point", "coordinates": [ 136.473644702377328, 34.902851938724346 ] } },
{ "type": "Feature", "properties": { "内容": "デイサービス　なごみ亀山【通所介護】亀山市亀田町字眞船３３６－９", "url": "https://www.kaigokensaku.mhlw.go.jp/24/index.php?action_kouhyou_detail_004_kani=true&JigyosyoCd=2470400553-00&ServiceCd=150&Type=search", "url2": null }, "geometry": { "type": "Point", "coordinates": [ 136.453830599999947, 34.866032 ] } },
{ "type": "Feature", "properties": { "内容": "デイサービス白鳥【通所介護】能褒野町87番地7", "url": "https://www.kaigokensaku.mhlw.go.jp/24/index.php?action_kouhyou_detail_004_kani=true&JigyosyoCd=2470400967-00&ServiceCd=150&Type=search", "url2": null }, "geometry": { "type": "Point", "coordinates": [ 136.485942300000033, 34.8880099 ] } },
{ "type": "Feature", "properties": { "内容": "亀山在宅介護サービスセンター【通所介護】三重県亀山市羽若町松本645-14", "url": "https://www.kaigokensaku.mhlw.go.jp/24/index.php?action_kouhyou_detail_004_kani=true&JigyosyoCd=2470400033-00&ServiceCd=150&Type=search", "url2": "https://seizanrikai.jp" }, "geometry": { "type": "Point", "coordinates": [ 136.449352728836033, 34.865456022334023 ] } },
{ "type": "Feature", "properties": { "内容": "亀山愛の里　デイサービス【通所介護】三重県亀山市川合町1288-4", "url": "https://www.kaigokensaku.mhlw.go.jp/24/index.php?action_kouhyou_detail_004_kani=true&JigyosyoCd=2470400645-00&ServiceCd=150&Type=search", "url2": "https://kameyama-ainosato.com" }, "geometry": { "type": "Point", "coordinates": [ 136.475439, 34.8626775 ] } },
{ "type": "Feature", "properties": { "内容": "亀寿苑　関デイアップセンター【通所介護】三重県亀山市関町小野240", "url": "https://www.kaigokensaku.mhlw.go.jp/24/index.php?action_kouhyou_detail_004_kani=true&JigyosyoCd=2470400470-00&ServiceCd=150&Type=search", "url2": "https://www.kijuen.jp/" }, "geometry": { "type": "Point", "coordinates": [ 136.402659399999948, 34.853305 ] } },
{ "type": "Feature", "properties": { "内容": "安全の里デイサービスセンター【通所介護】三重県亀山市住山町字大掛590番地1", "url": "https://www.kaigokensaku.mhlw.go.jp/24/index.php?action_kouhyou_detail_004_kani=true&JigyosyoCd=2470400017-00&ServiceCd=150&Type=search", "url2": "https://anzenfukushikai.or.jp/" }, "geometry": { "type": "Point", "coordinates": [ 136.439582299999984, 34.8675124 ] } },
{ "type": "Feature", "properties": { "内容": "亀寿苑デイアップセンター【通所介護】三重県亀山市阿野田町2443-1", "url": "https://www.kaigokensaku.mhlw.go.jp/24/index.php?action_kouhyou_detail_004_kani=true&JigyosyoCd=2470400363-00&ServiceCd=150&Type=search", "url2": "https://www.kijuen.jp/" }, "geometry": { "type": "Point", "coordinates": [ 136.464527099999941, 34.8380106 ] } },
{ "type": "Feature", "properties": { "内容": "デイサービス　いちごいちえ2号店【通所介護】亀山市布気町477-1いちごいちえ2号店", "url": "https://www.kaigokensaku.mhlw.go.jp/24/index.php?action_kouhyou_detail_004_kani=true&JigyosyoCd=2470400900-00&ServiceCd=150&Type=search", "url2": null }, "geometry": { "type": "Point", "coordinates": [ 136.430852311045101, 34.865833037484826 ] } },
{ "type": "Feature", "properties": { "内容": "デイサービス　いちごいちえ本店【通所介護】三重県亀山市住山町544番地いちごいちえ本店", "url": "https://www.kaigokensaku.mhlw.go.jp/24/index.php?action_kouhyou_detail_004_kani=true&JigyosyoCd=2470400942-00&ServiceCd=150&Type=search", "url2": null }, "geometry": { "type": "Point", "coordinates": [ 136.431717519152187, 34.8719306941288 ] } },
{ "type": "Feature", "properties": { "内容": "デイサービス　りんく　みずほ台【通所介護】三重県亀山市川合町照田159", "url": "https://www.kaigokensaku.mhlw.go.jp/24/index.php?action_kouhyou_detail_004_kani=true&JigyosyoCd=2470400959-00&ServiceCd=150&Type=search", "url2": "www.link-mizuhodai.com" }, "geometry": { "type": "Point", "coordinates": [ 136.472451900000038, 34.8701585 ] } },
{ "type": "Feature", "properties": { "内容": "優の里デイサービスセンター　亀山【通所介護】三重県亀山市椿世町201-1", "url": "https://www.kaigokensaku.mhlw.go.jp/24/index.php?action_kouhyou_detail_004_kani=true&JigyosyoCd=2470400793-00&ServiceCd=150&Type=search", "url2": null }, "geometry": { "type": "Point", "coordinates": [ 136.465500966934172, 34.862236241496113 ] } },
{ "type": "Feature", "properties": { "内容": "華旺寿デイサービスセンター【通所介護】三重県亀山市関町坂下２５２", "url": "https://www.kaigokensaku.mhlw.go.jp/24/index.php?action_kouhyou_detail_004_kani=true&JigyosyoCd=2472300033-00&ServiceCd=150&Type=search", "url2": "http://www.hiragikaikaosu.com/" }, "geometry": { "type": "Point", "coordinates": [ 136.355818399999947, 34.8909225 ] } },
{ "type": "Feature", "properties": { "内容": "亀寿苑　川崎デイアップセンター【通所介護】三重県亀山市川崎町字野畑4787-2", "url": "https://www.kaigokensaku.mhlw.go.jp/24/index.php?action_kouhyou_detail_004_kani=true&JigyosyoCd=2470400785-00&ServiceCd=150&Type=search", "url2": "https://www.kijuen.jp/" }, "geometry": { "type": "Point", "coordinates": [ 136.47458871591337, 34.899768083111368 ] } },
{ "type": "Feature", "properties": { "内容": "さと和デイサービスセンター【通所介護】三重県亀山市布気町７８８番８", "url": "https://www.kaigokensaku.mhlw.go.jp/24/index.php?action_kouhyou_detail_004_kani=true&JigyosyoCd=2470400397-00&ServiceCd=150&Type=search", "url2": "https://www.anjyu.co.jp" }, "geometry": { "type": "Point", "coordinates": [ 136.422076, 34.8679178 ] } },
{ "type": "Feature", "properties": { "内容": "リハビリ型デイサービス　ｆｉｔ10【通所介護】布気町634-10", "url": "https://www.kaigokensaku.mhlw.go.jp/24/index.php?action_kouhyou_detail_004_kani=true&JigyosyoCd=2470400819-00&ServiceCd=150&Type=search", "url2": null }, "geometry": { "type": "Point", "coordinates": [ 136.42837272710679, 34.86526996896648 ] } },
{ "type": "Feature", "properties": { "内容": "野村きぼう苑デイサービスセンター【通所介護】野村3丁目28-20", "url": "https://www.kaigokensaku.mhlw.go.jp/24/index.php?action_kouhyou_detail_004_kani=true&JigyosyoCd=2470400462-00&ServiceCd=150&Type=search", "url2": "http://www.nomura-kibouen.or.jp/" }, "geometry": { "type": "Point", "coordinates": [ 136.436221899999964, 34.8573717 ] } },
{ "type": "Feature", "properties": { "内容": "ディサービスセンター　花しょうぶ苑【通所介護】三重県亀山市本町１丁目2番12号", "url": "https://www.kaigokensaku.mhlw.go.jp/24/index.php?action_kouhyou_detail_004_kani=true&JigyosyoCd=2470400132-00&ServiceCd=150&Type=search", "url2": "http://www17.ocn.jp/^hanasyob/" }, "geometry": { "type": "Point", "coordinates": [ 136.459649600000034, 34.8526421 ] } },
{ "type": "Feature", "properties": { "内容": "うさぎ亀山通所介護事業所【通所介護】三重県亀山市川合町1119番地38", "url": "https://www.kaigokensaku.mhlw.go.jp/24/index.php?action_kouhyou_detail_004_kani=true&JigyosyoCd=2470400876-00&ServiceCd=150&Type=search", "url2": null }, "geometry": { "type": "Point", "coordinates": [ 136.474258, 34.8702737 ] } },
{ "type": "Feature", "properties": { "内容": "デイサービスセンター　あらしま【通所介護】三重県鳥羽市安楽島町字高山1075-29", "url": "https://www.kaigokensaku.mhlw.go.jp/24/index.php?action_kouhyou_detail_004_kani=true&JigyosyoCd=2470900172-00&ServiceCd=150&Type=search", "url2": "http://www.houwakai.or.jp/" }, "geometry": { "type": "Point", "coordinates": [ 136.861748282603429, 34.476250825331448 ] } },
{ "type": "Feature", "properties": { "内容": "特別養護老人ホーム鳥羽陽光苑【通所介護】三重県鳥羽市岩倉町６０９番地", "url": "https://www.kaigokensaku.mhlw.go.jp/24/index.php?action_kouhyou_detail_004_kani=true&JigyosyoCd=2470900040-00&ServiceCd=150&Type=search", "url2": "http://youkouen.miefukushikai.jp" }, "geometry": { "type": "Point", "coordinates": [ 136.848354, 34.4428947 ] } },
{ "type": "Feature", "properties": { "内容": "デイサービスセンター有明の里【通所介護】三重県鳥羽市相差町1878-1", "url": "https://www.kaigokensaku.mhlw.go.jp/24/index.php?action_kouhyou_detail_004_kani=true&JigyosyoCd=2470900149-00&ServiceCd=150&Type=search", "url2": null }, "geometry": { "type": "Point", "coordinates": [ 136.9000787, 34.3908483 ] } },
{ "type": "Feature", "properties": { "内容": "デイサービス　はつしま【通所介護】三重県鳥羽市相差町1924", "url": "https://www.kaigokensaku.mhlw.go.jp/24/index.php?action_kouhyou_detail_004_kani=true&JigyosyoCd=2470900081-00&ServiceCd=150&Type=search", "url2": null }, "geometry": { "type": "Point", "coordinates": [ 136.898598064418024, 34.391486292666421 ] } },
{ "type": "Feature", "properties": { "内容": "はごろもデイサービスセンター【通所介護】三重県　鳥羽市　鳥羽１丁目　１８６－１", "url": "https://www.kaigokensaku.mhlw.go.jp/24/index.php?action_kouhyou_detail_004_kani=true&JigyosyoCd=2470900214-00&ServiceCd=150&Type=search", "url2": null }, "geometry": { "type": "Point", "coordinates": [ 136.836425599999984, 34.4877757 ] } },
{ "type": "Feature", "properties": { "内容": "デイサービスみなみかぜ【通所介護】三重県熊野市久生屋町297-7", "url": "https://www.kaigokensaku.mhlw.go.jp/24/index.php?action_kouhyou_detail_004_kani=true&JigyosyoCd=2471100517-00&ServiceCd=150&Type=search", "url2": null }, "geometry": { "type": "Point", "coordinates": [ 136.068126, 33.857012 ] } },
{ "type": "Feature", "properties": { "内容": "熊社協紀和通所介護事業所【通所介護】三重県熊野市紀和町板屋135-1", "url": "https://www.kaigokensaku.mhlw.go.jp/24/index.php?action_kouhyou_detail_004_kani=true&JigyosyoCd=2473100044-00&ServiceCd=150&Type=search", "url2": "http://www.k-shakyo.com/" }, "geometry": { "type": "Point", "coordinates": [ 135.912863, 33.8747032 ] } },
{ "type": "Feature", "properties": { "内容": "熊社協井戸通所介護事業所【通所介護】三重県熊野市井戸町1150熊野市保健福祉センター", "url": "https://www.kaigokensaku.mhlw.go.jp/24/index.php?action_kouhyou_detail_004_kani=true&JigyosyoCd=2471100020-00&ServiceCd=150&Type=search", "url2": "http://wwwk-shakyo.com/" }, "geometry": { "type": "Point", "coordinates": [ 136.088468, 33.8937556 ] } },
{ "type": "Feature", "properties": { "内容": "デイサービスセンター　たんぽぽ【通所介護】三重県熊野市有馬町字山崎前４５２０－１３９", "url": "https://www.kaigokensaku.mhlw.go.jp/24/index.php?action_kouhyou_detail_004_kani=true&JigyosyoCd=2471100293-00&ServiceCd=150&Type=search", "url2": null }, "geometry": { "type": "Point", "coordinates": [ 136.08662419999996, 33.8741324 ] } },
{ "type": "Feature", "properties": { "内容": "思いやりデイサービスセンター【通所介護】熊野市井戸町５１５－３", "url": "https://www.kaigokensaku.mhlw.go.jp/24/index.php?action_kouhyou_detail_004_kani=true&JigyosyoCd=2471100384-00&ServiceCd=150&Type=search", "url2": "omoiyaridayido524@bell.ocn.ne.jp" }, "geometry": { "type": "Point", "coordinates": [ 136.096675900000037, 33.884926100000015 ] } },
{ "type": "Feature", "properties": { "内容": "ディサービスセンターＡＩＤＣＡＲＥ【通所介護】三重県いなべ市員弁町東一色９３９-２", "url": "https://www.kaigokensaku.mhlw.go.jp/24/index.php?action_kouhyou_detail_004_kani=true&JigyosyoCd=2471400891-00&ServiceCd=150&Type=search", "url2": "http//aidcare4165.com" }, "geometry": { "type": "Point", "coordinates": [ 136.571177899999981, 35.0957706 ] } },
{ "type": "Feature", "properties": { "内容": "でいさーびす　ひより【通所介護】いなべ市藤原町下相場503番地", "url": "https://www.kaigokensaku.mhlw.go.jp/24/index.php?action_kouhyou_detail_004_kani=true&JigyosyoCd=2471400826-00&ServiceCd=150&Type=search", "url2": null }, "geometry": { "type": "Point", "coordinates": [ 136.5039476, 35.180970400000014 ] } },
{ "type": "Feature", "properties": { "内容": "デイサービスほほえみの華【通所介護】大安町平塚字上松崎1775", "url": "https://www.kaigokensaku.mhlw.go.jp/24/index.php?action_kouhyou_detail_004_kani=true&JigyosyoCd=2471400537-00&ServiceCd=150&Type=search", "url2": "https://hohoemi-g.com" }, "geometry": { "type": "Point", "coordinates": [ 136.537951099999987, 35.1066394 ] } },
{ "type": "Feature", "properties": { "内容": "ナーシングいなべ【通所介護】三重県いなべ市北勢町大辻新田43", "url": "https://www.kaigokensaku.mhlw.go.jp/24/index.php?action_kouhyou_detail_004_kani=true&JigyosyoCd=2471400867-00&ServiceCd=150&Type=search", "url2": null }, "geometry": { "type": "Point", "coordinates": [ 136.5412949, 35.1509604 ] } },
{ "type": "Feature", "properties": { "内容": "宅老所　みさと苑【通所介護】いなべ市大安町平塚１１２５ー４番地", "url": "https://www.kaigokensaku.mhlw.go.jp/24/index.php?action_kouhyou_detail_004_kani=true&JigyosyoCd=2472100409-00&ServiceCd=150&Type=search", "url2": "https://misatoen.jimdo.com/" }, "geometry": { "type": "Point", "coordinates": [ 136.538142986755361, 35.102457540152251 ] } },
{ "type": "Feature", "properties": { "内容": "デイサービスセンター　ひばりの里【通所介護】いなべ市大安町丹生川中2109-1", "url": "https://www.kaigokensaku.mhlw.go.jp/24/index.php?action_kouhyou_detail_004_kani=true&JigyosyoCd=2471400396-00&ServiceCd=150&Type=search", "url2": null }, "geometry": { "type": "Point", "coordinates": [ 136.51896069999998, 35.1211296 ] } },
{ "type": "Feature", "properties": { "内容": "デイサービスセンター　大安にじ【通所介護】いなべ市大安町大井田字北代３３６－１", "url": "https://www.kaigokensaku.mhlw.go.jp/24/index.php?action_kouhyou_detail_004_kani=true&JigyosyoCd=2471400453-00&ServiceCd=150&Type=search", "url2": "https://isism⁻mie.com/niji/" }, "geometry": { "type": "Point", "coordinates": [ 136.549535399999968, 35.0965894 ] } },
{ "type": "Feature", "properties": { "内容": "志摩福祉センター【通所介護】三重県志摩市阿児町神明１５３９－４", "url": "https://www.kaigokensaku.mhlw.go.jp/24/index.php?action_kouhyou_detail_004_kani=true&JigyosyoCd=2472900774-00&ServiceCd=150&Type=search", "url2": "shifukuc@shima.mctv.ne.jp" }, "geometry": { "type": "Point", "coordinates": [ 136.85011940000004, 34.3217053 ] } },
{ "type": "Feature", "properties": { "内容": "デイサービスすずらん第３【通所介護】志摩市大王町波切3626番地15", "url": "https://www.kaigokensaku.mhlw.go.jp/24/index.php?action_kouhyou_detail_004_kani=true&JigyosyoCd=2472901442-00&ServiceCd=150&Type=search", "url2": "http://www.suzuran.jp" }, "geometry": { "type": "Point", "coordinates": [ 136.895865323775098, 34.285743377880728 ] } },
{ "type": "Feature", "properties": { "内容": "デイサービスすずらん第４【通所介護】三重県志摩市大王町波切3626番地15", "url": "https://www.kaigokensaku.mhlw.go.jp/24/index.php?action_kouhyou_detail_004_kani=true&JigyosyoCd=2472901582-00&ServiceCd=150&Type=search", "url2": "http://www.suzuran1.jp" }, "geometry": { "type": "Point", "coordinates": [ 136.896115622090178, 34.285808857502545 ] } },
{ "type": "Feature", "properties": { "内容": "デイサービスセンター豊和【通所介護】三重県志摩市阿児町鵜方2555番地1在宅総合センター豊和", "url": "https://www.kaigokensaku.mhlw.go.jp/24/index.php?action_kouhyou_detail_004_kani=true&JigyosyoCd=2472900923-00&ServiceCd=150&Type=search", "url2": "http://www.houwakai.or.jp/" }, "geometry": { "type": "Point", "coordinates": [ 136.834801, 34.332439600000015 ] } },
{ "type": "Feature", "properties": { "内容": "デイサービスセンターはまみの里【通所介護】三重県志摩市志摩町片田4番地23", "url": "https://www.kaigokensaku.mhlw.go.jp/24/index.php?action_kouhyou_detail_004_kani=true&JigyosyoCd=2472901764-00&ServiceCd=150&Type=search", "url2": "http://www.shima.mctv.ne.jp/~ssco/" }, "geometry": { "type": "Point", "coordinates": [ 136.859889800000019, 34.2624188 ] } },
{ "type": "Feature", "properties": { "内容": "阿児第２通所介護センター真珠荘【通所介護】三重県志摩市阿児町鵜方字小入口3503番地20", "url": "https://www.kaigokensaku.mhlw.go.jp/24/index.php?action_kouhyou_detail_004_kani=true&JigyosyoCd=2472900485-00&ServiceCd=150&Type=search", "url2": "http://www.sensin.or.jp" }, "geometry": { "type": "Point", "coordinates": [ 136.819780897830924, 34.324305632980511 ] } },
{ "type": "Feature", "properties": { "内容": "志摩市社会福祉協議会大王通所介護事業所【通所介護】三重県志摩市大王町波切３２４３番地１大王町地域福祉センター「ゆうゆう苑」", "url": "https://www.kaigokensaku.mhlw.go.jp/24/index.php?action_kouhyou_detail_004_kani=true&JigyosyoCd=2472900022-00&ServiceCd=150&Type=search", "url2": "http://www.shima-fukushikyo.or.jp/" }, "geometry": { "type": "Point", "coordinates": [ 136.885170199999948, 34.281875 ] } },
{ "type": "Feature", "properties": { "内容": "志摩市社会福祉協議会　浜島通所介護事業所【通所介護】志摩市浜島町桧山路3番地浜島地域福祉センター　さくら苑", "url": "https://www.kaigokensaku.mhlw.go.jp/24/index.php?action_kouhyou_detail_004_kani=true&JigyosyoCd=2472900014-00&ServiceCd=150&Type=search", "url2": "http://www.shima-fukushikyo.or.jp" }, "geometry": { "type": "Point", "coordinates": [ 136.757924, 34.3144376 ] } },
{ "type": "Feature", "properties": { "内容": "デイサービスセンター虹の夢志摩【通所介護】阿児町国府3708-34", "url": "https://www.kaigokensaku.mhlw.go.jp/24/index.php?action_kouhyou_detail_004_kani=true&JigyosyoCd=2472901665-00&ServiceCd=150&Type=search", "url2": null }, "geometry": { "type": "Point", "coordinates": [ 136.891782899999953, 34.3555408 ] } },
{ "type": "Feature", "properties": { "内容": "デイサービスこころ【通所介護】三重県志摩市志摩町和具706-1", "url": "https://www.kaigokensaku.mhlw.go.jp/24/index.php?action_kouhyou_detail_004_kani=true&JigyosyoCd=2472900568-00&ServiceCd=150&Type=search", "url2": "http://www.care-resort.co.jp" }, "geometry": { "type": "Point", "coordinates": [ 136.816919699999971, 34.2588846 ] } },
{ "type": "Feature", "properties": { "内容": "デイサービスうらら【通所介護】三重県志摩市志摩町布施田１６８０－１", "url": "https://www.kaigokensaku.mhlw.go.jp/24/index.php?action_kouhyou_detail_004_kani=true&JigyosyoCd=2472900881-00&ServiceCd=150&Type=search", "url2": "http://www.care-resort.co.jp" }, "geometry": { "type": "Point", "coordinates": [ 136.823860800000034, 34.2552963 ] } },
{ "type": "Feature", "properties": { "内容": "デイサービスメディカルガーデン志摩【通所介護】志摩市阿児町鵜方2682番地398", "url": "https://www.kaigokensaku.mhlw.go.jp/24/index.php?action_kouhyou_detail_004_kani=true&JigyosyoCd=2472901210-00&ServiceCd=150&Type=search", "url2": "http://www.medical-garden.lp" }, "geometry": { "type": "Point", "coordinates": [ 136.84275290000005, 34.3374975 ] } },
{ "type": "Feature", "properties": { "内容": "デイサービス雅【通所介護】三重県志摩市志摩町布施田2290-1", "url": "https://www.kaigokensaku.mhlw.go.jp/24/index.php?action_kouhyou_detail_004_kani=true&JigyosyoCd=2472901541-00&ServiceCd=150&Type=search", "url2": "http://www.care-resort.co.jp/" }, "geometry": { "type": "Point", "coordinates": [ 136.823793799999976, 34.2639705 ] } },
{ "type": "Feature", "properties": { "内容": "志摩市社会福祉協議会　磯部通所介護事業所【通所介護】志摩市磯部町恵利原126-16", "url": "https://www.kaigokensaku.mhlw.go.jp/24/index.php?action_kouhyou_detail_004_kani=true&JigyosyoCd=2472901962-00&ServiceCd=150&Type=search", "url2": "http://www.shima-fukushikyo.or.jp" }, "geometry": { "type": "Point", "coordinates": [ 136.7872346, 34.3945894 ] } },
{ "type": "Feature", "properties": { "内容": "デイサービスセンター四季の風【通所介護】三重県志摩市志摩町片田1174-4", "url": "https://www.kaigokensaku.mhlw.go.jp/24/index.php?action_kouhyou_detail_004_kani=true&JigyosyoCd=2472900493-00&ServiceCd=150&Type=search", "url2": "https://shikinokaze-katada.com/" }, "geometry": { "type": "Point", "coordinates": [ 136.847952, 34.2643128 ] } },
{ "type": "Feature", "properties": { "内容": "だん【通所介護】阿児町鵜方5180", "url": "https://www.kaigokensaku.mhlw.go.jp/24/index.php?action_kouhyou_detail_004_kani=true&JigyosyoCd=2472901830-00&ServiceCd=150&Type=search", "url2": "www.danran-shima.com" }, "geometry": { "type": "Point", "coordinates": [ 136.8149861, 34.3257842 ] } },
{ "type": "Feature", "properties": { "内容": "あゆみのデイサービス　伊賀【通所介護】小田町266番1", "url": "https://www.kaigokensaku.mhlw.go.jp/24/index.php?action_kouhyou_detail_004_kani=true&JigyosyoCd=2471201414-00&ServiceCd=150&Type=search", "url2": "https://www.medisop.jp/" }, "geometry": { "type": "Point", "coordinates": [ 136.126208100000014, 34.775896107466878 ] } },
{ "type": "Feature", "properties": { "内容": "レッツ倶楽部赤坂【通所介護】三重県伊賀市上野赤坂町336番地の14", "url": "https://www.kaigokensaku.mhlw.go.jp/24/index.php?action_kouhyou_detail_004_kani=true&JigyosyoCd=2471201422-00&ServiceCd=150&Type=search", "url2": "https://www.lets-club.jp/shop/akasaka/info.html" }, "geometry": { "type": "Point", "coordinates": [ 136.1362227, 34.7687454 ] } },
{ "type": "Feature", "properties": { "内容": "ゆめが丘鶴寿園デイサービスセンター【通所介護】ゆめが丘2-1-3", "url": "https://www.kaigokensaku.mhlw.go.jp/24/index.php?action_kouhyou_detail_004_kani=true&JigyosyoCd=2471201083-00&ServiceCd=150&Type=search", "url2": "http://www.green-center.or.jp/" }, "geometry": { "type": "Point", "coordinates": [ 136.161305199999987, 34.7396892 ] } },
{ "type": "Feature", "properties": { "内容": "通所介護センター　伊賀シルバーケア豊壽園【通所介護】三重県伊賀市久米町字大木８７２－１伊賀総合ケアセンターシルバーケア豊壽園", "url": "https://www.kaigokensaku.mhlw.go.jp/24/index.php?action_kouhyou_detail_004_kani=true&JigyosyoCd=2471201018-00&ServiceCd=150&Type=search", "url2": "http://www.sensin.or.jp/" }, "geometry": { "type": "Point", "coordinates": [ 136.128455199999962, 34.7566188 ] } },
{ "type": "Feature", "properties": { "内容": "リハビリデイサービスささゆり【通所介護】伊賀市上野田端町1004番地の3", "url": "https://www.kaigokensaku.mhlw.go.jp/24/index.php?action_kouhyou_detail_004_kani=true&JigyosyoCd=2471201000-00&ServiceCd=150&Type=search", "url2": "http://www.sasayuri-mieiga.com/index.html" }, "geometry": { "type": "Point", "coordinates": [ 136.137815499999988, 34.764382 ] } },
{ "type": "Feature", "properties": { "内容": "第２リハビリデイサービスささゆり【通所介護】上野田端町1004番地の2", "url": "https://www.kaigokensaku.mhlw.go.jp/24/index.php?action_kouhyou_detail_004_kani=true&JigyosyoCd=2471201240-00&ServiceCd=150&Type=search", "url2": "http://www.sasayuri-mieiga.com/index.html" }, "geometry": { "type": "Point", "coordinates": [ 136.137595558860767, 34.764359965547484 ] } },
{ "type": "Feature", "properties": { "内容": "リハビリデイサービス伊賀接骨院【通所介護】三重県伊賀市上野田端町1125番地", "url": "https://www.kaigokensaku.mhlw.go.jp/24/index.php?action_kouhyou_detail_004_kani=true&JigyosyoCd=2471201059-00&ServiceCd=150&Type=search", "url2": "http://www.sasayuri-mieiga.com/policy.html" }, "geometry": { "type": "Point", "coordinates": [ 136.138851599999953, 34.764046 ] } },
{ "type": "Feature", "properties": { "内容": "おおやまだデイサ－ビスセンタ－鶴寿園【通所介護】三重県伊賀市真泥2066番地", "url": "https://www.kaigokensaku.mhlw.go.jp/24/index.php?action_kouhyou_detail_004_kani=true&JigyosyoCd=2473200067-00&ServiceCd=150&Type=search", "url2": "http://www.green-center.or.jp/" }, "geometry": { "type": "Point", "coordinates": [ 136.196911, 34.760523 ] } },
{ "type": "Feature", "properties": { "内容": "憩いの里伊賀ケアホームデイサービスセンター【通所介護】三重県伊賀市平野清水641-1", "url": "https://www.kaigokensaku.mhlw.go.jp/24/index.php?action_kouhyou_detail_004_kani=true&JigyosyoCd=2471200903-00&ServiceCd=150&Type=search", "url2": "http://www.life-techno.jp/ikoinosato/iga/" }, "geometry": { "type": "Point", "coordinates": [ 136.130679500000042, 34.7777222 ] } },
{ "type": "Feature", "properties": { "内容": "デイサービスセンターみんなの家【通所介護】三重県伊賀市四十九町3113番地", "url": "https://www.kaigokensaku.mhlw.go.jp/24/index.php?action_kouhyou_detail_004_kani=true&JigyosyoCd=2471201125-00&ServiceCd=150&Type=search", "url2": "https://www.37-ie.com/" }, "geometry": { "type": "Point", "coordinates": [ 136.139638886122157, 34.747133283363134 ] } },
{ "type": "Feature", "properties": { "内容": "なごみの家デイサービス【通所介護】三重県伊賀市四十九町1721番地", "url": "https://www.kaigokensaku.mhlw.go.jp/24/index.php?action_kouhyou_detail_004_kani=true&JigyosyoCd=2471201489-00&ServiceCd=150&Type=search", "url2": null }, "geometry": { "type": "Point", "coordinates": [ 136.138840499999986, 34.7464184 ] } },
{ "type": "Feature", "properties": { "内容": "デイサービスセンター　彩四季【通所介護】三重県伊賀市市部奥山2611-5", "url": "https://www.kaigokensaku.mhlw.go.jp/24/index.php?action_kouhyou_detail_004_kani=true&JigyosyoCd=2471200044-00&ServiceCd=150&Type=search", "url2": null }, "geometry": { "type": "Point", "coordinates": [ 136.178796269494569, 34.739025772906913 ] } },
{ "type": "Feature", "properties": { "内容": "さるびの温泉デイサービス【通所介護】伊賀市上阿波2953番地", "url": "https://www.kaigokensaku.mhlw.go.jp/24/index.php?action_kouhyou_detail_004_kani=true&JigyosyoCd=2471201521-00&ServiceCd=150&Type=search", "url2": "https://www.sarubino.jp/sarubino/" }, "geometry": { "type": "Point", "coordinates": [ 136.283889499999987, 34.7783959 ] } },
{ "type": "Feature", "properties": { "内容": "デイサービスセンター　おおぞら【通所介護】三重県伊賀市高畑784番地の2", "url": "https://www.kaigokensaku.mhlw.go.jp/24/index.php?action_kouhyou_detail_004_kani=true&JigyosyoCd=2471200267-00&ServiceCd=150&Type=search", "url2": "https://www.k-oozora.or.jp/" }, "geometry": { "type": "Point", "coordinates": [ 136.154416699999956, 34.7839696 ] } },
{ "type": "Feature", "properties": { "内容": "デイサービスグッドタイムクラブ・やぶっちゃ【通所介護】三重県伊賀市島ケ原13680", "url": "https://www.kaigokensaku.mhlw.go.jp/24/index.php?action_kouhyou_detail_004_kani=true&JigyosyoCd=2471201570-00&ServiceCd=150&Type=search", "url2": "https://www.yabutcha.com/daycare/index.html" }, "geometry": { "type": "Point", "coordinates": [ 136.066771916532872, 34.7749449292699 ] } },
{ "type": "Feature", "properties": { "内容": "老人デイサービスセンターなしのき【通所介護】三重県伊賀市朝屋７３９番地の2", "url": "https://www.kaigokensaku.mhlw.go.jp/24/index.php?action_kouhyou_detail_004_kani=true&JigyosyoCd=2471200184-00&ServiceCd=150&Type=search", "url2": "hppt://www.iga-sjk.or.jp" }, "geometry": { "type": "Point", "coordinates": [ 136.107748799999968, 34.7551659 ] } },
{ "type": "Feature", "properties": { "内容": "笑美の里デイサービスセンター阿保【通所介護】三重県伊賀市阿保219", "url": "https://www.kaigokensaku.mhlw.go.jp/24/index.php?action_kouhyou_detail_004_kani=true&JigyosyoCd=2471201398-00&ServiceCd=150&Type=search", "url2": "https://www.emi-care.info/" }, "geometry": { "type": "Point", "coordinates": [ 136.174643899999978, 34.6700953 ] } },
{ "type": "Feature", "properties": { "内容": "あやま老人デイサービスセンター【通所介護】三重県伊賀市馬場６００", "url": "https://www.kaigokensaku.mhlw.go.jp/24/index.php?action_kouhyou_detail_004_kani=true&JigyosyoCd=2473200125-00&ServiceCd=150&Type=search", "url2": "http://nukumorien.com/" }, "geometry": { "type": "Point", "coordinates": [ 136.168707, 34.8264579 ] } },
{ "type": "Feature", "properties": { "内容": "デイサービスセンターあおやま百々【通所介護】三重県伊賀市阿保1988-1", "url": "https://www.kaigokensaku.mhlw.go.jp/24/index.php?action_kouhyou_detail_004_kani=true&JigyosyoCd=2473300040-00&ServiceCd=150&Type=search", "url2": "d-dondo＠aoyama-fukushikai.or.jp" }, "geometry": { "type": "Point", "coordinates": [ 136.184404800000038, 34.6616408 ] } },
{ "type": "Feature", "properties": { "内容": "デイサービスセンターあおやま森の里【通所介護】三重県伊賀市腰山1135", "url": "https://www.kaigokensaku.mhlw.go.jp/24/index.php?action_kouhyou_detail_004_kani=true&JigyosyoCd=2473300024-00&ServiceCd=150&Type=search", "url2": "d-mori@aoyama-fukushikai.or.jp" }, "geometry": { "type": "Point", "coordinates": [ 136.208963588360547, 34.6318818465436 ] } },
{ "type": "Feature", "properties": { "内容": "社会福祉法人　慈幸会　特別養護老人ホーム　すいせんの里【通所介護】三重県桑名郡木曽岬町大字和富10番8", "url": "https://www.kaigokensaku.mhlw.go.jp/24/index.php?action_kouhyou_detail_004_kani=true&JigyosyoCd=2472000203-00&ServiceCd=150&Type=search", "url2": "http://suisen-no-sato.com/" }, "geometry": { "type": "Point", "coordinates": [ 136.751120898147519, 35.066196562249026 ] } },
{ "type": "Feature", "properties": { "内容": "東員町デイサービスセンターふれあい【通所介護】三重県員弁郡東員町大字山田２０１３番地東員町ふれあいセンター", "url": "https://www.kaigokensaku.mhlw.go.jp/24/index.php?action_kouhyou_detail_004_kani=true&JigyosyoCd=2472100102-00&ServiceCd=150&Type=search", "url2": "http://www.toinshakyo.or.jp" }, "geometry": { "type": "Point", "coordinates": [ 136.584964600000035, 35.0751178 ] } },
{ "type": "Feature", "properties": { "内容": "とういん・デイサービスセンター【通所介護】三重県員弁郡東員町六把野新田２５３－１", "url": "https://www.kaigokensaku.mhlw.go.jp/24/index.php?action_kouhyou_detail_004_kani=true&JigyosyoCd=2472100730-00&ServiceCd=150&Type=search", "url2": "https://touin-dayservice.com" }, "geometry": { "type": "Point", "coordinates": [ 136.596993900000029, 35.078915 ] } },
{ "type": "Feature", "properties": { "内容": "北部陽光苑【通所介護】三重県員弁郡東員町山田３６００番１", "url": "https://www.kaigokensaku.mhlw.go.jp/24/index.php?action_kouhyou_detail_004_kani=true&JigyosyoCd=2472100847-00&ServiceCd=150&Type=search", "url2": "https://miefukushikai.jp/?page_id=277" }, "geometry": { "type": "Point", "coordinates": [ 136.598598437865377, 35.090819289477459 ] } },
{ "type": "Feature", "properties": { "内容": "デイサービスセンター　パークレジデンス【通所介護】三重県員弁郡東員町長深３２１６－２", "url": "https://www.kaigokensaku.mhlw.go.jp/24/index.php?action_kouhyou_detail_004_kani=true&JigyosyoCd=2472100268-00&ServiceCd=150&Type=search", "url2": "http://www.kenwakai.com/" }, "geometry": { "type": "Point", "coordinates": [ 136.569922483992002, 35.055384387034984 ] } },
{ "type": "Feature", "properties": { "内容": "デイサービス処和楽【通所介護】三重県員弁郡東員町大木２６９３番", "url": "https://www.kaigokensaku.mhlw.go.jp/24/index.php?action_kouhyou_detail_004_kani=true&JigyosyoCd=2472100581-00&ServiceCd=150&Type=search", "url2": "http://www.t-waraku.com/" }, "geometry": { "type": "Point", "coordinates": [ 136.586464500000034, 35.0998801 ] } },
{ "type": "Feature", "properties": { "内容": "スリーエス【通所介護】三重県員弁郡東員町笹尾東1丁目14番地27", "url": "https://www.kaigokensaku.mhlw.go.jp/24/index.php?action_kouhyou_detail_004_kani=true&JigyosyoCd=2472100854-00&ServiceCd=150&Type=search", "url2": "https://www.sss-toin.com/" }, "geometry": { "type": "Point", "coordinates": [ 136.5953156, 35.0962972 ] } },
{ "type": "Feature", "properties": { "内容": "てんごく【通所介護】三重県三重郡菰野町千草7054-60", "url": "https://www.kaigokensaku.mhlw.go.jp/24/index.php?action_kouhyou_detail_004_kani=true&JigyosyoCd=2472200241-00&ServiceCd=150&Type=search", "url2": "tengoku@ivory.plala.or.jp" }, "geometry": { "type": "Point", "coordinates": [ 136.476236665517746, 35.017569651035032 ] } },
{ "type": "Feature", "properties": { "内容": "つうしょかいごじぎょうしょ　さくらいろ【通所介護】三重県三重郡菰野町大字竹成字北里之内2137番2", "url": "https://www.kaigokensaku.mhlw.go.jp/24/index.php?action_kouhyou_detail_004_kani=true&JigyosyoCd=2472200829-00&ServiceCd=150&Type=search", "url2": "https://www.sakura-iro.jp/" }, "geometry": { "type": "Point", "coordinates": [ 136.515203779223867, 35.051483996246155 ] } },
{ "type": "Feature", "properties": { "内容": "デイサービス　ゴールドエイジこもの【通所介護】三重県三重郡菰野町菰野2716番地1", "url": "https://www.kaigokensaku.mhlw.go.jp/24/index.php?action_kouhyou_detail_004_kani=true&JigyosyoCd=2472200894-00&ServiceCd=150&Type=search", "url2": "https://goldage.co.jp/profile/" }, "geometry": { "type": "Point", "coordinates": [ 136.5063002, 35.0141898 ] } },
{ "type": "Feature", "properties": { "内容": "真菰福祉サービスセンター【通所介護】三重県三重郡菰野町大字大強原字柏木3110番地1", "url": "https://www.kaigokensaku.mhlw.go.jp/24/index.php?action_kouhyou_detail_004_kani=true&JigyosyoCd=2472200613-00&ServiceCd=150&Type=search", "url2": "http://www.jcs-jcs.com" }, "geometry": { "type": "Point", "coordinates": [ 136.537419209684003, 35.026312489689552 ] } },
{ "type": "Feature", "properties": { "内容": "老人デイサービスセンター城山苑【通所介護】三重県三重郡菰野町千草城山８８８番地", "url": "https://www.kaigokensaku.mhlw.go.jp/24/index.php?action_kouhyou_detail_004_kani=true&JigyosyoCd=2472200100-00&ServiceCd=150&Type=search", "url2": "https://www.shiroyamaen.or.jp" }, "geometry": { "type": "Point", "coordinates": [ 136.48972040000001, 35.0339631 ] } },
{ "type": "Feature", "properties": { "内容": "社会福祉法人朝日町社会福祉協議会通所介護事業所【通所介護】三重県三重郡朝日町大字小向891-5朝日町保健福祉センター内", "url": "https://www.kaigokensaku.mhlw.go.jp/24/index.php?action_kouhyou_detail_004_kani=true&JigyosyoCd=2472200050-00&ServiceCd=150&Type=search", "url2": "https://asahi-shakyo.com/" }, "geometry": { "type": "Point", "coordinates": [ 136.664271500000041, 35.0346264 ] } },
{ "type": "Feature", "properties": { "内容": "川越町デイサービスセンター【通所介護】三重県三重郡川越町豊田一色３１４番地", "url": "https://www.kaigokensaku.mhlw.go.jp/24/index.php?action_kouhyou_detail_004_kani=true&JigyosyoCd=2472200068-00&ServiceCd=150&Type=search", "url2": "https://www.kawagoe-shakyo.com" }, "geometry": { "type": "Point", "coordinates": [ 136.670986152253676, 35.025961148954195 ] } },
{ "type": "Feature", "properties": { "内容": "きらく　デイサービスセンター【通所介護】三重郡川越町大字豊田一色字２１８番地１", "url": "https://www.kaigokensaku.mhlw.go.jp/24/index.php?action_kouhyou_detail_004_kani=true&JigyosyoCd=2472200738-00&ServiceCd=150&Type=search", "url2": "http://www.kiraku-mie.com/" }, "geometry": { "type": "Point", "coordinates": [ 136.6707712, 35.0224725 ] } },
{ "type": "Feature", "properties": { "内容": "デイサービスセンターこばると【通所介護】三重郡川越町大字当新田字福崎217-1", "url": "https://www.kaigokensaku.mhlw.go.jp/24/index.php?action_kouhyou_detail_004_kani=true&JigyosyoCd=2472200647-00&ServiceCd=150&Type=search", "url2": null }, "geometry": { "type": "Point", "coordinates": [ 136.681193195028754, 35.030111833887844 ] } },
{ "type": "Feature", "properties": { "内容": "はちデイサービスセンター【通所介護】三重県三重郡川越町高松184－1", "url": "https://www.kaigokensaku.mhlw.go.jp/24/index.php?action_kouhyou_detail_004_kani=true&JigyosyoCd=2472200787-00&ServiceCd=150&Type=search", "url2": "http://hattori-kaigo.com/" }, "geometry": { "type": "Point", "coordinates": [ 136.6667053, 35.0198205 ] } },
{ "type": "Feature", "properties": { "内容": "デイサービス　ゴールドエイジ川越【通所介護】三重県三重郡川越町大字高松川原99番地1ゴールドエイジ川越oasis", "url": "https://www.kaigokensaku.mhlw.go.jp/24/index.php?action_kouhyou_detail_004_kani=true&JigyosyoCd=2472200795-00&ServiceCd=150&Type=search", "url2": null }, "geometry": { "type": "Point", "coordinates": [ 136.67657, 35.0126785 ] } },
{ "type": "Feature", "properties": { "内容": "多気町社会福祉協議会　ささゆり苑【通所介護】三重県多気郡多気町朝柄２８８９", "url": "https://www.kaigokensaku.mhlw.go.jp/24/index.php?action_kouhyou_detail_004_kani=true&JigyosyoCd=2472700075-00&ServiceCd=150&Type=search", "url2": null }, "geometry": { "type": "Point", "coordinates": [ 136.462118700000019, 34.4609884 ] } },
{ "type": "Feature", "properties": { "内容": "お茶の間デイサービスあしすと【通所介護】三重県多気郡多気町油夫372番地1", "url": "https://www.kaigokensaku.mhlw.go.jp/24/index.php?action_kouhyou_detail_004_kani=true&JigyosyoCd=2472701438-00&ServiceCd=150&Type=search", "url2": null }, "geometry": { "type": "Point", "coordinates": [ 136.555212101852419, 34.480010266052616 ] } },
{ "type": "Feature", "properties": { "内容": "老人デイサービス事業所多気天啓苑【通所介護】三重県多気郡多気町四疋田字コウボシ５８０番", "url": "https://www.kaigokensaku.mhlw.go.jp/24/index.php?action_kouhyou_detail_004_kani=true&JigyosyoCd=2472700240-00&ServiceCd=150&Type=search", "url2": "http://ikusinkai-tm.jp" }, "geometry": { "type": "Point", "coordinates": [ 136.53383855210393, 34.49523688941612 ] } },
{ "type": "Feature", "properties": { "内容": "多気町社会福祉協議会　天啓の里【通所介護】三重県多気郡多気町四疋田587-1", "url": "https://www.kaigokensaku.mhlw.go.jp/24/index.php?action_kouhyou_detail_004_kani=true&JigyosyoCd=2472700125-00&ServiceCd=150&Type=search", "url2": "http://www.ma.mctv.ne.jp/~takiwel/" }, "geometry": { "type": "Point", "coordinates": [ 136.535297, 34.495489 ] } },
{ "type": "Feature", "properties": { "内容": "デイサービスセンター　菜のはな【通所介護】三重県多気郡多気町土羽字西野659-10", "url": "https://www.kaigokensaku.mhlw.go.jp/24/index.php?action_kouhyou_detail_004_kani=true&JigyosyoCd=2472700224-00&ServiceCd=150&Type=search", "url2": "https://www.nanohana-taki.com" }, "geometry": { "type": "Point", "coordinates": [ 136.581682822692869, 34.499612255432595 ] } },
{ "type": "Feature", "properties": { "内容": "デイサービスセンターいちご【通所介護】三重県多気郡明和町大淀2229-1", "url": "https://www.kaigokensaku.mhlw.go.jp/24/index.php?action_kouhyou_detail_004_kani=true&JigyosyoCd=2472700554-00&ServiceCd=150&Type=search", "url2": "http://www.home-kagayaki.com/" }, "geometry": { "type": "Point", "coordinates": [ 136.649885, 34.5581479 ] } },
{ "type": "Feature", "properties": { "内容": "リハビリデイサービス暖すぱら・ら・ら【通所介護】三重県多気郡明和有爾中1557-1", "url": "https://www.kaigokensaku.mhlw.go.jp/24/index.php?action_kouhyou_detail_004_kani=true&JigyosyoCd=2472701339-00&ServiceCd=150&Type=search", "url2": "https://uraraka-rarara.com/" }, "geometry": { "type": "Point", "coordinates": [ 136.613379, 34.528292 ] } },
{ "type": "Feature", "properties": { "内容": "社会福祉法人　明和町社会福祉協議会　指定通所介護事業所【通所介護】三重県多気郡明和町大字馬之上917-1", "url": "https://www.kaigokensaku.mhlw.go.jp/24/index.php?action_kouhyou_detail_004_kani=true&JigyosyoCd=2472700034-00&ServiceCd=150&Type=search", "url2": "mei-skyo@ma.mctv.ne.jp" }, "geometry": { "type": "Point", "coordinates": [ 136.6245844, 34.550106374504161 ] } },
{ "type": "Feature", "properties": { "内容": "リハビリ付きデイサービス桜木さん・明和【通所介護】三重県多気郡明和町大字佐田2055番地サービス付き高齢者向け住宅桜木さん・明和", "url": "https://www.kaigokensaku.mhlw.go.jp/24/index.php?action_kouhyou_detail_004_kani=true&JigyosyoCd=2472701008-00&ServiceCd=150&Type=search", "url2": "www.sakuragi-hp.com" }, "geometry": { "type": "Point", "coordinates": [ 136.6332691, 34.5655442 ] } },
{ "type": "Feature", "properties": { "内容": "千の手デイサービスセンターＦＲＯＮＴＥ【通所介護】三重県多気郡明和町有爾中６２８－６", "url": "https://www.kaigokensaku.mhlw.go.jp/24/index.php?action_kouhyou_detail_004_kani=true&JigyosyoCd=2472701081-00&ServiceCd=150&Type=search", "url2": null }, "geometry": { "type": "Point", "coordinates": [ 136.61486119999995, 34.5179967 ] } },
{ "type": "Feature", "properties": { "内容": "嘉祥苑　明和リハビリセンター【通所介護】三重県多気郡明和町金剛坂816番地68", "url": "https://www.kaigokensaku.mhlw.go.jp/24/index.php?action_kouhyou_detail_004_kani=true&JigyosyoCd=2472700943-00&ServiceCd=150&Type=search", "url2": "http://www.kashouen.or.jp/meiwa.html" }, "geometry": { "type": "Point", "coordinates": [ 136.606799419049167, 34.531101286263144 ] } },
{ "type": "Feature", "properties": { "内容": "三重県済生会　明和苑デイサービス【通所介護】三重県多気郡明和町上野４３５", "url": "https://www.kaigokensaku.mhlw.go.jp/24/index.php?action_kouhyou_detail_004_kani=true&JigyosyoCd=2472700406-00&ServiceCd=150&Type=search", "url2": "http://www.meiwa-saiseikai.jp/meiwaen/" }, "geometry": { "type": "Point", "coordinates": [ 136.631467899999961, 34.5315811 ] } },
{ "type": "Feature", "properties": { "内容": "辻友デイサービスセンターアイライフ【通所介護】三重県多気郡明和町大淀申山２８５０－２０", "url": "https://www.kaigokensaku.mhlw.go.jp/24/index.php?action_kouhyou_detail_004_kani=true&JigyosyoCd=2472700448-00&ServiceCd=150&Type=search", "url2": null }, "geometry": { "type": "Point", "coordinates": [ 136.64806550000003, 34.5626696 ] } },
{ "type": "Feature", "properties": { "内容": "ｓｋｙ通所介護【通所介護】多気郡明和町大字明星字水池3513", "url": "https://www.kaigokensaku.mhlw.go.jp/24/index.php?action_kouhyou_detail_004_kani=true&JigyosyoCd=2472700513-00&ServiceCd=150&Type=search", "url2": "http://npo-sky.org" }, "geometry": { "type": "Point", "coordinates": [ 136.635502200000019, 34.5298251 ] } },
{ "type": "Feature", "properties": { "内容": "デイサービス　福伸【通所介護】三重県多気郡明和町佐田942-27", "url": "https://www.kaigokensaku.mhlw.go.jp/24/index.php?action_kouhyou_detail_004_kani=true&JigyosyoCd=2472701032-00&ServiceCd=150&Type=search", "url2": null }, "geometry": { "type": "Point", "coordinates": [ 136.62998947280812, 34.549496104698349 ] } },
{ "type": "Feature", "properties": { "内容": "やまざくら通所介護事業所【通所介護】多気郡明和町大字斎宮3579-1", "url": "https://www.kaigokensaku.mhlw.go.jp/24/index.php?action_kouhyou_detail_004_kani=true&JigyosyoCd=2472700836-00&ServiceCd=150&Type=search", "url2": null }, "geometry": { "type": "Point", "coordinates": [ 136.6209933, 34.5454932 ] } },
{ "type": "Feature", "properties": { "内容": "社会福祉法人　大台町社会福祉協議会　大台町通所介護事業所【通所介護】三重県多気郡大台町粟生１０１０番地", "url": "https://www.kaigokensaku.mhlw.go.jp/24/index.php?action_kouhyou_detail_004_kani=true&JigyosyoCd=2472700067-00&ServiceCd=150&Type=search", "url2": "https://odai-shakyo.jp/" }, "geometry": { "type": "Point", "coordinates": [ 136.468454899999983, 34.4147087 ] } },
{ "type": "Feature", "properties": { "内容": "通所介護事業所やまびこ荘【通所介護】三重県多気郡大台町江馬260", "url": "https://www.kaigokensaku.mhlw.go.jp/24/index.php?action_kouhyou_detail_004_kani=true&JigyosyoCd=2472701396-00&ServiceCd=150&Type=search", "url2": null }, "geometry": { "type": "Point", "coordinates": [ 136.3364583, 34.3649744 ] } },
{ "type": "Feature", "properties": { "内容": "在宅介護複合施設大台共生園通所介護事業所【通所介護】三重県多気郡大台町千代９９７", "url": "https://www.kaigokensaku.mhlw.go.jp/24/index.php?action_kouhyou_detail_004_kani=true&JigyosyoCd=2472700190-00&ServiceCd=150&Type=search", "url2": "https://kg-m.com" }, "geometry": { "type": "Point", "coordinates": [ 136.548198599999978, 34.4454232 ] } },
{ "type": "Feature", "properties": { "内容": "大樹の里デイサービスセンター【通所介護】三重県多気郡大台町新田８１２番地", "url": "https://www.kaigokensaku.mhlw.go.jp/24/index.php?action_kouhyou_detail_004_kani=true&JigyosyoCd=2472700927-00&ServiceCd=150&Type=search", "url2": null }, "geometry": { "type": "Point", "coordinates": [ 136.515328746369505, 34.433001608592555 ] } },
{ "type": "Feature", "properties": { "内容": "デイサービスセンター　ねむの木【通所介護】三重県多気郡大台町弥起井456番地", "url": "https://www.kaigokensaku.mhlw.go.jp/24/index.php?action_kouhyou_detail_004_kani=true&JigyosyoCd=2472700547-00&ServiceCd=150&Type=search", "url2": null }, "geometry": { "type": "Point", "coordinates": [ 136.398951300000022, 34.3906679 ] } },
{ "type": "Feature", "properties": { "内容": "社会福祉法人　玉城町社会福祉協議会【通所介護】三重県度会郡玉城町勝田4876番地1", "url": "https://www.kaigokensaku.mhlw.go.jp/24/index.php?action_kouhyou_detail_004_kani=true&JigyosyoCd=2472800024-00&ServiceCd=150&Type=search", "url2": "http://www2.mie-net.ne.jp/tamasya/" }, "geometry": { "type": "Point", "coordinates": [ 136.6284872, 34.4871649 ] } },
{ "type": "Feature", "properties": { "内容": "デイサービスセンター　虹の夢　玉城【通所介護】度会郡玉城町蚊野2155サービス付き高齢者向け住宅　癒しの郷翠龍　１階", "url": "https://www.kaigokensaku.mhlw.go.jp/24/index.php?action_kouhyou_detail_004_kani=true&JigyosyoCd=2472801444-00&ServiceCd=150&Type=search", "url2": null }, "geometry": { "type": "Point", "coordinates": [ 136.605771443685853, 34.484465267848137 ] } },
{ "type": "Feature", "properties": { "内容": "デイサービスセンター桜の里【通所介護】三重県度会郡玉城町矢野１３９番３", "url": "https://www.kaigokensaku.mhlw.go.jp/24/index.php?action_kouhyou_detail_004_kani=true&JigyosyoCd=2472800602-00&ServiceCd=150&Type=search", "url2": "http://sakuranosato-tamaki.com/" }, "geometry": { "type": "Point", "coordinates": [ 136.602373599999964, 34.4809927 ] } },
{ "type": "Feature", "properties": { "内容": "デイサービス　つどい【通所介護】三重県度会郡玉城町佐田1102-1", "url": "https://www.kaigokensaku.mhlw.go.jp/24/index.php?action_kouhyou_detail_004_kani=true&JigyosyoCd=2472801808-00&ServiceCd=150&Type=search", "url2": null }, "geometry": { "type": "Point", "coordinates": [ 136.636504760299687, 34.492503354959922 ] } },
{ "type": "Feature", "properties": { "内容": "度会町指定通所介護事業所【通所介護】三重県度会郡度会町棚橋１２０２番地", "url": "https://www.kaigokensaku.mhlw.go.jp/24/index.php?action_kouhyou_detail_004_kani=true&JigyosyoCd=2472800180-00&ServiceCd=150&Type=search", "url2": "http://www.watarai-syakyo.com/" }, "geometry": { "type": "Point", "coordinates": [ 136.6216882, 34.438428 ] } },
{ "type": "Feature", "properties": { "内容": "デイサービス　とこわか庭園【通所介護】三重県度会郡度会町大野木1749-1", "url": "https://www.kaigokensaku.mhlw.go.jp/24/index.php?action_kouhyou_detail_004_kani=true&JigyosyoCd=2472801790-00&ServiceCd=150&Type=search", "url2": null }, "geometry": { "type": "Point", "coordinates": [ 136.631046506172254, 34.437817406358931 ] } },
{ "type": "Feature", "properties": { "内容": "デイサービスセンター　のどか【通所介護】三重県度会郡南伊勢町斎田91-17デイサービスセンター　のどか", "url": "https://www.kaigokensaku.mhlw.go.jp/24/index.php?action_kouhyou_detail_004_kani=true&JigyosyoCd=2472801618-00&ServiceCd=150&Type=search", "url2": null }, "geometry": { "type": "Point", "coordinates": [ 136.63067860000001, 34.3357388 ] } },
{ "type": "Feature", "properties": { "内容": "デイサービスセンター　さくら苑【通所介護】三重県度会郡南伊勢町五ヶ所浦4023番地", "url": "https://www.kaigokensaku.mhlw.go.jp/24/index.php?action_kouhyou_detail_004_kani=true&JigyosyoCd=2472800669-00&ServiceCd=150&Type=search", "url2": "http://minamiise-sakuraen.jp" }, "geometry": { "type": "Point", "coordinates": [ 136.702172099999984, 34.3488152 ] } },
{ "type": "Feature", "properties": { "内容": "地域生活支援センター「ひびき」【通所介護】三重県度会郡南伊勢町神津佐513番地1", "url": "https://www.kaigokensaku.mhlw.go.jp/24/index.php?action_kouhyou_detail_004_kani=true&JigyosyoCd=2472801733-00&ServiceCd=150&Type=search", "url2": "https://fukushikurashi.com/" }, "geometry": { "type": "Point", "coordinates": [ 136.732781499999987, 34.3449043 ] } },
{ "type": "Feature", "properties": { "内容": "デイサービス　福寿【通所介護】南伊勢町斎田３１６番地８３", "url": "https://www.kaigokensaku.mhlw.go.jp/24/index.php?action_kouhyou_detail_004_kani=true&JigyosyoCd=2472801204-00&ServiceCd=150&Type=search", "url2": null }, "geometry": { "type": "Point", "coordinates": [ 136.637177899999983, 34.338983 ] } },
{ "type": "Feature", "properties": { "内容": "紀北町社協デイサービス「ゆとり」【通所介護】三重県北牟婁郡紀北町東長島２０９番地９", "url": "https://www.kaigokensaku.mhlw.go.jp/24/index.php?action_kouhyou_detail_004_kani=true&JigyosyoCd=2473000111-00&ServiceCd=150&Type=search", "url2": "http://www.kihoku-shakyo.com/" }, "geometry": { "type": "Point", "coordinates": [ 136.338301900000033, 34.2104197 ] } },
{ "type": "Feature", "properties": { "内容": "デイサービスセンター　ゆりかご【通所介護】三重県北牟婁郡紀北町船津1163番地1", "url": "https://www.kaigokensaku.mhlw.go.jp/24/index.php?action_kouhyou_detail_004_kani=true&JigyosyoCd=2473000145-00&ServiceCd=150&Type=search", "url2": null }, "geometry": { "type": "Point", "coordinates": [ 136.2172531, 34.1224584 ] } },
{ "type": "Feature", "properties": { "内容": "デイサービス　たいき【通所介護】三重県北牟婁郡紀北町三浦６６９番地１", "url": "https://www.kaigokensaku.mhlw.go.jp/24/index.php?action_kouhyou_detail_004_kani=true&JigyosyoCd=2473000210-00&ServiceCd=150&Type=search", "url2": "http://taiki2006.jimdo.com/" }, "geometry": { "type": "Point", "coordinates": [ 136.277566850331851, 34.164604581705127 ] } },
{ "type": "Feature", "properties": { "内容": "デイサービス　さとなかま【通所介護】船津2388番地1", "url": "https://www.kaigokensaku.mhlw.go.jp/24/index.php?action_kouhyou_detail_004_kani=true&JigyosyoCd=2473000418-00&ServiceCd=150&Type=search", "url2": null }, "geometry": { "type": "Point", "coordinates": [ 136.223415363909567, 34.115354190997323 ] } },
{ "type": "Feature", "properties": { "内容": "御浜町デイサービスセンター【通所介護】御浜町大字下市木2040番地御浜町福祉健康センター", "url": "https://www.kaigokensaku.mhlw.go.jp/24/index.php?action_kouhyou_detail_004_kani=true&JigyosyoCd=2473100010-00&ServiceCd=150&Type=search", "url2": "http://www.mihama-fukushi.com" }, "geometry": { "type": "Point", "coordinates": [ 136.046996199999967, 33.8340673 ] } },
{ "type": "Feature", "properties": { "内容": "ふくふくリハビリデイ【通所介護】三重県南牟婁郡御浜町下市木4114-1", "url": "https://www.kaigokensaku.mhlw.go.jp/24/index.php?action_kouhyou_detail_004_kani=true&JigyosyoCd=2473100697-00&ServiceCd=150&Type=search", "url2": null }, "geometry": { "type": "Point", "coordinates": [ 136.055826114696202, 33.838407765106695 ] } },
{ "type": "Feature", "properties": { "内容": "みはまデイサービスセンター【通所介護】三重県南牟婁郡御浜町下市木３７３１－２", "url": "https://www.kaigokensaku.mhlw.go.jp/24/index.php?action_kouhyou_detail_004_kani=true&JigyosyoCd=2473100200-00&ServiceCd=150&Type=search", "url2": null }, "geometry": { "type": "Point", "coordinates": [ 136.054879, 33.8372867 ] } },
{ "type": "Feature", "properties": { "内容": "井内てとて【通所介護】南牟婁郡紀宝町井内字大山409番地5", "url": "https://www.kaigokensaku.mhlw.go.jp/24/index.php?action_kouhyou_detail_004_kani=true&JigyosyoCd=2473100820-00&ServiceCd=150&Type=search", "url2": null }, "geometry": { "type": "Point", "coordinates": [ 136.0015141, 33.7888608 ] } },
{ "type": "Feature", "properties": { "内容": "紀宝町社協デイサービス「神内事業所」【通所介護】三重県南牟婁郡紀宝町神内277-2神内福祉センター", "url": "https://www.kaigokensaku.mhlw.go.jp/24/index.php?action_kouhyou_detail_004_kani=true&JigyosyoCd=2473100036-00&ServiceCd=150&Type=search", "url2": "http://kiho-shakyo.sub.jp/" }, "geometry": { "type": "Point", "coordinates": [ 136.012903287102546, 33.748491588212978 ] } },
{ "type": "Feature", "properties": { "内容": "みふねの杜　デイサービス【通所介護】三重県南牟婁郡紀宝町北檜杖字倉谷30番地", "url": "https://www.kaigokensaku.mhlw.go.jp/24/index.php?action_kouhyou_detail_004_kani=true&JigyosyoCd=2473100812-00&ServiceCd=150&Type=search", "url2": "https://www.tankaku-kaigo.com/mifnedei.html" }, "geometry": { "type": "Point", "coordinates": [ 135.968798345717687, 33.729930190398832 ] } },
{ "type": "Feature", "properties": { "内容": "デイサービス楽らく【通所介護】三重県南牟婁郡紀宝町成川1071-1", "url": "https://www.kaigokensaku.mhlw.go.jp/24/index.php?action_kouhyou_detail_004_kani=true&JigyosyoCd=2473100226-00&ServiceCd=150&Type=search", "url2": "https://raku.jp" }, "geometry": { "type": "Point", "coordinates": [ 135.991071899999952, 33.7366811 ] } },
{ "type": "Feature", "properties": { "内容": "デイサービスセンターきほう【通所介護】三重県南牟婁郡紀宝町成川４４－２０", "url": "https://www.kaigokensaku.mhlw.go.jp/24/index.php?action_kouhyou_detail_004_kani=true&JigyosyoCd=2473100747-00&ServiceCd=150&Type=search", "url2": null }, "geometry": { "type": "Point", "coordinates": [ 136.004423299999985, 33.7411195 ] } },
{ "type": "Feature", "properties": { "内容": "ケアビレッジ　和【通所介護】三重県南牟婁郡紀宝町井内字萩尾615-9", "url": "https://www.kaigokensaku.mhlw.go.jp/24/index.php?action_kouhyou_detail_004_kani=true&JigyosyoCd=2473100788-00&ServiceCd=150&Type=search", "url2": null }, "geometry": { "type": "Point", "coordinates": [ 135.992619894906625, 33.786239262911209 ] } }
]
}
