{
"type": "FeatureCollection",
"name": "geo_24_5",
"crs": { "type": "name", "properties": { "name": "urn:ogc:def:crs:OGC:1.3:CRS84" } },
"features": [
{ "type": "Feature", "properties": { "ID": 24501000002, "正式名称": "江場調剤薬局", "機関区分": 5, "都道府県コード": 24, "市区町村コード": 205, "所在地": "三重県桑名市江場１４９２－３", "緯度": 35.055731, "経度": 136.685356, "url": "https://www.iryou.teikyouseido.mhlw.go.jp/znk-web/juminkanja/S2430/initialize?prefCd=24&kikanCd=01000002&kikanKbn=5", "url2": null, "内容": "江場調剤薬局【5:薬局】三重県桑名市江場１４９２－３" }, "geometry": { "type": "Point", "coordinates": [ 136.685356, 35.055731 ] } },
{ "type": "Feature", "properties": { "ID": 24501000004, "正式名称": "東方調剤薬局", "機関区分": 5, "都道府県コード": 24, "市区町村コード": 205, "所在地": "三重県桑名市大字東方字打上田２６５－５", "緯度": 35.070842, "経度": 136.681784, "url": "https://www.iryou.teikyouseido.mhlw.go.jp/znk-web/juminkanja/S2430/initialize?prefCd=24&kikanCd=01000004&kikanKbn=5", "url2": "https://www.pharmt.jp", "内容": "東方調剤薬局【5:薬局】三重県桑名市大字東方字打上田２６５－５" }, "geometry": { "type": "Point", "coordinates": [ 136.681784, 35.070842 ] } },
{ "type": "Feature", "properties": { "ID": 24501000006, "正式名称": "しょうなん調剤薬局桑名店", "機関区分": 5, "都道府県コード": 24, "市区町村コード": 205, "所在地": "三重県桑名市八間通７番地　レジデンス伊藤ビル１Ｆ", "緯度": 35.06715, "経度": 136.689726, "url": "https://www.iryou.teikyouseido.mhlw.go.jp/znk-web/juminkanja/S2430/initialize?prefCd=24&kikanCd=01000006&kikanKbn=5", "url2": null, "内容": "しょうなん調剤薬局桑名店【5:薬局】三重県桑名市八間通７番地　レジデンス伊藤ビル１Ｆ" }, "geometry": { "type": "Point", "coordinates": [ 136.689726, 35.06715 ] } },
{ "type": "Feature", "properties": { "ID": 24501000007, "正式名称": "岡田薬局", "機関区分": 5, "都道府県コード": 24, "市区町村コード": 205, "所在地": "三重県桑名市有楽町３５", "緯度": 35.067681, "経度": 136.686728, "url": "https://www.iryou.teikyouseido.mhlw.go.jp/znk-web/juminkanja/S2430/initialize?prefCd=24&kikanCd=01000007&kikanKbn=5", "url2": null, "内容": "岡田薬局【5:薬局】三重県桑名市有楽町３５" }, "geometry": { "type": "Point", "coordinates": [ 136.686728, 35.067681 ] } },
{ "type": "Feature", "properties": { "ID": 24501000008, "正式名称": "ふじわら調剤薬局", "機関区分": 5, "都道府県コード": 24, "市区町村コード": 214, "所在地": "三重県いなべ市藤原町日内３７５－４", "緯度": 35.182004, "経度": 136.496588, "url": "https://www.iryou.teikyouseido.mhlw.go.jp/znk-web/juminkanja/S2430/initialize?prefCd=24&kikanCd=01000008&kikanKbn=5", "url2": null, "内容": "ふじわら調剤薬局【5:薬局】三重県いなべ市藤原町日内３７５－４" }, "geometry": { "type": "Point", "coordinates": [ 136.496588, 35.182004 ] } },
{ "type": "Feature", "properties": { "ID": 24501000010, "正式名称": "こころの薬局", "機関区分": 5, "都道府県コード": 24, "市区町村コード": 205, "所在地": "三重県桑名市星見が丘７－２０９", "緯度": 35.068363, "経度": 136.636095, "url": "https://www.iryou.teikyouseido.mhlw.go.jp/znk-web/juminkanja/S2430/initialize?prefCd=24&kikanCd=01000010&kikanKbn=5", "url2": null, "内容": "こころの薬局【5:薬局】三重県桑名市星見が丘７－２０９" }, "geometry": { "type": "Point", "coordinates": [ 136.636095, 35.068363 ] } },
{ "type": "Feature", "properties": { "ID": 24501000013, "正式名称": "汐見調剤薬局", "機関区分": 5, "都道府県コード": 24, "市区町村コード": 205, "所在地": "三重県桑名市汐見町１－８", "緯度": 35.067024, "経度": 136.673498, "url": "https://www.iryou.teikyouseido.mhlw.go.jp/znk-web/juminkanja/S2430/initialize?prefCd=24&kikanCd=01000013&kikanKbn=5", "url2": null, "内容": "汐見調剤薬局【5:薬局】三重県桑名市汐見町１－８" }, "geometry": { "type": "Point", "coordinates": [ 136.673498, 35.067024 ] } },
{ "type": "Feature", "properties": { "ID": 24501000019, "正式名称": "オレンジ薬局", "機関区分": 5, "都道府県コード": 24, "市区町村コード": 205, "所在地": "三重県桑名市福島７４８　ＡＡビル１Ｆ", "緯度": 35.076298, "経度": 136.685133, "url": "https://www.iryou.teikyouseido.mhlw.go.jp/znk-web/juminkanja/S2430/initialize?prefCd=24&kikanCd=01000019&kikanKbn=5", "url2": null, "内容": "オレンジ薬局【5:薬局】三重県桑名市福島７４８　ＡＡビル１Ｆ" }, "geometry": { "type": "Point", "coordinates": [ 136.685133, 35.076298 ] } },
{ "type": "Feature", "properties": { "ID": 24501000020, "正式名称": "モリワキ薬局", "機関区分": 5, "都道府県コード": 24, "市区町村コード": 324, "所在地": "三重県員弁郡東員町城山３丁目２１－１０", "緯度": 35.093994, "経度": 136.603828, "url": "https://www.iryou.teikyouseido.mhlw.go.jp/znk-web/juminkanja/S2430/initialize?prefCd=24&kikanCd=01000020&kikanKbn=5", "url2": "https://moriwaki-ph.com/", "内容": "モリワキ薬局【5:薬局】三重県員弁郡東員町城山３丁目２１－１０" }, "geometry": { "type": "Point", "coordinates": [ 136.603828, 35.093994 ] } },
{ "type": "Feature", "properties": { "ID": 24501000021, "正式名称": "（有）かわはし　かわはし薬局員弁店", "機関区分": 5, "都道府県コード": 24, "市区町村コード": 214, "所在地": "三重県いなべ市員弁町畑新田５２０－４", "緯度": 35.111862, "経度": 136.568505, "url": "https://www.iryou.teikyouseido.mhlw.go.jp/znk-web/juminkanja/S2430/initialize?prefCd=24&kikanCd=01000021&kikanKbn=5", "url2": null, "内容": "（有）かわはし　かわはし薬局員弁店【5:薬局】三重県いなべ市員弁町畑新田５２０－４" }, "geometry": { "type": "Point", "coordinates": [ 136.568505, 35.111862 ] } },
{ "type": "Feature", "properties": { "ID": 24501000022, "正式名称": "かわはし薬局", "機関区分": 5, "都道府県コード": 24, "市区町村コード": 205, "所在地": "三重県桑名市筒尾９丁目７－１６", "緯度": 35.078692, "経度": 136.645964, "url": "https://www.iryou.teikyouseido.mhlw.go.jp/znk-web/juminkanja/S2430/initialize?prefCd=24&kikanCd=01000022&kikanKbn=5", "url2": "https://pharmacy.kawahashi.com/", "内容": "かわはし薬局【5:薬局】三重県桑名市筒尾９丁目７－１６" }, "geometry": { "type": "Point", "coordinates": [ 136.645964, 35.078692 ] } },
{ "type": "Feature", "properties": { "ID": 24501000023, "正式名称": "（有）かわはし　大山田調剤薬局", "機関区分": 5, "都道府県コード": 24, "市区町村コード": 205, "所在地": "三重県桑名市野田３－１９－３", "緯度": 35.080372, "経度": 136.631133, "url": "https://www.iryou.teikyouseido.mhlw.go.jp/znk-web/juminkanja/S2430/initialize?prefCd=24&kikanCd=01000023&kikanKbn=5", "url2": null, "内容": "（有）かわはし　大山田調剤薬局【5:薬局】三重県桑名市野田３－１９－３" }, "geometry": { "type": "Point", "coordinates": [ 136.631133, 35.080372 ] } },
{ "type": "Feature", "properties": { "ID": 24501000024, "正式名称": "ことぶき調剤薬局", "機関区分": 5, "都道府県コード": 24, "市区町村コード": 205, "所在地": "三重県桑名市桑名４７６", "緯度": 35.066306, "経度": 136.685617, "url": "https://www.iryou.teikyouseido.mhlw.go.jp/znk-web/juminkanja/S2430/initialize?prefCd=24&kikanCd=01000024&kikanKbn=5", "url2": null, "内容": "ことぶき調剤薬局【5:薬局】三重県桑名市桑名４７６" }, "geometry": { "type": "Point", "coordinates": [ 136.685617, 35.066306 ] } },
{ "type": "Feature", "properties": { "ID": 24501000029, "正式名称": "さんあい薬局株式会社陽だまりの丘店", "機関区分": 5, "都道府県コード": 24, "市区町村コード": 205, "所在地": "三重県桑名市陽だまりの丘７－１５１３", "緯度": 35.087122, "経度": 136.636061, "url": "https://www.iryou.teikyouseido.mhlw.go.jp/znk-web/juminkanja/S2430/initialize?prefCd=24&kikanCd=01000029&kikanKbn=5", "url2": "https://www.sun-ai-ph.co.jp/", "内容": "さんあい薬局株式会社陽だまりの丘店【5:薬局】三重県桑名市陽だまりの丘７－１５１３" }, "geometry": { "type": "Point", "coordinates": [ 136.636061, 35.087122 ] } },
{ "type": "Feature", "properties": { "ID": 24501000037, "正式名称": "有限会社薬局ポケット", "機関区分": 5, "都道府県コード": 24, "市区町村コード": 205, "所在地": "三重県桑名市江場８５９－１", "緯度": 35.04813, "経度": 136.687323, "url": "https://www.iryou.teikyouseido.mhlw.go.jp/znk-web/juminkanja/S2430/initialize?prefCd=24&kikanCd=01000037&kikanKbn=5", "url2": "https://yakkyoku-pocket.com", "内容": "有限会社薬局ポケット【5:薬局】三重県桑名市江場８５９－１" }, "geometry": { "type": "Point", "coordinates": [ 136.687323, 35.04813 ] } },
{ "type": "Feature", "properties": { "ID": 24501000040, "正式名称": "チェリー調剤薬局東員店", "機関区分": 5, "都道府県コード": 24, "市区町村コード": 324, "所在地": "三重県員弁郡東員町山田西畑１７６１－２", "緯度": 35.07294, "経度": 136.5851, "url": "https://www.iryou.teikyouseido.mhlw.go.jp/znk-web/juminkanja/S2430/initialize?prefCd=24&kikanCd=01000040&kikanKbn=5", "url2": null, "内容": "チェリー調剤薬局東員店【5:薬局】三重県員弁郡東員町山田西畑１７６１－２" }, "geometry": { "type": "Point", "coordinates": [ 136.5851, 35.07294 ] } },
{ "type": "Feature", "properties": { "ID": 24501000041, "正式名称": "日本調剤桑名中央薬局", "機関区分": 5, "都道府県コード": 24, "市区町村コード": 205, "所在地": "三重県桑名市寿町３丁目６７－２", "緯度": 35.065464, "経度": 136.687153, "url": "https://www.iryou.teikyouseido.mhlw.go.jp/znk-web/juminkanja/S2430/initialize?prefCd=24&kikanCd=01000041&kikanKbn=5", "url2": "https://www.nicho.co.jp", "内容": "日本調剤桑名中央薬局【5:薬局】三重県桑名市寿町３丁目６７－２" }, "geometry": { "type": "Point", "coordinates": [ 136.687153, 35.065464 ] } },
{ "type": "Feature", "properties": { "ID": 24501000042, "正式名称": "株式会社小林薬局寿支店", "機関区分": 5, "都道府県コード": 24, "市区町村コード": 205, "所在地": "三重県桑名市寿町３丁目１１　太平洋桑名ビル１Ｆ", "緯度": 35.065413, "経度": 136.686614, "url": "https://www.iryou.teikyouseido.mhlw.go.jp/znk-web/juminkanja/S2430/initialize?prefCd=24&kikanCd=01000042&kikanKbn=5", "url2": null, "内容": "株式会社小林薬局寿支店【5:薬局】三重県桑名市寿町３丁目１１　太平洋桑名ビル１Ｆ" }, "geometry": { "type": "Point", "coordinates": [ 136.686614, 35.065413 ] } },
{ "type": "Feature", "properties": { "ID": 24501000047, "正式名称": "エンゼル薬局星川店", "機関区分": 5, "都道府県コード": 24, "市区町村コード": 205, "所在地": "三重県桑名市中山町４０－１", "緯度": 35.068137, "経度": 136.624098, "url": "https://www.iryou.teikyouseido.mhlw.go.jp/znk-web/juminkanja/S2430/initialize?prefCd=24&kikanCd=01000047&kikanKbn=5", "url2": "https://angel-pha.com/company/", "内容": "エンゼル薬局星川店【5:薬局】三重県桑名市中山町４０－１" }, "geometry": { "type": "Point", "coordinates": [ 136.624098, 35.068137 ] } },
{ "type": "Feature", "properties": { "ID": 24501000048, "正式名称": "さんあい薬局株式会社京橋店・在宅支援センター", "機関区分": 5, "都道府県コード": 24, "市区町村コード": 205, "所在地": "三重県桑名市京橋町３４", "緯度": 35.063269, "経度": 136.691983, "url": "https://www.iryou.teikyouseido.mhlw.go.jp/znk-web/juminkanja/S2430/initialize?prefCd=24&kikanCd=01000048&kikanKbn=5", "url2": "https://www.sun-ai-ph.co.jp/", "内容": "さんあい薬局株式会社京橋店・在宅支援センター【5:薬局】三重県桑名市京橋町３４" }, "geometry": { "type": "Point", "coordinates": [ 136.691983, 35.063269 ] } },
{ "type": "Feature", "properties": { "ID": 24501000052, "正式名称": "かもり調剤薬局", "機関区分": 5, "都道府県コード": 24, "市区町村コード": 341, "所在地": "三重県三重郡菰野町神森８８４－３", "緯度": 35.000939, "経度": 136.5368, "url": "https://www.iryou.teikyouseido.mhlw.go.jp/znk-web/juminkanja/S2430/initialize?prefCd=24&kikanCd=01000052&kikanKbn=5", "url2": "https://web.gogo.jp/publicpreview/preview/6711babb795a7b1f27459d22#/", "内容": "かもり調剤薬局【5:薬局】三重県三重郡菰野町神森８８４－３" }, "geometry": { "type": "Point", "coordinates": [ 136.5368, 35.000939 ] } },
{ "type": "Feature", "properties": { "ID": 24501000056, "正式名称": "スギヤマ薬局菰野店", "機関区分": 5, "都道府県コード": 24, "市区町村コード": 341, "所在地": "三重県三重郡菰野町菰野９７８番地１", "緯度": 35.006992, "経度": 136.521492, "url": "https://www.iryou.teikyouseido.mhlw.go.jp/znk-web/juminkanja/S2430/initialize?prefCd=24&kikanCd=01000056&kikanKbn=5", "url2": null, "内容": "スギヤマ薬局菰野店【5:薬局】三重県三重郡菰野町菰野９７８番地１" }, "geometry": { "type": "Point", "coordinates": [ 136.521492, 35.006992 ] } },
{ "type": "Feature", "properties": { "ID": 24501000068, "正式名称": "小梅薬局", "機関区分": 5, "都道府県コード": 24, "市区町村コード": 343, "所在地": "三重県三重郡朝日町小向９６８－４", "緯度": 35.03534, "経度": 136.664696, "url": "https://www.iryou.teikyouseido.mhlw.go.jp/znk-web/juminkanja/S2430/initialize?prefCd=24&kikanCd=01000068&kikanKbn=5", "url2": null, "内容": "小梅薬局【5:薬局】三重県三重郡朝日町小向９６８－４" }, "geometry": { "type": "Point", "coordinates": [ 136.664696, 35.03534 ] } },
{ "type": "Feature", "properties": { "ID": 24501000075, "正式名称": "善快堂かわごえ薬局", "機関区分": 5, "都道府県コード": 24, "市区町村コード": 344, "所在地": "三重県三重郡川越町豊田一色３４８－６", "緯度": 35.02573, "経度": 136.671241, "url": "https://www.iryou.teikyouseido.mhlw.go.jp/znk-web/juminkanja/S2430/initialize?prefCd=24&kikanCd=01000075&kikanKbn=5", "url2": null, "内容": "善快堂かわごえ薬局【5:薬局】三重県三重郡川越町豊田一色３４８－６" }, "geometry": { "type": "Point", "coordinates": [ 136.671241, 35.02573 ] } },
{ "type": "Feature", "properties": { "ID": 24501000078, "正式名称": "四日市調剤薬局とみすはら店", "機関区分": 5, "都道府県コード": 24, "市区町村コード": 344, "所在地": "三重県三重郡川越町豊田２４３－６", "緯度": 35.016469, "経度": 136.659463, "url": "https://www.iryou.teikyouseido.mhlw.go.jp/znk-web/juminkanja/S2430/initialize?prefCd=24&kikanCd=01000078&kikanKbn=5", "url2": null, "内容": "四日市調剤薬局とみすはら店【5:薬局】三重県三重郡川越町豊田２４３－６" }, "geometry": { "type": "Point", "coordinates": [ 136.659463, 35.016469 ] } },
{ "type": "Feature", "properties": { "ID": 24501000079, "正式名称": "緑の調剤薬局", "機関区分": 5, "都道府県コード": 24, "市区町村コード": 341, "所在地": "三重県三重郡菰野町菰野力尾９５７７－２", "緯度": 35.012195, "経度": 136.501941, "url": "https://www.iryou.teikyouseido.mhlw.go.jp/znk-web/juminkanja/S2430/initialize?prefCd=24&kikanCd=01000079&kikanKbn=5", "url2": null, "内容": "緑の調剤薬局【5:薬局】三重県三重郡菰野町菰野力尾９５７７－２" }, "geometry": { "type": "Point", "coordinates": [ 136.501941, 35.012195 ] } },
{ "type": "Feature", "properties": { "ID": 24501000080, "正式名称": "スギ薬局桑名中央店", "機関区分": 5, "都道府県コード": 24, "市区町村コード": 205, "所在地": "三重県桑名市矢田磧２０１－７", "緯度": 35.059063, "経度": 136.687998, "url": "https://www.iryou.teikyouseido.mhlw.go.jp/znk-web/juminkanja/S2430/initialize?prefCd=24&kikanCd=01000080&kikanKbn=5", "url2": "http://www.drug-sugi.co.jp/", "内容": "スギ薬局桑名中央店【5:薬局】三重県桑名市矢田磧２０１－７" }, "geometry": { "type": "Point", "coordinates": [ 136.687998, 35.059063 ] } },
{ "type": "Feature", "properties": { "ID": 24501000082, "正式名称": "スギ薬局　大山田店", "機関区分": 5, "都道府県コード": 24, "市区町村コード": 205, "所在地": "三重県桑名市新西方２－１４", "緯度": 35.074855, "経度": 136.660086, "url": "https://www.iryou.teikyouseido.mhlw.go.jp/znk-web/juminkanja/S2430/initialize?prefCd=24&kikanCd=01000082&kikanKbn=5", "url2": "https://www.drug-sugi.co.jp/", "内容": "スギ薬局　大山田店【5:薬局】三重県桑名市新西方２－１４" }, "geometry": { "type": "Point", "coordinates": [ 136.660086, 35.074855 ] } },
{ "type": "Feature", "properties": { "ID": 24501000085, "正式名称": "スギ薬局多度店", "機関区分": 5, "都道府県コード": 24, "市区町村コード": 205, "所在地": "三重県桑名市多度町香取３３８－１", "緯度": 35.132729, "経度": 136.647582, "url": "https://www.iryou.teikyouseido.mhlw.go.jp/znk-web/juminkanja/S2430/initialize?prefCd=24&kikanCd=01000085&kikanKbn=5", "url2": "http://www.drug-sugi.co.jp/", "内容": "スギ薬局多度店【5:薬局】三重県桑名市多度町香取３３８－１" }, "geometry": { "type": "Point", "coordinates": [ 136.647582, 35.132729 ] } },
{ "type": "Feature", "properties": { "ID": 24501000088, "正式名称": "スギ薬局北勢店", "機関区分": 5, "都道府県コード": 24, "市区町村コード": 214, "所在地": "三重県いなべ市北勢町阿下喜３３２６", "緯度": 35.154281, "経度": 136.509478, "url": "https://www.iryou.teikyouseido.mhlw.go.jp/znk-web/juminkanja/S2430/initialize?prefCd=24&kikanCd=01000088&kikanKbn=5", "url2": "http://www.drug-sugi.co.jp/", "内容": "スギ薬局北勢店【5:薬局】三重県いなべ市北勢町阿下喜３３２６" }, "geometry": { "type": "Point", "coordinates": [ 136.509478, 35.154281 ] } },
{ "type": "Feature", "properties": { "ID": 24501000089, "正式名称": "水谷薬局", "機関区分": 5, "都道府県コード": 24, "市区町村コード": 205, "所在地": "三重県桑名市大字北別所１１９７－１", "緯度": 35.073078, "経度": 136.675306, "url": "https://www.iryou.teikyouseido.mhlw.go.jp/znk-web/juminkanja/S2430/initialize?prefCd=24&kikanCd=01000089&kikanKbn=5", "url2": "https://www.e-classa.net/mizutanikuwana/information.html", "内容": "水谷薬局【5:薬局】三重県桑名市大字北別所１１９７－１" }, "geometry": { "type": "Point", "coordinates": [ 136.675306, 35.073078 ] } },
{ "type": "Feature", "properties": { "ID": 24501000090, "正式名称": "しょうなん調剤薬局大央店", "機関区分": 5, "都道府県コード": 24, "市区町村コード": 205, "所在地": "三重県桑名市大央町２１－１１", "緯度": 35.06183, "経度": 136.689401, "url": "https://www.iryou.teikyouseido.mhlw.go.jp/znk-web/juminkanja/S2430/initialize?prefCd=24&kikanCd=01000090&kikanKbn=5", "url2": "http://www.e-classa.net/syounan-daiouten/index.html", "内容": "しょうなん調剤薬局大央店【5:薬局】三重県桑名市大央町２１－１１" }, "geometry": { "type": "Point", "coordinates": [ 136.689401, 35.06183 ] } },
{ "type": "Feature", "properties": { "ID": 24501000091, "正式名称": "スギ薬局　菰野店", "機関区分": 5, "都道府県コード": 24, "市区町村コード": 341, "所在地": "三重県三重郡菰野町宿野３６１－５", "緯度": 35.006296, "経度": 136.528259, "url": "https://www.iryou.teikyouseido.mhlw.go.jp/znk-web/juminkanja/S2430/initialize?prefCd=24&kikanCd=01000091&kikanKbn=5", "url2": "https://www.drug-sugi.co.jp/", "内容": "スギ薬局　菰野店【5:薬局】三重県三重郡菰野町宿野３６１－５" }, "geometry": { "type": "Point", "coordinates": [ 136.528259, 35.006296 ] } },
{ "type": "Feature", "properties": { "ID": 24501000093, "正式名称": "ベル調剤薬局", "機関区分": 5, "都道府県コード": 24, "市区町村コード": 324, "所在地": "三重県員弁郡東員町八幡新田前供１３９－３", "緯度": 35.093346, "経度": 136.57956, "url": "https://www.iryou.teikyouseido.mhlw.go.jp/znk-web/juminkanja/S2430/initialize?prefCd=24&kikanCd=01000093&kikanKbn=5", "url2": null, "内容": "ベル調剤薬局【5:薬局】三重県員弁郡東員町八幡新田前供１３９－３" }, "geometry": { "type": "Point", "coordinates": [ 136.57956, 35.093346 ] } },
{ "type": "Feature", "properties": { "ID": 24501000095, "正式名称": "スギ薬局桑名西別所店", "機関区分": 5, "都道府県コード": 24, "市区町村コード": 205, "所在地": "三重県桑名市西別所８８２", "緯度": 35.058843, "経度": 136.655651, "url": "https://www.iryou.teikyouseido.mhlw.go.jp/znk-web/juminkanja/S2430/initialize?prefCd=24&kikanCd=01000095&kikanKbn=5", "url2": "http://www.drug-sugi.co.jp/", "内容": "スギ薬局桑名西別所店【5:薬局】三重県桑名市西別所８８２" }, "geometry": { "type": "Point", "coordinates": [ 136.655651, 35.058843 ] } },
{ "type": "Feature", "properties": { "ID": 24501000100, "正式名称": "スギ薬局七和店", "機関区分": 5, "都道府県コード": 24, "市区町村コード": 205, "所在地": "三重県桑名市大仲新田４２４番地", "緯度": 35.076489, "経度": 136.609208, "url": "https://www.iryou.teikyouseido.mhlw.go.jp/znk-web/juminkanja/S2430/initialize?prefCd=24&kikanCd=01000100&kikanKbn=5", "url2": "http://www.drog-sugi.co.jp/", "内容": "スギ薬局七和店【5:薬局】三重県桑名市大仲新田４２４番地" }, "geometry": { "type": "Point", "coordinates": [ 136.609208, 35.076489 ] } },
{ "type": "Feature", "properties": { "ID": 24501000103, "正式名称": "さんあい薬局株式会社　坂の下店", "機関区分": 5, "都道府県コード": 24, "市区町村コード": 205, "所在地": "三重県桑名市西方１５６９－１", "緯度": 35.077189, "経度": 136.666252, "url": "https://www.iryou.teikyouseido.mhlw.go.jp/znk-web/juminkanja/S2430/initialize?prefCd=24&kikanCd=01000103&kikanKbn=5", "url2": "https://www.sun-ai-ph.co.jp/", "内容": "さんあい薬局株式会社　坂の下店【5:薬局】三重県桑名市西方１５６９－１" }, "geometry": { "type": "Point", "coordinates": [ 136.666252, 35.077189 ] } },
{ "type": "Feature", "properties": { "ID": 24501000107, "正式名称": "さんあい薬局株式会社蓮花寺店", "機関区分": 5, "都道府県コード": 24, "市区町村コード": 205, "所在地": "三重県桑名市増田馬渕５９７－３", "緯度": 35.059128, "経度": 136.64708, "url": "https://www.iryou.teikyouseido.mhlw.go.jp/znk-web/juminkanja/S2430/initialize?prefCd=24&kikanCd=01000107&kikanKbn=5", "url2": "http://www.sun-ai-ph.co.jp/", "内容": "さんあい薬局株式会社蓮花寺店【5:薬局】三重県桑名市増田馬渕５９７－３" }, "geometry": { "type": "Point", "coordinates": [ 136.64708, 35.059128 ] } },
{ "type": "Feature", "properties": { "ID": 24501000109, "正式名称": "みんなの薬局　桑名", "機関区分": 5, "都道府県コード": 24, "市区町村コード": 205, "所在地": "三重県桑名市長島町横満蔵５７３", "緯度": 35.051775, "経度": 136.722286, "url": "https://www.iryou.teikyouseido.mhlw.go.jp/znk-web/juminkanja/S2430/initialize?prefCd=24&kikanCd=01000109&kikanKbn=5", "url2": null, "内容": "みんなの薬局　桑名【5:薬局】三重県桑名市長島町横満蔵５７３" }, "geometry": { "type": "Point", "coordinates": [ 136.722286, 35.051775 ] } },
{ "type": "Feature", "properties": { "ID": 24501000110, "正式名称": "イオン薬局桑名店", "機関区分": 5, "都道府県コード": 24, "市区町村コード": 205, "所在地": "三重県桑名市新西方１－２２", "緯度": 35.072381, "経度": 136.662244, "url": "https://www.iryou.teikyouseido.mhlw.go.jp/znk-web/juminkanja/S2430/initialize?prefCd=24&kikanCd=01000110&kikanKbn=5", "url2": null, "内容": "イオン薬局桑名店【5:薬局】三重県桑名市新西方１－２２" }, "geometry": { "type": "Point", "coordinates": [ 136.662244, 35.072381 ] } },
{ "type": "Feature", "properties": { "ID": 24501000111, "正式名称": "エンゼル薬局　はりま店", "機関区分": 5, "都道府県コード": 24, "市区町村コード": 205, "所在地": "三重県桑名市北別所１８４１－５", "緯度": 35.079972, "経度": 136.672208, "url": "https://www.iryou.teikyouseido.mhlw.go.jp/znk-web/juminkanja/S2430/initialize?prefCd=24&kikanCd=01000111&kikanKbn=5", "url2": "https://angel-pha.com/", "内容": "エンゼル薬局　はりま店【5:薬局】三重県桑名市北別所１８４１－５" }, "geometry": { "type": "Point", "coordinates": [ 136.672208, 35.079972 ] } },
{ "type": "Feature", "properties": { "ID": 24501000113, "正式名称": "たかはし調剤薬局", "機関区分": 5, "都道府県コード": 24, "市区町村コード": 205, "所在地": "三重県桑名市江場９１８－１４", "緯度": 35.052879, "経度": 136.689466, "url": "https://www.iryou.teikyouseido.mhlw.go.jp/znk-web/juminkanja/S2430/initialize?prefCd=24&kikanCd=01000113&kikanKbn=5", "url2": null, "内容": "たかはし調剤薬局【5:薬局】三重県桑名市江場９１８－１４" }, "geometry": { "type": "Point", "coordinates": [ 136.689466, 35.052879 ] } },
{ "type": "Feature", "properties": { "ID": 24501000114, "正式名称": "アピタ桑名薬局", "機関区分": 5, "都道府県コード": 24, "市区町村コード": 205, "所在地": "三重県桑名市中央町３－２１　アピタ桑名店１階", "緯度": 35.064124, "経度": 136.687909, "url": "https://www.iryou.teikyouseido.mhlw.go.jp/znk-web/juminkanja/S2430/initialize?prefCd=24&kikanCd=01000114&kikanKbn=5", "url2": null, "内容": "アピタ桑名薬局【5:薬局】三重県桑名市中央町３－２１　アピタ桑名店１階" }, "geometry": { "type": "Point", "coordinates": [ 136.687909, 35.064124 ] } },
{ "type": "Feature", "properties": { "ID": 24501000115, "正式名称": "ひまわり薬局", "機関区分": 5, "都道府県コード": 24, "市区町村コード": 205, "所在地": "三重県桑名市陽だまりの丘８丁目９０１－１", "緯度": 35.086582, "経度": 136.635822, "url": "https://www.iryou.teikyouseido.mhlw.go.jp/znk-web/juminkanja/S2430/initialize?prefCd=24&kikanCd=01000115&kikanKbn=5", "url2": null, "内容": "ひまわり薬局【5:薬局】三重県桑名市陽だまりの丘８丁目９０１－１" }, "geometry": { "type": "Point", "coordinates": [ 136.635822, 35.086582 ] } },
{ "type": "Feature", "properties": { "ID": 24501000116, "正式名称": "あゆみ調剤薬局　あさひ店", "機関区分": 5, "都道府県コード": 24, "市区町村コード": 343, "所在地": "三重県三重郡朝日町向陽台２－１６－５", "緯度": 35.036811, "経度": 136.655911, "url": "https://www.iryou.teikyouseido.mhlw.go.jp/znk-web/juminkanja/S2430/initialize?prefCd=24&kikanCd=01000116&kikanKbn=5", "url2": null, "内容": "あゆみ調剤薬局　あさひ店【5:薬局】三重県三重郡朝日町向陽台２－１６－５" }, "geometry": { "type": "Point", "coordinates": [ 136.655911, 35.036811 ] } },
{ "type": "Feature", "properties": { "ID": 24501000118, "正式名称": "イオン薬局東員店", "機関区分": 5, "都道府県コード": 24, "市区町村コード": 324, "所在地": "三重県員弁郡東員町大字長深字築田５１０番地１", "緯度": 35.062781, "経度": 136.57995, "url": "https://www.iryou.teikyouseido.mhlw.go.jp/znk-web/juminkanja/S2430/initialize?prefCd=24&kikanCd=01000118&kikanKbn=5", "url2": null, "内容": "イオン薬局東員店【5:薬局】三重県員弁郡東員町大字長深字築田５１０番地１" }, "geometry": { "type": "Point", "coordinates": [ 136.57995, 35.062781 ] } },
{ "type": "Feature", "properties": { "ID": 24501000120, "正式名称": "エンゼル薬局大羽根店", "機関区分": 5, "都道府県コード": 24, "市区町村コード": 341, "所在地": "三重県三重郡菰野町菰野２３０２－４", "緯度": 35.014917, "経度": 136.501391, "url": "https://www.iryou.teikyouseido.mhlw.go.jp/znk-web/juminkanja/S2430/initialize?prefCd=24&kikanCd=01000120&kikanKbn=5", "url2": "https://angel-pha.com/", "内容": "エンゼル薬局大羽根店【5:薬局】三重県三重郡菰野町菰野２３０２－４" }, "geometry": { "type": "Point", "coordinates": [ 136.501391, 35.014917 ] } },
{ "type": "Feature", "properties": { "ID": 24501000122, "正式名称": "桑名薬局", "機関区分": 5, "都道府県コード": 24, "市区町村コード": 205, "所在地": "三重県桑名市寿町３丁目２５番地", "緯度": 35.065675, "経度": 136.687892, "url": "https://www.iryou.teikyouseido.mhlw.go.jp/znk-web/juminkanja/S2430/initialize?prefCd=24&kikanCd=01000122&kikanKbn=5", "url2": "https://www.sun-ai-ph.co.jp/", "内容": "桑名薬局【5:薬局】三重県桑名市寿町３丁目２５番地" }, "geometry": { "type": "Point", "coordinates": [ 136.687892, 35.065675 ] } },
{ "type": "Feature", "properties": { "ID": 24501000124, "正式名称": "パンプキン薬局", "機関区分": 5, "都道府県コード": 24, "市区町村コード": 214, "所在地": "三重県いなべ市員弁町大泉２５１２－３", "緯度": 35.094631, "経度": 136.570325, "url": "https://www.iryou.teikyouseido.mhlw.go.jp/znk-web/juminkanja/S2430/initialize?prefCd=24&kikanCd=01000124&kikanKbn=5", "url2": null, "内容": "パンプキン薬局【5:薬局】三重県いなべ市員弁町大泉２５１２－３" }, "geometry": { "type": "Point", "coordinates": [ 136.570325, 35.094631 ] } },
{ "type": "Feature", "properties": { "ID": 24501000125, "正式名称": "さんあい薬局株式会社朝上店", "機関区分": 5, "都道府県コード": 24, "市区町村コード": 341, "所在地": "三重県三重郡菰野町田光４４６５－２", "緯度": 35.067024, "経度": 136.50735, "url": "https://www.iryou.teikyouseido.mhlw.go.jp/znk-web/juminkanja/S2430/initialize?prefCd=24&kikanCd=01000125&kikanKbn=5", "url2": null, "内容": "さんあい薬局株式会社朝上店【5:薬局】三重県三重郡菰野町田光４４６５－２" }, "geometry": { "type": "Point", "coordinates": [ 136.50735, 35.067024 ] } },
{ "type": "Feature", "properties": { "ID": 24501000126, "正式名称": "ペイン薬局", "機関区分": 5, "都道府県コード": 24, "市区町村コード": 205, "所在地": "三重県桑名市安永８２３ー５", "緯度": 35.051992, "経度": 136.679549, "url": "https://www.iryou.teikyouseido.mhlw.go.jp/znk-web/juminkanja/S2430/initialize?prefCd=24&kikanCd=01000126&kikanKbn=5", "url2": "https://www.triumph.jpn.com/", "内容": "ペイン薬局【5:薬局】三重県桑名市安永８２３ー５" }, "geometry": { "type": "Point", "coordinates": [ 136.679549, 35.051992 ] } },
{ "type": "Feature", "properties": { "ID": 24501000127, "正式名称": "しょうなん調剤薬局長島店", "機関区分": 5, "都道府県コード": 24, "市区町村コード": 205, "所在地": "三重県桑名市長島町松ヶ島北島１３４－２", "緯度": 35.106169, "経度": 136.702489, "url": "https://www.iryou.teikyouseido.mhlw.go.jp/znk-web/juminkanja/S2430/initialize?prefCd=24&kikanCd=01000127&kikanKbn=5", "url2": "http://www.syounan-ph.co.jp", "内容": "しょうなん調剤薬局長島店【5:薬局】三重県桑名市長島町松ヶ島北島１３４－２" }, "geometry": { "type": "Point", "coordinates": [ 136.702489, 35.106169 ] } },
{ "type": "Feature", "properties": { "ID": 24501000128, "正式名称": "合同会社あおば薬局", "機関区分": 5, "都道府県コード": 24, "市区町村コード": 205, "所在地": "三重県桑名市星見ヶ丘９ー１４０１", "緯度": 35.072424, "経度": 136.631836, "url": "https://www.iryou.teikyouseido.mhlw.go.jp/znk-web/juminkanja/S2430/initialize?prefCd=24&kikanCd=01000128&kikanKbn=5", "url2": "https://liff.line.me/1645278921-kWRPP32q/?", "内容": "合同会社あおば薬局【5:薬局】三重県桑名市星見ヶ丘９ー１４０１" }, "geometry": { "type": "Point", "coordinates": [ 136.631836, 35.072424 ] } },
{ "type": "Feature", "properties": { "ID": 24501000129, "正式名称": "ファミリーサポート薬局あげき店", "機関区分": 5, "都道府県コード": 24, "市区町村コード": 214, "所在地": "三重県いなべ市北勢町阿下喜１８８２－６", "緯度": 35.153375, "経度": 136.515733, "url": "https://www.iryou.teikyouseido.mhlw.go.jp/znk-web/juminkanja/S2430/initialize?prefCd=24&kikanCd=01000129&kikanKbn=5", "url2": null, "内容": "ファミリーサポート薬局あげき店【5:薬局】三重県いなべ市北勢町阿下喜１８８２－６" }, "geometry": { "type": "Point", "coordinates": [ 136.515733, 35.153375 ] } },
{ "type": "Feature", "properties": { "ID": 24501000131, "正式名称": "スギ薬局桑名大福店", "機関区分": 5, "都道府県コード": 24, "市区町村コード": 205, "所在地": "三重県桑名市大字大福４２４－１", "緯度": 35.051742, "経度": 136.688117, "url": "https://www.iryou.teikyouseido.mhlw.go.jp/znk-web/juminkanja/S2430/initialize?prefCd=24&kikanCd=01000131&kikanKbn=5", "url2": "https://www.drug-sugi.co.jp/", "内容": "スギ薬局桑名大福店【5:薬局】三重県桑名市大字大福４２４－１" }, "geometry": { "type": "Point", "coordinates": [ 136.688117, 35.051742 ] } },
{ "type": "Feature", "properties": { "ID": 24501000132, "正式名称": "さくら薬局　桑名東方店", "機関区分": 5, "都道府県コード": 24, "市区町村コード": 205, "所在地": "三重県桑名市東方掛越５９３－１", "緯度": 35.074306, "経度": 136.678984, "url": "https://www.iryou.teikyouseido.mhlw.go.jp/znk-web/juminkanja/S2430/initialize?prefCd=24&kikanCd=01000132&kikanKbn=5", "url2": "https://www.kraft-net.co.jp/sakura/store/3905/", "内容": "さくら薬局　桑名東方店【5:薬局】三重県桑名市東方掛越５９３－１" }, "geometry": { "type": "Point", "coordinates": [ 136.678984, 35.074306 ] } },
{ "type": "Feature", "properties": { "ID": 24501000133, "正式名称": "さくら薬局　桑名福島店", "機関区分": 5, "都道府県コード": 24, "市区町村コード": 205, "所在地": "三重県桑名市東方福島前７７０", "緯度": 35.075812, "経度": 136.684908, "url": "https://www.iryou.teikyouseido.mhlw.go.jp/znk-web/juminkanja/S2430/initialize?prefCd=24&kikanCd=01000133&kikanKbn=5", "url2": "http://www.kraft-net.co.jp/sakura/store/3906/", "内容": "さくら薬局　桑名福島店【5:薬局】三重県桑名市東方福島前７７０" }, "geometry": { "type": "Point", "coordinates": [ 136.684908, 35.075812 ] } },
{ "type": "Feature", "properties": { "ID": 24501000135, "正式名称": "ハート調剤薬局", "機関区分": 5, "都道府県コード": 24, "市区町村コード": 205, "所在地": "三重県桑名市赤尾２０３１－２", "緯度": 35.056442, "経度": 136.629153, "url": "https://www.iryou.teikyouseido.mhlw.go.jp/znk-web/juminkanja/S2430/initialize?prefCd=24&kikanCd=01000135&kikanKbn=5", "url2": "http://www.heart-fuji.com", "内容": "ハート調剤薬局【5:薬局】三重県桑名市赤尾２０３１－２" }, "geometry": { "type": "Point", "coordinates": [ 136.629153, 35.056442 ] } },
{ "type": "Feature", "properties": { "ID": 24501000136, "正式名称": "エンゼル薬局多度駅前店", "機関区分": 5, "都道府県コード": 24, "市区町村コード": 205, "所在地": "三重県桑名市多度町小山１８７４－４", "緯度": 35.135178, "経度": 136.63972, "url": "https://www.iryou.teikyouseido.mhlw.go.jp/znk-web/juminkanja/S2430/initialize?prefCd=24&kikanCd=01000136&kikanKbn=5", "url2": "https://angel-pha.com/", "内容": "エンゼル薬局多度駅前店【5:薬局】三重県桑名市多度町小山１８７４－４" }, "geometry": { "type": "Point", "coordinates": [ 136.63972, 35.135178 ] } },
{ "type": "Feature", "properties": { "ID": 24501000137, "正式名称": "ひび薬局", "機関区分": 5, "都道府県コード": 24, "市区町村コード": 205, "所在地": "三重県桑名市大字大福字寺跡４３７－３", "緯度": 35.051372, "経度": 136.687525, "url": "https://www.iryou.teikyouseido.mhlw.go.jp/znk-web/juminkanja/S2430/initialize?prefCd=24&kikanCd=01000137&kikanKbn=5", "url2": "https://www.e-classa.net/hibi-yakkyoku_eba/index.html", "内容": "ひび薬局【5:薬局】三重県桑名市大字大福字寺跡４３７－３" }, "geometry": { "type": "Point", "coordinates": [ 136.687525, 35.051372 ] } },
{ "type": "Feature", "properties": { "ID": 24501000139, "正式名称": "さくら薬局　桑名大山田店", "機関区分": 5, "都道府県コード": 24, "市区町村コード": 205, "所在地": "三重県桑名市大山田１丁目７－１１", "緯度": 35.078171, "経度": 136.639649, "url": "https://www.iryou.teikyouseido.mhlw.go.jp/znk-web/juminkanja/S2430/initialize?prefCd=24&kikanCd=01000139&kikanKbn=5", "url2": "https://www.kraft-net.co.jp/sakura/store/4106/", "内容": "さくら薬局　桑名大山田店【5:薬局】三重県桑名市大山田１丁目７－１１" }, "geometry": { "type": "Point", "coordinates": [ 136.639649, 35.078171 ] } },
{ "type": "Feature", "properties": { "ID": 24501000140, "正式名称": "（有）かわはし　つつお調剤薬局", "機関区分": 5, "都道府県コード": 24, "市区町村コード": 205, "所在地": "三重県桑名市筒尾６－１０－３", "緯度": 35.082064, "経度": 136.646227, "url": "https://www.iryou.teikyouseido.mhlw.go.jp/znk-web/juminkanja/S2430/initialize?prefCd=24&kikanCd=01000140&kikanKbn=5", "url2": "https://pharmacy.kawahashi.com>company", "内容": "（有）かわはし　つつお調剤薬局【5:薬局】三重県桑名市筒尾６－１０－３" }, "geometry": { "type": "Point", "coordinates": [ 136.646227, 35.082064 ] } },
{ "type": "Feature", "properties": { "ID": 24501000141, "正式名称": "Ｖ・ｄｒｕｇ　ながしま調剤薬局", "機関区分": 5, "都道府県コード": 24, "市区町村コード": 205, "所在地": "三重県桑名市長島町押付字小六５２５－７", "緯度": 35.095602, "経度": 136.702986, "url": "https://www.iryou.teikyouseido.mhlw.go.jp/znk-web/juminkanja/S2430/initialize?prefCd=24&kikanCd=01000141&kikanKbn=5", "url2": "https://vdrug.co.jp/pharmacy/", "内容": "Ｖ・ｄｒｕｇ　ながしま調剤薬局【5:薬局】三重県桑名市長島町押付字小六５２５－７" }, "geometry": { "type": "Point", "coordinates": [ 136.702986, 35.095602 ] } },
{ "type": "Feature", "properties": { "ID": 24501000143, "正式名称": "漢方修徳薬局", "機関区分": 5, "都道府県コード": 24, "市区町村コード": 205, "所在地": "三重県桑名市東方３２７－３", "緯度": 35.071045, "経度": 136.68627, "url": "https://www.iryou.teikyouseido.mhlw.go.jp/znk-web/juminkanja/S2430/initialize?prefCd=24&kikanCd=01000143&kikanKbn=5", "url2": "https://www.syuutoku.com", "内容": "漢方修徳薬局【5:薬局】三重県桑名市東方３２７－３" }, "geometry": { "type": "Point", "coordinates": [ 136.68627, 35.071045 ] } },
{ "type": "Feature", "properties": { "ID": 24501000145, "正式名称": "しょうなん調剤薬局総合医療センター前店", "機関区分": 5, "都道府県コード": 24, "市区町村コード": 205, "所在地": "三重県桑名市寿町３丁目２７番", "緯度": 35.065806, "経度": 136.688178, "url": "https://www.iryou.teikyouseido.mhlw.go.jp/znk-web/juminkanja/S2430/initialize?prefCd=24&kikanCd=01000145&kikanKbn=5", "url2": null, "内容": "しょうなん調剤薬局総合医療センター前店【5:薬局】三重県桑名市寿町３丁目２７番" }, "geometry": { "type": "Point", "coordinates": [ 136.688178, 35.065806 ] } },
{ "type": "Feature", "properties": { "ID": 24501000147, "正式名称": "あたご調剤薬局ほしみが丘店", "機関区分": 5, "都道府県コード": 24, "市区町村コード": 205, "所在地": "三重県桑名市星見ヶ丘７丁目３０４－１", "緯度": 35.067683, "経度": 136.635692, "url": "https://www.iryou.teikyouseido.mhlw.go.jp/znk-web/juminkanja/S2430/initialize?prefCd=24&kikanCd=01000147&kikanKbn=5", "url2": "https://atago-chozai.com/", "内容": "あたご調剤薬局ほしみが丘店【5:薬局】三重県桑名市星見ヶ丘７丁目３０４－１" }, "geometry": { "type": "Point", "coordinates": [ 136.635692, 35.067683 ] } },
{ "type": "Feature", "properties": { "ID": 24501000148, "正式名称": "クスリのアオキ　江場薬局", "機関区分": 5, "都道府県コード": 24, "市区町村コード": 205, "所在地": "三重県桑名市大字江場１３１６－１", "緯度": 35.055344, "経度": 136.686024, "url": "https://www.iryou.teikyouseido.mhlw.go.jp/znk-web/juminkanja/S2430/initialize?prefCd=24&kikanCd=01000148&kikanKbn=5", "url2": "https://www.kusuri-aoki.co.jp/", "内容": "クスリのアオキ　江場薬局【5:薬局】三重県桑名市大字江場１３１６－１" }, "geometry": { "type": "Point", "coordinates": [ 136.686024, 35.055344 ] } },
{ "type": "Feature", "properties": { "ID": 24501000149, "正式名称": "ひじり薬局", "機関区分": 5, "都道府県コード": 24, "市区町村コード": 205, "所在地": "三重県桑名市伝馬町１３－３", "緯度": 35.057861, "経度": 136.688831, "url": "https://www.iryou.teikyouseido.mhlw.go.jp/znk-web/juminkanja/S2430/initialize?prefCd=24&kikanCd=01000149&kikanKbn=5", "url2": null, "内容": "ひじり薬局【5:薬局】三重県桑名市伝馬町１３－３" }, "geometry": { "type": "Point", "coordinates": [ 136.688831, 35.057861 ] } },
{ "type": "Feature", "properties": { "ID": 24501000151, "正式名称": "ウエルシア薬局　桑名東方店", "機関区分": 5, "都道府県コード": 24, "市区町村コード": 205, "所在地": "三重県桑名市東方字細貝道１０８２－１", "緯度": 35.075244, "経度": 136.680529, "url": "https://www.iryou.teikyouseido.mhlw.go.jp/znk-web/juminkanja/S2430/initialize?prefCd=24&kikanCd=01000151&kikanKbn=5", "url2": "http://as,chizuaru,com,/welcia/detailMap?account=welcia&accmd=3&bid=6697", "内容": "ウエルシア薬局　桑名東方店【5:薬局】三重県桑名市東方字細貝道１０８２－１" }, "geometry": { "type": "Point", "coordinates": [ 136.680529, 35.075244 ] } },
{ "type": "Feature", "properties": { "ID": 24501000152, "正式名称": "ファーマライズ薬局　菰野店", "機関区分": 5, "都道府県コード": 24, "市区町村コード": 341, "所在地": "三重県三重郡菰野町福村６４－６", "緯度": 35.008159, "経度": 136.520711, "url": "https://www.iryou.teikyouseido.mhlw.go.jp/znk-web/juminkanja/S2430/initialize?prefCd=24&kikanCd=01000152&kikanKbn=5", "url2": "http://www.pharmarise.com/", "内容": "ファーマライズ薬局　菰野店【5:薬局】三重県三重郡菰野町福村６４－６" }, "geometry": { "type": "Point", "coordinates": [ 136.520711, 35.008159 ] } },
{ "type": "Feature", "properties": { "ID": 24501000153, "正式名称": "コモノ薬局永井店", "機関区分": 5, "都道府県コード": 24, "市区町村コード": 341, "所在地": "三重県三重郡菰野町永井３８１８", "緯度": 35.051187, "経度": 136.526473, "url": "https://www.iryou.teikyouseido.mhlw.go.jp/znk-web/juminkanja/S2430/initialize?prefCd=24&kikanCd=01000153&kikanKbn=5", "url2": null, "内容": "コモノ薬局永井店【5:薬局】三重県三重郡菰野町永井３８１８" }, "geometry": { "type": "Point", "coordinates": [ 136.526473, 35.051187 ] } },
{ "type": "Feature", "properties": { "ID": 24501000154, "正式名称": "あじさい薬局　北勢店", "機関区分": 5, "都道府県コード": 24, "市区町村コード": 214, "所在地": "三重県いなべ市北勢町麻生田字麻野３４５６－３", "緯度": 35.137093, "経度": 136.5323, "url": "https://www.iryou.teikyouseido.mhlw.go.jp/znk-web/juminkanja/S2430/initialize?prefCd=24&kikanCd=01000154&kikanKbn=5", "url2": null, "内容": "あじさい薬局　北勢店【5:薬局】三重県いなべ市北勢町麻生田字麻野３４５６－３" }, "geometry": { "type": "Point", "coordinates": [ 136.5323, 35.137093 ] } },
{ "type": "Feature", "properties": { "ID": 24501000156, "正式名称": "小林薬局くわな駅西店", "機関区分": 5, "都道府県コード": 24, "市区町村コード": 205, "所在地": "三重県桑名市東方１５５－１シャトレ桑名１階", "緯度": 35.068119, "経度": 136.682556, "url": "https://www.iryou.teikyouseido.mhlw.go.jp/znk-web/juminkanja/S2430/initialize?prefCd=24&kikanCd=01000156&kikanKbn=5", "url2": "http://www.kobayaku.com/", "内容": "小林薬局くわな駅西店【5:薬局】三重県桑名市東方１５５－１シャトレ桑名１階" }, "geometry": { "type": "Point", "coordinates": [ 136.682556, 35.068119 ] } },
{ "type": "Feature", "properties": { "ID": 24501000158, "正式名称": "ウエルシア薬局東員町山田店", "機関区分": 5, "都道府県コード": 24, "市区町村コード": 324, "所在地": "三重県員弁郡東員町大字山田２８９８番地１", "緯度": 35.087068, "経度": 136.595356, "url": "https://www.iryou.teikyouseido.mhlw.go.jp/znk-web/juminkanja/S2430/initialize?prefCd=24&kikanCd=01000158&kikanKbn=5", "url2": null, "内容": "ウエルシア薬局東員町山田店【5:薬局】三重県員弁郡東員町大字山田２８９８番地１" }, "geometry": { "type": "Point", "coordinates": [ 136.595356, 35.087068 ] } },
{ "type": "Feature", "properties": { "ID": 24501000159, "正式名称": "フラワー薬局蓮花寺店", "機関区分": 5, "都道府県コード": 24, "市区町村コード": 205, "所在地": "三重県桑名市藤が丘９丁目１０１", "緯度": 35.076448, "経度": 136.653693, "url": "https://www.iryou.teikyouseido.mhlw.go.jp/znk-web/juminkanja/S2430/initialize?prefCd=24&kikanCd=01000159&kikanKbn=5", "url2": "https://www.m-ikkou.co.jp/", "内容": "フラワー薬局蓮花寺店【5:薬局】三重県桑名市藤が丘９丁目１０１" }, "geometry": { "type": "Point", "coordinates": [ 136.653693, 35.076448 ] } },
{ "type": "Feature", "properties": { "ID": 24501000160, "正式名称": "フラワー薬局寿店", "機関区分": 5, "都道府県コード": 24, "市区町村コード": 205, "所在地": "三重県桑名市寿町３丁目９", "緯度": 35.066231, "経度": 136.686851, "url": "https://www.iryou.teikyouseido.mhlw.go.jp/znk-web/juminkanja/S2430/initialize?prefCd=24&kikanCd=01000160&kikanKbn=5", "url2": "https://www.m-ikkou.co.jp/", "内容": "フラワー薬局寿店【5:薬局】三重県桑名市寿町３丁目９" }, "geometry": { "type": "Point", "coordinates": [ 136.686851, 35.066231 ] } },
{ "type": "Feature", "properties": { "ID": 24501000161, "正式名称": "フラワー薬局すずらん店", "機関区分": 5, "都道府県コード": 24, "市区町村コード": 205, "所在地": "三重県桑名市星川宇賀１０１１－５", "緯度": 35.067794, "経度": 136.627699, "url": "https://www.iryou.teikyouseido.mhlw.go.jp/znk-web/juminkanja/S2430/initialize?prefCd=24&kikanCd=01000161&kikanKbn=5", "url2": "https://www.m-ikkou.co.jp/", "内容": "フラワー薬局すずらん店【5:薬局】三重県桑名市星川宇賀１０１１－５" }, "geometry": { "type": "Point", "coordinates": [ 136.627699, 35.067794 ] } },
{ "type": "Feature", "properties": { "ID": 24501000162, "正式名称": "かわはし薬局江場店", "機関区分": 5, "都道府県コード": 24, "市区町村コード": 205, "所在地": "三重県桑名市江場４５６－３", "緯度": 35.049948, "経度": 136.693795, "url": "https://www.iryou.teikyouseido.mhlw.go.jp/znk-web/juminkanja/S2430/initialize?prefCd=24&kikanCd=01000162&kikanKbn=5", "url2": null, "内容": "かわはし薬局江場店【5:薬局】三重県桑名市江場４５６－３" }, "geometry": { "type": "Point", "coordinates": [ 136.693795, 35.049948 ] } },
{ "type": "Feature", "properties": { "ID": 24501000163, "正式名称": "アクア薬局星見ヶ丘店", "機関区分": 5, "都道府県コード": 24, "市区町村コード": 205, "所在地": "三重県桑名市星見ヶ丘９－２０１－１", "緯度": 35.072734, "経度": 136.636211, "url": "https://www.iryou.teikyouseido.mhlw.go.jp/znk-web/juminkanja/S2430/initialize?prefCd=24&kikanCd=01000163&kikanKbn=5", "url2": null, "内容": "アクア薬局星見ヶ丘店【5:薬局】三重県桑名市星見ヶ丘９－２０１－１" }, "geometry": { "type": "Point", "coordinates": [ 136.636211, 35.072734 ] } },
{ "type": "Feature", "properties": { "ID": 24501000164, "正式名称": "おうだ調剤薬局", "機関区分": 5, "都道府県コード": 24, "市区町村コード": 214, "所在地": "三重県いなべ市北勢町麻生田３５９４番１", "緯度": 35.138252, "経度": 136.538936, "url": "https://www.iryou.teikyouseido.mhlw.go.jp/znk-web/juminkanja/S2430/initialize?prefCd=24&kikanCd=01000164&kikanKbn=5", "url2": null, "内容": "おうだ調剤薬局【5:薬局】三重県いなべ市北勢町麻生田３５９４番１" }, "geometry": { "type": "Point", "coordinates": [ 136.538936, 35.138252 ] } },
{ "type": "Feature", "properties": { "ID": 24501000165, "正式名称": "あおぞら薬局", "機関区分": 5, "都道府県コード": 24, "市区町村コード": 205, "所在地": "三重県桑名市多度町柚井１６９８－１", "緯度": 35.136426, "経度": 136.635247, "url": "https://www.iryou.teikyouseido.mhlw.go.jp/znk-web/juminkanja/S2430/initialize?prefCd=24&kikanCd=01000165&kikanKbn=5", "url2": "https://www.tado-aozora-ph.com", "内容": "あおぞら薬局【5:薬局】三重県桑名市多度町柚井１６９８－１" }, "geometry": { "type": "Point", "coordinates": [ 136.635247, 35.136426 ] } },
{ "type": "Feature", "properties": { "ID": 24501000166, "正式名称": "わかば薬局", "機関区分": 5, "都道府県コード": 24, "市区町村コード": 324, "所在地": "三重県員弁郡東員町鳥取１２９６番地３", "緯度": 35.092777, "経度": 136.591671, "url": "https://www.iryou.teikyouseido.mhlw.go.jp/znk-web/juminkanja/S2430/initialize?prefCd=24&kikanCd=01000166&kikanKbn=5", "url2": "https://goodlogi.co.jp/", "内容": "わかば薬局【5:薬局】三重県員弁郡東員町鳥取１２９６番地３" }, "geometry": { "type": "Point", "coordinates": [ 136.591671, 35.092777 ] } },
{ "type": "Feature", "properties": { "ID": 24501000167, "正式名称": "みずたに薬局中央店", "機関区分": 5, "都道府県コード": 24, "市区町村コード": 205, "所在地": "三重県桑名市中央町１丁目１７－４", "緯度": 35.0637, "経度": 136.685623, "url": "https://www.iryou.teikyouseido.mhlw.go.jp/znk-web/juminkanja/S2430/initialize?prefCd=24&kikanCd=01000167&kikanKbn=5", "url2": null, "内容": "みずたに薬局中央店【5:薬局】三重県桑名市中央町１丁目１７－４" }, "geometry": { "type": "Point", "coordinates": [ 136.685623, 35.0637 ] } },
{ "type": "Feature", "properties": { "ID": 24501000168, "正式名称": "ナロー薬局川越店", "機関区分": 5, "都道府県コード": 24, "市区町村コード": 344, "所在地": "三重県三重郡川越町豊田一色２７３－３", "緯度": 35.024038, "経度": 136.671432, "url": "https://www.iryou.teikyouseido.mhlw.go.jp/znk-web/juminkanja/S2430/initialize?prefCd=24&kikanCd=01000168&kikanKbn=5", "url2": null, "内容": "ナロー薬局川越店【5:薬局】三重県三重郡川越町豊田一色２７３－３" }, "geometry": { "type": "Point", "coordinates": [ 136.671432, 35.024038 ] } },
{ "type": "Feature", "properties": { "ID": 24501000170, "正式名称": "たいせい薬局", "機関区分": 5, "都道府県コード": 24, "市区町村コード": 205, "所在地": "三重県桑名市神成町２町目７２番の１", "緯度": 35.075168, "経度": 136.676719, "url": "https://www.iryou.teikyouseido.mhlw.go.jp/znk-web/juminkanja/S2430/initialize?prefCd=24&kikanCd=01000170&kikanKbn=5", "url2": null, "内容": "たいせい薬局【5:薬局】三重県桑名市神成町２町目７２番の１" }, "geometry": { "type": "Point", "coordinates": [ 136.676719, 35.075168 ] } },
{ "type": "Feature", "properties": { "ID": 24501000171, "正式名称": "スギ薬局　星川店", "機関区分": 5, "都道府県コード": 24, "市区町村コード": 205, "所在地": "三重県桑名市大字星川８０２－１", "緯度": 35.066856, "経度": 136.627322, "url": "https://www.iryou.teikyouseido.mhlw.go.jp/znk-web/juminkanja/S2430/initialize?prefCd=24&kikanCd=01000171&kikanKbn=5", "url2": "http://www.drug-sugi.co.jp/", "内容": "スギ薬局　星川店【5:薬局】三重県桑名市大字星川８０２－１" }, "geometry": { "type": "Point", "coordinates": [ 136.627322, 35.066856 ] } },
{ "type": "Feature", "properties": { "ID": 24501000172, "正式名称": "とういん調剤薬局", "機関区分": 5, "都道府県コード": 24, "市区町村コード": 324, "所在地": "三重県員弁郡東員町大字六把野新田１３０番地５", "緯度": 35.080117, "経度": 136.592703, "url": "https://www.iryou.teikyouseido.mhlw.go.jp/znk-web/juminkanja/S2430/initialize?prefCd=24&kikanCd=01000172&kikanKbn=5", "url2": null, "内容": "とういん調剤薬局【5:薬局】三重県員弁郡東員町大字六把野新田１３０番地５" }, "geometry": { "type": "Point", "coordinates": [ 136.592703, 35.080117 ] } },
{ "type": "Feature", "properties": { "ID": 24501000173, "正式名称": "ほくせい調剤薬局", "機関区分": 5, "都道府県コード": 24, "市区町村コード": 214, "所在地": "三重県いなべ市北勢町中山１６番地７", "緯度": 35.131954, "経度": 136.513833, "url": "https://www.iryou.teikyouseido.mhlw.go.jp/znk-web/juminkanja/S2430/initialize?prefCd=24&kikanCd=01000173&kikanKbn=5", "url2": "https://el-pharma.jp/hokusei.html", "内容": "ほくせい調剤薬局【5:薬局】三重県いなべ市北勢町中山１６番地７" }, "geometry": { "type": "Point", "coordinates": [ 136.513833, 35.131954 ] } },
{ "type": "Feature", "properties": { "ID": 24501000174, "正式名称": "ありよし調剤薬局", "機関区分": 5, "都道府県コード": 24, "市区町村コード": 205, "所在地": "三重県桑名市西別所９９６－６", "緯度": 35.058765, "経度": 136.653213, "url": "https://www.iryou.teikyouseido.mhlw.go.jp/znk-web/juminkanja/S2430/initialize?prefCd=24&kikanCd=01000174&kikanKbn=5", "url2": "el-phrma.jp", "内容": "ありよし調剤薬局【5:薬局】三重県桑名市西別所９９６－６" }, "geometry": { "type": "Point", "coordinates": [ 136.653213, 35.058765 ] } },
{ "type": "Feature", "properties": { "ID": 24501000175, "正式名称": "そわか薬局", "機関区分": 5, "都道府県コード": 24, "市区町村コード": 344, "所在地": "三重県三重郡川越町北福崎６５－６", "緯度": 35.028475, "経度": 136.679693, "url": "https://www.iryou.teikyouseido.mhlw.go.jp/znk-web/juminkanja/S2430/initialize?prefCd=24&kikanCd=01000175&kikanKbn=5", "url2": null, "内容": "そわか薬局【5:薬局】三重県三重郡川越町北福崎６５－６" }, "geometry": { "type": "Point", "coordinates": [ 136.679693, 35.028475 ] } },
{ "type": "Feature", "properties": { "ID": 24501000176, "正式名称": "キョーワ薬局　いなべ店", "機関区分": 5, "都道府県コード": 24, "市区町村コード": 214, "所在地": "三重県いなべ市北勢町阿下喜１００７番地", "緯度": 35.149593, "経度": 136.51959, "url": "https://www.iryou.teikyouseido.mhlw.go.jp/znk-web/juminkanja/S2430/initialize?prefCd=24&kikanCd=01000176&kikanKbn=5", "url2": "https://www.kyowa-chemical.co.jp/", "内容": "キョーワ薬局　いなべ店【5:薬局】三重県いなべ市北勢町阿下喜１００７番地" }, "geometry": { "type": "Point", "coordinates": [ 136.51959, 35.149593 ] } },
{ "type": "Feature", "properties": { "ID": 24501000177, "正式名称": "キョーワ薬局　菰野店", "機関区分": 5, "都道府県コード": 24, "市区町村コード": 341, "所在地": "三重県三重郡菰野町潤田２１０５－１", "緯度": 35.025753, "経度": 136.508271, "url": "https://www.iryou.teikyouseido.mhlw.go.jp/znk-web/juminkanja/S2430/initialize?prefCd=24&kikanCd=01000177&kikanKbn=5", "url2": null, "内容": "キョーワ薬局　菰野店【5:薬局】三重県三重郡菰野町潤田２１０５－１" }, "geometry": { "type": "Point", "coordinates": [ 136.508271, 35.025753 ] } },
{ "type": "Feature", "properties": { "ID": 24501000178, "正式名称": "けやき薬局", "機関区分": 5, "都道府県コード": 24, "市区町村コード": 341, "所在地": "三重県三重郡菰野町潤田１１９７－１", "緯度": 35.021049, "経度": 136.507293, "url": "https://www.iryou.teikyouseido.mhlw.go.jp/znk-web/juminkanja/S2430/initialize?prefCd=24&kikanCd=01000178&kikanKbn=5", "url2": null, "内容": "けやき薬局【5:薬局】三重県三重郡菰野町潤田１１９７－１" }, "geometry": { "type": "Point", "coordinates": [ 136.507293, 35.021049 ] } },
{ "type": "Feature", "properties": { "ID": 24501000179, "正式名称": "スギ薬局　長島店", "機関区分": 5, "都道府県コード": 24, "市区町村コード": 205, "所在地": "三重県桑名市長島町松ヶ島３２４", "緯度": 35.08892, "経度": 136.701591, "url": "https://www.iryou.teikyouseido.mhlw.go.jp/znk-web/juminkanja/S2430/initialize?prefCd=24&kikanCd=01000179&kikanKbn=5", "url2": "https://www.drug-sugi.co.jp/", "内容": "スギ薬局　長島店【5:薬局】三重県桑名市長島町松ヶ島３２４" }, "geometry": { "type": "Point", "coordinates": [ 136.701591, 35.08892 ] } },
{ "type": "Feature", "properties": { "ID": 24501000181, "正式名称": "たんぽぽ薬局　さくらの丘店", "機関区分": 5, "都道府県コード": 24, "市区町村コード": 205, "所在地": "三重県桑名市さくらの丘１番地", "緯度": 35.067104, "経度": 136.65276, "url": "https://www.iryou.teikyouseido.mhlw.go.jp/znk-web/juminkanja/S2430/initialize?prefCd=24&kikanCd=01000181&kikanKbn=5", "url2": "https://www.tanpopo-ph.co.jp/", "内容": "たんぽぽ薬局　さくらの丘店【5:薬局】三重県桑名市さくらの丘１番地" }, "geometry": { "type": "Point", "coordinates": [ 136.65276, 35.067104 ] } },
{ "type": "Feature", "properties": { "ID": 24501000182, "正式名称": "ユニスマイル薬局　クワナテン", "機関区分": 5, "都道府県コード": 24, "市区町村コード": 205, "所在地": "三重県桑名市長島町出口２４７", "緯度": 35.100722, "経度": 136.696861, "url": "https://www.iryou.teikyouseido.mhlw.go.jp/znk-web/juminkanja/S2430/initialize?prefCd=24&kikanCd=01000182&kikanKbn=5", "url2": "https://unismile.co.jp/shop/tomatonagasima/", "内容": "ユニスマイル薬局　クワナテン【5:薬局】三重県桑名市長島町出口２４７" }, "geometry": { "type": "Point", "coordinates": [ 136.696861, 35.100722 ] } },
{ "type": "Feature", "properties": { "ID": 24501000183, "正式名称": "メープル薬局", "機関区分": 5, "都道府県コード": 24, "市区町村コード": 341, "所在地": "三重県三重郡菰野町小島１４番４", "緯度": 35.06848, "経度": 136.520106, "url": "https://www.iryou.teikyouseido.mhlw.go.jp/znk-web/juminkanja/S2430/initialize?prefCd=24&kikanCd=01000183&kikanKbn=5", "url2": "kenju2021.com", "内容": "メープル薬局【5:薬局】三重県三重郡菰野町小島１４番４" }, "geometry": { "type": "Point", "coordinates": [ 136.520106, 35.06848 ] } },
{ "type": "Feature", "properties": { "ID": 24501000184, "正式名称": "アイン薬局いなべ店", "機関区分": 5, "都道府県コード": 24, "市区町村コード": 214, "所在地": "三重県いなべ市北勢町阿下喜７７１　三重北医療センターいなべ総合病院別館", "緯度": 35.1464216, "経度": 136.5147274, "url": "https://www.iryou.teikyouseido.mhlw.go.jp/znk-web/juminkanja/S2430/initialize?prefCd=24&kikanCd=01000184&kikanKbn=5", "url2": "https://store.ainj.co.jp/detail/1101449/", "内容": "アイン薬局いなべ店【5:薬局】三重県いなべ市北勢町阿下喜７７１　三重北医療センターいなべ総合病院別館" }, "geometry": { "type": "Point", "coordinates": [ 136.5147274, 35.1464216 ] } },
{ "type": "Feature", "properties": { "ID": 24501000185, "正式名称": "クスリのアオキ菰野薬局", "機関区分": 5, "都道府県コード": 24, "市区町村コード": 341, "所在地": "三重県三重郡菰野町大字永井３０３９番地３０", "緯度": 35.055389, "経度": 136.533112, "url": "https://www.iryou.teikyouseido.mhlw.go.jp/znk-web/juminkanja/S2430/initialize?prefCd=24&kikanCd=01000185&kikanKbn=5", "url2": "https://www.kusuri-aoki.co.jp/", "内容": "クスリのアオキ菰野薬局【5:薬局】三重県三重郡菰野町大字永井３０３９番地３０" }, "geometry": { "type": "Point", "coordinates": [ 136.533112, 35.055389 ] } },
{ "type": "Feature", "properties": { "ID": 24501000186, "正式名称": "スギ薬局菰野西店", "機関区分": 5, "都道府県コード": 24, "市区町村コード": 341, "所在地": "三重県三重郡菰野町大字潤田８３９番地１", "緯度": 35.021403, "経度": 136.508424, "url": "https://www.iryou.teikyouseido.mhlw.go.jp/znk-web/juminkanja/S2430/initialize?prefCd=24&kikanCd=01000186&kikanKbn=5", "url2": "http://www.drug-sugi.co.jp/", "内容": "スギ薬局菰野西店【5:薬局】三重県三重郡菰野町大字潤田８３９番地１" }, "geometry": { "type": "Point", "coordinates": [ 136.508424, 35.021403 ] } },
{ "type": "Feature", "properties": { "ID": 24501000187, "正式名称": "フラワー薬局桑名北別所店", "機関区分": 5, "都道府県コード": 24, "市区町村コード": 205, "所在地": "三重県桑名市北別所字福地４１６番地１", "緯度": 35.074699, "経度": 136.673551, "url": "https://www.iryou.teikyouseido.mhlw.go.jp/znk-web/juminkanja/S2430/initialize?prefCd=24&kikanCd=01000187&kikanKbn=5", "url2": "https://www.m-ikkou.co.jp/", "内容": "フラワー薬局桑名北別所店【5:薬局】三重県桑名市北別所字福地４１６番地１" }, "geometry": { "type": "Point", "coordinates": [ 136.673551, 35.074699 ] } },
{ "type": "Feature", "properties": { "ID": 24501000190, "正式名称": "シモザト薬局　桑名店", "機関区分": 5, "都道府県コード": 24, "市区町村コード": 205, "所在地": "三重県桑名市星見ヶ丘３－９０１", "緯度": 35.074819, "経度": 136.631411, "url": "https://www.iryou.teikyouseido.mhlw.go.jp/znk-web/juminkanja/S2430/initialize?prefCd=24&kikanCd=01000190&kikanKbn=5", "url2": "https://www.e-classa.net/shimozato-kuwana", "内容": "シモザト薬局　桑名店【5:薬局】三重県桑名市星見ヶ丘３－９０１" }, "geometry": { "type": "Point", "coordinates": [ 136.631411, 35.074819 ] } },
{ "type": "Feature", "properties": { "ID": 24501000191, "正式名称": "Ｖ・ｄｒｕｇ　桑名ひだまり薬局", "機関区分": 5, "都道府県コード": 24, "市区町村コード": 205, "所在地": "三重県桑名市陽だまりの丘７－１６０４", "緯度": 35.086323, "経度": 136.637129, "url": "https://www.iryou.teikyouseido.mhlw.go.jp/znk-web/juminkanja/S2430/initialize?prefCd=24&kikanCd=01000191&kikanKbn=5", "url2": "https://store.vdrug.co.jp/detail/30196/", "内容": "Ｖ・ｄｒｕｇ　桑名ひだまり薬局【5:薬局】三重県桑名市陽だまりの丘７－１６０４" }, "geometry": { "type": "Point", "coordinates": [ 136.637129, 35.086323 ] } },
{ "type": "Feature", "properties": { "ID": 24501000193, "正式名称": "みつばち薬局", "機関区分": 5, "都道府県コード": 24, "市区町村コード": 324, "所在地": "三重県員弁郡東員町穴太字茨原２９４５－４", "緯度": 35.084424, "経度": 136.612107, "url": "https://www.iryou.teikyouseido.mhlw.go.jp/znk-web/juminkanja/S2430/initialize?prefCd=24&kikanCd=01000193&kikanKbn=5", "url2": null, "内容": "みつばち薬局【5:薬局】三重県員弁郡東員町穴太字茨原２９４５－４" }, "geometry": { "type": "Point", "coordinates": [ 136.612107, 35.084424 ] } },
{ "type": "Feature", "properties": { "ID": 24501000194, "正式名称": "ＳＡＫＵＲＡ薬局　東方店", "機関区分": 5, "都道府県コード": 24, "市区町村コード": 205, "所在地": "三重県桑名市東方", "緯度": 35.067212, "経度": 136.676801, "url": "https://www.iryou.teikyouseido.mhlw.go.jp/znk-web/juminkanja/S2430/initialize?prefCd=24&kikanCd=01000194&kikanKbn=5", "url2": null, "内容": "ＳＡＫＵＲＡ薬局　東方店【5:薬局】三重県桑名市東方" }, "geometry": { "type": "Point", "coordinates": [ 136.676801, 35.067212 ] } },
{ "type": "Feature", "properties": { "ID": 24501000195, "正式名称": "さんあい薬局株式会社中央町店", "機関区分": 5, "都道府県コード": 24, "市区町村コード": 205, "所在地": "三重県桑名市中央町１－５１－４", "緯度": 35.06383, "経度": 136.684616, "url": "https://www.iryou.teikyouseido.mhlw.go.jp/znk-web/juminkanja/S2430/initialize?prefCd=24&kikanCd=01000195&kikanKbn=5", "url2": "https://sun-ai-ph.co.jp/", "内容": "さんあい薬局株式会社中央町店【5:薬局】三重県桑名市中央町１－５１－４" }, "geometry": { "type": "Point", "coordinates": [ 136.684616, 35.06383 ] } },
{ "type": "Feature", "properties": { "ID": 24501000196, "正式名称": "はちみつ薬局", "機関区分": 5, "都道府県コード": 24, "市区町村コード": 205, "所在地": "三重県桑名市大仲新田屋敷３２７番地７７", "緯度": 35.081709, "経度": 136.612763, "url": "https://www.iryou.teikyouseido.mhlw.go.jp/znk-web/juminkanja/S2430/initialize?prefCd=24&kikanCd=01000196&kikanKbn=5", "url2": null, "内容": "はちみつ薬局【5:薬局】三重県桑名市大仲新田屋敷３２７番地７７" }, "geometry": { "type": "Point", "coordinates": [ 136.612763, 35.081709 ] } },
{ "type": "Feature", "properties": { "ID": 24501000197, "正式名称": "あおば薬局　桑名店", "機関区分": 5, "都道府県コード": 24, "市区町村コード": 205, "所在地": "三重県桑名市寿町３－６４", "緯度": 35.06544, "経度": 136.687665, "url": "https://www.iryou.teikyouseido.mhlw.go.jp/znk-web/juminkanja/S2430/initialize?prefCd=24&kikanCd=01000197&kikanKbn=5", "url2": "http://www.kahoku-chozai.com/shop/shop-13184/", "内容": "あおば薬局　桑名店【5:薬局】三重県桑名市寿町３－６４" }, "geometry": { "type": "Point", "coordinates": [ 136.687665, 35.06544 ] } },
{ "type": "Feature", "properties": { "ID": 24501000198, "正式名称": "スギ薬局　いなべ店", "機関区分": 5, "都道府県コード": 24, "市区町村コード": 214, "所在地": "三重県いなべ市北勢町麻生田３６０７番地１", "緯度": 35.136827, "経度": 136.538567, "url": "https://www.iryou.teikyouseido.mhlw.go.jp/znk-web/juminkanja/S2430/initialize?prefCd=24&kikanCd=01000198&kikanKbn=5", "url2": "https://www.drug-sugi.co.jp/", "内容": "スギ薬局　いなべ店【5:薬局】三重県いなべ市北勢町麻生田３６０７番地１" }, "geometry": { "type": "Point", "coordinates": [ 136.538567, 35.136827 ] } },
{ "type": "Feature", "properties": { "ID": 24501000199, "正式名称": "さんあい薬局株式会社東員店", "機関区分": 5, "都道府県コード": 24, "市区町村コード": 324, "所在地": "三重県員弁郡東員町長深８８５－５", "緯度": 35.06528, "経度": 136.579343, "url": "https://www.iryou.teikyouseido.mhlw.go.jp/znk-web/juminkanja/S2430/initialize?prefCd=24&kikanCd=01000199&kikanKbn=5", "url2": "https://www.sun-ai-ph.co.jp", "内容": "さんあい薬局株式会社東員店【5:薬局】三重県員弁郡東員町長深８８５－５" }, "geometry": { "type": "Point", "coordinates": [ 136.579343, 35.06528 ] } },
{ "type": "Feature", "properties": { "ID": 24501000200, "正式名称": "アクア薬局桑名駅前店", "機関区分": 5, "都道府県コード": 24, "市区町村コード": 205, "所在地": "三重県桑名市桑栄町１－１サンファーレ南館１階", "緯度": 35.066827, "経度": 136.68522, "url": "https://www.iryou.teikyouseido.mhlw.go.jp/znk-web/juminkanja/S2430/initialize?prefCd=24&kikanCd=01000200&kikanKbn=5", "url2": "https://aquamedical.net/", "内容": "アクア薬局桑名駅前店【5:薬局】三重県桑名市桑栄町１－１サンファーレ南館１階" }, "geometry": { "type": "Point", "coordinates": [ 136.68522, 35.066827 ] } },
{ "type": "Feature", "properties": { "ID": 24501000201, "正式名称": "在宅訪問くわな南薬局", "機関区分": 5, "都道府県コード": 24, "市区町村コード": 205, "所在地": "三重県桑名市安永８４７－１", "緯度": 35.052, "経度": 136.679824, "url": "https://www.iryou.teikyouseido.mhlw.go.jp/znk-web/juminkanja/S2430/initialize?prefCd=24&kikanCd=01000201&kikanKbn=5", "url2": null, "内容": "在宅訪問くわな南薬局【5:薬局】三重県桑名市安永８４７－１" }, "geometry": { "type": "Point", "coordinates": [ 136.679824, 35.052 ] } },
{ "type": "Feature", "properties": { "ID": 24501000202, "正式名称": "Ｖ・ｄｒｕｇ　川越富洲原薬局", "機関区分": 5, "都道府県コード": 24, "市区町村コード": 344, "所在地": "三重県三重郡川越町大字豊田字城ノ内３０４－４", "緯度": 35.016501, "経度": 136.661265, "url": "https://www.iryou.teikyouseido.mhlw.go.jp/znk-web/juminkanja/S2430/initialize?prefCd=24&kikanCd=01000202&kikanKbn=5", "url2": "https://vdrug.co.jp/pharmacy/", "内容": "Ｖ・ｄｒｕｇ　川越富洲原薬局【5:薬局】三重県三重郡川越町大字豊田字城ノ内３０４－４" }, "geometry": { "type": "Point", "coordinates": [ 136.661265, 35.016501 ] } },
{ "type": "Feature", "properties": { "ID": 24501000203, "正式名称": "みんなの薬局", "機関区分": 5, "都道府県コード": 24, "市区町村コード": 205, "所在地": "三重県桑名市西別所２９６－１", "緯度": 35.058049, "経度": 136.665344, "url": "https://www.iryou.teikyouseido.mhlw.go.jp/znk-web/juminkanja/S2430/initialize?prefCd=24&kikanCd=01000203&kikanKbn=5", "url2": null, "内容": "みんなの薬局【5:薬局】三重県桑名市西別所２９６－１" }, "geometry": { "type": "Point", "coordinates": [ 136.665344, 35.058049 ] } },
{ "type": "Feature", "properties": { "ID": 24501000204, "正式名称": "Ｖ・ｄｒｕｇ　陽だまりの丘薬局", "機関区分": 5, "都道府県コード": 24, "市区町村コード": 205, "所在地": "三重県桑名市陽だまりの丘２丁目２９０３", "緯度": 35.085073, "経度": 136.641609, "url": "https://www.iryou.teikyouseido.mhlw.go.jp/znk-web/juminkanja/S2430/initialize?prefCd=24&kikanCd=01000204&kikanKbn=5", "url2": "https://www.vdrug.co.jp/", "内容": "Ｖ・ｄｒｕｇ　陽だまりの丘薬局【5:薬局】三重県桑名市陽だまりの丘２丁目２９０３" }, "geometry": { "type": "Point", "coordinates": [ 136.641609, 35.085073 ] } },
{ "type": "Feature", "properties": { "ID": 24501010019, "正式名称": "漢方のＫＰ薬局", "機関区分": 5, "都道府県コード": 24, "市区町村コード": 205, "所在地": "三重県桑名市西別所３５０－３", "緯度": 35.065392, "経度": 136.688131, "url": "https://www.iryou.teikyouseido.mhlw.go.jp/znk-web/juminkanja/S2430/initialize?prefCd=24&kikanCd=01010019&kikanKbn=5", "url2": null, "内容": "漢方のＫＰ薬局【5:薬局】三重県桑名市西別所３５０－３" }, "geometry": { "type": "Point", "coordinates": [ 136.688131, 35.065392 ] } },
{ "type": "Feature", "properties": { "ID": 24501030025, "正式名称": "クローバー薬局", "機関区分": 5, "都道府県コード": 24, "市区町村コード": 205, "所在地": "三重県桑名市馬道１丁目６９", "緯度": 35.059214, "経度": 136.680273, "url": "https://www.iryou.teikyouseido.mhlw.go.jp/znk-web/juminkanja/S2430/initialize?prefCd=24&kikanCd=01030025&kikanKbn=5", "url2": null, "内容": "クローバー薬局【5:薬局】三重県桑名市馬道１丁目６９" }, "geometry": { "type": "Point", "coordinates": [ 136.680273, 35.059214 ] } },
{ "type": "Feature", "properties": { "ID": 24501070004, "正式名称": "ソーラー薬局", "機関区分": 5, "都道府県コード": 24, "市区町村コード": 205, "所在地": "三重県桑名市新西方３丁目２０６", "緯度": 35.07277, "経度": 136.657057, "url": "https://www.iryou.teikyouseido.mhlw.go.jp/znk-web/juminkanja/S2430/initialize?prefCd=24&kikanCd=01070004&kikanKbn=5", "url2": "https://www.solar-goodpharma.com/", "内容": "ソーラー薬局【5:薬局】三重県桑名市新西方３丁目２０６" }, "geometry": { "type": "Point", "coordinates": [ 136.657057, 35.07277 ] } },
{ "type": "Feature", "properties": { "ID": 24501090005, "正式名称": "ハーブ調剤薬局", "機関区分": 5, "都道府県コード": 24, "市区町村コード": 205, "所在地": "三重県桑名市新西方２丁目８７", "緯度": 35.074425, "経度": 136.657989, "url": "https://www.iryou.teikyouseido.mhlw.go.jp/znk-web/juminkanja/S2430/initialize?prefCd=24&kikanCd=01090005&kikanKbn=5", "url2": null, "内容": "ハーブ調剤薬局【5:薬局】三重県桑名市新西方２丁目８７" }, "geometry": { "type": "Point", "coordinates": [ 136.657989, 35.074425 ] } },
{ "type": "Feature", "properties": { "ID": 24501090009, "正式名称": "ファミリーサポート薬局", "機関区分": 5, "都道府県コード": 24, "市区町村コード": 324, "所在地": "三重県員弁郡東員町中上２８０－１", "緯度": 35.056214, "経度": 136.596686, "url": "https://www.iryou.teikyouseido.mhlw.go.jp/znk-web/juminkanja/S2430/initialize?prefCd=24&kikanCd=01090009&kikanKbn=5", "url2": null, "内容": "ファミリーサポート薬局【5:薬局】三重県員弁郡東員町中上２８０－１" }, "geometry": { "type": "Point", "coordinates": [ 136.596686, 35.056214 ] } },
{ "type": "Feature", "properties": { "ID": 24501100003, "正式名称": "三井薬局赤尾店", "機関区分": 5, "都道府県コード": 24, "市区町村コード": 205, "所在地": "三重県桑名市大字赤尾１３０５－２", "緯度": 35.052344, "経度": 136.631339, "url": "https://www.iryou.teikyouseido.mhlw.go.jp/znk-web/juminkanja/S2430/initialize?prefCd=24&kikanCd=01100003&kikanKbn=5", "url2": null, "内容": "三井薬局赤尾店【5:薬局】三重県桑名市大字赤尾１３０５－２" }, "geometry": { "type": "Point", "coordinates": [ 136.631339, 35.052344 ] } },
{ "type": "Feature", "properties": { "ID": 24501100004, "正式名称": "エンゼル薬局大安店", "機関区分": 5, "都道府県コード": 24, "市区町村コード": 214, "所在地": "三重県いなべ市大安町門前５９１", "緯度": 35.083417, "経度": 136.553261, "url": "https://www.iryou.teikyouseido.mhlw.go.jp/znk-web/juminkanja/S2430/initialize?prefCd=24&kikanCd=01100004&kikanKbn=5", "url2": "https://www.angel-pha.com/", "内容": "エンゼル薬局大安店【5:薬局】三重県いなべ市大安町門前５９１" }, "geometry": { "type": "Point", "coordinates": [ 136.553261, 35.083417 ] } },
{ "type": "Feature", "properties": { "ID": 24501100007, "正式名称": "内堀薬局", "機関区分": 5, "都道府県コード": 24, "市区町村コード": 205, "所在地": "三重県桑名市内堀１０番地", "緯度": 35.062865, "経度": 136.693682, "url": "https://www.iryou.teikyouseido.mhlw.go.jp/znk-web/juminkanja/S2430/initialize?prefCd=24&kikanCd=01100007&kikanKbn=5", "url2": null, "内容": "内堀薬局【5:薬局】三重県桑名市内堀１０番地" }, "geometry": { "type": "Point", "coordinates": [ 136.693682, 35.062865 ] } },
{ "type": "Feature", "properties": { "ID": 24501110005, "正式名称": "有限会社　太成　星見ヶ丘調剤薬局", "機関区分": 5, "都道府県コード": 24, "市区町村コード": 205, "所在地": "三重県桑名市星見ヶ丘３丁目２０３－２", "緯度": 35.076903, "経度": 136.631157, "url": "https://www.iryou.teikyouseido.mhlw.go.jp/znk-web/juminkanja/S2430/initialize?prefCd=24&kikanCd=01110005&kikanKbn=5", "url2": null, "内容": "有限会社　太成　星見ヶ丘調剤薬局【5:薬局】三重県桑名市星見ヶ丘３丁目２０３－２" }, "geometry": { "type": "Point", "coordinates": [ 136.631157, 35.076903 ] } },
{ "type": "Feature", "properties": { "ID": 24501550020, "正式名称": "はった薬局", "機関区分": 5, "都道府県コード": 24, "市区町村コード": 214, "所在地": "三重県いなべ市北勢町東村３２－１０", "緯度": 35.132005, "経度": 136.512369, "url": "https://www.iryou.teikyouseido.mhlw.go.jp/znk-web/juminkanja/S2430/initialize?prefCd=24&kikanCd=01550020&kikanKbn=5", "url2": null, "内容": "はった薬局【5:薬局】三重県いなべ市北勢町東村３２－１０" }, "geometry": { "type": "Point", "coordinates": [ 136.512369, 35.132005 ] } },
{ "type": "Feature", "properties": { "ID": 24501580024, "正式名称": "ネオ薬局", "機関区分": 5, "都道府県コード": 24, "市区町村コード": 324, "所在地": "三重県員弁郡東員町笹尾東２丁目５－６", "緯度": 35.099097, "経度": 136.596711, "url": "https://www.iryou.teikyouseido.mhlw.go.jp/znk-web/juminkanja/S2430/initialize?prefCd=24&kikanCd=01580024&kikanKbn=5", "url2": null, "内容": "ネオ薬局【5:薬局】三重県員弁郡東員町笹尾東２丁目５－６" }, "geometry": { "type": "Point", "coordinates": [ 136.596711, 35.099097 ] } },
{ "type": "Feature", "properties": { "ID": 24501590018, "正式名称": "有限会社渡辺薬局", "機関区分": 5, "都道府県コード": 24, "市区町村コード": 205, "所在地": "三重県桑名市千代田町３７", "緯度": 35.058508, "経度": 136.684274, "url": "https://www.iryou.teikyouseido.mhlw.go.jp/znk-web/juminkanja/S2430/initialize?prefCd=24&kikanCd=01590018&kikanKbn=5", "url2": null, "内容": "有限会社渡辺薬局【5:薬局】三重県桑名市千代田町３７" }, "geometry": { "type": "Point", "coordinates": [ 136.684274, 35.058508 ] } },
{ "type": "Feature", "properties": { "ID": 24501590024, "正式名称": "はやふね薬局", "機関区分": 5, "都道府県コード": 24, "市区町村コード": 205, "所在地": "三重県桑名市下深谷部７０２－２", "緯度": 35.096711, "経度": 136.666182, "url": "https://www.iryou.teikyouseido.mhlw.go.jp/znk-web/juminkanja/S2430/initialize?prefCd=24&kikanCd=01590024&kikanKbn=5", "url2": null, "内容": "はやふね薬局【5:薬局】三重県桑名市下深谷部７０２－２" }, "geometry": { "type": "Point", "coordinates": [ 136.666182, 35.096711 ] } },
{ "type": "Feature", "properties": { "ID": 24501630038, "正式名称": "ヒラノ薬局", "機関区分": 5, "都道府県コード": 24, "市区町村コード": 205, "所在地": "三重県桑名市長島町又木２８－２", "緯度": 35.096787, "経度": 136.700442, "url": "https://www.iryou.teikyouseido.mhlw.go.jp/znk-web/juminkanja/S2430/initialize?prefCd=24&kikanCd=01630038&kikanKbn=5", "url2": "http://www.hirano9383-jp", "内容": "ヒラノ薬局【5:薬局】三重県桑名市長島町又木２８－２" }, "geometry": { "type": "Point", "coordinates": [ 136.700442, 35.096787 ] } },
{ "type": "Feature", "properties": { "ID": 24502000001, "正式名称": "あゆみ調剤薬局", "機関区分": 5, "都道府県コード": 24, "市区町村コード": 202, "所在地": "三重県四日市市高見台１丁目１７－１５", "緯度": 35.061783, "経度": 136.561625, "url": "https://www.iryou.teikyouseido.mhlw.go.jp/znk-web/juminkanja/S2430/initialize?prefCd=24&kikanCd=02000001&kikanKbn=5", "url2": null, "内容": "あゆみ調剤薬局【5:薬局】三重県四日市市高見台１丁目１７－１５" }, "geometry": { "type": "Point", "coordinates": [ 136.561625, 35.061783 ] } },
{ "type": "Feature", "properties": { "ID": 24502000012, "正式名称": "平岡回生堂薬局あかつき店", "機関区分": 5, "都道府県コード": 24, "市区町村コード": 202, "所在地": "三重県四日市市あかつき台２丁目１－６８", "緯度": 35.003775, "経度": 136.654601, "url": "https://www.iryou.teikyouseido.mhlw.go.jp/znk-web/juminkanja/S2430/initialize?prefCd=24&kikanCd=02000012&kikanKbn=5", "url2": null, "内容": "平岡回生堂薬局あかつき店【5:薬局】三重県四日市市あかつき台２丁目１－６８" }, "geometry": { "type": "Point", "coordinates": [ 136.654601, 35.003775 ] } },
{ "type": "Feature", "properties": { "ID": 24502000013, "正式名称": "こぶた薬局", "機関区分": 5, "都道府県コード": 24, "市区町村コード": 202, "所在地": "三重県四日市市松原町１５－１６", "緯度": 35.011478, "経度": 136.657201, "url": "https://www.iryou.teikyouseido.mhlw.go.jp/znk-web/juminkanja/S2430/initialize?prefCd=24&kikanCd=02000013&kikanKbn=5", "url2": null, "内容": "こぶた薬局【5:薬局】三重県四日市市松原町１５－１６" }, "geometry": { "type": "Point", "coordinates": [ 136.657201, 35.011478 ] } },
{ "type": "Feature", "properties": { "ID": 24502000020, "正式名称": "ナロー調剤薬局", "機関区分": 5, "都道府県コード": 24, "市区町村コード": 202, "所在地": "三重県四日市市天カ須賀４丁目６－８", "緯度": 35.015969, "経度": 136.669521, "url": "https://www.iryou.teikyouseido.mhlw.go.jp/znk-web/juminkanja/S2430/initialize?prefCd=24&kikanCd=02000020&kikanKbn=5", "url2": "https://narrows.co.jp/company/", "内容": "ナロー調剤薬局【5:薬局】三重県四日市市天カ須賀４丁目６－８" }, "geometry": { "type": "Point", "coordinates": [ 136.669521, 35.015969 ] } },
{ "type": "Feature", "properties": { "ID": 24502000021, "正式名称": "なの花薬局日永西店", "機関区分": 5, "都道府県コード": 24, "市区町村コード": 202, "所在地": "三重県四日市市日永西５丁目５２３", "緯度": 34.942361, "経度": 136.597464, "url": "https://www.iryou.teikyouseido.mhlw.go.jp/znk-web/juminkanja/S2430/initialize?prefCd=24&kikanCd=02000021&kikanKbn=5", "url2": null, "内容": "なの花薬局日永西店【5:薬局】三重県四日市市日永西５丁目５２３" }, "geometry": { "type": "Point", "coordinates": [ 136.597464, 34.942361 ] } },
{ "type": "Feature", "properties": { "ID": 24502000022, "正式名称": "エンゼル薬局四日市駅前店", "機関区分": 5, "都道府県コード": 24, "市区町村コード": 202, "所在地": "三重県四日市市安島１丁目２－１９ウエストエンドビル５階", "緯度": 34.96794, "経度": 136.617389, "url": "https://www.iryou.teikyouseido.mhlw.go.jp/znk-web/juminkanja/S2430/initialize?prefCd=24&kikanCd=02000022&kikanKbn=5", "url2": "http://www.angel-pha.com", "内容": "エンゼル薬局四日市駅前店【5:薬局】三重県四日市市安島１丁目２－１９ウエストエンドビル５階" }, "geometry": { "type": "Point", "coordinates": [ 136.617389, 34.96794 ] } },
{ "type": "Feature", "properties": { "ID": 24502000026, "正式名称": "オアシス調剤薬局", "機関区分": 5, "都道府県コード": 24, "市区町村コード": 202, "所在地": "三重県四日市市智積町６０３０－２", "緯度": 34.990745, "経度": 136.544484, "url": "https://www.iryou.teikyouseido.mhlw.go.jp/znk-web/juminkanja/S2430/initialize?prefCd=24&kikanCd=02000026&kikanKbn=5", "url2": null, "内容": "オアシス調剤薬局【5:薬局】三重県四日市市智積町６０３０－２" }, "geometry": { "type": "Point", "coordinates": [ 136.544484, 34.990745 ] } },
{ "type": "Feature", "properties": { "ID": 24502000027, "正式名称": "うねだ薬局", "機関区分": 5, "都道府県コード": 24, "市区町村コード": 202, "所在地": "三重県四日市市釆女町字名倉１７９８－１８", "緯度": 34.922269, "経度": 136.576467, "url": "https://www.iryou.teikyouseido.mhlw.go.jp/znk-web/juminkanja/S2430/initialize?prefCd=24&kikanCd=02000027&kikanKbn=5", "url2": null, "内容": "うねだ薬局【5:薬局】三重県四日市市釆女町字名倉１７９８－１８" }, "geometry": { "type": "Point", "coordinates": [ 136.576467, 34.922269 ] } },
{ "type": "Feature", "properties": { "ID": 24502000035, "正式名称": "あくらがわ薬局", "機関区分": 5, "都道府県コード": 24, "市区町村コード": 202, "所在地": "三重県四日市市城山町１－１１", "緯度": 34.985078, "経度": 136.630906, "url": "https://www.iryou.teikyouseido.mhlw.go.jp/znk-web/juminkanja/S2430/initialize?prefCd=24&kikanCd=02000035&kikanKbn=5", "url2": null, "内容": "あくらがわ薬局【5:薬局】三重県四日市市城山町１－１１" }, "geometry": { "type": "Point", "coordinates": [ 136.630906, 34.985078 ] } },
{ "type": "Feature", "properties": { "ID": 24502000037, "正式名称": "バンビ調剤薬局", "機関区分": 5, "都道府県コード": 24, "市区町村コード": 202, "所在地": "三重県四日市市川島町沢中６８４１－３", "緯度": 34.966169, "経度": 136.577848, "url": "https://www.iryou.teikyouseido.mhlw.go.jp/znk-web/juminkanja/S2430/initialize?prefCd=24&kikanCd=02000037&kikanKbn=5", "url2": null, "内容": "バンビ調剤薬局【5:薬局】三重県四日市市川島町沢中６８４１－３" }, "geometry": { "type": "Point", "coordinates": [ 136.577848, 34.966169 ] } },
{ "type": "Feature", "properties": { "ID": 24502000038, "正式名称": "回生堂薬局", "機関区分": 5, "都道府県コード": 24, "市区町村コード": 202, "所在地": "三重県四日市市本町８－７", "緯度": 34.965225, "経度": 136.629753, "url": "https://www.iryou.teikyouseido.mhlw.go.jp/znk-web/juminkanja/S2430/initialize?prefCd=24&kikanCd=02000038&kikanKbn=5", "url2": null, "内容": "回生堂薬局【5:薬局】三重県四日市市本町８－７" }, "geometry": { "type": "Point", "coordinates": [ 136.629753, 34.965225 ] } },
{ "type": "Feature", "properties": { "ID": 24502000048, "正式名称": "四日市調剤薬局おおやち店", "機関区分": 5, "都道府県コード": 24, "市区町村コード": 202, "所在地": "三重県四日市市大矢知町１０６８－１プランドール１階テナント", "緯度": 35.01895, "経度": 136.636103, "url": "https://www.iryou.teikyouseido.mhlw.go.jp/znk-web/juminkanja/S2430/initialize?prefCd=24&kikanCd=02000048&kikanKbn=5", "url2": null, "内容": "四日市調剤薬局おおやち店【5:薬局】三重県四日市市大矢知町１０６８－１プランドール１階テナント" }, "geometry": { "type": "Point", "coordinates": [ 136.636103, 35.01895 ] } },
{ "type": "Feature", "properties": { "ID": 24502000054, "正式名称": "あゆみ調剤薬局沖の島店", "機関区分": 5, "都道府県コード": 24, "市区町村コード": 202, "所在地": "三重県四日市市沖の島町３－５", "緯度": 34.966471, "経度": 136.628161, "url": "https://www.iryou.teikyouseido.mhlw.go.jp/znk-web/juminkanja/S2430/initialize?prefCd=24&kikanCd=02000054&kikanKbn=5", "url2": null, "内容": "あゆみ調剤薬局沖の島店【5:薬局】三重県四日市市沖の島町３－５" }, "geometry": { "type": "Point", "coordinates": [ 136.628161, 34.966471 ] } },
{ "type": "Feature", "properties": { "ID": 24502000059, "正式名称": "おひさま薬局", "機関区分": 5, "都道府県コード": 24, "市区町村コード": 202, "所在地": "三重県四日市市室山町八反田５０３－７", "緯度": 34.953747, "経度": 136.5794, "url": "https://www.iryou.teikyouseido.mhlw.go.jp/znk-web/juminkanja/S2430/initialize?prefCd=24&kikanCd=02000059&kikanKbn=5", "url2": null, "内容": "おひさま薬局【5:薬局】三重県四日市市室山町八反田５０３－７" }, "geometry": { "type": "Point", "coordinates": [ 136.5794, 34.953747 ] } },
{ "type": "Feature", "properties": { "ID": 24502000060, "正式名称": "ぽかぽか薬局", "機関区分": 5, "都道府県コード": 24, "市区町村コード": 202, "所在地": "三重県四日市市羽津町２３－２２", "緯度": 34.991453, "経度": 136.635756, "url": "https://www.iryou.teikyouseido.mhlw.go.jp/znk-web/juminkanja/S2430/initialize?prefCd=24&kikanCd=02000060&kikanKbn=5", "url2": null, "内容": "ぽかぽか薬局【5:薬局】三重県四日市市羽津町２３－２２" }, "geometry": { "type": "Point", "coordinates": [ 136.635756, 34.991453 ] } },
{ "type": "Feature", "properties": { "ID": 24502000064, "正式名称": "なの花薬局日永北店", "機関区分": 5, "都道府県コード": 24, "市区町村コード": 202, "所在地": "三重県四日市市日永西１丁目４５４６－６", "緯度": 34.955497, "経度": 136.600358, "url": "https://www.iryou.teikyouseido.mhlw.go.jp/znk-web/juminkanja/S2430/initialize?prefCd=24&kikanCd=02000064&kikanKbn=5", "url2": "https://www.nanohana-ph.jp", "内容": "なの花薬局日永北店【5:薬局】三重県四日市市日永西１丁目４５４６－６" }, "geometry": { "type": "Point", "coordinates": [ 136.600358, 34.955497 ] } },
{ "type": "Feature", "properties": { "ID": 24502000065, "正式名称": "あゆみ調剤薬局　日永店", "機関区分": 5, "都道府県コード": 24, "市区町村コード": 202, "所在地": "三重県四日市市日永西５丁目１７－２", "緯度": 34.942926, "経度": 136.594703, "url": "https://www.iryou.teikyouseido.mhlw.go.jp/znk-web/juminkanja/S2430/initialize?prefCd=24&kikanCd=02000065&kikanKbn=5", "url2": null, "内容": "あゆみ調剤薬局　日永店【5:薬局】三重県四日市市日永西５丁目１７－２" }, "geometry": { "type": "Point", "coordinates": [ 136.594703, 34.942926 ] } },
{ "type": "Feature", "properties": { "ID": 24502000072, "正式名称": "森薬局", "機関区分": 5, "都道府県コード": 24, "市区町村コード": 202, "所在地": "三重県四日市市松本３丁目９番１１号", "緯度": 34.969918, "経度": 136.589101, "url": "https://www.iryou.teikyouseido.mhlw.go.jp/znk-web/juminkanja/S2430/initialize?prefCd=24&kikanCd=02000072&kikanKbn=5", "url2": null, "内容": "森薬局【5:薬局】三重県四日市市松本３丁目９番１１号" }, "geometry": { "type": "Point", "coordinates": [ 136.589101, 34.969918 ] } },
{ "type": "Feature", "properties": { "ID": 24502000073, "正式名称": "とくだ薬局", "機関区分": 5, "都道府県コード": 24, "市区町村コード": 202, "所在地": "三重県四日市市天ヶ須賀４丁目７－１８", "緯度": 34.955433, "経度": 136.616769, "url": "https://www.iryou.teikyouseido.mhlw.go.jp/znk-web/juminkanja/S2430/initialize?prefCd=24&kikanCd=02000073&kikanKbn=5", "url2": null, "内容": "とくだ薬局【5:薬局】三重県四日市市天ヶ須賀４丁目７－１８" }, "geometry": { "type": "Point", "coordinates": [ 136.616769, 34.955433 ] } },
{ "type": "Feature", "properties": { "ID": 24502000079, "正式名称": "スギヤマ薬局笹川店", "機関区分": 5, "都道府県コード": 24, "市区町村コード": 202, "所在地": "三重県四日市市西日野町１５９５", "緯度": 34.952238, "経度": 136.583219, "url": "https://www.iryou.teikyouseido.mhlw.go.jp/znk-web/juminkanja/S2430/initialize?prefCd=24&kikanCd=02000079&kikanKbn=5", "url2": "https://sugiyama-club.jp/", "内容": "スギヤマ薬局笹川店【5:薬局】三重県四日市市西日野町１５９５" }, "geometry": { "type": "Point", "coordinates": [ 136.583219, 34.952238 ] } },
{ "type": "Feature", "properties": { "ID": 24502000081, "正式名称": "スギヤマ薬局久保田店", "機関区分": 5, "都道府県コード": 24, "市区町村コード": 202, "所在地": "三重県四日市市久保田１丁目６番５６号", "緯度": 34.973331, "経度": 136.606861, "url": "https://www.iryou.teikyouseido.mhlw.go.jp/znk-web/juminkanja/S2430/initialize?prefCd=24&kikanCd=02000081&kikanKbn=5", "url2": "https://sugiyama-club.jp/", "内容": "スギヤマ薬局久保田店【5:薬局】三重県四日市市久保田１丁目６番５６号" }, "geometry": { "type": "Point", "coordinates": [ 136.606861, 34.973331 ] } },
{ "type": "Feature", "properties": { "ID": 24502000085, "正式名称": "五味塚薬局", "機関区分": 5, "都道府県コード": 24, "市区町村コード": 202, "所在地": "三重県四日市市楠町南五味塚１５３－５", "緯度": 34.904692, "経度": 136.635523, "url": "https://www.iryou.teikyouseido.mhlw.go.jp/znk-web/juminkanja/S2430/initialize?prefCd=24&kikanCd=02000085&kikanKbn=5", "url2": null, "内容": "五味塚薬局【5:薬局】三重県四日市市楠町南五味塚１５３－５" }, "geometry": { "type": "Point", "coordinates": [ 136.635523, 34.904692 ] } },
{ "type": "Feature", "properties": { "ID": 24502000091, "正式名称": "スギ薬局　久保田店", "機関区分": 5, "都道府県コード": 24, "市区町村コード": 202, "所在地": "三重県四日市市久保田１丁目４－３１", "緯度": 34.973538, "経度": 136.608998, "url": "https://www.iryou.teikyouseido.mhlw.go.jp/znk-web/juminkanja/S2430/initialize?prefCd=24&kikanCd=02000091&kikanKbn=5", "url2": "http://www.drug-sugi.co.jp/", "内容": "スギ薬局　久保田店【5:薬局】三重県四日市市久保田１丁目４－３１" }, "geometry": { "type": "Point", "coordinates": [ 136.608998, 34.973538 ] } },
{ "type": "Feature", "properties": { "ID": 24502000092, "正式名称": "スギ薬局富田店", "機関区分": 5, "都道府県コード": 24, "市区町村コード": 202, "所在地": "三重県四日市市下之宮町３１３－１", "緯度": 35.014392, "経度": 136.640686, "url": "https://www.iryou.teikyouseido.mhlw.go.jp/znk-web/juminkanja/S2430/initialize?prefCd=24&kikanCd=02000092&kikanKbn=5", "url2": "http://www.drug-sugi.co.jp/", "内容": "スギ薬局富田店【5:薬局】三重県四日市市下之宮町３１３－１" }, "geometry": { "type": "Point", "coordinates": [ 136.640686, 35.014392 ] } },
{ "type": "Feature", "properties": { "ID": 24502000095, "正式名称": "スギ薬局　末永店", "機関区分": 5, "都道府県コード": 24, "市区町村コード": 202, "所在地": "三重県四日市市末永町１６番１５号", "緯度": 34.977581, "経度": 136.619948, "url": "https://www.iryou.teikyouseido.mhlw.go.jp/znk-web/juminkanja/S2430/initialize?prefCd=24&kikanCd=02000095&kikanKbn=5", "url2": "http://www.drug-sugi.co.jp/", "内容": "スギ薬局　末永店【5:薬局】三重県四日市市末永町１６番１５号" }, "geometry": { "type": "Point", "coordinates": [ 136.619948, 34.977581 ] } },
{ "type": "Feature", "properties": { "ID": 24502000096, "正式名称": "イオン薬局四日市尾平店", "機関区分": 5, "都道府県コード": 24, "市区町村コード": 202, "所在地": "三重県四日市市尾平町１８０５", "緯度": 34.977364, "経度": 136.591039, "url": "https://www.iryou.teikyouseido.mhlw.go.jp/znk-web/juminkanja/S2430/initialize?prefCd=24&kikanCd=02000096&kikanKbn=5", "url2": "https://www.aeonretail.jp/syohousen/", "内容": "イオン薬局四日市尾平店【5:薬局】三重県四日市市尾平町１８０５" }, "geometry": { "type": "Point", "coordinates": [ 136.591039, 34.977364 ] } },
{ "type": "Feature", "properties": { "ID": 24502000099, "正式名称": "なの花薬局清水店", "機関区分": 5, "都道府県コード": 24, "市区町村コード": 202, "所在地": "三重県四日市市清水町１－１１", "緯度": 34.980239, "経度": 136.614919, "url": "https://www.iryou.teikyouseido.mhlw.go.jp/znk-web/juminkanja/S2430/initialize?prefCd=24&kikanCd=02000099&kikanKbn=5", "url2": "https://www.nanohana-ph.jp/shop/tokai-hokuriku/mie/yokkaichi/shimizu.php", "内容": "なの花薬局清水店【5:薬局】三重県四日市市清水町１－１１" }, "geometry": { "type": "Point", "coordinates": [ 136.614919, 34.980239 ] } },
{ "type": "Feature", "properties": { "ID": 24502000100, "正式名称": "ぱんだ薬局", "機関区分": 5, "都道府県コード": 24, "市区町村コード": 202, "所在地": "三重県四日市市日永１丁目１３－２５", "緯度": 34.955866, "経度": 136.60478, "url": "https://www.iryou.teikyouseido.mhlw.go.jp/znk-web/juminkanja/S2430/initialize?prefCd=24&kikanCd=02000100&kikanKbn=5", "url2": null, "内容": "ぱんだ薬局【5:薬局】三重県四日市市日永１丁目１３－２５" }, "geometry": { "type": "Point", "coordinates": [ 136.60478, 34.955866 ] } },
{ "type": "Feature", "properties": { "ID": 24502000102, "正式名称": "ダリヤ四日市薬局", "機関区分": 5, "都道府県コード": 24, "市区町村コード": 202, "所在地": "三重県四日市市久保田１丁目３－１０", "緯度": 34.972733, "経度": 136.608189, "url": "https://www.iryou.teikyouseido.mhlw.go.jp/znk-web/juminkanja/S2430/initialize?prefCd=24&kikanCd=02000102&kikanKbn=5", "url2": null, "内容": "ダリヤ四日市薬局【5:薬局】三重県四日市市久保田１丁目３－１０" }, "geometry": { "type": "Point", "coordinates": [ 136.608189, 34.972733 ] } },
{ "type": "Feature", "properties": { "ID": 24502000103, "正式名称": "ダリヤ泊山薬局", "機関区分": 5, "都道府県コード": 24, "市区町村コード": 202, "所在地": "三重県四日市市泊村４１１４－１", "緯度": 34.941536, "経度": 136.588584, "url": "https://www.iryou.teikyouseido.mhlw.go.jp/znk-web/juminkanja/S2430/initialize?prefCd=24&kikanCd=02000103&kikanKbn=5", "url2": "https://e-bond.info/withs/", "内容": "ダリヤ泊山薬局【5:薬局】三重県四日市市泊村４１１４－１" }, "geometry": { "type": "Point", "coordinates": [ 136.588584, 34.941536 ] } },
{ "type": "Feature", "properties": { "ID": 24502000106, "正式名称": "ユニスマイル薬局　うつべ店", "機関区分": 5, "都道府県コード": 24, "市区町村コード": 202, "所在地": "三重県四日市市小古曽３－５－３２", "緯度": 34.925992, "経度": 136.586664, "url": "https://www.iryou.teikyouseido.mhlw.go.jp/znk-web/juminkanja/S2430/initialize?prefCd=24&kikanCd=02000106&kikanKbn=5", "url2": "https://unismile.co.jp/shop/utsube/", "内容": "ユニスマイル薬局　うつべ店【5:薬局】三重県四日市市小古曽３－５－３２" }, "geometry": { "type": "Point", "coordinates": [ 136.586664, 34.925992 ] } },
{ "type": "Feature", "properties": { "ID": 24502000109, "正式名称": "さくら薬局四日市富田浜店", "機関区分": 5, "都道府県コード": 24, "市区町村コード": 202, "所在地": "三重県四日市市富田浜町２７－１１", "緯度": 34.99834, "経度": 136.651365, "url": "https://www.iryou.teikyouseido.mhlw.go.jp/znk-web/juminkanja/S2430/initialize?prefCd=24&kikanCd=02000109&kikanKbn=5", "url2": "http://www.kraft-net.co.jp/sakura/store/3354/", "内容": "さくら薬局四日市富田浜店【5:薬局】三重県四日市市富田浜町２７－１１" }, "geometry": { "type": "Point", "coordinates": [ 136.651365, 34.99834 ] } },
{ "type": "Feature", "properties": { "ID": 24502000110, "正式名称": "さくら薬局　四日市笹川店", "機関区分": 5, "都道府県コード": 24, "市区町村コード": 202, "所在地": "三重県四日市市笹川３丁目４９－２", "緯度": 34.951702, "経度": 136.57456, "url": "https://www.iryou.teikyouseido.mhlw.go.jp/znk-web/juminkanja/S2430/initialize?prefCd=24&kikanCd=02000110&kikanKbn=5", "url2": "https://www.kraft-net.co.jp/sakura/store/3394/", "内容": "さくら薬局　四日市笹川店【5:薬局】三重県四日市市笹川３丁目４９－２" }, "geometry": { "type": "Point", "coordinates": [ 136.57456, 34.951702 ] } },
{ "type": "Feature", "properties": { "ID": 24502000112, "正式名称": "スギ薬局サンシ生桑店", "機関区分": 5, "都道府県コード": 24, "市区町村コード": 202, "所在地": "三重県四日市市生桑町１６７－１　スーパーサンシ生桑店内", "緯度": 34.987855, "経度": 136.599917, "url": "https://www.iryou.teikyouseido.mhlw.go.jp/znk-web/juminkanja/S2430/initialize?prefCd=24&kikanCd=02000112&kikanKbn=5", "url2": "http://www.drug-sugi.co.jp/", "内容": "スギ薬局サンシ生桑店【5:薬局】三重県四日市市生桑町１６７－１　スーパーサンシ生桑店内" }, "geometry": { "type": "Point", "coordinates": [ 136.599917, 34.987855 ] } },
{ "type": "Feature", "properties": { "ID": 24502000114, "正式名称": "ふじハート調剤薬局", "機関区分": 5, "都道府県コード": 24, "市区町村コード": 202, "所在地": "三重県四日市市貝家町３０３－４", "緯度": 34.932558, "経度": 136.567664, "url": "https://www.iryou.teikyouseido.mhlw.go.jp/znk-web/juminkanja/S2430/initialize?prefCd=24&kikanCd=02000114&kikanKbn=5", "url2": "http://www.heart-fuji.com", "内容": "ふじハート調剤薬局【5:薬局】三重県四日市市貝家町３０３－４" }, "geometry": { "type": "Point", "coordinates": [ 136.567664, 34.932558 ] } },
{ "type": "Feature", "properties": { "ID": 24502000115, "正式名称": "やさと調剤薬局", "機関区分": 5, "都道府県コード": 24, "市区町村コード": 202, "所在地": "三重県四日市市千代田町３０８－５", "緯度": 35.029892, "経度": 136.625908, "url": "https://www.iryou.teikyouseido.mhlw.go.jp/znk-web/juminkanja/S2430/initialize?prefCd=24&kikanCd=02000115&kikanKbn=5", "url2": null, "内容": "やさと調剤薬局【5:薬局】三重県四日市市千代田町３０８－５" }, "geometry": { "type": "Point", "coordinates": [ 136.625908, 35.029892 ] } },
{ "type": "Feature", "properties": { "ID": 24502000117, "正式名称": "スワ薬局石塚店", "機関区分": 5, "都道府県コード": 24, "市区町村コード": 202, "所在地": "三重県四日市市石塚町５－６", "緯度": 34.961032, "経度": 136.605363, "url": "https://www.iryou.teikyouseido.mhlw.go.jp/znk-web/juminkanja/S2430/initialize?prefCd=24&kikanCd=02000117&kikanKbn=5", "url2": null, "内容": "スワ薬局石塚店【5:薬局】三重県四日市市石塚町５－６" }, "geometry": { "type": "Point", "coordinates": [ 136.605363, 34.961032 ] } },
{ "type": "Feature", "properties": { "ID": 24502000118, "正式名称": "四日市調剤薬局中央店", "機関区分": 5, "都道府県コード": 24, "市区町村コード": 202, "所在地": "三重県四日市市朝日町１－１４", "緯度": 34.962761, "経度": 136.627486, "url": "https://www.iryou.teikyouseido.mhlw.go.jp/znk-web/juminkanja/S2430/initialize?prefCd=24&kikanCd=02000118&kikanKbn=5", "url2": null, "内容": "四日市調剤薬局中央店【5:薬局】三重県四日市市朝日町１－１４" }, "geometry": { "type": "Point", "coordinates": [ 136.627486, 34.962761 ] } },
{ "type": "Feature", "properties": { "ID": 24502000120, "正式名称": "おぐら薬局", "機関区分": 5, "都道府県コード": 24, "市区町村コード": 202, "所在地": "三重県四日市市楠町小倉六之縄７６７－２", "緯度": 34.922391, "経度": 136.625871, "url": "https://www.iryou.teikyouseido.mhlw.go.jp/znk-web/juminkanja/S2430/initialize?prefCd=24&kikanCd=02000120&kikanKbn=5", "url2": "http://www.sohgoh.info/", "内容": "おぐら薬局【5:薬局】三重県四日市市楠町小倉六之縄７６７－２" }, "geometry": { "type": "Point", "coordinates": [ 136.625871, 34.922391 ] } },
{ "type": "Feature", "properties": { "ID": 24502000124, "正式名称": "羽津中薬局", "機関区分": 5, "都道府県コード": 24, "市区町村コード": 202, "所在地": "三重県四日市市羽津中１－５－１７", "緯度": 34.993496, "経度": 136.632882, "url": "https://www.iryou.teikyouseido.mhlw.go.jp/znk-web/juminkanja/S2430/initialize?prefCd=24&kikanCd=02000124&kikanKbn=5", "url2": null, "内容": "羽津中薬局【5:薬局】三重県四日市市羽津中１－５－１７" }, "geometry": { "type": "Point", "coordinates": [ 136.632882, 34.993496 ] } },
{ "type": "Feature", "properties": { "ID": 24502000125, "正式名称": "第一調剤薬局", "機関区分": 5, "都道府県コード": 24, "市区町村コード": 202, "所在地": "三重県四日市市蒔田四丁目２番４号", "緯度": 35.018106, "経度": 136.648331, "url": "https://www.iryou.teikyouseido.mhlw.go.jp/znk-web/juminkanja/S2430/initialize?prefCd=24&kikanCd=02000125&kikanKbn=5", "url2": null, "内容": "第一調剤薬局【5:薬局】三重県四日市市蒔田四丁目２番４号" }, "geometry": { "type": "Point", "coordinates": [ 136.648331, 35.018106 ] } },
{ "type": "Feature", "properties": { "ID": 24502000127, "正式名称": "こさと薬局", "機関区分": 5, "都道府県コード": 24, "市区町村コード": 202, "所在地": "三重県四日市市西富田町３２２－４", "緯度": 35.012481, "経度": 136.648748, "url": "https://www.iryou.teikyouseido.mhlw.go.jp/znk-web/juminkanja/S2430/initialize?prefCd=24&kikanCd=02000127&kikanKbn=5", "url2": null, "内容": "こさと薬局【5:薬局】三重県四日市市西富田町３２２－４" }, "geometry": { "type": "Point", "coordinates": [ 136.648748, 35.012481 ] } },
{ "type": "Feature", "properties": { "ID": 24502000132, "正式名称": "株式会社らいおん調剤薬局", "機関区分": 5, "都道府県コード": 24, "市区町村コード": 202, "所在地": "三重県四日市市松本３－１０－２８", "緯度": 34.969067, "経度": 136.589772, "url": "https://www.iryou.teikyouseido.mhlw.go.jp/znk-web/juminkanja/S2430/initialize?prefCd=24&kikanCd=02000132&kikanKbn=5", "url2": null, "内容": "株式会社らいおん調剤薬局【5:薬局】三重県四日市市松本３－１０－２８" }, "geometry": { "type": "Point", "coordinates": [ 136.589772, 34.969067 ] } },
{ "type": "Feature", "properties": { "ID": 24502000133, "正式名称": "さかべ調剤薬局", "機関区分": 5, "都道府県コード": 24, "市区町村コード": 202, "所在地": "三重県四日市市東坂部町１３３４－１", "緯度": 35.001292, "経度": 136.604075, "url": "https://www.iryou.teikyouseido.mhlw.go.jp/znk-web/juminkanja/S2430/initialize?prefCd=24&kikanCd=02000133&kikanKbn=5", "url2": null, "内容": "さかべ調剤薬局【5:薬局】三重県四日市市東坂部町１３３４－１" }, "geometry": { "type": "Point", "coordinates": [ 136.604075, 35.001292 ] } },
{ "type": "Feature", "properties": { "ID": 24502000134, "正式名称": "アイランド薬局四日市駅前店", "機関区分": 5, "都道府県コード": 24, "市区町村コード": 202, "所在地": "三重県四日市市諏訪栄町５－８　１０１－Ａ号", "緯度": 34.966501, "経度": 136.620894, "url": "https://www.iryou.teikyouseido.mhlw.go.jp/znk-web/juminkanja/S2430/initialize?prefCd=24&kikanCd=02000134&kikanKbn=5", "url2": "https://www.apocreat.co.jp/", "内容": "アイランド薬局四日市駅前店【5:薬局】三重県四日市市諏訪栄町５－８　１０１－Ａ号" }, "geometry": { "type": "Point", "coordinates": [ 136.620894, 34.966501 ] } },
{ "type": "Feature", "properties": { "ID": 24502000135, "正式名称": "一色こまち調剤薬局", "機関区分": 5, "都道府県コード": 24, "市区町村コード": 202, "所在地": "三重県四日市市富田一色町３０－５８", "緯度": 35.006951, "経度": 136.66377, "url": "https://www.iryou.teikyouseido.mhlw.go.jp/znk-web/juminkanja/S2430/initialize?prefCd=24&kikanCd=02000135&kikanKbn=5", "url2": "https://www.akonomori.com/cont7/main.html", "内容": "一色こまち調剤薬局【5:薬局】三重県四日市市富田一色町３０－５８" }, "geometry": { "type": "Point", "coordinates": [ 136.66377, 35.006951 ] } },
{ "type": "Feature", "properties": { "ID": 24502000137, "正式名称": "ココカラファイン薬局　みたき店", "機関区分": 5, "都道府県コード": 24, "市区町村コード": 202, "所在地": "三重県四日市市生桑町神田８９９－１", "緯度": 34.979421, "経度": 136.603606, "url": "https://www.iryou.teikyouseido.mhlw.go.jp/znk-web/juminkanja/S2430/initialize?prefCd=24&kikanCd=02000137&kikanKbn=5", "url2": null, "内容": "ココカラファイン薬局　みたき店【5:薬局】三重県四日市市生桑町神田８９９－１" }, "geometry": { "type": "Point", "coordinates": [ 136.603606, 34.979421 ] } },
{ "type": "Feature", "properties": { "ID": 24502000138, "正式名称": "ココカラファイン薬局四日市医療センター前店", "機関区分": 5, "都道府県コード": 24, "市区町村コード": 202, "所在地": "三重県四日市市泊村４１１０－１", "緯度": 34.94181, "経度": 136.588174, "url": "https://www.iryou.teikyouseido.mhlw.go.jp/znk-web/juminkanja/S2430/initialize?prefCd=24&kikanCd=02000138&kikanKbn=5", "url2": "http://www.ookarafine.co.jp/searchstore/CSsStoreDetail.jsp?storeNo=304522", "内容": "ココカラファイン薬局四日市医療センター前店【5:薬局】三重県四日市市泊村４１１０－１" }, "geometry": { "type": "Point", "coordinates": [ 136.588174, 34.94181 ] } },
{ "type": "Feature", "properties": { "ID": 24502000139, "正式名称": "そよかぜ薬局", "機関区分": 5, "都道府県コード": 24, "市区町村コード": 202, "所在地": "三重県四日市市西富田町１７２－２", "緯度": 35.013157, "経度": 136.642989, "url": "https://www.iryou.teikyouseido.mhlw.go.jp/znk-web/juminkanja/S2430/initialize?prefCd=24&kikanCd=02000139&kikanKbn=5", "url2": null, "内容": "そよかぜ薬局【5:薬局】三重県四日市市西富田町１７２－２" }, "geometry": { "type": "Point", "coordinates": [ 136.642989, 35.013157 ] } },
{ "type": "Feature", "properties": { "ID": 24502000140, "正式名称": "エール調剤薬局　四日市店", "機関区分": 5, "都道府県コード": 24, "市区町村コード": 202, "所在地": "三重県四日市市小杉町４７４－４", "緯度": 34.986456, "経度": 136.607709, "url": "https://www.iryou.teikyouseido.mhlw.go.jp/znk-web/juminkanja/S2430/initialize?prefCd=24&kikanCd=02000140&kikanKbn=5", "url2": "http://www.heart-fuji.com", "内容": "エール調剤薬局　四日市店【5:薬局】三重県四日市市小杉町４７４－４" }, "geometry": { "type": "Point", "coordinates": [ 136.607709, 34.986456 ] } },
{ "type": "Feature", "properties": { "ID": 24502000141, "正式名称": "エンゼル薬局かみえび店", "機関区分": 5, "都道府県コード": 24, "市区町村コード": 202, "所在地": "三重県四日市市上海老町１６３３－１６４", "緯度": 35.034535, "経度": 136.56877, "url": "https://www.iryou.teikyouseido.mhlw.go.jp/znk-web/juminkanja/S2430/initialize?prefCd=24&kikanCd=02000141&kikanKbn=5", "url2": "https://www.angel-pha.com/", "内容": "エンゼル薬局かみえび店【5:薬局】三重県四日市市上海老町１６３３－１６４" }, "geometry": { "type": "Point", "coordinates": [ 136.56877, 35.034535 ] } },
{ "type": "Feature", "properties": { "ID": 24502000145, "正式名称": "あすもえ薬局", "機関区分": 5, "都道府県コード": 24, "市区町村コード": 202, "所在地": "三重県四日市市松本５－２－３", "緯度": 34.966736, "経度": 136.590438, "url": "https://www.iryou.teikyouseido.mhlw.go.jp/znk-web/juminkanja/S2430/initialize?prefCd=24&kikanCd=02000145&kikanKbn=5", "url2": null, "内容": "あすもえ薬局【5:薬局】三重県四日市市松本５－２－３" }, "geometry": { "type": "Point", "coordinates": [ 136.590438, 34.966736 ] } },
{ "type": "Feature", "properties": { "ID": 24502000146, "正式名称": "スギ薬局　四日市泊小柳店", "機関区分": 5, "都道府県コード": 24, "市区町村コード": 202, "所在地": "三重県四日市市泊小柳町３－２９", "緯度": 34.940599, "経度": 136.605691, "url": "https://www.iryou.teikyouseido.mhlw.go.jp/znk-web/juminkanja/S2430/initialize?prefCd=24&kikanCd=02000146&kikanKbn=5", "url2": "https://www.drug-sugi.co,jp/", "内容": "スギ薬局　四日市泊小柳店【5:薬局】三重県四日市市泊小柳町３－２９" }, "geometry": { "type": "Point", "coordinates": [ 136.605691, 34.940599 ] } },
{ "type": "Feature", "properties": { "ID": 24502000147, "正式名称": "さんあい薬局株式会社　河原田店", "機関区分": 5, "都道府県コード": 24, "市区町村コード": 202, "所在地": "三重県四日市市河原田町２３６０番地４", "緯度": 34.915111, "経度": 136.595828, "url": "https://www.iryou.teikyouseido.mhlw.go.jp/znk-web/juminkanja/S2430/initialize?prefCd=24&kikanCd=02000147&kikanKbn=5", "url2": "https://www.sun-ai-ph.co.jp/", "内容": "さんあい薬局株式会社　河原田店【5:薬局】三重県四日市市河原田町２３６０番地４" }, "geometry": { "type": "Point", "coordinates": [ 136.595828, 34.915111 ] } },
{ "type": "Feature", "properties": { "ID": 24502000151, "正式名称": "四日市さくら薬局", "機関区分": 5, "都道府県コード": 24, "市区町村コード": 202, "所在地": "三重県四日市市浜田町１２－２５－２", "緯度": 34.964305, "経度": 136.619286, "url": "https://www.iryou.teikyouseido.mhlw.go.jp/znk-web/juminkanja/S2430/initialize?prefCd=24&kikanCd=02000151&kikanKbn=5", "url2": null, "内容": "四日市さくら薬局【5:薬局】三重県四日市市浜田町１２－２５－２" }, "geometry": { "type": "Point", "coordinates": [ 136.619286, 34.964305 ] } },
{ "type": "Feature", "properties": { "ID": 24502000152, "正式名称": "みすぎ薬局", "機関区分": 5, "都道府県コード": 24, "市区町村コード": 202, "所在地": "三重県四日市市富田１丁目９－１２", "緯度": 35.003626, "経度": 136.652871, "url": "https://www.iryou.teikyouseido.mhlw.go.jp/znk-web/juminkanja/S2430/initialize?prefCd=24&kikanCd=02000152&kikanKbn=5", "url2": null, "内容": "みすぎ薬局【5:薬局】三重県四日市市富田１丁目９－１２" }, "geometry": { "type": "Point", "coordinates": [ 136.652871, 35.003626 ] } },
{ "type": "Feature", "properties": { "ID": 24502000154, "正式名称": "松本調剤薬局", "機関区分": 5, "都道府県コード": 24, "市区町村コード": 202, "所在地": "三重県四日市市松本３丁目１３－３", "緯度": 34.970218, "経度": 136.588489, "url": "https://www.iryou.teikyouseido.mhlw.go.jp/znk-web/juminkanja/S2430/initialize?prefCd=24&kikanCd=02000154&kikanKbn=5", "url2": null, "内容": "松本調剤薬局【5:薬局】三重県四日市市松本３丁目１３－３" }, "geometry": { "type": "Point", "coordinates": [ 136.588489, 34.970218 ] } },
{ "type": "Feature", "properties": { "ID": 24502000155, "正式名称": "スワ薬局　東日野店", "機関区分": 5, "都道府県コード": 24, "市区町村コード": 202, "所在地": "三重県四日市市東日野町３５４－１", "緯度": 34.959186, "経度": 136.596369, "url": "https://www.iryou.teikyouseido.mhlw.go.jp/znk-web/juminkanja/S2430/initialize?prefCd=24&kikanCd=02000155&kikanKbn=5", "url2": null, "内容": "スワ薬局　東日野店【5:薬局】三重県四日市市東日野町３５４－１" }, "geometry": { "type": "Point", "coordinates": [ 136.596369, 34.959186 ] } },
{ "type": "Feature", "properties": { "ID": 24502000157, "正式名称": "さくら薬局　四日市山分店", "機関区分": 5, "都道府県コード": 24, "市区町村コード": 202, "所在地": "三重県四日市市山分町１１６－１４", "緯度": 35.024336, "経度": 136.632415, "url": "https://www.iryou.teikyouseido.mhlw.go.jp/znk-web/juminkanja/S2430/initialize?prefCd=24&kikanCd=02000157&kikanKbn=5", "url2": "https://www.kraft-net.co.jp/sakura/store/3891/", "内容": "さくら薬局　四日市山分店【5:薬局】三重県四日市市山分町１１６－１４" }, "geometry": { "type": "Point", "coordinates": [ 136.632415, 35.024336 ] } },
{ "type": "Feature", "properties": { "ID": 24502000158, "正式名称": "ウエルシア薬局四日市ときわ店", "機関区分": 5, "都道府県コード": 24, "市区町村コード": 202, "所在地": "三重県四日市市ときわ５丁目２－２７", "緯度": 34.963676, "経度": 136.598701, "url": "https://www.iryou.teikyouseido.mhlw.go.jp/znk-web/juminkanja/S2430/initialize?prefCd=24&kikanCd=02000158&kikanKbn=5", "url2": "http:www.welcia-yakkyoku.co.jp", "内容": "ウエルシア薬局四日市ときわ店【5:薬局】三重県四日市市ときわ５丁目２－２７" }, "geometry": { "type": "Point", "coordinates": [ 136.598701, 34.963676 ] } },
{ "type": "Feature", "properties": { "ID": 24502000161, "正式名称": "のの薬局山之一色店", "機関区分": 5, "都道府県コード": 24, "市区町村コード": 202, "所在地": "三重県四日市市山之一色町２４２３－２", "緯度": 35.010807, "経度": 136.599982, "url": "https://www.iryou.teikyouseido.mhlw.go.jp/znk-web/juminkanja/S2430/initialize?prefCd=24&kikanCd=02000161&kikanKbn=5", "url2": null, "内容": "のの薬局山之一色店【5:薬局】三重県四日市市山之一色町２４２３－２" }, "geometry": { "type": "Point", "coordinates": [ 136.599982, 35.010807 ] } },
{ "type": "Feature", "properties": { "ID": 24502000162, "正式名称": "のの薬局ときわ店", "機関区分": 5, "都道府県コード": 24, "市区町村コード": 202, "所在地": "三重県四日市市ときわ２丁目８番１３号", "緯度": 34.967628, "経度": 136.595083, "url": "https://www.iryou.teikyouseido.mhlw.go.jp/znk-web/juminkanja/S2430/initialize?prefCd=24&kikanCd=02000162&kikanKbn=5", "url2": null, "内容": "のの薬局ときわ店【5:薬局】三重県四日市市ときわ２丁目８番１３号" }, "geometry": { "type": "Point", "coordinates": [ 136.595083, 34.967628 ] } },
{ "type": "Feature", "properties": { "ID": 24502000164, "正式名称": "アイセイ薬局下海老店", "機関区分": 5, "都道府県コード": 24, "市区町村コード": 202, "所在地": "三重県四日市市下海老町字平野１０８－１２", "緯度": 35.014534, "経度": 136.56856, "url": "https://www.iryou.teikyouseido.mhlw.go.jp/znk-web/juminkanja/S2430/initialize?prefCd=24&kikanCd=02000164&kikanKbn=5", "url2": null, "内容": "アイセイ薬局下海老店【5:薬局】三重県四日市市下海老町字平野１０８－１２" }, "geometry": { "type": "Point", "coordinates": [ 136.56856, 35.014534 ] } },
{ "type": "Feature", "properties": { "ID": 24502000165, "正式名称": "アイセイ薬局小杉店", "機関区分": 5, "都道府県コード": 24, "市区町村コード": 202, "所在地": "三重県四日市市小杉町東浦１２７７－２", "緯度": 34.994278, "経度": 136.612254, "url": "https://www.iryou.teikyouseido.mhlw.go.jp/znk-web/juminkanja/S2430/initialize?prefCd=24&kikanCd=02000165&kikanKbn=5", "url2": "https://www.aisei.co.jp/", "内容": "アイセイ薬局小杉店【5:薬局】三重県四日市市小杉町東浦１２７７－２" }, "geometry": { "type": "Point", "coordinates": [ 136.612254, 34.994278 ] } },
{ "type": "Feature", "properties": { "ID": 24502000166, "正式名称": "アイセイ薬局西伊倉店", "機関区分": 5, "都道府県コード": 24, "市区町村コード": 202, "所在地": "三重県四日市市西伊倉町３－１", "緯度": 34.974231, "経度": 136.603604, "url": "https://www.iryou.teikyouseido.mhlw.go.jp/znk-web/juminkanja/S2430/initialize?prefCd=24&kikanCd=02000166&kikanKbn=5", "url2": "http://www.aisei.co.jp", "内容": "アイセイ薬局西伊倉店【5:薬局】三重県四日市市西伊倉町３－１" }, "geometry": { "type": "Point", "coordinates": [ 136.603604, 34.974231 ] } },
{ "type": "Feature", "properties": { "ID": 24502000169, "正式名称": "ウエルシア薬局四日市蒔田店", "機関区分": 5, "都道府県コード": 24, "市区町村コード": 202, "所在地": "三重県四日市市蒔田２丁目１番２号", "緯度": 35.014242, "経度": 136.653827, "url": "https://www.iryou.teikyouseido.mhlw.go.jp/znk-web/juminkanja/S2430/initialize?prefCd=24&kikanCd=02000169&kikanKbn=5", "url2": "https://store.welcia.co.jp/welcia/spot/detail?code=6678D", "内容": "ウエルシア薬局四日市蒔田店【5:薬局】三重県四日市市蒔田２丁目１番２号" }, "geometry": { "type": "Point", "coordinates": [ 136.653827, 35.014242 ] } },
{ "type": "Feature", "properties": { "ID": 24502000171, "正式名称": "あおば薬局", "機関区分": 5, "都道府県コード": 24, "市区町村コード": 202, "所在地": "三重県四日市市下海老町１１８－９", "緯度": 35.0215, "経度": 136.575914, "url": "https://www.iryou.teikyouseido.mhlw.go.jp/znk-web/juminkanja/S2430/initialize?prefCd=24&kikanCd=02000171&kikanKbn=5", "url2": null, "内容": "あおば薬局【5:薬局】三重県四日市市下海老町１１８－９" }, "geometry": { "type": "Point", "coordinates": [ 136.575914, 35.0215 ] } },
{ "type": "Feature", "properties": { "ID": 24502000173, "正式名称": "しろにし薬局", "機関区分": 5, "都道府県コード": 24, "市区町村コード": 202, "所在地": "三重県四日市市城西町３－１７－２", "緯度": 34.964027, "経度": 136.605588, "url": "https://www.iryou.teikyouseido.mhlw.go.jp/znk-web/juminkanja/S2430/initialize?prefCd=24&kikanCd=02000173&kikanKbn=5", "url2": null, "内容": "しろにし薬局【5:薬局】三重県四日市市城西町３－１７－２" }, "geometry": { "type": "Point", "coordinates": [ 136.605588, 34.964027 ] } },
{ "type": "Feature", "properties": { "ID": 24502000174, "正式名称": "エール調剤薬局Ｆｕｊｉ", "機関区分": 5, "都道府県コード": 24, "市区町村コード": 202, "所在地": "三重県四日市市高角町１５６４－６", "緯度": 34.986547, "経度": 136.557894, "url": "https://www.iryou.teikyouseido.mhlw.go.jp/znk-web/juminkanja/S2430/initialize?prefCd=24&kikanCd=02000174&kikanKbn=5", "url2": "http://www.heart-fuji.com", "内容": "エール調剤薬局Ｆｕｊｉ【5:薬局】三重県四日市市高角町１５６４－６" }, "geometry": { "type": "Point", "coordinates": [ 136.557894, 34.986547 ] } },
{ "type": "Feature", "properties": { "ID": 24502000176, "正式名称": "サエラ薬局　　ひなが店", "機関区分": 5, "都道府県コード": 24, "市区町村コード": 202, "所在地": "三重県四日市市日永西３丁目１７番１９－１", "緯度": 34.949913, "経度": 136.593747, "url": "https://www.iryou.teikyouseido.mhlw.go.jp/znk-web/juminkanja/S2430/initialize?prefCd=24&kikanCd=02000176&kikanKbn=5", "url2": "http://saera-ph.co.jp/shop/saera11.php", "内容": "サエラ薬局　　ひなが店【5:薬局】三重県四日市市日永西３丁目１７番１９－１" }, "geometry": { "type": "Point", "coordinates": [ 136.593747, 34.949913 ] } },
{ "type": "Feature", "properties": { "ID": 24502000177, "正式名称": "いちご薬局", "機関区分": 5, "都道府県コード": 24, "市区町村コード": 202, "所在地": "三重県四日市市日永１丁目３－２１　クリスタル日永１０３", "緯度": 34.954816, "経度": 136.609423, "url": "https://www.iryou.teikyouseido.mhlw.go.jp/znk-web/juminkanja/S2430/initialize?prefCd=24&kikanCd=02000177&kikanKbn=5", "url2": null, "内容": "いちご薬局【5:薬局】三重県四日市市日永１丁目３－２１　クリスタル日永１０３" }, "geometry": { "type": "Point", "coordinates": [ 136.609423, 34.954816 ] } },
{ "type": "Feature", "properties": { "ID": 24502000178, "正式名称": "さんあい薬局株式会社　桜台店", "機関区分": 5, "都道府県コード": 24, "市区町村コード": 202, "所在地": "三重県四日市市桜台一丁目３１－１２", "緯度": 34.986139, "経度": 136.533819, "url": "https://www.iryou.teikyouseido.mhlw.go.jp/znk-web/juminkanja/S2430/initialize?prefCd=24&kikanCd=02000178&kikanKbn=5", "url2": null, "内容": "さんあい薬局株式会社　桜台店【5:薬局】三重県四日市市桜台一丁目３１－１２" }, "geometry": { "type": "Point", "coordinates": [ 136.533819, 34.986139 ] } },
{ "type": "Feature", "properties": { "ID": 24502000180, "正式名称": "スギ薬局青葉店", "機関区分": 5, "都道府県コード": 24, "市区町村コード": 202, "所在地": "三重県四日市市青葉町８００－３５１", "緯度": 34.970583, "経度": 136.582461, "url": "https://www.iryou.teikyouseido.mhlw.go.jp/znk-web/juminkanja/S2430/initialize?prefCd=24&kikanCd=02000180&kikanKbn=5", "url2": "http://www.drug-sugi.co.jp/", "内容": "スギ薬局青葉店【5:薬局】三重県四日市市青葉町８００－３５１" }, "geometry": { "type": "Point", "coordinates": [ 136.582461, 34.970583 ] } },
{ "type": "Feature", "properties": { "ID": 24502000181, "正式名称": "きらぼし薬局たるさか店", "機関区分": 5, "都道府県コード": 24, "市区町村コード": 202, "所在地": "三重県四日市市垂坂町４１４番１", "緯度": 35.003675, "経度": 136.615714, "url": "https://www.iryou.teikyouseido.mhlw.go.jp/znk-web/juminkanja/S2430/initialize?prefCd=24&kikanCd=02000181&kikanKbn=5", "url2": "https://kiraboshi-pharmacy.com/", "内容": "きらぼし薬局たるさか店【5:薬局】三重県四日市市垂坂町４１４番１" }, "geometry": { "type": "Point", "coordinates": [ 136.615714, 35.003675 ] } },
{ "type": "Feature", "properties": { "ID": 24502000182, "正式名称": "ファーマライズ薬局　日永店", "機関区分": 5, "都道府県コード": 24, "市区町村コード": 202, "所在地": "三重県四日市市日永西３丁目１７－１９－２", "緯度": 34.949956, "経度": 136.593703, "url": "https://www.iryou.teikyouseido.mhlw.go.jp/znk-web/juminkanja/S2430/initialize?prefCd=24&kikanCd=02000182&kikanKbn=5", "url2": "https://www.pharmarise.com/", "内容": "ファーマライズ薬局　日永店【5:薬局】三重県四日市市日永西３丁目１７－１９－２" }, "geometry": { "type": "Point", "coordinates": [ 136.593703, 34.949956 ] } },
{ "type": "Feature", "properties": { "ID": 24502000184, "正式名称": "さざんか薬局", "機関区分": 5, "都道府県コード": 24, "市区町村コード": 202, "所在地": "三重県四日市市生桑町１０８番地２", "緯度": 34.98726, "経度": 136.603838, "url": "https://www.iryou.teikyouseido.mhlw.go.jp/znk-web/juminkanja/S2430/initialize?prefCd=24&kikanCd=02000184&kikanKbn=5", "url2": null, "内容": "さざんか薬局【5:薬局】三重県四日市市生桑町１０８番地２" }, "geometry": { "type": "Point", "coordinates": [ 136.603838, 34.98726 ] } },
{ "type": "Feature", "properties": { "ID": 24502000185, "正式名称": "エンゼル薬局　四日市中央店", "機関区分": 5, "都道府県コード": 24, "市区町村コード": 202, "所在地": "三重県四日市市城北町７ー２ー１", "緯度": 34.964982, "経度": 136.612361, "url": "https://www.iryou.teikyouseido.mhlw.go.jp/znk-web/juminkanja/S2430/initialize?prefCd=24&kikanCd=02000185&kikanKbn=5", "url2": "https://angel-pha.com/", "内容": "エンゼル薬局　四日市中央店【5:薬局】三重県四日市市城北町７ー２ー１" }, "geometry": { "type": "Point", "coordinates": [ 136.612361, 34.964982 ] } },
{ "type": "Feature", "properties": { "ID": 24502000186, "正式名称": "エンゼル薬局　四日市南店", "機関区分": 5, "都道府県コード": 24, "市区町村コード": 202, "所在地": "三重県四日市市山田町５５６９－８", "緯度": 34.94458, "経度": 136.526999, "url": "https://www.iryou.teikyouseido.mhlw.go.jp/znk-web/juminkanja/S2430/initialize?prefCd=24&kikanCd=02000186&kikanKbn=5", "url2": "https://angel-pha.com/", "内容": "エンゼル薬局　四日市南店【5:薬局】三重県四日市市山田町５５６９－８" }, "geometry": { "type": "Point", "coordinates": [ 136.526999, 34.94458 ] } },
{ "type": "Feature", "properties": { "ID": 24502000187, "正式名称": "フラワー薬局あさがお店", "機関区分": 5, "都道府県コード": 24, "市区町村コード": 202, "所在地": "三重県四日市市泊村字内谷１１０２－１", "緯度": 34.939425, "経度": 136.587312, "url": "https://www.iryou.teikyouseido.mhlw.go.jp/znk-web/juminkanja/S2430/initialize?prefCd=24&kikanCd=02000187&kikanKbn=5", "url2": "https://www.m-ikkou.co.jp/business/pharmacy/search/shop019.html", "内容": "フラワー薬局あさがお店【5:薬局】三重県四日市市泊村字内谷１１０２－１" }, "geometry": { "type": "Point", "coordinates": [ 136.587312, 34.939425 ] } },
{ "type": "Feature", "properties": { "ID": 24502000188, "正式名称": "フラワー薬局四日市駅前店", "機関区分": 5, "都道府県コード": 24, "市区町村コード": 202, "所在地": "三重県四日市市諏訪栄町６－３　愛汗ビル１Ｆ", "緯度": 34.966559, "経度": 136.619728, "url": "https://www.iryou.teikyouseido.mhlw.go.jp/znk-web/juminkanja/S2430/initialize?prefCd=24&kikanCd=02000188&kikanKbn=5", "url2": "https://www.m-ikkou.co.jp/", "内容": "フラワー薬局四日市駅前店【5:薬局】三重県四日市市諏訪栄町６－３　愛汗ビル１Ｆ" }, "geometry": { "type": "Point", "coordinates": [ 136.619728, 34.966559 ] } },
{ "type": "Feature", "properties": { "ID": 24502000189, "正式名称": "フラワー薬局カトレヤ店", "機関区分": 5, "都道府県コード": 24, "市区町村コード": 202, "所在地": "三重県四日市市川北１丁目１２－１３", "緯度": 35.018528, "経度": 136.646784, "url": "https://www.iryou.teikyouseido.mhlw.go.jp/znk-web/juminkanja/S2430/initialize?prefCd=24&kikanCd=02000189&kikanKbn=5", "url2": "https://www.m-ikkou.co.jp/business/pharmacy/search/shop017.html", "内容": "フラワー薬局カトレヤ店【5:薬局】三重県四日市市川北１丁目１２－１３" }, "geometry": { "type": "Point", "coordinates": [ 136.646784, 35.018528 ] } },
{ "type": "Feature", "properties": { "ID": 24502000190, "正式名称": "フラワー薬局はまゆう店", "機関区分": 5, "都道府県コード": 24, "市区町村コード": 202, "所在地": "三重県四日市市桜町字南垣内１２７－３", "緯度": 34.988572, "経度": 136.513855, "url": "https://www.iryou.teikyouseido.mhlw.go.jp/znk-web/juminkanja/S2430/initialize?prefCd=24&kikanCd=02000190&kikanKbn=5", "url2": "https://www.m-ikkou.co.jp/business/pharmacy/search/shop012.html", "内容": "フラワー薬局はまゆう店【5:薬局】三重県四日市市桜町字南垣内１２７－３" }, "geometry": { "type": "Point", "coordinates": [ 136.513855, 34.988572 ] } },
{ "type": "Feature", "properties": { "ID": 24502000191, "正式名称": "フラワー薬局中部店", "機関区分": 5, "都道府県コード": 24, "市区町村コード": 202, "所在地": "三重県四日市市中部８－１５", "緯度": 34.968604, "経度": 136.625325, "url": "https://www.iryou.teikyouseido.mhlw.go.jp/znk-web/juminkanja/S2430/initialize?prefCd=24&kikanCd=02000191&kikanKbn=5", "url2": "https://www.m-ikkou.co.jp/business/pharmacy/search/shop006.html", "内容": "フラワー薬局中部店【5:薬局】三重県四日市市中部８－１５" }, "geometry": { "type": "Point", "coordinates": [ 136.625325, 34.968604 ] } },
{ "type": "Feature", "properties": { "ID": 24502000192, "正式名称": "フラワー薬局わかば店", "機関区分": 5, "都道府県コード": 24, "市区町村コード": 202, "所在地": "三重県四日市市桜花台１丁目３５－５", "緯度": 34.988708, "経度": 136.530079, "url": "https://www.iryou.teikyouseido.mhlw.go.jp/znk-web/juminkanja/S2430/initialize?prefCd=24&kikanCd=02000192&kikanKbn=5", "url2": "https://www.m-ikkou.co.jp/business/pharmacy/search/shop024.html", "内容": "フラワー薬局わかば店【5:薬局】三重県四日市市桜花台１丁目３５－５" }, "geometry": { "type": "Point", "coordinates": [ 136.530079, 34.988708 ] } },
{ "type": "Feature", "properties": { "ID": 24502000193, "正式名称": "フラワー薬局小杉店", "機関区分": 5, "都道府県コード": 24, "市区町村コード": 202, "所在地": "三重県四日市市小杉新町６４", "緯度": 34.998398, "経度": 136.60801, "url": "https://www.iryou.teikyouseido.mhlw.go.jp/znk-web/juminkanja/S2430/initialize?prefCd=24&kikanCd=02000193&kikanKbn=5", "url2": "https://www.m-ikkou.co.jp/business/pharmacy/search/shop008.html", "内容": "フラワー薬局小杉店【5:薬局】三重県四日市市小杉新町６４" }, "geometry": { "type": "Point", "coordinates": [ 136.60801, 34.998398 ] } },
{ "type": "Feature", "properties": { "ID": 24502000194, "正式名称": "フラワー薬局富州原店", "機関区分": 5, "都道府県コード": 24, "市区町村コード": 202, "所在地": "三重県四日市市富州原町１６－３", "緯度": 35.009806, "経度": 136.66084, "url": "https://www.iryou.teikyouseido.mhlw.go.jp/znk-web/juminkanja/S2430/initialize?prefCd=24&kikanCd=02000194&kikanKbn=5", "url2": "https://www.m-ikkou.co.jp/business/pharmacy/search/shop049.html", "内容": "フラワー薬局富州原店【5:薬局】三重県四日市市富州原町１６－３" }, "geometry": { "type": "Point", "coordinates": [ 136.66084, 35.009806 ] } },
{ "type": "Feature", "properties": { "ID": 24502000195, "正式名称": "フラワー薬局羽津山店", "機関区分": 5, "都道府県コード": 24, "市区町村コード": 202, "所在地": "三重県四日市市羽津山町５－１", "緯度": 34.989503, "経度": 136.625306, "url": "https://www.iryou.teikyouseido.mhlw.go.jp/znk-web/juminkanja/S2430/initialize?prefCd=24&kikanCd=02000195&kikanKbn=5", "url2": "https://www.m-ikkou.co.jp/", "内容": "フラワー薬局羽津山店【5:薬局】三重県四日市市羽津山町５－１" }, "geometry": { "type": "Point", "coordinates": [ 136.625306, 34.989503 ] } },
{ "type": "Feature", "properties": { "ID": 24502000196, "正式名称": "フラワー薬局生桑店", "機関区分": 5, "都道府県コード": 24, "市区町村コード": 202, "所在地": "三重県四日市市生桑町５８２－２", "緯度": 34.982243, "経度": 136.599652, "url": "https://www.iryou.teikyouseido.mhlw.go.jp/znk-web/juminkanja/S2430/initialize?prefCd=24&kikanCd=02000196&kikanKbn=5", "url2": "https://www.m-ikkou.co.jp/business/pharmacy/search/shop108.html", "内容": "フラワー薬局生桑店【5:薬局】三重県四日市市生桑町５８２－２" }, "geometry": { "type": "Point", "coordinates": [ 136.599652, 34.982243 ] } },
{ "type": "Feature", "properties": { "ID": 24502000197, "正式名称": "ウェルネス薬局　五味塚店", "機関区分": 5, "都道府県コード": 24, "市区町村コード": 202, "所在地": "三重県四日市市楠町南五味塚１３０６番地２", "緯度": 34.908544, "経度": 136.631789, "url": "https://www.iryou.teikyouseido.mhlw.go.jp/znk-web/juminkanja/S2430/initialize?prefCd=24&kikanCd=02000197&kikanKbn=5", "url2": "https://wellness-crews.com", "内容": "ウェルネス薬局　五味塚店【5:薬局】三重県四日市市楠町南五味塚１３０６番地２" }, "geometry": { "type": "Point", "coordinates": [ 136.631789, 34.908544 ] } },
{ "type": "Feature", "properties": { "ID": 24502000198, "正式名称": "ウエルシア薬局　イオンタウン四日市泊店", "機関区分": 5, "都道府県コード": 24, "市区町村コード": 202, "所在地": "三重県四日市市泊小柳町４番５－１　イオンタウン四日市泊内１階", "緯度": 34.9389947, "経度": 136.6013075, "url": "https://www.iryou.teikyouseido.mhlw.go.jp/znk-web/juminkanja/S2430/initialize?prefCd=24&kikanCd=02000198&kikanKbn=5", "url2": "https://store.welcia.co.jp/welcia/spot/detail?code=6756D", "内容": "ウエルシア薬局　イオンタウン四日市泊店【5:薬局】三重県四日市市泊小柳町４番５－１　イオンタウン四日市泊内１階" }, "geometry": { "type": "Point", "coordinates": [ 136.6013075, 34.9389947 ] } },
{ "type": "Feature", "properties": { "ID": 24502000199, "正式名称": "さんあい薬局株式会社　小杉新町店", "機関区分": 5, "都道府県コード": 24, "市区町村コード": 202, "所在地": "三重県四日市市小杉新町１５３番－３", "緯度": 34.998631, "経度": 136.606848, "url": "https://www.iryou.teikyouseido.mhlw.go.jp/znk-web/juminkanja/S2430/initialize?prefCd=24&kikanCd=02000199&kikanKbn=5", "url2": "https://www.sun-ai-ph.co.jp/", "内容": "さんあい薬局株式会社　小杉新町店【5:薬局】三重県四日市市小杉新町１５３番－３" }, "geometry": { "type": "Point", "coordinates": [ 136.606848, 34.998631 ] } },
{ "type": "Feature", "properties": { "ID": 24502000200, "正式名称": "アクア薬局安島店", "機関区分": 5, "都道府県コード": 24, "市区町村コード": 202, "所在地": "三重県四日市市安島１－４－６　カネニビル３Ｆ", "緯度": 34.968228, "経度": 136.615159, "url": "https://www.iryou.teikyouseido.mhlw.go.jp/znk-web/juminkanja/S2430/initialize?prefCd=24&kikanCd=02000200&kikanKbn=5", "url2": "https://aquamedical.net/index.html", "内容": "アクア薬局安島店【5:薬局】三重県四日市市安島１－４－６　カネニビル３Ｆ" }, "geometry": { "type": "Point", "coordinates": [ 136.615159, 34.968228 ] } },
{ "type": "Feature", "properties": { "ID": 24502000201, "正式名称": "ファミリーサポート薬局山城店", "機関区分": 5, "都道府県コード": 24, "市区町村コード": 202, "所在地": "三重県四日市市山城町７８５－２", "緯度": 35.032288, "経度": 136.585062, "url": "https://www.iryou.teikyouseido.mhlw.go.jp/znk-web/juminkanja/S2430/initialize?prefCd=24&kikanCd=02000201&kikanKbn=5", "url2": null, "内容": "ファミリーサポート薬局山城店【5:薬局】三重県四日市市山城町７８５－２" }, "geometry": { "type": "Point", "coordinates": [ 136.585062, 35.032288 ] } },
{ "type": "Feature", "properties": { "ID": 24502000202, "正式名称": "花もも薬局", "機関区分": 5, "都道府県コード": 24, "市区町村コード": 202, "所在地": "三重県四日市市中部１２－６－２", "緯度": 34.96962, "経度": 136.62443, "url": "https://www.iryou.teikyouseido.mhlw.go.jp/znk-web/juminkanja/S2430/initialize?prefCd=24&kikanCd=02000202&kikanKbn=5", "url2": null, "内容": "花もも薬局【5:薬局】三重県四日市市中部１２－６－２" }, "geometry": { "type": "Point", "coordinates": [ 136.62443, 34.96962 ] } },
{ "type": "Feature", "properties": { "ID": 24502000203, "正式名称": "スギ薬局　別名店", "機関区分": 5, "都道府県コード": 24, "市区町村コード": 202, "所在地": "三重県四日市市別名１丁目１０番１６号", "緯度": 34.993781, "経度": 136.627456, "url": "https://www.iryou.teikyouseido.mhlw.go.jp/znk-web/juminkanja/S2430/initialize?prefCd=24&kikanCd=02000203&kikanKbn=5", "url2": "http://www.drug-sugi.co.jp", "内容": "スギ薬局　別名店【5:薬局】三重県四日市市別名１丁目１０番１６号" }, "geometry": { "type": "Point", "coordinates": [ 136.627456, 34.993781 ] } },
{ "type": "Feature", "properties": { "ID": 24502000204, "正式名称": "ウエルシア薬局　四日市波木店", "機関区分": 5, "都道府県コード": 24, "市区町村コード": 202, "所在地": "三重県四日市市波木町西亀ヶ谷４１６－１", "緯度": 34.939942, "経度": 136.567817, "url": "https://www.iryou.teikyouseido.mhlw.go.jp/znk-web/juminkanja/S2430/initialize?prefCd=24&kikanCd=02000204&kikanKbn=5", "url2": "https://store.welcia.co.jp/welcia/spot/detail?code=6689D", "内容": "ウエルシア薬局　四日市波木店【5:薬局】三重県四日市市波木町西亀ヶ谷４１６－１" }, "geometry": { "type": "Point", "coordinates": [ 136.567817, 34.939942 ] } },
{ "type": "Feature", "properties": { "ID": 24502000205, "正式名称": "クスリのアオキ　垂坂薬局", "機関区分": 5, "都道府県コード": 24, "市区町村コード": 202, "所在地": "三重県四日市市大字羽津戊１７１番地２７", "緯度": 35.006696, "経度": 136.621811, "url": "https://www.iryou.teikyouseido.mhlw.go.jp/znk-web/juminkanja/S2430/initialize?prefCd=24&kikanCd=02000205&kikanKbn=5", "url2": "https://www.kusuri-aoki.co.jp/", "内容": "クスリのアオキ　垂坂薬局【5:薬局】三重県四日市市大字羽津戊１７１番地２７" }, "geometry": { "type": "Point", "coordinates": [ 136.621811, 35.006696 ] } },
{ "type": "Feature", "properties": { "ID": 24502000206, "正式名称": "クスリのアオキ楠薬局", "機関区分": 5, "都道府県コード": 24, "市区町村コード": 202, "所在地": "三重県四日市市楠町北五味塚１９２１番地２７", "緯度": 34.917054, "経度": 136.631242, "url": "https://www.iryou.teikyouseido.mhlw.go.jp/znk-web/juminkanja/S2430/initialize?prefCd=24&kikanCd=02000206&kikanKbn=5", "url2": "https://www.kusuri-aoki.co.jp/", "内容": "クスリのアオキ楠薬局【5:薬局】三重県四日市市楠町北五味塚１９２１番地２７" }, "geometry": { "type": "Point", "coordinates": [ 136.631242, 34.917054 ] } },
{ "type": "Feature", "properties": { "ID": 24502000207, "正式名称": "さんあい薬局株式会社　生桑店", "機関区分": 5, "都道府県コード": 24, "市区町村コード": 202, "所在地": "三重県四日市市生桑町字大門８２６－１", "緯度": 34.986366, "経度": 136.60086, "url": "https://www.iryou.teikyouseido.mhlw.go.jp/znk-web/juminkanja/S2430/initialize?prefCd=24&kikanCd=02000207&kikanKbn=5", "url2": "https://www.sun-ai-ph.co.jp/", "内容": "さんあい薬局株式会社　生桑店【5:薬局】三重県四日市市生桑町字大門８２６－１" }, "geometry": { "type": "Point", "coordinates": [ 136.60086, 34.986366 ] } },
{ "type": "Feature", "properties": { "ID": 24502000208, "正式名称": "スギ薬局　四日市中央店", "機関区分": 5, "都道府県コード": 24, "市区町村コード": 202, "所在地": "三重県四日市市赤堀２丁目５番２４号", "緯度": 34.962352, "経度": 136.607907, "url": "https://www.iryou.teikyouseido.mhlw.go.jp/znk-web/juminkanja/S2430/initialize?prefCd=24&kikanCd=02000208&kikanKbn=5", "url2": "http://www.drug-sugi.co.jp/", "内容": "スギ薬局　四日市中央店【5:薬局】三重県四日市市赤堀２丁目５番２４号" }, "geometry": { "type": "Point", "coordinates": [ 136.607907, 34.962352 ] } },
{ "type": "Feature", "properties": { "ID": 24502000209, "正式名称": "エンゼル薬局　高角店", "機関区分": 5, "都道府県コード": 24, "市区町村コード": 202, "所在地": "三重県四日市市高角町７３５－１", "緯度": 34.983218, "経度": 136.566878, "url": "https://www.iryou.teikyouseido.mhlw.go.jp/znk-web/juminkanja/S2430/initialize?prefCd=24&kikanCd=02000209&kikanKbn=5", "url2": "https://angel-pha.com/", "内容": "エンゼル薬局　高角店【5:薬局】三重県四日市市高角町７３５－１" }, "geometry": { "type": "Point", "coordinates": [ 136.566878, 34.983218 ] } },
{ "type": "Feature", "properties": { "ID": 24502000210, "正式名称": "スギ薬局　釆女店", "機関区分": 5, "都道府県コード": 24, "市区町村コード": 202, "所在地": "三重県四日市市采女町字名倉１８６９－１", "緯度": 34.920971, "経度": 136.582582, "url": "https://www.iryou.teikyouseido.mhlw.go.jp/znk-web/juminkanja/S2430/initialize?prefCd=24&kikanCd=02000210&kikanKbn=5", "url2": "https://www.sugi-net.jp/", "内容": "スギ薬局　釆女店【5:薬局】三重県四日市市采女町字名倉１８６９－１" }, "geometry": { "type": "Point", "coordinates": [ 136.582582, 34.920971 ] } },
{ "type": "Feature", "properties": { "ID": 24502000211, "正式名称": "キョーワ薬局　四日市店", "機関区分": 5, "都道府県コード": 24, "市区町村コード": 202, "所在地": "三重県四日市市久保田１丁目３番１１号", "緯度": 34.972675, "経度": 136.607706, "url": "https://www.iryou.teikyouseido.mhlw.go.jp/znk-web/juminkanja/S2430/initialize?prefCd=24&kikanCd=02000211&kikanKbn=5", "url2": "https://www.kyowa-pharmacy.co.jp/", "内容": "キョーワ薬局　四日市店【5:薬局】三重県四日市市久保田１丁目３番１１号" }, "geometry": { "type": "Point", "coordinates": [ 136.607706, 34.972675 ] } },
{ "type": "Feature", "properties": { "ID": 24502000212, "正式名称": "キョーワ薬局　生桑店", "機関区分": 5, "都道府県コード": 24, "市区町村コード": 202, "所在地": "三重県四日市市生桑町１６４２番地９７", "緯度": 34.985902, "経度": 136.590213, "url": "https://www.iryou.teikyouseido.mhlw.go.jp/znk-web/juminkanja/S2430/initialize?prefCd=24&kikanCd=02000212&kikanKbn=5", "url2": "https://www.kyowa-pharmacy.co.jp/shop/563/", "内容": "キョーワ薬局　生桑店【5:薬局】三重県四日市市生桑町１６４２番地９７" }, "geometry": { "type": "Point", "coordinates": [ 136.590213, 34.985902 ] } },
{ "type": "Feature", "properties": { "ID": 24502000213, "正式名称": "キョーワ薬局　四日市西店", "機関区分": 5, "都道府県コード": 24, "市区町村コード": 202, "所在地": "三重県四日市市高角町６９６－１", "緯度": 34.983258, "経度": 136.56576, "url": "https://www.iryou.teikyouseido.mhlw.go.jp/znk-web/juminkanja/S2430/initialize?prefCd=24&kikanCd=02000213&kikanKbn=5", "url2": "https://www.kyowa-pharmacy.co.jp/shop/560/", "内容": "キョーワ薬局　四日市西店【5:薬局】三重県四日市市高角町６９６－１" }, "geometry": { "type": "Point", "coordinates": [ 136.56576, 34.983258 ] } },
{ "type": "Feature", "properties": { "ID": 24502000214, "正式名称": "キョーワ薬局　西浦店", "機関区分": 5, "都道府県コード": 24, "市区町村コード": 202, "所在地": "三重県四日市市西浦１丁目２番７－２", "緯度": 34.970862, "経度": 136.617581, "url": "https://www.iryou.teikyouseido.mhlw.go.jp/znk-web/juminkanja/S2430/initialize?prefCd=24&kikanCd=02000214&kikanKbn=5", "url2": "http://www.kyowa-chemical.co.jp", "内容": "キョーワ薬局　西浦店【5:薬局】三重県四日市市西浦１丁目２番７－２" }, "geometry": { "type": "Point", "coordinates": [ 136.617581, 34.970862 ] } },
{ "type": "Feature", "properties": { "ID": 24502000215, "正式名称": "くすの木調剤薬局", "機関区分": 5, "都道府県コード": 24, "市区町村コード": 202, "所在地": "三重県四日市市鵜の森１丁目９－２", "緯度": 34.96612, "経度": 136.614613, "url": "https://www.iryou.teikyouseido.mhlw.go.jp/znk-web/juminkanja/S2430/initialize?prefCd=24&kikanCd=02000215&kikanKbn=5", "url2": null, "内容": "くすの木調剤薬局【5:薬局】三重県四日市市鵜の森１丁目９－２" }, "geometry": { "type": "Point", "coordinates": [ 136.614613, 34.96612 ] } },
{ "type": "Feature", "properties": { "ID": 24502000216, "正式名称": "サニー薬局", "機関区分": 5, "都道府県コード": 24, "市区町村コード": 202, "所在地": "三重県四日市市赤水町１２７４－１２", "緯度": 35.009168, "経度": 136.560949, "url": "https://www.iryou.teikyouseido.mhlw.go.jp/znk-web/juminkanja/S2430/initialize?prefCd=24&kikanCd=02000216&kikanKbn=5", "url2": "https://ship-ph.co.jp/", "内容": "サニー薬局【5:薬局】三重県四日市市赤水町１２７４－１２" }, "geometry": { "type": "Point", "coordinates": [ 136.560949, 35.009168 ] } },
{ "type": "Feature", "properties": { "ID": 24502000217, "正式名称": "ウノモリ薬局", "機関区分": 5, "都道府県コード": 24, "市区町村コード": 202, "所在地": "三重県四日市市鵜の森１丁目１４－１７", "緯度": 34.964386, "経度": 136.6175, "url": "https://www.iryou.teikyouseido.mhlw.go.jp/znk-web/juminkanja/S2430/initialize?prefCd=24&kikanCd=02000217&kikanKbn=5", "url2": "https://www.unomori-pharmacy.jp", "内容": "ウノモリ薬局【5:薬局】三重県四日市市鵜の森１丁目１４－１７" }, "geometry": { "type": "Point", "coordinates": [ 136.6175, 34.964386 ] } },
{ "type": "Feature", "properties": { "ID": 24502000218, "正式名称": "ユニスマイル薬局　泊店", "機関区分": 5, "都道府県コード": 24, "市区町村コード": 202, "所在地": "三重県四日市市泊山崎町２－１６", "緯度": 34.940919, "経度": 136.597119, "url": "https://www.iryou.teikyouseido.mhlw.go.jp/znk-web/juminkanja/S2430/initialize?prefCd=24&kikanCd=02000218&kikanKbn=5", "url2": null, "内容": "ユニスマイル薬局　泊店【5:薬局】三重県四日市市泊山崎町２－１６" }, "geometry": { "type": "Point", "coordinates": [ 136.597119, 34.940919 ] } },
{ "type": "Feature", "properties": { "ID": 24502000219, "正式名称": "かわらざき調剤薬局", "機関区分": 5, "都道府県コード": 24, "市区町村コード": 202, "所在地": "三重県四日市市生桑町２９６－１", "緯度": 34.986298, "経度": 136.601759, "url": "https://www.iryou.teikyouseido.mhlw.go.jp/znk-web/juminkanja/S2430/initialize?prefCd=24&kikanCd=02000219&kikanKbn=5", "url2": "https://www.s-m-k-ito.com", "内容": "かわらざき調剤薬局【5:薬局】三重県四日市市生桑町２９６－１" }, "geometry": { "type": "Point", "coordinates": [ 136.601759, 34.986298 ] } },
{ "type": "Feature", "properties": { "ID": 24502000220, "正式名称": "みらい調剤薬局", "機関区分": 5, "都道府県コード": 24, "市区町村コード": 202, "所在地": "三重県四日市市川島町６０００－１７５", "緯度": 34.9774, "経度": 136.558905, "url": "https://www.iryou.teikyouseido.mhlw.go.jp/znk-web/juminkanja/S2430/initialize?prefCd=24&kikanCd=02000220&kikanKbn=5", "url2": "https://fdesign-mirai.com/", "内容": "みらい調剤薬局【5:薬局】三重県四日市市川島町６０００－１７５" }, "geometry": { "type": "Point", "coordinates": [ 136.558905, 34.9774 ] } },
{ "type": "Feature", "properties": { "ID": 24502000221, "正式名称": "スギ薬局阿倉川店", "機関区分": 5, "都道府県コード": 24, "市区町村コード": 202, "所在地": "三重県四日市市羽津山町", "緯度": 34.9882, "経度": 136.627699, "url": "https://www.iryou.teikyouseido.mhlw.go.jp/znk-web/juminkanja/S2430/initialize?prefCd=24&kikanCd=02000221&kikanKbn=5", "url2": "http://www.drug-sugi.co.jp/", "内容": "スギ薬局阿倉川店【5:薬局】三重県四日市市羽津山町" }, "geometry": { "type": "Point", "coordinates": [ 136.627699, 34.9882 ] } },
{ "type": "Feature", "properties": { "ID": 24502000222, "正式名称": "スギ薬局　在宅調剤センター四日市店", "機関区分": 5, "都道府県コード": 24, "市区町村コード": 202, "所在地": "三重県四日市市青葉町８００番地４", "緯度": 34.971428, "経度": 136.583975, "url": "https://www.iryou.teikyouseido.mhlw.go.jp/znk-web/juminkanja/S2430/initialize?prefCd=24&kikanCd=02000222&kikanKbn=5", "url2": "http://www.drug-sugi.co.jp/", "内容": "スギ薬局　在宅調剤センター四日市店【5:薬局】三重県四日市市青葉町８００番地４" }, "geometry": { "type": "Point", "coordinates": [ 136.583975, 34.971428 ] } },
{ "type": "Feature", "properties": { "ID": 24502000223, "正式名称": "クスリのアオキ羽津薬局", "機関区分": 5, "都道府県コード": 24, "市区町村コード": 202, "所在地": "三重県四日市市羽津町２１番１６号", "緯度": 34.990822, "経度": 136.637865, "url": "https://www.iryou.teikyouseido.mhlw.go.jp/znk-web/juminkanja/S2430/initialize?prefCd=24&kikanCd=02000223&kikanKbn=5", "url2": "https://www.kusuri-aoki.co.jp/", "内容": "クスリのアオキ羽津薬局【5:薬局】三重県四日市市羽津町２１番１６号" }, "geometry": { "type": "Point", "coordinates": [ 136.637865, 34.990822 ] } },
{ "type": "Feature", "properties": { "ID": 24502000224, "正式名称": "有限会社イトーファーマシーうのもり薬局", "機関区分": 5, "都道府県コード": 24, "市区町村コード": 202, "所在地": "三重県四日市市浜田町７－１７－１", "緯度": 34.964962, "経度": 136.619618, "url": "https://www.iryou.teikyouseido.mhlw.go.jp/znk-web/juminkanja/S2430/initialize?prefCd=24&kikanCd=02000224&kikanKbn=5", "url2": "https://www.ito-pharmacy.jp/", "内容": "有限会社イトーファーマシーうのもり薬局【5:薬局】三重県四日市市浜田町７－１７－１" }, "geometry": { "type": "Point", "coordinates": [ 136.619618, 34.964962 ] } },
{ "type": "Feature", "properties": { "ID": 24502000225, "正式名称": "ナカムラ薬局ときわ店", "機関区分": 5, "都道府県コード": 24, "市区町村コード": 202, "所在地": "三重県四日市市ときわ五丁目１番１９号", "緯度": 34.964433, "経度": 136.599819, "url": "https://www.iryou.teikyouseido.mhlw.go.jp/znk-web/juminkanja/S2430/initialize?prefCd=24&kikanCd=02000225&kikanKbn=5", "url2": null, "内容": "ナカムラ薬局ときわ店【5:薬局】三重県四日市市ときわ五丁目１番１９号" }, "geometry": { "type": "Point", "coordinates": [ 136.599819, 34.964433 ] } },
{ "type": "Feature", "properties": { "ID": 24502000226, "正式名称": "羽津薬品", "機関区分": 5, "都道府県コード": 24, "市区町村コード": 202, "所在地": "三重県四日市市八田１丁目１３－１５", "緯度": 34.992494, "経度": 136.636981, "url": "https://www.iryou.teikyouseido.mhlw.go.jp/znk-web/juminkanja/S2430/initialize?prefCd=24&kikanCd=02000226&kikanKbn=5", "url2": null, "内容": "羽津薬品【5:薬局】三重県四日市市八田１丁目１３－１５" }, "geometry": { "type": "Point", "coordinates": [ 136.636981, 34.992494 ] } },
{ "type": "Feature", "properties": { "ID": 24502000227, "正式名称": "イオン薬局四日市北店", "機関区分": 5, "都道府県コード": 24, "市区町村コード": 202, "所在地": "三重県四日市市富州原町２－４０", "緯度": 35.006886, "経度": 136.657206, "url": "https://www.iryou.teikyouseido.mhlw.go.jp/znk-web/juminkanja/S2430/initialize?prefCd=24&kikanCd=02000227&kikanKbn=5", "url2": null, "内容": "イオン薬局四日市北店【5:薬局】三重県四日市市富州原町２－４０" }, "geometry": { "type": "Point", "coordinates": [ 136.657206, 35.006886 ] } },
{ "type": "Feature", "properties": { "ID": 24502000228, "正式名称": "クスリのアオキ天カ須賀薬局", "機関区分": 5, "都道府県コード": 24, "市区町村コード": 202, "所在地": "三重県四日市市天カ須賀四丁目２番２０号", "緯度": 35.014246, "経度": 136.670458, "url": "https://www.iryou.teikyouseido.mhlw.go.jp/znk-web/juminkanja/S2430/initialize?prefCd=24&kikanCd=02000228&kikanKbn=5", "url2": "https://www.kusuri-aoki.co.jp/", "内容": "クスリのアオキ天カ須賀薬局【5:薬局】三重県四日市市天カ須賀四丁目２番２０号" }, "geometry": { "type": "Point", "coordinates": [ 136.670458, 35.014246 ] } },
{ "type": "Feature", "properties": { "ID": 24502000229, "正式名称": "あかつき調剤薬局", "機関区分": 5, "都道府県コード": 24, "市区町村コード": 202, "所在地": "三重県四日市市中村町７７１－１", "緯度": 35.030773, "経度": 136.602852, "url": "https://www.iryou.teikyouseido.mhlw.go.jp/znk-web/juminkanja/S2430/initialize?prefCd=24&kikanCd=02000229&kikanKbn=5", "url2": null, "内容": "あかつき調剤薬局【5:薬局】三重県四日市市中村町７７１－１" }, "geometry": { "type": "Point", "coordinates": [ 136.602852, 35.030773 ] } },
{ "type": "Feature", "properties": { "ID": 24502000230, "正式名称": "よつば薬局", "機関区分": 5, "都道府県コード": 24, "市区町村コード": 202, "所在地": "三重県四日市市富田２丁目１２ー１６", "緯度": 35.006419, "経度": 136.654813, "url": "https://www.iryou.teikyouseido.mhlw.go.jp/znk-web/juminkanja/S2430/initialize?prefCd=24&kikanCd=02000230&kikanKbn=5", "url2": null, "内容": "よつば薬局【5:薬局】三重県四日市市富田２丁目１２ー１６" }, "geometry": { "type": "Point", "coordinates": [ 136.654813, 35.006419 ] } },
{ "type": "Feature", "properties": { "ID": 24502000231, "正式名称": "ウエルシア薬局四日市朝日町店", "機関区分": 5, "都道府県コード": 24, "市区町村コード": 202, "所在地": "三重県四日市市朝日町１３－１４", "緯度": 34.960688, "経度": 136.627473, "url": "https://www.iryou.teikyouseido.mhlw.go.jp/znk-web/juminkanja/S2430/initialize?prefCd=24&kikanCd=02000231&kikanKbn=5", "url2": "https://store.welcia.co.jp/welcia/spot/detail?code=6758D", "内容": "ウエルシア薬局四日市朝日町店【5:薬局】三重県四日市市朝日町１３－１４" }, "geometry": { "type": "Point", "coordinates": [ 136.627473, 34.960688 ] } },
{ "type": "Feature", "properties": { "ID": 24502000232, "正式名称": "ちかこ薬局", "機関区分": 5, "都道府県コード": 24, "市区町村コード": 202, "所在地": "三重県四日市市釆女が丘１－１５９", "緯度": 34.916943, "経度": 136.582511, "url": "https://www.iryou.teikyouseido.mhlw.go.jp/znk-web/juminkanja/S2430/initialize?prefCd=24&kikanCd=02000232&kikanKbn=5", "url2": "https://chikako-pharmacy-1.jimdosite.com/", "内容": "ちかこ薬局【5:薬局】三重県四日市市釆女が丘１－１５９" }, "geometry": { "type": "Point", "coordinates": [ 136.582511, 34.916943 ] } },
{ "type": "Feature", "properties": { "ID": 24502000233, "正式名称": "クスリのアオキ河原田薬局", "機関区分": 5, "都道府県コード": 24, "市区町村コード": 202, "所在地": "三重県四日市市河原田町１４６８番地１", "緯度": 34.914777, "経度": 136.598046, "url": "https://www.iryou.teikyouseido.mhlw.go.jp/znk-web/juminkanja/S2430/initialize?prefCd=24&kikanCd=02000233&kikanKbn=5", "url2": "https://www.kusuri-aoki.co.jp/", "内容": "クスリのアオキ河原田薬局【5:薬局】三重県四日市市河原田町１４６８番地１" }, "geometry": { "type": "Point", "coordinates": [ 136.598046, 34.914777 ] } },
{ "type": "Feature", "properties": { "ID": 24502000234, "正式名称": "ダリヤ元町薬局", "機関区分": 5, "都道府県コード": 24, "市区町村コード": 202, "所在地": "三重県四日市市元町４－８", "緯度": 34.971158, "経度": 136.622818, "url": "https://www.iryou.teikyouseido.mhlw.go.jp/znk-web/juminkanja/S2430/initialize?prefCd=24&kikanCd=02000234&kikanKbn=5", "url2": "https://e-bond.info/withs/", "内容": "ダリヤ元町薬局【5:薬局】三重県四日市市元町４－８" }, "geometry": { "type": "Point", "coordinates": [ 136.622818, 34.971158 ] } },
{ "type": "Feature", "properties": { "ID": 24502000235, "正式名称": "スギヤマ調剤薬局ときわ店", "機関区分": 5, "都道府県コード": 24, "市区町村コード": 202, "所在地": "三重県四日市市城西町１５－３９", "緯度": 34.965065, "経度": 136.600783, "url": "https://www.iryou.teikyouseido.mhlw.go.jp/znk-web/juminkanja/S2430/initialize?prefCd=24&kikanCd=02000235&kikanKbn=5", "url2": "http://sugiyama-club.jp/", "内容": "スギヤマ調剤薬局ときわ店【5:薬局】三重県四日市市城西町１５－３９" }, "geometry": { "type": "Point", "coordinates": [ 136.600783, 34.965065 ] } },
{ "type": "Feature", "properties": { "ID": 24502000236, "正式名称": "いふな薬局とまり店", "機関区分": 5, "都道府県コード": 24, "市区町村コード": 202, "所在地": "三重県四日市市泊町２−３１", "緯度": 34.94156, "経度": 136.60214, "url": "https://www.iryou.teikyouseido.mhlw.go.jp/znk-web/juminkanja/S2430/initialize?prefCd=24&kikanCd=02000236&kikanKbn=5", "url2": "https://withheart-suzuka.com/", "内容": "いふな薬局とまり店【5:薬局】三重県四日市市泊町２−３１" }, "geometry": { "type": "Point", "coordinates": [ 136.60214, 34.94156 ] } },
{ "type": "Feature", "properties": { "ID": 24502000238, "正式名称": "こもれび薬局", "機関区分": 5, "都道府県コード": 24, "市区町村コード": 202, "所在地": "三重県四日市市羽津町１５－２８第八日和ハイツ１階", "緯度": 34.989162, "経度": 136.636537, "url": "https://www.iryou.teikyouseido.mhlw.go.jp/znk-web/juminkanja/S2430/initialize?prefCd=24&kikanCd=02000238&kikanKbn=5", "url2": null, "内容": "こもれび薬局【5:薬局】三重県四日市市羽津町１５－２８第八日和ハイツ１階" }, "geometry": { "type": "Point", "coordinates": [ 136.636537, 34.989162 ] } },
{ "type": "Feature", "properties": { "ID": 24502000239, "正式名称": "ことら薬局富洲原店", "機関区分": 5, "都道府県コード": 24, "市区町村コード": 202, "所在地": "三重県四日市市天カ須賀５丁目４番１２号", "緯度": 35.015351, "経度": 136.665862, "url": "https://www.iryou.teikyouseido.mhlw.go.jp/znk-web/juminkanja/S2430/initialize?prefCd=24&kikanCd=02000239&kikanKbn=5", "url2": "https://dora-pharma.com/pharmacies/262", "内容": "ことら薬局富洲原店【5:薬局】三重県四日市市天カ須賀５丁目４番１２号" }, "geometry": { "type": "Point", "coordinates": [ 136.665862, 35.015351 ] } },
{ "type": "Feature", "properties": { "ID": 24502000240, "正式名称": "エンゼル薬局久保田店", "機関区分": 5, "都道府県コード": 24, "市区町村コード": 202, "所在地": "三重県四日市市久保田二丁目１４番地２３", "緯度": 34.975028, "経度": 136.607706, "url": "https://www.iryou.teikyouseido.mhlw.go.jp/znk-web/juminkanja/S2430/initialize?prefCd=24&kikanCd=02000240&kikanKbn=5", "url2": "https://angel-pha.com/", "内容": "エンゼル薬局久保田店【5:薬局】三重県四日市市久保田二丁目１４番地２３" }, "geometry": { "type": "Point", "coordinates": [ 136.607706, 34.975028 ] } },
{ "type": "Feature", "properties": { "ID": 24502000245, "正式名称": "アクア薬局店波木店", "機関区分": 5, "都道府県コード": 24, "市区町村コード": 202, "所在地": "三重県四日市市波木町３４７－２", "緯度": 34.937751, "経度": 136.571434, "url": "https://www.iryou.teikyouseido.mhlw.go.jp/znk-web/juminkanja/S2430/initialize?prefCd=24&kikanCd=02000245&kikanKbn=5", "url2": "https://aquamedical.net/", "内容": "アクア薬局店波木店【5:薬局】三重県四日市市波木町３４７－２" }, "geometry": { "type": "Point", "coordinates": [ 136.571434, 34.937751 ] } },
{ "type": "Feature", "properties": { "ID": 24502020017, "正式名称": "有限会社近藤団地薬局", "機関区分": 5, "都道府県コード": 24, "市区町村コード": 202, "所在地": "三重県四日市市高花平３－１－６２", "緯度": 34.955154, "経度": 136.551078, "url": "https://www.iryou.teikyouseido.mhlw.go.jp/znk-web/juminkanja/S2430/initialize?prefCd=24&kikanCd=02020017&kikanKbn=5", "url2": null, "内容": "有限会社近藤団地薬局【5:薬局】三重県四日市市高花平３－１－６２" }, "geometry": { "type": "Point", "coordinates": [ 136.551078, 34.955154 ] } },
{ "type": "Feature", "properties": { "ID": 24502030030, "正式名称": "ひなが調剤薬局", "機関区分": 5, "都道府県コード": 24, "市区町村コード": 202, "所在地": "三重県四日市市日永西３丁目１－２０", "緯度": 34.951091, "経度": 136.599798, "url": "https://www.iryou.teikyouseido.mhlw.go.jp/znk-web/juminkanja/S2430/initialize?prefCd=24&kikanCd=02030030&kikanKbn=5", "url2": "https://ameblo.jp/hina0593hina", "内容": "ひなが調剤薬局【5:薬局】三重県四日市市日永西３丁目１－２０" }, "geometry": { "type": "Point", "coordinates": [ 136.599798, 34.951091 ] } },
{ "type": "Feature", "properties": { "ID": 24502040028, "正式名称": "いくわ調剤薬局", "機関区分": 5, "都道府県コード": 24, "市区町村コード": 202, "所在地": "三重県四日市市生桑町高田５８４－１", "緯度": 34.982725, "経度": 136.5993, "url": "https://www.iryou.teikyouseido.mhlw.go.jp/znk-web/juminkanja/S2430/initialize?prefCd=24&kikanCd=02040028&kikanKbn=5", "url2": null, "内容": "いくわ調剤薬局【5:薬局】三重県四日市市生桑町高田５８４－１" }, "geometry": { "type": "Point", "coordinates": [ 136.5993, 34.982725 ] } },
{ "type": "Feature", "properties": { "ID": 24502040038, "正式名称": "ひまわり薬局", "機関区分": 5, "都道府県コード": 24, "市区町村コード": 202, "所在地": "三重県四日市市三滝台４丁目１－２１", "緯度": 34.977393, "経度": 136.565998, "url": "https://www.iryou.teikyouseido.mhlw.go.jp/znk-web/juminkanja/S2430/initialize?prefCd=24&kikanCd=02040038&kikanKbn=5", "url2": null, "内容": "ひまわり薬局【5:薬局】三重県四日市市三滝台４丁目１－２１" }, "geometry": { "type": "Point", "coordinates": [ 136.565998, 34.977393 ] } },
{ "type": "Feature", "properties": { "ID": 24502050004, "正式名称": "善快堂薬局山城店", "機関区分": 5, "都道府県コード": 24, "市区町村コード": 202, "所在地": "三重県四日市市山城町１１５９－２", "緯度": 35.035141, "経度": 136.588997, "url": "https://www.iryou.teikyouseido.mhlw.go.jp/znk-web/juminkanja/S2430/initialize?prefCd=24&kikanCd=02050004&kikanKbn=5", "url2": null, "内容": "善快堂薬局山城店【5:薬局】三重県四日市市山城町１１５９－２" }, "geometry": { "type": "Point", "coordinates": [ 136.588997, 35.035141 ] } },
{ "type": "Feature", "properties": { "ID": 24502050021, "正式名称": "平岡回生堂薬局大矢知店", "機関区分": 5, "都道府県コード": 24, "市区町村コード": 202, "所在地": "三重県四日市市下之宮町３０－１", "緯度": 35.01534, "経度": 136.639707, "url": "https://www.iryou.teikyouseido.mhlw.go.jp/znk-web/juminkanja/S2430/initialize?prefCd=24&kikanCd=02050021&kikanKbn=5", "url2": null, "内容": "平岡回生堂薬局大矢知店【5:薬局】三重県四日市市下之宮町３０－１" }, "geometry": { "type": "Point", "coordinates": [ 136.639707, 35.01534 ] } },
{ "type": "Feature", "properties": { "ID": 24502090007, "正式名称": "善快堂薬局かすみがうら店", "機関区分": 5, "都道府県コード": 24, "市区町村コード": 202, "所在地": "三重県四日市市羽津中２丁目１－５", "緯度": 34.992833, "経度": 136.635257, "url": "https://www.iryou.teikyouseido.mhlw.go.jp/znk-web/juminkanja/S2430/initialize?prefCd=24&kikanCd=02090007&kikanKbn=5", "url2": null, "内容": "善快堂薬局かすみがうら店【5:薬局】三重県四日市市羽津中２丁目１－５" }, "geometry": { "type": "Point", "coordinates": [ 136.635257, 34.992833 ] } },
{ "type": "Feature", "properties": { "ID": 24502100001, "正式名称": "エンゼル薬局生桑店", "機関区分": 5, "都道府県コード": 24, "市区町村コード": 202, "所在地": "三重県四日市市生桑町１９６－４", "緯度": 34.986513, "経度": 136.599948, "url": "https://www.iryou.teikyouseido.mhlw.go.jp/znk-web/juminkanja/S2430/initialize?prefCd=24&kikanCd=02100001&kikanKbn=5", "url2": "angel-pha.com", "内容": "エンゼル薬局生桑店【5:薬局】三重県四日市市生桑町１９６－４" }, "geometry": { "type": "Point", "coordinates": [ 136.599948, 34.986513 ] } },
{ "type": "Feature", "properties": { "ID": 24502100009, "正式名称": "株式会社天基あまき薬局", "機関区分": 5, "都道府県コード": 24, "市区町村コード": 202, "所在地": "三重県四日市市野田２丁目１２－１６", "緯度": 34.980997, "経度": 136.606872, "url": "https://www.iryou.teikyouseido.mhlw.go.jp/znk-web/juminkanja/S2430/initialize?prefCd=24&kikanCd=02100009&kikanKbn=5", "url2": null, "内容": "株式会社天基あまき薬局【5:薬局】三重県四日市市野田２丁目１２－１６" }, "geometry": { "type": "Point", "coordinates": [ 136.606872, 34.980997 ] } },
{ "type": "Feature", "properties": { "ID": 24502100011, "正式名称": "まき調剤薬局", "機関区分": 5, "都道府県コード": 24, "市区町村コード": 202, "所在地": "三重県四日市市中納屋町１－３", "緯度": 34.964139, "経度": 136.633861, "url": "https://www.iryou.teikyouseido.mhlw.go.jp/znk-web/juminkanja/S2430/initialize?prefCd=24&kikanCd=02100011&kikanKbn=5", "url2": "https://www.makidori.com", "内容": "まき調剤薬局【5:薬局】三重県四日市市中納屋町１－３" }, "geometry": { "type": "Point", "coordinates": [ 136.633861, 34.964139 ] } },
{ "type": "Feature", "properties": { "ID": 24502110002, "正式名称": "スワ薬局", "機関区分": 5, "都道府県コード": 24, "市区町村コード": 202, "所在地": "三重県四日市市智積町６１４８－２", "緯度": 34.99133, "経度": 136.543798, "url": "https://www.iryou.teikyouseido.mhlw.go.jp/znk-web/juminkanja/S2430/initialize?prefCd=24&kikanCd=02110002&kikanKbn=5", "url2": null, "内容": "スワ薬局【5:薬局】三重県四日市市智積町６１４８－２" }, "geometry": { "type": "Point", "coordinates": [ 136.543798, 34.99133 ] } },
{ "type": "Feature", "properties": { "ID": 24502110003, "正式名称": "ふたば薬局川島店", "機関区分": 5, "都道府県コード": 24, "市区町村コード": 202, "所在地": "三重県四日市市川島町７３５９", "緯度": 34.972852, "経度": 136.569725, "url": "https://www.iryou.teikyouseido.mhlw.go.jp/znk-web/juminkanja/S2430/initialize?prefCd=24&kikanCd=02110003&kikanKbn=5", "url2": "http://futaba-pharmacy.jimdo.com/", "内容": "ふたば薬局川島店【5:薬局】三重県四日市市川島町７３５９" }, "geometry": { "type": "Point", "coordinates": [ 136.569725, 34.972852 ] } },
{ "type": "Feature", "properties": { "ID": 24502110007, "正式名称": "みたき調剤薬局", "機関区分": 5, "都道府県コード": 24, "市区町村コード": 202, "所在地": "三重県四日市市小生町７９２－４", "緯度": 34.97743, "経度": 136.57401, "url": "https://www.iryou.teikyouseido.mhlw.go.jp/znk-web/juminkanja/S2430/initialize?prefCd=24&kikanCd=02110007&kikanKbn=5", "url2": null, "内容": "みたき調剤薬局【5:薬局】三重県四日市市小生町７９２－４" }, "geometry": { "type": "Point", "coordinates": [ 136.57401, 34.97743 ] } },
{ "type": "Feature", "properties": { "ID": 24502120010, "正式名称": "とみだ薬局", "機関区分": 5, "都道府県コード": 24, "市区町村コード": 202, "所在地": "三重県四日市市富田４丁目６－１６", "緯度": 35.010769, "経度": 136.650189, "url": "https://www.iryou.teikyouseido.mhlw.go.jp/znk-web/juminkanja/S2430/initialize?prefCd=24&kikanCd=02120010&kikanKbn=5", "url2": null, "内容": "とみだ薬局【5:薬局】三重県四日市市富田４丁目６－１６" }, "geometry": { "type": "Point", "coordinates": [ 136.650189, 35.010769 ] } },
{ "type": "Feature", "properties": { "ID": 24502120012, "正式名称": "矢野薬局", "機関区分": 5, "都道府県コード": 24, "市区町村コード": 202, "所在地": "三重県四日市市馳出町３丁目３", "緯度": 34.934875, "経度": 136.624872, "url": "https://www.iryou.teikyouseido.mhlw.go.jp/znk-web/juminkanja/S2430/initialize?prefCd=24&kikanCd=02120012&kikanKbn=5", "url2": null, "内容": "矢野薬局【5:薬局】三重県四日市市馳出町３丁目３" }, "geometry": { "type": "Point", "coordinates": [ 136.624872, 34.934875 ] } },
{ "type": "Feature", "properties": { "ID": 24502120016, "正式名称": "たんぽぽ薬局四日市中央店", "機関区分": 5, "都道府県コード": 24, "市区町村コード": 202, "所在地": "三重県四日市市伊倉１丁目６９－１", "緯度": 34.971854, "経度": 136.606312, "url": "https://www.iryou.teikyouseido.mhlw.go.jp/znk-web/juminkanja/S2430/initialize?prefCd=24&kikanCd=02120016&kikanKbn=5", "url2": "http://www.tanpopo-ph.co.jp", "内容": "たんぽぽ薬局四日市中央店【5:薬局】三重県四日市市伊倉１丁目６９－１" }, "geometry": { "type": "Point", "coordinates": [ 136.606312, 34.971854 ] } },
{ "type": "Feature", "properties": { "ID": 24502120017, "正式名称": "たんぽぽ薬局羽津店", "機関区分": 5, "都道府県コード": 24, "市区町村コード": 202, "所在地": "三重県四日市市羽津山町甲１１１８－３", "緯度": 34.988779, "経度": 136.625568, "url": "https://www.iryou.teikyouseido.mhlw.go.jp/znk-web/juminkanja/S2430/initialize?prefCd=24&kikanCd=02120017&kikanKbn=5", "url2": "https://www.tanpopo-ph.co.jp/", "内容": "たんぽぽ薬局羽津店【5:薬局】三重県四日市市羽津山町甲１１１８－３" }, "geometry": { "type": "Point", "coordinates": [ 136.625568, 34.988779 ] } },
{ "type": "Feature", "properties": { "ID": 24502120023, "正式名称": "椿薬局", "機関区分": 5, "都道府県コード": 24, "市区町村コード": 202, "所在地": "三重県四日市市楠町小倉４２３－２", "緯度": 34.91927, "経度": 136.62723, "url": "https://www.iryou.teikyouseido.mhlw.go.jp/znk-web/juminkanja/S2430/initialize?prefCd=24&kikanCd=02120023&kikanKbn=5", "url2": "http://www.sohgoh.info/", "内容": "椿薬局【5:薬局】三重県四日市市楠町小倉４２３－２" }, "geometry": { "type": "Point", "coordinates": [ 136.62723, 34.91927 ] } },
{ "type": "Feature", "properties": { "ID": 24502120024, "正式名称": "さかえ調剤薬局", "機関区分": 5, "都道府県コード": 24, "市区町村コード": 202, "所在地": "三重県四日市市栄町５－１４", "緯度": 34.964224, "経度": 136.627916, "url": "https://www.iryou.teikyouseido.mhlw.go.jp/znk-web/juminkanja/S2430/initialize?prefCd=24&kikanCd=02120024&kikanKbn=5", "url2": null, "内容": "さかえ調剤薬局【5:薬局】三重県四日市市栄町５－１４" }, "geometry": { "type": "Point", "coordinates": [ 136.627916, 34.964224 ] } },
{ "type": "Feature", "properties": { "ID": 24502130002, "正式名称": "ドリーム薬局", "機関区分": 5, "都道府県コード": 24, "市区町村コード": 202, "所在地": "三重県四日市市茂福７７７－４", "緯度": 35.006331, "経度": 136.643994, "url": "https://www.iryou.teikyouseido.mhlw.go.jp/znk-web/juminkanja/S2430/initialize?prefCd=24&kikanCd=02130002&kikanKbn=5", "url2": "https://www.makidori.com", "内容": "ドリーム薬局【5:薬局】三重県四日市市茂福７７７－４" }, "geometry": { "type": "Point", "coordinates": [ 136.643994, 35.006331 ] } },
{ "type": "Feature", "properties": { "ID": 24502260105, "正式名称": "有限会社平岡回生堂薬局", "機関区分": 5, "都道府県コード": 24, "市区町村コード": 202, "所在地": "三重県四日市市富田１丁目２０－１０", "緯度": 35.004506, "経度": 136.651656, "url": "https://www.iryou.teikyouseido.mhlw.go.jp/znk-web/juminkanja/S2430/initialize?prefCd=24&kikanCd=02260105&kikanKbn=5", "url2": null, "内容": "有限会社平岡回生堂薬局【5:薬局】三重県四日市市富田１丁目２０－１０" }, "geometry": { "type": "Point", "coordinates": [ 136.651656, 35.004506 ] } },
{ "type": "Feature", "properties": { "ID": 24502270109, "正式名称": "有限会社　下里薬局", "機関区分": 5, "都道府県コード": 24, "市区町村コード": 202, "所在地": "三重県四日市市蔵町１－１４", "緯度": 34.965088, "経度": 136.6317, "url": "https://www.iryou.teikyouseido.mhlw.go.jp/znk-web/juminkanja/S2430/initialize?prefCd=24&kikanCd=02270109&kikanKbn=5", "url2": null, "内容": "有限会社　下里薬局【5:薬局】三重県四日市市蔵町１－１４" }, "geometry": { "type": "Point", "coordinates": [ 136.6317, 34.965088 ] } },
{ "type": "Feature", "properties": { "ID": 24502520003, "正式名称": "ウサミ薬局", "機関区分": 5, "都道府県コード": 24, "市区町村コード": 202, "所在地": "三重県四日市市笹川５丁目６４－１６", "緯度": 34.946105, "経度": 136.572396, "url": "https://www.iryou.teikyouseido.mhlw.go.jp/znk-web/juminkanja/S2430/initialize?prefCd=24&kikanCd=02520003&kikanKbn=5", "url2": null, "内容": "ウサミ薬局【5:薬局】三重県四日市市笹川５丁目６４－１６" }, "geometry": { "type": "Point", "coordinates": [ 136.572396, 34.946105 ] } },
{ "type": "Feature", "properties": { "ID": 24502530026, "正式名称": "伊吹堂薬局", "機関区分": 5, "都道府県コード": 24, "市区町村コード": 202, "所在地": "三重県四日市市新浜町１８－１４", "緯度": 34.973534, "経度": 136.63458, "url": "https://www.iryou.teikyouseido.mhlw.go.jp/znk-web/juminkanja/S2430/initialize?prefCd=24&kikanCd=02530026&kikanKbn=5", "url2": null, "内容": "伊吹堂薬局【5:薬局】三重県四日市市新浜町１８－１４" }, "geometry": { "type": "Point", "coordinates": [ 136.63458, 34.973534 ] } },
{ "type": "Feature", "properties": { "ID": 24502540023, "正式名称": "福井薬局", "機関区分": 5, "都道府県コード": 24, "市区町村コード": 202, "所在地": "三重県四日市市桜町１６１－６", "緯度": 34.995106, "経度": 136.540958, "url": "https://www.iryou.teikyouseido.mhlw.go.jp/znk-web/juminkanja/S2430/initialize?prefCd=24&kikanCd=02540023&kikanKbn=5", "url2": null, "内容": "福井薬局【5:薬局】三重県四日市市桜町１６１－６" }, "geometry": { "type": "Point", "coordinates": [ 136.540958, 34.995106 ] } },
{ "type": "Feature", "properties": { "ID": 24502580004, "正式名称": "岡田漢方薬局", "機関区分": 5, "都道府県コード": 24, "市区町村コード": 202, "所在地": "三重県四日市市鵜の森１丁目３－３", "緯度": 34.965994, "経度": 136.617033, "url": "https://www.iryou.teikyouseido.mhlw.go.jp/znk-web/juminkanja/S2430/initialize?prefCd=24&kikanCd=02580004&kikanKbn=5", "url2": null, "内容": "岡田漢方薬局【5:薬局】三重県四日市市鵜の森１丁目３－３" }, "geometry": { "type": "Point", "coordinates": [ 136.617033, 34.965994 ] } },
{ "type": "Feature", "properties": { "ID": 24502630010, "正式名称": "藤戸薬局", "機関区分": 5, "都道府県コード": 24, "市区町村コード": 202, "所在地": "三重県四日市市南浜田町４－６", "緯度": 34.96131, "経度": 136.616692, "url": "https://www.iryou.teikyouseido.mhlw.go.jp/znk-web/juminkanja/S2430/initialize?prefCd=24&kikanCd=02630010&kikanKbn=5", "url2": "https://www.cty-net.ne.jp/~fujito/", "内容": "藤戸薬局【5:薬局】三重県四日市市南浜田町４－６" }, "geometry": { "type": "Point", "coordinates": [ 136.616692, 34.96131 ] } },
{ "type": "Feature", "properties": { "ID": 24503000001, "正式名称": "あさひ調剤薬局", "機関区分": 5, "都道府県コード": 24, "市区町村コード": 207, "所在地": "三重県鈴鹿市西条７丁目２８", "緯度": 34.877851, "経度": 136.565916, "url": "https://www.iryou.teikyouseido.mhlw.go.jp/znk-web/juminkanja/S2430/initialize?prefCd=24&kikanCd=03000001&kikanKbn=5", "url2": null, "内容": "あさひ調剤薬局【5:薬局】三重県鈴鹿市西条７丁目２８" }, "geometry": { "type": "Point", "coordinates": [ 136.565916, 34.877851 ] } },
{ "type": "Feature", "properties": { "ID": 24503000002, "正式名称": "スズカ調剤薬局白子店", "機関区分": 5, "都道府県コード": 24, "市区町村コード": 207, "所在地": "三重県鈴鹿市南江島町８－５", "緯度": 34.839363, "経度": 136.592792, "url": "https://www.iryou.teikyouseido.mhlw.go.jp/znk-web/juminkanja/S2430/initialize?prefCd=24&kikanCd=03000002&kikanKbn=5", "url2": "https://new.suzuka-pharmacy.com/", "内容": "スズカ調剤薬局白子店【5:薬局】三重県鈴鹿市南江島町８－５" }, "geometry": { "type": "Point", "coordinates": [ 136.592792, 34.839363 ] } },
{ "type": "Feature", "properties": { "ID": 24503000003, "正式名称": "けやき調剤薬局", "機関区分": 5, "都道府県コード": 24, "市区町村コード": 207, "所在地": "三重県鈴鹿市東旭が丘１丁目６－１９", "緯度": 34.851022, "経度": 136.572316, "url": "https://www.iryou.teikyouseido.mhlw.go.jp/znk-web/juminkanja/S2430/initialize?prefCd=24&kikanCd=03000003&kikanKbn=5", "url2": "http://my2.jp/index.html", "内容": "けやき調剤薬局【5:薬局】三重県鈴鹿市東旭が丘１丁目６－１９" }, "geometry": { "type": "Point", "coordinates": [ 136.572316, 34.851022 ] } },
{ "type": "Feature", "properties": { "ID": 24503000004, "正式名称": "おかだ調剤薬局", "機関区分": 5, "都道府県コード": 24, "市区町村コード": 207, "所在地": "三重県鈴鹿市岡田３丁目２０－３１", "緯度": 34.880077, "経度": 136.55232, "url": "https://www.iryou.teikyouseido.mhlw.go.jp/znk-web/juminkanja/S2430/initialize?prefCd=24&kikanCd=03000004&kikanKbn=5", "url2": "http://www.heart-fuji.com", "内容": "おかだ調剤薬局【5:薬局】三重県鈴鹿市岡田３丁目２０－３１" }, "geometry": { "type": "Point", "coordinates": [ 136.55232, 34.880077 ] } },
{ "type": "Feature", "properties": { "ID": 24503000005, "正式名称": "リフレ薬局", "機関区分": 5, "都道府県コード": 24, "市区町村コード": 207, "所在地": "三重県鈴鹿市東玉垣町１３９８－２", "緯度": 34.859939, "経度": 136.590711, "url": "https://www.iryou.teikyouseido.mhlw.go.jp/znk-web/juminkanja/S2430/initialize?prefCd=24&kikanCd=03000005&kikanKbn=5", "url2": null, "内容": "リフレ薬局【5:薬局】三重県鈴鹿市東玉垣町１３９８－２" }, "geometry": { "type": "Point", "coordinates": [ 136.590711, 34.859939 ] } },
{ "type": "Feature", "properties": { "ID": 24503000009, "正式名称": "ちよざき調剤薬局", "機関区分": 5, "都道府県コード": 24, "市区町村コード": 207, "所在地": "三重県鈴鹿市岸岡町５７７－４", "緯度": 34.858931, "経度": 136.602557, "url": "https://www.iryou.teikyouseido.mhlw.go.jp/znk-web/juminkanja/S2430/initialize?prefCd=24&kikanCd=03000009&kikanKbn=5", "url2": null, "内容": "ちよざき調剤薬局【5:薬局】三重県鈴鹿市岸岡町５７７－４" }, "geometry": { "type": "Point", "coordinates": [ 136.602557, 34.858931 ] } },
{ "type": "Feature", "properties": { "ID": 24503000010, "正式名称": "さんあい薬局株式会社ひとみ店", "機関区分": 5, "都道府県コード": 24, "市区町村コード": 207, "所在地": "三重県鈴鹿市安塚町１６５４－１", "緯度": 34.868438, "経度": 136.573323, "url": "https://www.iryou.teikyouseido.mhlw.go.jp/znk-web/juminkanja/S2430/initialize?prefCd=24&kikanCd=03000010&kikanKbn=5", "url2": "https://www.sun-ai-ph.co.jp/", "内容": "さんあい薬局株式会社ひとみ店【5:薬局】三重県鈴鹿市安塚町１６５４－１" }, "geometry": { "type": "Point", "coordinates": [ 136.573323, 34.868438 ] } },
{ "type": "Feature", "properties": { "ID": 24503000013, "正式名称": "じけ調剤薬局", "機関区分": 5, "都道府県コード": 24, "市区町村コード": 207, "所在地": "三重県鈴鹿市寺家４丁目１８番１６号", "緯度": 34.824701, "経度": 136.582209, "url": "https://www.iryou.teikyouseido.mhlw.go.jp/znk-web/juminkanja/S2430/initialize?prefCd=24&kikanCd=03000013&kikanKbn=5", "url2": "http://www.my2.jp/", "内容": "じけ調剤薬局【5:薬局】三重県鈴鹿市寺家４丁目１８番１６号" }, "geometry": { "type": "Point", "coordinates": [ 136.582209, 34.824701 ] } },
{ "type": "Feature", "properties": { "ID": 24503000016, "正式名称": "かめやま調剤薬局", "機関区分": 5, "都道府県コード": 24, "市区町村コード": 210, "所在地": "三重県亀山市栄町萩野１４８８番３１５", "緯度": 34.857793, "経度": 136.47138, "url": "https://www.iryou.teikyouseido.mhlw.go.jp/znk-web/juminkanja/S2430/initialize?prefCd=24&kikanCd=03000016&kikanKbn=5", "url2": "https://Kameyama-pharmacy.jimdosite.com", "内容": "かめやま調剤薬局【5:薬局】三重県亀山市栄町萩野１４８８番３１５" }, "geometry": { "type": "Point", "coordinates": [ 136.47138, 34.857793 ] } },
{ "type": "Feature", "properties": { "ID": 24503000019, "正式名称": "タイセイ調剤薬局", "機関区分": 5, "都道府県コード": 24, "市区町村コード": 210, "所在地": "三重県亀山市江ケ室２丁目４－２０", "緯度": 34.855621, "経度": 136.455613, "url": "https://www.iryou.teikyouseido.mhlw.go.jp/znk-web/juminkanja/S2430/initialize?prefCd=24&kikanCd=03000019&kikanKbn=5", "url2": null, "内容": "タイセイ調剤薬局【5:薬局】三重県亀山市江ケ室２丁目４－２０" }, "geometry": { "type": "Point", "coordinates": [ 136.455613, 34.855621 ] } },
{ "type": "Feature", "properties": { "ID": 24503000024, "正式名称": "ふじ調剤薬局", "機関区分": 5, "都道府県コード": 24, "市区町村コード": 207, "所在地": "三重県鈴鹿市柳町１６５７－２", "緯度": 34.873253, "経度": 136.600394, "url": "https://www.iryou.teikyouseido.mhlw.go.jp/znk-web/juminkanja/S2430/initialize?prefCd=24&kikanCd=03000024&kikanKbn=5", "url2": "http://www.heart-fuji.com", "内容": "ふじ調剤薬局【5:薬局】三重県鈴鹿市柳町１６５７－２" }, "geometry": { "type": "Point", "coordinates": [ 136.600394, 34.873253 ] } },
{ "type": "Feature", "properties": { "ID": 24503000034, "正式名称": "ふたば薬局平田店", "機関区分": 5, "都道府県コード": 24, "市区町村コード": 207, "所在地": "三重県鈴鹿市平田東町２－１０", "緯度": 34.876525, "経度": 136.541548, "url": "https://www.iryou.teikyouseido.mhlw.go.jp/znk-web/juminkanja/S2430/initialize?prefCd=24&kikanCd=03000034&kikanKbn=5", "url2": "futaba-pharmacy.jimdofree.com", "内容": "ふたば薬局平田店【5:薬局】三重県鈴鹿市平田東町２－１０" }, "geometry": { "type": "Point", "coordinates": [ 136.541548, 34.876525 ] } },
{ "type": "Feature", "properties": { "ID": 24503000037, "正式名称": "さくらじま薬局", "機関区分": 5, "都道府県コード": 24, "市区町村コード": 207, "所在地": "三重県鈴鹿市桜島町２丁目９－４", "緯度": 34.852798, "経度": 136.574679, "url": "https://www.iryou.teikyouseido.mhlw.go.jp/znk-web/juminkanja/S2430/initialize?prefCd=24&kikanCd=03000037&kikanKbn=5", "url2": null, "内容": "さくらじま薬局【5:薬局】三重県鈴鹿市桜島町２丁目９－４" }, "geometry": { "type": "Point", "coordinates": [ 136.574679, 34.852798 ] } },
{ "type": "Feature", "properties": { "ID": 24503000040, "正式名称": "岸岡調剤薬局", "機関区分": 5, "都道府県コード": 24, "市区町村コード": 207, "所在地": "三重県鈴鹿市岸岡町３４３７", "緯度": 34.850879, "経度": 136.591699, "url": "https://www.iryou.teikyouseido.mhlw.go.jp/znk-web/juminkanja/S2430/initialize?prefCd=24&kikanCd=03000040&kikanKbn=5", "url2": "https://suzuka-pharmacy.com/", "内容": "岸岡調剤薬局【5:薬局】三重県鈴鹿市岸岡町３４３７" }, "geometry": { "type": "Point", "coordinates": [ 136.591699, 34.850879 ] } },
{ "type": "Feature", "properties": { "ID": 24503000041, "正式名称": "スズカ調剤薬局高岡店", "機関区分": 5, "都道府県コード": 24, "市区町村コード": 207, "所在地": "三重県鈴鹿市高岡町６３２－１", "緯度": 34.897481, "経度": 136.594558, "url": "https://www.iryou.teikyouseido.mhlw.go.jp/znk-web/juminkanja/S2430/initialize?prefCd=24&kikanCd=03000041&kikanKbn=5", "url2": "https://new.suzuka-pharmacy.com/index.html", "内容": "スズカ調剤薬局高岡店【5:薬局】三重県鈴鹿市高岡町６３２－１" }, "geometry": { "type": "Point", "coordinates": [ 136.594558, 34.897481 ] } },
{ "type": "Feature", "properties": { "ID": 24503000043, "正式名称": "どうはく調剤薬局", "機関区分": 5, "都道府県コード": 24, "市区町村コード": 207, "所在地": "三重県鈴鹿市道伯町字筧田２０６４－５", "緯度": 34.861713, "経度": 136.54716, "url": "https://www.iryou.teikyouseido.mhlw.go.jp/znk-web/juminkanja/S2430/initialize?prefCd=24&kikanCd=03000043&kikanKbn=5", "url2": null, "内容": "どうはく調剤薬局【5:薬局】三重県鈴鹿市道伯町字筧田２０６４－５" }, "geometry": { "type": "Point", "coordinates": [ 136.54716, 34.861713 ] } },
{ "type": "Feature", "properties": { "ID": 24503000044, "正式名称": "ふたば薬局高塚店", "機関区分": 5, "都道府県コード": 24, "市区町村コード": 210, "所在地": "三重県亀山市高塚町８－７", "緯度": 34.855105, "経度": 136.463613, "url": "https://www.iryou.teikyouseido.mhlw.go.jp/znk-web/juminkanja/S2430/initialize?prefCd=24&kikanCd=03000044&kikanKbn=5", "url2": "http://futaba-pharmacy.jimdo.com/", "内容": "ふたば薬局高塚店【5:薬局】三重県亀山市高塚町８－７" }, "geometry": { "type": "Point", "coordinates": [ 136.463613, 34.855105 ] } },
{ "type": "Feature", "properties": { "ID": 24503000045, "正式名称": "本町調剤薬局", "機関区分": 5, "都道府県コード": 24, "市区町村コード": 207, "所在地": "三重県鈴鹿市白子本町１２－９－１", "緯度": 34.833695, "経度": 136.590902, "url": "https://www.iryou.teikyouseido.mhlw.go.jp/znk-web/juminkanja/S2430/initialize?prefCd=24&kikanCd=03000045&kikanKbn=5", "url2": null, "内容": "本町調剤薬局【5:薬局】三重県鈴鹿市白子本町１２－９－１" }, "geometry": { "type": "Point", "coordinates": [ 136.590902, 34.833695 ] } },
{ "type": "Feature", "properties": { "ID": 24503000046, "正式名称": "スギ薬局　アクシス鈴鹿店", "機関区分": 5, "都道府県コード": 24, "市区町村コード": 207, "所在地": "三重県鈴鹿市北玉垣町中野８０１", "緯度": 34.866437, "経度": 136.589722, "url": "https://www.iryou.teikyouseido.mhlw.go.jp/znk-web/juminkanja/S2430/initialize?prefCd=24&kikanCd=03000046&kikanKbn=5", "url2": "http://www.drug-sugi.co.jp/", "内容": "スギ薬局　アクシス鈴鹿店【5:薬局】三重県鈴鹿市北玉垣町中野８０１" }, "geometry": { "type": "Point", "coordinates": [ 136.589722, 34.866437 ] } },
{ "type": "Feature", "properties": { "ID": 24503000050, "正式名称": "スギ薬局亀山栄店", "機関区分": 5, "都道府県コード": 24, "市区町村コード": 210, "所在地": "三重県亀山市栄町１４８８番地の２１４", "緯度": 34.858143, "経度": 136.470216, "url": "https://www.iryou.teikyouseido.mhlw.go.jp/znk-web/juminkanja/S2430/initialize?prefCd=24&kikanCd=03000050&kikanKbn=5", "url2": "http://www.drug-sugi.co.jp", "内容": "スギ薬局亀山栄店【5:薬局】三重県亀山市栄町１４８８番地の２１４" }, "geometry": { "type": "Point", "coordinates": [ 136.470216, 34.858143 ] } },
{ "type": "Feature", "properties": { "ID": 24503000059, "正式名称": "あすなろ薬局", "機関区分": 5, "都道府県コード": 24, "市区町村コード": 207, "所在地": "三重県鈴鹿市算所２丁目１４－２７", "緯度": 34.871564, "経度": 136.54785, "url": "https://www.iryou.teikyouseido.mhlw.go.jp/znk-web/juminkanja/S2430/initialize?prefCd=24&kikanCd=03000059&kikanKbn=5", "url2": null, "内容": "あすなろ薬局【5:薬局】三重県鈴鹿市算所２丁目１４－２７" }, "geometry": { "type": "Point", "coordinates": [ 136.54785, 34.871564 ] } },
{ "type": "Feature", "properties": { "ID": 24503000061, "正式名称": "まめのき薬局", "機関区分": 5, "都道府県コード": 24, "市区町村コード": 207, "所在地": "三重県鈴鹿市弓削町１１６０－４", "緯度": 34.885086, "経度": 136.549703, "url": "https://www.iryou.teikyouseido.mhlw.go.jp/znk-web/juminkanja/S2430/initialize?prefCd=24&kikanCd=03000061&kikanKbn=5", "url2": "https://www2.hp-ez.com/hp/mamenoki-pha/", "内容": "まめのき薬局【5:薬局】三重県鈴鹿市弓削町１１６０－４" }, "geometry": { "type": "Point", "coordinates": [ 136.549703, 34.885086 ] } },
{ "type": "Feature", "properties": { "ID": 24503000063, "正式名称": "さつき調剤薬局", "機関区分": 5, "都道府県コード": 24, "市区町村コード": 207, "所在地": "三重県鈴鹿市東旭が丘二丁目１７番１０号", "緯度": 34.849892, "経度": 136.576925, "url": "https://www.iryou.teikyouseido.mhlw.go.jp/znk-web/juminkanja/S2430/initialize?prefCd=24&kikanCd=03000063&kikanKbn=5", "url2": null, "内容": "さつき調剤薬局【5:薬局】三重県鈴鹿市東旭が丘二丁目１７番１０号" }, "geometry": { "type": "Point", "coordinates": [ 136.576925, 34.849892 ] } },
{ "type": "Feature", "properties": { "ID": 24503000064, "正式名称": "さくら薬局　鈴鹿白子店", "機関区分": 5, "都道府県コード": 24, "市区町村コード": 207, "所在地": "三重県鈴鹿市白子駅前１２番２６号　宝ハイツ１Ｆ", "緯度": 34.836825, "経度": 136.588574, "url": "https://www.iryou.teikyouseido.mhlw.go.jp/znk-web/juminkanja/S2430/initialize?prefCd=24&kikanCd=03000064&kikanKbn=5", "url2": "http://www.kraft-net.co.jp/sakura/store/3410/", "内容": "さくら薬局　鈴鹿白子店【5:薬局】三重県鈴鹿市白子駅前１２番２６号　宝ハイツ１Ｆ" }, "geometry": { "type": "Point", "coordinates": [ 136.588574, 34.836825 ] } },
{ "type": "Feature", "properties": { "ID": 24503000067, "正式名称": "磯山調剤薬局", "機関区分": 5, "都道府県コード": 24, "市区町村コード": 207, "所在地": "三重県鈴鹿市東磯山３丁目１９－２７", "緯度": 34.814874, "経度": 136.574528, "url": "https://www.iryou.teikyouseido.mhlw.go.jp/znk-web/juminkanja/S2430/initialize?prefCd=24&kikanCd=03000067&kikanKbn=5", "url2": "https://new.suzuka-pharmacy.com/index.html", "内容": "磯山調剤薬局【5:薬局】三重県鈴鹿市東磯山３丁目１９－２７" }, "geometry": { "type": "Point", "coordinates": [ 136.574528, 34.814874 ] } },
{ "type": "Feature", "properties": { "ID": 24503000068, "正式名称": "スズカ調剤薬局亀山店", "機関区分": 5, "都道府県コード": 24, "市区町村コード": 210, "所在地": "三重県亀山市みどり町２６－９", "緯度": 34.871489, "経度": 136.485103, "url": "https://www.iryou.teikyouseido.mhlw.go.jp/znk-web/juminkanja/S2430/initialize?prefCd=24&kikanCd=03000068&kikanKbn=5", "url2": "https://new.suzuka-pharmacy.com/index.html", "内容": "スズカ調剤薬局亀山店【5:薬局】三重県亀山市みどり町２６－９" }, "geometry": { "type": "Point", "coordinates": [ 136.485103, 34.871489 ] } },
{ "type": "Feature", "properties": { "ID": 24503000069, "正式名称": "みだ調剤薬局", "機関区分": 5, "都道府県コード": 24, "市区町村コード": 207, "所在地": "三重県鈴鹿市中箕田町１１２４－７", "緯度": 34.88119, "経度": 136.61277, "url": "https://www.iryou.teikyouseido.mhlw.go.jp/znk-web/juminkanja/S2430/initialize?prefCd=24&kikanCd=03000069&kikanKbn=5", "url2": "www.mida-yk.com", "内容": "みだ調剤薬局【5:薬局】三重県鈴鹿市中箕田町１１２４－７" }, "geometry": { "type": "Point", "coordinates": [ 136.61277, 34.88119 ] } },
{ "type": "Feature", "properties": { "ID": 24503000070, "正式名称": "みなみざき調剤薬局", "機関区分": 5, "都道府県コード": 24, "市区町村コード": 210, "所在地": "三重県亀山市南崎町７３５－１０", "緯度": 34.853066, "経度": 136.451002, "url": "https://www.iryou.teikyouseido.mhlw.go.jp/znk-web/juminkanja/S2430/initialize?prefCd=24&kikanCd=03000070&kikanKbn=5", "url2": null, "内容": "みなみざき調剤薬局【5:薬局】三重県亀山市南崎町７３５－１０" }, "geometry": { "type": "Point", "coordinates": [ 136.451002, 34.853066 ] } },
{ "type": "Feature", "properties": { "ID": 24503000072, "正式名称": "イオン薬局鈴鹿店", "機関区分": 5, "都道府県コード": 24, "市区町村コード": 207, "所在地": "三重県鈴鹿市庄野羽山４－１－２", "緯度": 34.870473, "経度": 136.531258, "url": "https://www.iryou.teikyouseido.mhlw.go.jp/znk-web/juminkanja/S2430/initialize?prefCd=24&kikanCd=03000072&kikanKbn=5", "url2": null, "内容": "イオン薬局鈴鹿店【5:薬局】三重県鈴鹿市庄野羽山４－１－２" }, "geometry": { "type": "Point", "coordinates": [ 136.531258, 34.870473 ] } },
{ "type": "Feature", "properties": { "ID": 24503000073, "正式名称": "いふな薬局", "機関区分": 5, "都道府県コード": 24, "市区町村コード": 207, "所在地": "三重県鈴鹿市伊船町２９４３－２", "緯度": 34.913512, "経度": 136.494424, "url": "https://www.iryou.teikyouseido.mhlw.go.jp/znk-web/juminkanja/S2430/initialize?prefCd=24&kikanCd=03000073&kikanKbn=5", "url2": "https://www.withheart-suzuka.com/", "内容": "いふな薬局【5:薬局】三重県鈴鹿市伊船町２９４３－２" }, "geometry": { "type": "Point", "coordinates": [ 136.494424, 34.913512 ] } },
{ "type": "Feature", "properties": { "ID": 24503000075, "正式名称": "杉浦薬局県道店", "機関区分": 5, "都道府県コード": 24, "市区町村コード": 207, "所在地": "三重県鈴鹿市加佐登３丁目１３－１", "緯度": 34.89415, "経度": 136.527261, "url": "https://www.iryou.teikyouseido.mhlw.go.jp/znk-web/juminkanja/S2430/initialize?prefCd=24&kikanCd=03000075&kikanKbn=5", "url2": null, "内容": "杉浦薬局県道店【5:薬局】三重県鈴鹿市加佐登３丁目１３－１" }, "geometry": { "type": "Point", "coordinates": [ 136.527261, 34.89415 ] } },
{ "type": "Feature", "properties": { "ID": 24503000077, "正式名称": "ジップドラッグ白子薬局", "機関区分": 5, "都道府県コード": 24, "市区町村コード": 207, "所在地": "三重県鈴鹿市南若松町２３７－１", "緯度": 34.844442, "経度": 136.601913, "url": "https://www.iryou.teikyouseido.mhlw.go.jp/znk-web/juminkanja/S2430/initialize?prefCd=24&kikanCd=03000077&kikanKbn=5", "url2": "https://www.matsukiyococokara-online.com/map?kid=20001103", "内容": "ジップドラッグ白子薬局【5:薬局】三重県鈴鹿市南若松町２３７－１" }, "geometry": { "type": "Point", "coordinates": [ 136.601913, 34.844442 ] } },
{ "type": "Feature", "properties": { "ID": 24503000078, "正式名称": "ココカラファイン薬局　亀山店", "機関区分": 5, "都道府県コード": 24, "市区町村コード": 210, "所在地": "三重県亀山市栄町１４８８－２５８", "緯度": 34.859431, "経度": 136.470766, "url": "https://www.iryou.teikyouseido.mhlw.go.jp/znk-web/juminkanja/S2430/initialize?prefCd=24&kikanCd=03000078&kikanKbn=5", "url2": "http://www.cocokarafine.co.jp/", "内容": "ココカラファイン薬局　亀山店【5:薬局】三重県亀山市栄町１４８８－２５８" }, "geometry": { "type": "Point", "coordinates": [ 136.470766, 34.859431 ] } },
{ "type": "Feature", "properties": { "ID": 24503000081, "正式名称": "みつば調剤薬局", "機関区分": 5, "都道府県コード": 24, "市区町村コード": 207, "所在地": "三重県鈴鹿市南江島町２３－２", "緯度": 34.83874, "経度": 136.589845, "url": "https://www.iryou.teikyouseido.mhlw.go.jp/znk-web/juminkanja/S2430/initialize?prefCd=24&kikanCd=03000081&kikanKbn=5", "url2": "https://www.e-classa.net/suzukamitsuba/request.html", "内容": "みつば調剤薬局【5:薬局】三重県鈴鹿市南江島町２３－２" }, "geometry": { "type": "Point", "coordinates": [ 136.589845, 34.83874 ] } },
{ "type": "Feature", "properties": { "ID": 24503000082, "正式名称": "エール調剤薬局　鈴鹿店", "機関区分": 5, "都道府県コード": 24, "市区町村コード": 207, "所在地": "三重県鈴鹿市野村町１６９－３", "緯度": 34.817369, "経度": 136.569644, "url": "https://www.iryou.teikyouseido.mhlw.go.jp/znk-web/juminkanja/S2430/initialize?prefCd=24&kikanCd=03000082&kikanKbn=5", "url2": "http://www.heart-fuji.com", "内容": "エール調剤薬局　鈴鹿店【5:薬局】三重県鈴鹿市野村町１６９－３" }, "geometry": { "type": "Point", "coordinates": [ 136.569644, 34.817369 ] } },
{ "type": "Feature", "properties": { "ID": 24503000085, "正式名称": "ウエルシア薬局鈴鹿桜島店", "機関区分": 5, "都道府県コード": 24, "市区町村コード": 207, "所在地": "三重県鈴鹿市桜島町４丁目１０－３", "緯度": 34.855781, "経度": 136.575729, "url": "https://www.iryou.teikyouseido.mhlw.go.jp/znk-web/juminkanja/S2430/initialize?prefCd=24&kikanCd=03000085&kikanKbn=5", "url2": "https://store.welcia.co.jp/welcia/spot/detail?code=6636D", "内容": "ウエルシア薬局鈴鹿桜島店【5:薬局】三重県鈴鹿市桜島町４丁目１０－３" }, "geometry": { "type": "Point", "coordinates": [ 136.575729, 34.855781 ] } },
{ "type": "Feature", "properties": { "ID": 24503000086, "正式名称": "健やか薬局　東町店", "機関区分": 5, "都道府県コード": 24, "市区町村コード": 210, "所在地": "三重県亀山市東町１丁目２－１９－１", "緯度": 34.854707, "経度": 136.454243, "url": "https://www.iryou.teikyouseido.mhlw.go.jp/znk-web/juminkanja/S2430/initialize?prefCd=24&kikanCd=03000086&kikanKbn=5", "url2": "https://mie-link.com", "内容": "健やか薬局　東町店【5:薬局】三重県亀山市東町１丁目２－１９－１" }, "geometry": { "type": "Point", "coordinates": [ 136.454243, 34.854707 ] } },
{ "type": "Feature", "properties": { "ID": 24503000087, "正式名称": "おげんきに薬局", "機関区分": 5, "都道府県コード": 24, "市区町村コード": 207, "所在地": "三重県鈴鹿市東玉垣町２４８２－２", "緯度": 34.858928, "経度": 136.591021, "url": "https://www.iryou.teikyouseido.mhlw.go.jp/znk-web/juminkanja/S2430/initialize?prefCd=24&kikanCd=03000087&kikanKbn=5", "url2": null, "内容": "おげんきに薬局【5:薬局】三重県鈴鹿市東玉垣町２４８２－２" }, "geometry": { "type": "Point", "coordinates": [ 136.591021, 34.858928 ] } },
{ "type": "Feature", "properties": { "ID": 24503000088, "正式名称": "健やか薬局　やなぎ店", "機関区分": 5, "都道府県コード": 24, "市区町村コード": 207, "所在地": "三重県鈴鹿市柳町１６７５－４", "緯度": 34.875222, "経度": 136.597119, "url": "https://www.iryou.teikyouseido.mhlw.go.jp/znk-web/juminkanja/S2430/initialize?prefCd=24&kikanCd=03000088&kikanKbn=5", "url2": "http://mie-link.com", "内容": "健やか薬局　やなぎ店【5:薬局】三重県鈴鹿市柳町１６７５－４" }, "geometry": { "type": "Point", "coordinates": [ 136.597119, 34.875222 ] } },
{ "type": "Feature", "properties": { "ID": 24503000089, "正式名称": "ふたば薬局矢橋店", "機関区分": 5, "都道府県コード": 24, "市区町村コード": 207, "所在地": "三重県鈴鹿市矢橋店１丁目５番１４号", "緯度": 34.879733, "経度": 136.587717, "url": "https://www.iryou.teikyouseido.mhlw.go.jp/znk-web/juminkanja/S2430/initialize?prefCd=24&kikanCd=03000089&kikanKbn=5", "url2": null, "内容": "ふたば薬局矢橋店【5:薬局】三重県鈴鹿市矢橋店１丁目５番１４号" }, "geometry": { "type": "Point", "coordinates": [ 136.587717, 34.879733 ] } },
{ "type": "Feature", "properties": { "ID": 24503000090, "正式名称": "スギ薬局白子店", "機関区分": 5, "都道府県コード": 24, "市区町村コード": 207, "所在地": "三重県鈴鹿市江島町４０３５番地", "緯度": 34.841944, "経度": 136.586008, "url": "https://www.iryou.teikyouseido.mhlw.go.jp/znk-web/juminkanja/S2430/initialize?prefCd=24&kikanCd=03000090&kikanKbn=5", "url2": "http://www.drug-sugi.co.jp/", "内容": "スギ薬局白子店【5:薬局】三重県鈴鹿市江島町４０３５番地" }, "geometry": { "type": "Point", "coordinates": [ 136.586008, 34.841944 ] } },
{ "type": "Feature", "properties": { "ID": 24503000091, "正式名称": "鈴鹿センター薬局", "機関区分": 5, "都道府県コード": 24, "市区町村コード": 207, "所在地": "三重県鈴鹿市安塚町６３８－２１", "緯度": 34.867306, "経度": 136.572406, "url": "https://www.iryou.teikyouseido.mhlw.go.jp/znk-web/juminkanja/S2430/initialize?prefCd=24&kikanCd=03000091&kikanKbn=5", "url2": null, "内容": "鈴鹿センター薬局【5:薬局】三重県鈴鹿市安塚町６３８－２１" }, "geometry": { "type": "Point", "coordinates": [ 136.572406, 34.867306 ] } },
{ "type": "Feature", "properties": { "ID": 24503000092, "正式名称": "スギ薬局　東御幸店", "機関区分": 5, "都道府県コード": 24, "市区町村コード": 210, "所在地": "三重県亀山市東御幸町４２番地１", "緯度": 34.853054, "経度": 136.452899, "url": "https://www.iryou.teikyouseido.mhlw.go.jp/znk-web/juminkanja/S2430/initialize?prefCd=24&kikanCd=03000092&kikanKbn=5", "url2": "http://www.drug-sugi.co.jp/", "内容": "スギ薬局　東御幸店【5:薬局】三重県亀山市東御幸町４２番地１" }, "geometry": { "type": "Point", "coordinates": [ 136.452899, 34.853054 ] } },
{ "type": "Feature", "properties": { "ID": 24503000094, "正式名称": "クスリのアオキ算所薬局", "機関区分": 5, "都道府県コード": 24, "市区町村コード": 207, "所在地": "三重県鈴鹿市算所２丁目７番２０号", "緯度": 34.871693, "経度": 136.545169, "url": "https://www.iryou.teikyouseido.mhlw.go.jp/znk-web/juminkanja/S2430/initialize?prefCd=24&kikanCd=03000094&kikanKbn=5", "url2": "https://www.kusuri-aoki.co.jp/", "内容": "クスリのアオキ算所薬局【5:薬局】三重県鈴鹿市算所２丁目７番２０号" }, "geometry": { "type": "Point", "coordinates": [ 136.545169, 34.871693 ] } },
{ "type": "Feature", "properties": { "ID": 24503000095, "正式名称": "さくら薬局　鈴鹿神戸店", "機関区分": 5, "都道府県コード": 24, "市区町村コード": 207, "所在地": "三重県鈴鹿市飯野寺家町８２９－１", "緯度": 34.877493, "経度": 136.574585, "url": "https://www.iryou.teikyouseido.mhlw.go.jp/znk-web/juminkanja/S2430/initialize?prefCd=24&kikanCd=03000095&kikanKbn=5", "url2": "https://www.kraft-net.co.jp/sakura/store/3915/", "内容": "さくら薬局　鈴鹿神戸店【5:薬局】三重県鈴鹿市飯野寺家町８２９－１" }, "geometry": { "type": "Point", "coordinates": [ 136.574585, 34.877493 ] } },
{ "type": "Feature", "properties": { "ID": 24503000099, "正式名称": "三日市調剤薬局", "機関区分": 5, "都道府県コード": 24, "市区町村コード": 207, "所在地": "三重県鈴鹿市三日市３丁目３－２", "緯度": 34.877592, "経度": 136.561431, "url": "https://www.iryou.teikyouseido.mhlw.go.jp/znk-web/juminkanja/S2430/initialize?prefCd=24&kikanCd=03000099&kikanKbn=5", "url2": "http://www.my2.jp", "内容": "三日市調剤薬局【5:薬局】三重県鈴鹿市三日市３丁目３－２" }, "geometry": { "type": "Point", "coordinates": [ 136.561431, 34.877592 ] } },
{ "type": "Feature", "properties": { "ID": 24503000102, "正式名称": "健やか薬局野町店", "機関区分": 5, "都道府県コード": 24, "市区町村コード": 207, "所在地": "三重県鈴鹿市野町東２丁目４ー３０", "緯度": 34.849786, "経度": 136.569888, "url": "https://www.iryou.teikyouseido.mhlw.go.jp/znk-web/juminkanja/S2430/initialize?prefCd=24&kikanCd=03000102&kikanKbn=5", "url2": "https://mie-link.com/", "内容": "健やか薬局野町店【5:薬局】三重県鈴鹿市野町東２丁目４ー３０" }, "geometry": { "type": "Point", "coordinates": [ 136.569888, 34.849786 ] } },
{ "type": "Feature", "properties": { "ID": 24503000103, "正式名称": "たいよう調剤薬局桜島店", "機関区分": 5, "都道府県コード": 24, "市区町村コード": 207, "所在地": "三重県鈴鹿市桜島町６－２０－５", "緯度": 34.853866, "経度": 136.574011, "url": "https://www.iryou.teikyouseido.mhlw.go.jp/znk-web/juminkanja/S2430/initialize?prefCd=24&kikanCd=03000103&kikanKbn=5", "url2": "http://taiyoupharmacy.com/", "内容": "たいよう調剤薬局桜島店【5:薬局】三重県鈴鹿市桜島町６－２０－５" }, "geometry": { "type": "Point", "coordinates": [ 136.574011, 34.853866 ] } },
{ "type": "Feature", "properties": { "ID": 24503000106, "正式名称": "スズカ調剤薬局　稲生店", "機関区分": 5, "都道府県コード": 24, "市区町村コード": 207, "所在地": "三重県鈴鹿市稲生４丁目１４－２０", "緯度": 34.84007, "経度": 136.562744, "url": "https://www.iryou.teikyouseido.mhlw.go.jp/znk-web/juminkanja/S2430/initialize?prefCd=24&kikanCd=03000106&kikanKbn=5", "url2": "https://new.suzuka-pharmacy.com/suzuka-ino.html", "内容": "スズカ調剤薬局　稲生店【5:薬局】三重県鈴鹿市稲生４丁目１４－２０" }, "geometry": { "type": "Point", "coordinates": [ 136.562744, 34.84007 ] } },
{ "type": "Feature", "properties": { "ID": 24503000107, "正式名称": "日本調剤亀山薬局", "機関区分": 5, "都道府県コード": 24, "市区町村コード": 210, "所在地": "三重県亀山市亀田町４６６－１", "緯度": 34.867182, "経度": 136.450645, "url": "https://www.iryou.teikyouseido.mhlw.go.jp/znk-web/juminkanja/S2430/initialize?prefCd=24&kikanCd=03000107&kikanKbn=5", "url2": "https://www.nicho.co.jp/tenpo/kameyama/", "内容": "日本調剤亀山薬局【5:薬局】三重県亀山市亀田町４６６－１" }, "geometry": { "type": "Point", "coordinates": [ 136.450645, 34.867182 ] } },
{ "type": "Feature", "properties": { "ID": 24503000109, "正式名称": "スギ薬局　鈴鹿寺家店", "機関区分": 5, "都道府県コード": 24, "市区町村コード": 207, "所在地": "三重県鈴鹿市寺家町", "緯度": 34.829192, "経度": 136.579329, "url": "https://www.iryou.teikyouseido.mhlw.go.jp/znk-web/juminkanja/S2430/initialize?prefCd=24&kikanCd=03000109&kikanKbn=5", "url2": "http://www.drug-sugi.co.jp/", "内容": "スギ薬局　鈴鹿寺家店【5:薬局】三重県鈴鹿市寺家町" }, "geometry": { "type": "Point", "coordinates": [ 136.579329, 34.829192 ] } },
{ "type": "Feature", "properties": { "ID": 24503000110, "正式名称": "スギ薬局玉垣店", "機関区分": 5, "都道府県コード": 24, "市区町村コード": 207, "所在地": "三重県鈴鹿市南玉垣町３０１３番地", "緯度": 34.854893, "経度": 136.589944, "url": "https://www.iryou.teikyouseido.mhlw.go.jp/znk-web/juminkanja/S2430/initialize?prefCd=24&kikanCd=03000110&kikanKbn=5", "url2": "http://www.drug-sugi.co.jp", "内容": "スギ薬局玉垣店【5:薬局】三重県鈴鹿市南玉垣町３０１３番地" }, "geometry": { "type": "Point", "coordinates": [ 136.589944, 34.854893 ] } },
{ "type": "Feature", "properties": { "ID": 24503000111, "正式名称": "エンゼル薬局　平野店", "機関区分": 5, "都道府県コード": 24, "市区町村コード": 207, "所在地": "三重県鈴鹿市平野町７７４３－１", "緯度": 34.868437, "経度": 136.519515, "url": "https://www.iryou.teikyouseido.mhlw.go.jp/znk-web/juminkanja/S2430/initialize?prefCd=24&kikanCd=03000111&kikanKbn=5", "url2": "https://angel-pha.com/", "内容": "エンゼル薬局　平野店【5:薬局】三重県鈴鹿市平野町７７４３－１" }, "geometry": { "type": "Point", "coordinates": [ 136.519515, 34.868437 ] } },
{ "type": "Feature", "properties": { "ID": 24503000113, "正式名称": "スギ薬局西条店", "機関区分": 5, "都道府県コード": 24, "市区町村コード": 207, "所在地": "三重県鈴鹿市飯野寺家町８５６番地", "緯度": 34.87672, "経度": 136.574037, "url": "https://www.iryou.teikyouseido.mhlw.go.jp/znk-web/juminkanja/S2430/initialize?prefCd=24&kikanCd=03000113&kikanKbn=5", "url2": "http://www.drug-sugi.co.jp/", "内容": "スギ薬局西条店【5:薬局】三重県鈴鹿市飯野寺家町８５６番地" }, "geometry": { "type": "Point", "coordinates": [ 136.574037, 34.87672 ] } },
{ "type": "Feature", "properties": { "ID": 24503000114, "正式名称": "くるみ調剤薬局　すずか店", "機関区分": 5, "都道府県コード": 24, "市区町村コード": 207, "所在地": "三重県鈴鹿市十宮４－２－１１", "緯度": 34.886919, "経度": 136.579724, "url": "https://www.iryou.teikyouseido.mhlw.go.jp/znk-web/juminkanja/S2430/initialize?prefCd=24&kikanCd=03000114&kikanKbn=5", "url2": "https://rikyu.co.jp/", "内容": "くるみ調剤薬局　すずか店【5:薬局】三重県鈴鹿市十宮４－２－１１" }, "geometry": { "type": "Point", "coordinates": [ 136.579724, 34.886919 ] } },
{ "type": "Feature", "properties": { "ID": 24503000115, "正式名称": "三日市南薬局", "機関区分": 5, "都道府県コード": 24, "市区町村コード": 207, "所在地": "三重県鈴鹿市三日市町１９６３番地", "緯度": 34.866203, "経度": 136.556025, "url": "https://www.iryou.teikyouseido.mhlw.go.jp/znk-web/juminkanja/S2430/initialize?prefCd=24&kikanCd=03000115&kikanKbn=5", "url2": "https://www.mo-medical.com/", "内容": "三日市南薬局【5:薬局】三重県鈴鹿市三日市町１９６３番地" }, "geometry": { "type": "Point", "coordinates": [ 136.556025, 34.866203 ] } },
{ "type": "Feature", "properties": { "ID": 24503000116, "正式名称": "たまがき調剤薬局", "機関区分": 5, "都道府県コード": 24, "市区町村コード": 207, "所在地": "三重県鈴鹿市南玉垣町６８１４－１１", "緯度": 34.855876, "経度": 136.585415, "url": "https://www.iryou.teikyouseido.mhlw.go.jp/znk-web/juminkanja/S2430/initialize?prefCd=24&kikanCd=03000116&kikanKbn=5", "url2": "https://www.mo-medical.com/", "内容": "たまがき調剤薬局【5:薬局】三重県鈴鹿市南玉垣町６８１４－１１" }, "geometry": { "type": "Point", "coordinates": [ 136.585415, 34.855876 ] } },
{ "type": "Feature", "properties": { "ID": 24503000117, "正式名称": "さんあい薬局株式会社　石薬師店", "機関区分": 5, "都道府県コード": 24, "市区町村コード": 207, "所在地": "三重県鈴鹿市石薬師町字西裏２０６９－２", "緯度": 34.91373, "経度": 136.5368, "url": "https://www.iryou.teikyouseido.mhlw.go.jp/znk-web/juminkanja/S2430/initialize?prefCd=24&kikanCd=03000117&kikanKbn=5", "url2": "https://www.sun-ai-ph.co.jp/about/shop.html", "内容": "さんあい薬局株式会社　石薬師店【5:薬局】三重県鈴鹿市石薬師町字西裏２０６９－２" }, "geometry": { "type": "Point", "coordinates": [ 136.5368, 34.91373 ] } },
{ "type": "Feature", "properties": { "ID": 24503000118, "正式名称": "アクア薬局桜島店", "機関区分": 5, "都道府県コード": 24, "市区町村コード": 207, "所在地": "三重県鈴鹿市桜島町４－３－８", "緯度": 34.857221, "経度": 136.576326, "url": "https://www.iryou.teikyouseido.mhlw.go.jp/znk-web/juminkanja/S2430/initialize?prefCd=24&kikanCd=03000118&kikanKbn=5", "url2": "https://aquamedical.net", "内容": "アクア薬局桜島店【5:薬局】三重県鈴鹿市桜島町４－３－８" }, "geometry": { "type": "Point", "coordinates": [ 136.576326, 34.857221 ] } },
{ "type": "Feature", "properties": { "ID": 24503000119, "正式名称": "かんべ駅前薬局", "機関区分": 5, "都道府県コード": 24, "市区町村コード": 207, "所在地": "三重県鈴鹿市神戸一丁目１１－３６", "緯度": 34.88358, "経度": 136.582393, "url": "https://www.iryou.teikyouseido.mhlw.go.jp/znk-web/juminkanja/S2430/initialize?prefCd=24&kikanCd=03000119&kikanKbn=5", "url2": null, "内容": "かんべ駅前薬局【5:薬局】三重県鈴鹿市神戸一丁目１１－３６" }, "geometry": { "type": "Point", "coordinates": [ 136.582393, 34.88358 ] } },
{ "type": "Feature", "properties": { "ID": 24503000120, "正式名称": "ウエルシア薬局亀山東御幸町店", "機関区分": 5, "都道府県コード": 24, "市区町村コード": 210, "所在地": "三重県亀山市東御幸町２６番地", "緯度": 34.852723, "経度": 136.455303, "url": "https://www.iryou.teikyouseido.mhlw.go.jp/znk-web/juminkanja/S2430/initialize?prefCd=24&kikanCd=03000120&kikanKbn=5", "url2": "https://store.welcia.co.jp/welcia/spot/detail?code=6721D", "内容": "ウエルシア薬局亀山東御幸町店【5:薬局】三重県亀山市東御幸町２６番地" }, "geometry": { "type": "Point", "coordinates": [ 136.455303, 34.852723 ] } },
{ "type": "Feature", "properties": { "ID": 24503000122, "正式名称": "吉田屋薬局", "機関区分": 5, "都道府県コード": 24, "市区町村コード": 207, "所在地": "三重県鈴鹿市神戸２丁目１０－３６", "緯度": 34.882686, "経度": 136.57996, "url": "https://www.iryou.teikyouseido.mhlw.go.jp/znk-web/juminkanja/S2430/initialize?prefCd=24&kikanCd=03000122&kikanKbn=5", "url2": null, "内容": "吉田屋薬局【5:薬局】三重県鈴鹿市神戸２丁目１０－３６" }, "geometry": { "type": "Point", "coordinates": [ 136.57996, 34.882686 ] } },
{ "type": "Feature", "properties": { "ID": 24503000123, "正式名称": "ウエルシア薬局　鈴鹿中江島町店", "機関区分": 5, "都道府県コード": 24, "市区町村コード": 207, "所在地": "三重県鈴鹿市中江島町１１－３２", "緯度": 34.841768, "経度": 136.59646, "url": "https://www.iryou.teikyouseido.mhlw.go.jp/znk-web/juminkanja/S2430/initialize?prefCd=24&kikanCd=03000123&kikanKbn=5", "url2": "https://store.welcia.co.jp/welcia/spot/detail?code=6733D", "内容": "ウエルシア薬局　鈴鹿中江島町店【5:薬局】三重県鈴鹿市中江島町１１－３２" }, "geometry": { "type": "Point", "coordinates": [ 136.59646, 34.841768 ] } },
{ "type": "Feature", "properties": { "ID": 24503000124, "正式名称": "ファーマライズ薬局　鈴鹿住吉店", "機関区分": 5, "都道府県コード": 24, "市区町村コード": 207, "所在地": "三重県鈴鹿市住吉２－１７－３", "緯度": 34.861463, "経度": 136.539291, "url": "https://www.iryou.teikyouseido.mhlw.go.jp/znk-web/juminkanja/S2430/initialize?prefCd=24&kikanCd=03000124&kikanKbn=5", "url2": "https://www.pharmarise.com", "内容": "ファーマライズ薬局　鈴鹿住吉店【5:薬局】三重県鈴鹿市住吉２－１７－３" }, "geometry": { "type": "Point", "coordinates": [ 136.539291, 34.861463 ] } },
{ "type": "Feature", "properties": { "ID": 24503000125, "正式名称": "ファーマライズ薬局　鈴鹿店", "機関区分": 5, "都道府県コード": 24, "市区町村コード": 207, "所在地": "三重県鈴鹿市国府町井口５７－２１", "緯度": 34.85119, "経度": 136.50772, "url": "https://www.iryou.teikyouseido.mhlw.go.jp/znk-web/juminkanja/S2430/initialize?prefCd=24&kikanCd=03000125&kikanKbn=5", "url2": "https://www.pharmarise.com/", "内容": "ファーマライズ薬局　鈴鹿店【5:薬局】三重県鈴鹿市国府町井口５７－２１" }, "geometry": { "type": "Point", "coordinates": [ 136.50772, 34.85119 ] } },
{ "type": "Feature", "properties": { "ID": 24503000126, "正式名称": "ファーマライズ薬局　亀山店", "機関区分": 5, "都道府県コード": 24, "市区町村コード": 210, "所在地": "三重県亀山市東御幸町", "緯度": 34.851025, "経度": 136.45604, "url": "https://www.iryou.teikyouseido.mhlw.go.jp/znk-web/juminkanja/S2430/initialize?prefCd=24&kikanCd=03000126&kikanKbn=5", "url2": null, "内容": "ファーマライズ薬局　亀山店【5:薬局】三重県亀山市東御幸町" }, "geometry": { "type": "Point", "coordinates": [ 136.45604, 34.851025 ] } },
{ "type": "Feature", "properties": { "ID": 24503000127, "正式名称": "鈴鹿みなみ薬局", "機関区分": 5, "都道府県コード": 24, "市区町村コード": 207, "所在地": "三重県鈴鹿市国府町字保子里１７５", "緯度": 34.859071, "経度": 136.495789, "url": "https://www.iryou.teikyouseido.mhlw.go.jp/znk-web/juminkanja/S2430/initialize?prefCd=24&kikanCd=03000127&kikanKbn=5", "url2": "https://www.pharmarise.com/company/store/store.php?store_id=304", "内容": "鈴鹿みなみ薬局【5:薬局】三重県鈴鹿市国府町字保子里１７５" }, "geometry": { "type": "Point", "coordinates": [ 136.495789, 34.859071 ] } },
{ "type": "Feature", "properties": { "ID": 24503000128, "正式名称": "まっぷ薬局", "機関区分": 5, "都道府県コード": 24, "市区町村コード": 207, "所在地": "三重県鈴鹿市道伯５丁目２４―２３", "緯度": 34.862789, "経度": 136.547503, "url": "https://www.iryou.teikyouseido.mhlw.go.jp/znk-web/juminkanja/S2430/initialize?prefCd=24&kikanCd=03000128&kikanKbn=5", "url2": null, "内容": "まっぷ薬局【5:薬局】三重県鈴鹿市道伯５丁目２４―２３" }, "geometry": { "type": "Point", "coordinates": [ 136.547503, 34.862789 ] } },
{ "type": "Feature", "properties": { "ID": 24503000129, "正式名称": "フラワー薬局すみれ店", "機関区分": 5, "都道府県コード": 24, "市区町村コード": 207, "所在地": "三重県鈴鹿市住吉１丁目２３－１０", "緯度": 34.863779, "経度": 136.537344, "url": "https://www.iryou.teikyouseido.mhlw.go.jp/znk-web/juminkanja/S2430/initialize?prefCd=24&kikanCd=03000129&kikanKbn=5", "url2": "https://www.m-ikkou.co.jp/business/pharmacy/search/shop014.html", "内容": "フラワー薬局すみれ店【5:薬局】三重県鈴鹿市住吉１丁目２３－１０" }, "geometry": { "type": "Point", "coordinates": [ 136.537344, 34.863779 ] } },
{ "type": "Feature", "properties": { "ID": 24503000130, "正式名称": "フラワー薬局亀山店", "機関区分": 5, "都道府県コード": 24, "市区町村コード": 210, "所在地": "三重県亀山市南野町４－１３", "緯度": 34.852722, "経度": 136.44466, "url": "https://www.iryou.teikyouseido.mhlw.go.jp/znk-web/juminkanja/S2430/initialize?prefCd=24&kikanCd=03000130&kikanKbn=5", "url2": "https://www.m-ikkou.co.jp/business/pharmacy/search/shop074.html", "内容": "フラワー薬局亀山店【5:薬局】三重県亀山市南野町４－１３" }, "geometry": { "type": "Point", "coordinates": [ 136.44466, 34.852722 ] } },
{ "type": "Feature", "properties": { "ID": 24503000132, "正式名称": "フラワー薬局鈴鹿店", "機関区分": 5, "都道府県コード": 24, "市区町村コード": 207, "所在地": "三重県鈴鹿市白子４丁目１３－２０", "緯度": 34.834988, "経度": 136.583066, "url": "https://www.iryou.teikyouseido.mhlw.go.jp/znk-web/juminkanja/S2430/initialize?prefCd=24&kikanCd=03000132&kikanKbn=5", "url2": "https://www.m-ikkou.co.jp/business/pharmacy/search/shop043.html", "内容": "フラワー薬局鈴鹿店【5:薬局】三重県鈴鹿市白子４丁目１３－２０" }, "geometry": { "type": "Point", "coordinates": [ 136.583066, 34.834988 ] } },
{ "type": "Feature", "properties": { "ID": 24503000133, "正式名称": "フラワー薬局白子店", "機関区分": 5, "都道府県コード": 24, "市区町村コード": 207, "所在地": "三重県鈴鹿市白子１丁目１－７", "緯度": 34.8322, "経度": 136.588272, "url": "https://www.iryou.teikyouseido.mhlw.go.jp/znk-web/juminkanja/S2430/initialize?prefCd=24&kikanCd=03000133&kikanKbn=5", "url2": "https://www.m-ikkou.co.jp/", "内容": "フラワー薬局白子店【5:薬局】三重県鈴鹿市白子１丁目１－７" }, "geometry": { "type": "Point", "coordinates": [ 136.588272, 34.8322 ] } },
{ "type": "Feature", "properties": { "ID": 24503000134, "正式名称": "Ｖ・ｄｒｕｇ　中旭が丘薬局", "機関区分": 5, "都道府県コード": 24, "市区町村コード": 207, "所在地": "三重県鈴鹿市中旭が丘一丁目１１番１８号", "緯度": 34.849323, "経度": 136.570515, "url": "https://www.iryou.teikyouseido.mhlw.go.jp/znk-web/juminkanja/S2430/initialize?prefCd=24&kikanCd=03000134&kikanKbn=5", "url2": "https://vdrug.co.jp/pharmacy/store/%e4%b8%ad%e6%97%ad%e3%81%8c%e4%b8%98%e8%96%ac%e5%b1%80/", "内容": "Ｖ・ｄｒｕｇ　中旭が丘薬局【5:薬局】三重県鈴鹿市中旭が丘一丁目１１番１８号" }, "geometry": { "type": "Point", "coordinates": [ 136.570515, 34.849323 ] } },
{ "type": "Feature", "properties": { "ID": 24503000135, "正式名称": "スズカ調剤薬局　長太店", "機関区分": 5, "都道府県コード": 24, "市区町村コード": 207, "所在地": "三重県鈴鹿市長太旭町４－２２－１８", "緯度": 34.892734, "経度": 136.629678, "url": "https://www.iryou.teikyouseido.mhlw.go.jp/znk-web/juminkanja/S2430/initialize?prefCd=24&kikanCd=03000135&kikanKbn=5", "url2": "https://new.suzuka-pharmacy.com/index.html", "内容": "スズカ調剤薬局　長太店【5:薬局】三重県鈴鹿市長太旭町４－２２－１８" }, "geometry": { "type": "Point", "coordinates": [ 136.629678, 34.892734 ] } },
{ "type": "Feature", "properties": { "ID": 24503000136, "正式名称": "いちご調剤薬局", "機関区分": 5, "都道府県コード": 24, "市区町村コード": 207, "所在地": "三重県鈴鹿市西条一丁目１９番２２号", "緯度": 34.882563, "経度": 136.573958, "url": "https://www.iryou.teikyouseido.mhlw.go.jp/znk-web/juminkanja/S2430/initialize?prefCd=24&kikanCd=03000136&kikanKbn=5", "url2": null, "内容": "いちご調剤薬局【5:薬局】三重県鈴鹿市西条一丁目１９番２２号" }, "geometry": { "type": "Point", "coordinates": [ 136.573958, 34.882563 ] } },
{ "type": "Feature", "properties": { "ID": 24503000138, "正式名称": "あこそ薬局", "機関区分": 5, "都道府県コード": 24, "市区町村コード": 207, "所在地": "三重県鈴鹿市阿古曽町２６－１０　エスポア１Ａ", "緯度": 34.867413, "経度": 136.545985, "url": "https://www.iryou.teikyouseido.mhlw.go.jp/znk-web/juminkanja/S2430/initialize?prefCd=24&kikanCd=03000138&kikanKbn=5", "url2": "https://www.medical-wings.com/", "内容": "あこそ薬局【5:薬局】三重県鈴鹿市阿古曽町２６－１０　エスポア１Ａ" }, "geometry": { "type": "Point", "coordinates": [ 136.545985, 34.867413 ] } },
{ "type": "Feature", "properties": { "ID": 24503000139, "正式名称": "クスリのアオキ　栄町薬局", "機関区分": 5, "都道府県コード": 24, "市区町村コード": 210, "所在地": "三重県亀山市栄町萩野１４８８番地２２３", "緯度": 34.860776, "経度": 136.47098, "url": "https://www.iryou.teikyouseido.mhlw.go.jp/znk-web/juminkanja/S2430/initialize?prefCd=24&kikanCd=03000139&kikanKbn=5", "url2": "https://www.kusuri-aoki.co.jp/", "内容": "クスリのアオキ　栄町薬局【5:薬局】三重県亀山市栄町萩野１４８８番地２２３" }, "geometry": { "type": "Point", "coordinates": [ 136.47098, 34.860776 ] } },
{ "type": "Feature", "properties": { "ID": 24503000140, "正式名称": "西条調剤薬局", "機関区分": 5, "都道府県コード": 24, "市区町村コード": 207, "所在地": "三重県鈴鹿市西条６－１３", "緯度": 34.877183, "経度": 136.568617, "url": "https://www.iryou.teikyouseido.mhlw.go.jp/znk-web/juminkanja/S2430/initialize?prefCd=24&kikanCd=03000140&kikanKbn=5", "url2": null, "内容": "西条調剤薬局【5:薬局】三重県鈴鹿市西条６－１３" }, "geometry": { "type": "Point", "coordinates": [ 136.568617, 34.877183 ] } },
{ "type": "Feature", "properties": { "ID": 24503000141, "正式名称": "けいと薬局", "機関区分": 5, "都道府県コード": 24, "市区町村コード": 207, "所在地": "三重県鈴鹿市神戸１丁目８－７", "緯度": 34.881186, "経度": 136.582925, "url": "https://www.iryou.teikyouseido.mhlw.go.jp/znk-web/juminkanja/S2430/initialize?prefCd=24&kikanCd=03000141&kikanKbn=5", "url2": null, "内容": "けいと薬局【5:薬局】三重県鈴鹿市神戸１丁目８－７" }, "geometry": { "type": "Point", "coordinates": [ 136.582925, 34.881186 ] } },
{ "type": "Feature", "properties": { "ID": 24503000142, "正式名称": "ウエルシア薬局鈴鹿算所店", "機関区分": 5, "都道府県コード": 24, "市区町村コード": 207, "所在地": "三重県鈴鹿市算所１丁目１９－１", "緯度": 34.870145, "経度": 136.542975, "url": "https://www.iryou.teikyouseido.mhlw.go.jp/znk-web/juminkanja/S2430/initialize?prefCd=24&kikanCd=03000142&kikanKbn=5", "url2": "https://store.welcia.co.jp/welcia/spot/detail?code=6703D", "内容": "ウエルシア薬局鈴鹿算所店【5:薬局】三重県鈴鹿市算所１丁目１９－１" }, "geometry": { "type": "Point", "coordinates": [ 136.542975, 34.870145 ] } },
{ "type": "Feature", "properties": { "ID": 24503000145, "正式名称": "ウエルシア薬局鈴鹿下箕田店", "機関区分": 5, "都道府県コード": 24, "市区町村コード": 207, "所在地": "三重県鈴鹿市下箕田４－２３－２２", "緯度": 34.88093, "経度": 136.627624, "url": "https://www.iryou.teikyouseido.mhlw.go.jp/znk-web/juminkanja/S2430/initialize?prefCd=24&kikanCd=03000145&kikanKbn=5", "url2": "https://stores.welcia.co.jp/6783D", "内容": "ウエルシア薬局鈴鹿下箕田店【5:薬局】三重県鈴鹿市下箕田４－２３－２２" }, "geometry": { "type": "Point", "coordinates": [ 136.627624, 34.88093 ] } },
{ "type": "Feature", "properties": { "ID": 24503000146, "正式名称": "ホリ薬局", "機関区分": 5, "都道府県コード": 24, "市区町村コード": 207, "所在地": "三重県鈴鹿市中江島町２０－１５", "緯度": 34.843008, "経度": 136.594591, "url": "https://www.iryou.teikyouseido.mhlw.go.jp/znk-web/juminkanja/S2430/initialize?prefCd=24&kikanCd=03000146&kikanKbn=5", "url2": "https://horiyaku.amebaownd.com/", "内容": "ホリ薬局【5:薬局】三重県鈴鹿市中江島町２０－１５" }, "geometry": { "type": "Point", "coordinates": [ 136.594591, 34.843008 ] } },
{ "type": "Feature", "properties": { "ID": 24503000147, "正式名称": "ウエルシア薬局亀山川崎店", "機関区分": 5, "都道府県コード": 24, "市区町村コード": 210, "所在地": "三重県亀山市川崎町４７４５番地１", "緯度": 34.901456, "経度": 136.476542, "url": "https://www.iryou.teikyouseido.mhlw.go.jp/znk-web/juminkanja/S2430/initialize?prefCd=24&kikanCd=03000147&kikanKbn=5", "url2": null, "内容": "ウエルシア薬局亀山川崎店【5:薬局】三重県亀山市川崎町４７４５番地１" }, "geometry": { "type": "Point", "coordinates": [ 136.476542, 34.901456 ] } },
{ "type": "Feature", "properties": { "ID": 24503000148, "正式名称": "川崎薬局", "機関区分": 5, "都道府県コード": 24, "市区町村コード": 210, "所在地": "三重県亀山市能褒野町７９－２１", "緯度": 34.887653, "経度": 136.482607, "url": "https://www.iryou.teikyouseido.mhlw.go.jp/znk-web/juminkanja/S2430/initialize?prefCd=24&kikanCd=03000148&kikanKbn=5", "url2": "https://cz-suzuka.com/kawasaki-ph/", "内容": "川崎薬局【5:薬局】三重県亀山市能褒野町７９－２１" }, "geometry": { "type": "Point", "coordinates": [ 136.482607, 34.887653 ] } },
{ "type": "Feature", "properties": { "ID": 24503000151, "正式名称": "Ｖ・ｄｒｕｇ岸岡薬局", "機関区分": 5, "都道府県コード": 24, "市区町村コード": 207, "所在地": "三重県鈴鹿市岸岡町１９５９－５", "緯度": 34.850775, "経度": 136.590082, "url": "https://www.iryou.teikyouseido.mhlw.go.jp/znk-web/juminkanja/S2430/initialize?prefCd=24&kikanCd=03000151&kikanKbn=5", "url2": "https://vdrug.co.jp/pharmacy/", "内容": "Ｖ・ｄｒｕｇ岸岡薬局【5:薬局】三重県鈴鹿市岸岡町１９５９－５" }, "geometry": { "type": "Point", "coordinates": [ 136.590082, 34.850775 ] } },
{ "type": "Feature", "properties": { "ID": 24503000153, "正式名称": "つばき薬局", "機関区分": 5, "都道府県コード": 24, "市区町村コード": 207, "所在地": "三重県鈴鹿市白子３丁目１４番５号", "緯度": 34.830802, "経度": 136.585167, "url": "https://www.iryou.teikyouseido.mhlw.go.jp/znk-web/juminkanja/S2430/initialize?prefCd=24&kikanCd=03000153&kikanKbn=5", "url2": "https://www.mamirima.com", "内容": "つばき薬局【5:薬局】三重県鈴鹿市白子３丁目１４番５号" }, "geometry": { "type": "Point", "coordinates": [ 136.585167, 34.830802 ] } },
{ "type": "Feature", "properties": { "ID": 24503000154, "正式名称": "かめのこ薬局", "機関区分": 5, "都道府県コード": 24, "市区町村コード": 210, "所在地": "三重県亀山市川合町１１５５－１０", "緯度": 34.870458, "経度": 136.472628, "url": "https://www.iryou.teikyouseido.mhlw.go.jp/znk-web/juminkanja/S2430/initialize?prefCd=24&kikanCd=03000154&kikanKbn=5", "url2": null, "内容": "かめのこ薬局【5:薬局】三重県亀山市川合町１１５５－１０" }, "geometry": { "type": "Point", "coordinates": [ 136.472628, 34.870458 ] } },
{ "type": "Feature", "properties": { "ID": 24503000155, "正式名称": "イオン薬局鈴鹿白子店", "機関区分": 5, "都道府県コード": 24, "市区町村コード": 207, "所在地": "三重県鈴鹿市白子駅前３－１", "緯度": 34.836572, "経度": 136.591681, "url": "https://www.iryou.teikyouseido.mhlw.go.jp/znk-web/juminkanja/S2430/initialize?prefCd=24&kikanCd=03000155&kikanKbn=5", "url2": "https://www.aeonretail.jp/syohousen/shoplist.html", "内容": "イオン薬局鈴鹿白子店【5:薬局】三重県鈴鹿市白子駅前３－１" }, "geometry": { "type": "Point", "coordinates": [ 136.591681, 34.836572 ] } },
{ "type": "Feature", "properties": { "ID": 24503000156, "正式名称": "安塚薬局", "機関区分": 5, "都道府県コード": 24, "市区町村コード": 207, "所在地": "三重県鈴鹿市安塚町１６０５", "緯度": 34.866624, "経度": 136.576858, "url": "https://www.iryou.teikyouseido.mhlw.go.jp/znk-web/juminkanja/S2430/initialize?prefCd=24&kikanCd=03000156&kikanKbn=5", "url2": null, "内容": "安塚薬局【5:薬局】三重県鈴鹿市安塚町１６０５" }, "geometry": { "type": "Point", "coordinates": [ 136.576858, 34.866624 ] } },
{ "type": "Feature", "properties": { "ID": 24503000157, "正式名称": "健やか薬局郡山店", "機関区分": 5, "都道府県コード": 24, "市区町村コード": 207, "所在地": "三重県鈴鹿市郡山町２００１－３５", "緯度": 34.81206, "経度": 136.542051, "url": "https://www.iryou.teikyouseido.mhlw.go.jp/znk-web/juminkanja/S2430/initialize?prefCd=24&kikanCd=03000157&kikanKbn=5", "url2": "https://mie-link.com", "内容": "健やか薬局郡山店【5:薬局】三重県鈴鹿市郡山町２００１－３５" }, "geometry": { "type": "Point", "coordinates": [ 136.542051, 34.81206 ] } },
{ "type": "Feature", "properties": { "ID": 24503000158, "正式名称": "エンゼル薬局西条店", "機関区分": 5, "都道府県コード": 24, "市区町村コード": 207, "所在地": "三重県鈴鹿市飯野寺家町８１７番地１", "緯度": 34.876816, "経度": 136.572839, "url": "https://www.iryou.teikyouseido.mhlw.go.jp/znk-web/juminkanja/S2430/initialize?prefCd=24&kikanCd=03000158&kikanKbn=5", "url2": "https://angel-pha.com/", "内容": "エンゼル薬局西条店【5:薬局】三重県鈴鹿市飯野寺家町８１７番地１" }, "geometry": { "type": "Point", "coordinates": [ 136.572839, 34.876816 ] } },
{ "type": "Feature", "properties": { "ID": 24503000159, "正式名称": "ハロー薬局鈴鹿店", "機関区分": 5, "都道府県コード": 24, "市区町村コード": 207, "所在地": "三重県鈴鹿市平田１－３－３", "緯度": 34.874386, "経度": 136.539919, "url": "https://www.iryou.teikyouseido.mhlw.go.jp/znk-web/juminkanja/S2430/initialize?prefCd=24&kikanCd=03000159&kikanKbn=5", "url2": null, "内容": "ハロー薬局鈴鹿店【5:薬局】三重県鈴鹿市平田１－３－３" }, "geometry": { "type": "Point", "coordinates": [ 136.539919, 34.874386 ] } },
{ "type": "Feature", "properties": { "ID": 24503000160, "正式名称": "亀山天神薬局", "機関区分": 5, "都道府県コード": 24, "市区町村コード": 210, "所在地": "三重県亀山市天神２丁目３－７", "緯度": 34.844972, "経度": 136.4555, "url": "https://www.iryou.teikyouseido.mhlw.go.jp/znk-web/juminkanja/S2430/initialize?prefCd=24&kikanCd=03000160&kikanKbn=5", "url2": "marinegroup.jp", "内容": "亀山天神薬局【5:薬局】三重県亀山市天神２丁目３－７" }, "geometry": { "type": "Point", "coordinates": [ 136.4555, 34.844972 ] } },
{ "type": "Feature", "properties": { "ID": 24503000161, "正式名称": "阪神調剤薬局　鈴鹿北玉垣店", "機関区分": 5, "都道府県コード": 24, "市区町村コード": 207, "所在地": "三重県鈴鹿市北玉垣町西浦８２３－８", "緯度": 34.86646, "経度": 136.58638, "url": "https://www.iryou.teikyouseido.mhlw.go.jp/znk-web/juminkanja/S2430/initialize?prefCd=24&kikanCd=03000161&kikanKbn=5", "url2": "https://www.sugi-net.jp/stores/005205", "内容": "阪神調剤薬局　鈴鹿北玉垣店【5:薬局】三重県鈴鹿市北玉垣町西浦８２３－８" }, "geometry": { "type": "Point", "coordinates": [ 136.58638, 34.86646 ] } },
{ "type": "Feature", "properties": { "ID": 24503000162, "正式名称": "クスリのアオキ稲生薬局", "機関区分": 5, "都道府県コード": 24, "市区町村コード": 207, "所在地": "三重県鈴鹿市稲生二丁目１６番１７号", "緯度": 34.836385, "経度": 136.561381, "url": "https://www.iryou.teikyouseido.mhlw.go.jp/znk-web/juminkanja/S2430/initialize?prefCd=24&kikanCd=03000162&kikanKbn=5", "url2": "https://www.kusuri-aoki.co.jp/", "内容": "クスリのアオキ稲生薬局【5:薬局】三重県鈴鹿市稲生二丁目１６番１７号" }, "geometry": { "type": "Point", "coordinates": [ 136.561381, 34.836385 ] } },
{ "type": "Feature", "properties": { "ID": 24503000164, "正式名称": "トリプル薬局", "機関区分": 5, "都道府県コード": 24, "市区町村コード": 207, "所在地": "三重県鈴鹿市石薬師町２０８６番地３", "緯度": 34.904214, "経度": 136.545769, "url": "https://www.iryou.teikyouseido.mhlw.go.jp/znk-web/juminkanja/S2430/initialize?prefCd=24&kikanCd=03000164&kikanKbn=5", "url2": null, "内容": "トリプル薬局【5:薬局】三重県鈴鹿市石薬師町２０８６番地３" }, "geometry": { "type": "Point", "coordinates": [ 136.545769, 34.904214 ] } },
{ "type": "Feature", "properties": { "ID": 24503050005, "正式名称": "スズカ調剤薬局", "機関区分": 5, "都道府県コード": 24, "市区町村コード": 207, "所在地": "三重県鈴鹿市南江島町１４－１", "緯度": 34.838079, "経度": 136.590607, "url": "https://www.iryou.teikyouseido.mhlw.go.jp/znk-web/juminkanja/S2430/initialize?prefCd=24&kikanCd=03050005&kikanKbn=5", "url2": "https://new.suzuka-pharmacy.com", "内容": "スズカ調剤薬局【5:薬局】三重県鈴鹿市南江島町１４－１" }, "geometry": { "type": "Point", "coordinates": [ 136.590607, 34.838079 ] } },
{ "type": "Feature", "properties": { "ID": 24503050033, "正式名称": "さんあい薬局株式会社鈴鹿店", "機関区分": 5, "都道府県コード": 24, "市区町村コード": 207, "所在地": "三重県鈴鹿市西条４丁目４８", "緯度": 34.879314, "経度": 136.572664, "url": "https://www.iryou.teikyouseido.mhlw.go.jp/znk-web/juminkanja/S2430/initialize?prefCd=24&kikanCd=03050033&kikanKbn=5", "url2": null, "内容": "さんあい薬局株式会社鈴鹿店【5:薬局】三重県鈴鹿市西条４丁目４８" }, "geometry": { "type": "Point", "coordinates": [ 136.572664, 34.879314 ] } },
{ "type": "Feature", "properties": { "ID": 24503070002, "正式名称": "有限会社すずらん調剤薬局", "機関区分": 5, "都道府県コード": 24, "市区町村コード": 210, "所在地": "三重県亀山市東台町１－２０", "緯度": 34.856031, "経度": 136.458439, "url": "https://www.iryou.teikyouseido.mhlw.go.jp/znk-web/juminkanja/S2430/initialize?prefCd=24&kikanCd=03070002&kikanKbn=5", "url2": "http://www.myph.jp/suzuran/", "内容": "有限会社すずらん調剤薬局【5:薬局】三重県亀山市東台町１－２０" }, "geometry": { "type": "Point", "coordinates": [ 136.458439, 34.856031 ] } },
{ "type": "Feature", "properties": { "ID": 24503070004, "正式名称": "有限会社イトーファーマシーさかえ薬局", "機関区分": 5, "都道府県コード": 24, "市区町村コード": 210, "所在地": "三重県亀山市栄町１４８７－１４０", "緯度": 34.858232, "経度": 136.468272, "url": "https://www.iryou.teikyouseido.mhlw.go.jp/znk-web/juminkanja/S2430/initialize?prefCd=24&kikanCd=03070004&kikanKbn=5", "url2": "https://www.ito-pharmacy.jp/", "内容": "有限会社イトーファーマシーさかえ薬局【5:薬局】三重県亀山市栄町１４８７－１４０" }, "geometry": { "type": "Point", "coordinates": [ 136.468272, 34.858232 ] } },
{ "type": "Feature", "properties": { "ID": 24503070007, "正式名称": "さくら調剤薬局白子店", "機関区分": 5, "都道府県コード": 24, "市区町村コード": 207, "所在地": "三重県鈴鹿市南江島町１０－２６", "緯度": 34.83781, "経度": 136.591625, "url": "https://www.iryou.teikyouseido.mhlw.go.jp/znk-web/juminkanja/S2430/initialize?prefCd=24&kikanCd=03070007&kikanKbn=5", "url2": null, "内容": "さくら調剤薬局白子店【5:薬局】三重県鈴鹿市南江島町１０－２６" }, "geometry": { "type": "Point", "coordinates": [ 136.591625, 34.83781 ] } },
{ "type": "Feature", "properties": { "ID": 24503080008, "正式名称": "十全薬局", "機関区分": 5, "都道府県コード": 24, "市区町村コード": 210, "所在地": "三重県亀山市東台町２８３－２", "緯度": 34.844108, "経度": 136.454956, "url": "https://www.iryou.teikyouseido.mhlw.go.jp/znk-web/juminkanja/S2430/initialize?prefCd=24&kikanCd=03080008&kikanKbn=5", "url2": "https://juzen-pharmacy.business.site/", "内容": "十全薬局【5:薬局】三重県亀山市東台町２８３－２" }, "geometry": { "type": "Point", "coordinates": [ 136.454956, 34.844108 ] } },
{ "type": "Feature", "properties": { "ID": 24503090002, "正式名称": "サイトウ薬局", "機関区分": 5, "都道府県コード": 24, "市区町村コード": 207, "所在地": "三重県鈴鹿市稲生４丁目１８－２", "緯度": 34.838787, "経度": 136.562955, "url": "https://www.iryou.teikyouseido.mhlw.go.jp/znk-web/juminkanja/S2430/initialize?prefCd=24&kikanCd=03090002&kikanKbn=5", "url2": null, "内容": "サイトウ薬局【5:薬局】三重県鈴鹿市稲生４丁目１８－２" }, "geometry": { "type": "Point", "coordinates": [ 136.562955, 34.838787 ] } },
{ "type": "Feature", "properties": { "ID": 24503090004, "正式名称": "ふたば薬局", "機関区分": 5, "都道府県コード": 24, "市区町村コード": 210, "所在地": "三重県亀山市阿野田町１６７４－７", "緯度": 34.844602, "経度": 136.462984, "url": "https://www.iryou.teikyouseido.mhlw.go.jp/znk-web/juminkanja/S2430/initialize?prefCd=24&kikanCd=03090004&kikanKbn=5", "url2": "http://futaba-pharmacy.jimdo.com/", "内容": "ふたば薬局【5:薬局】三重県亀山市阿野田町１６７４－７" }, "geometry": { "type": "Point", "coordinates": [ 136.462984, 34.844602 ] } },
{ "type": "Feature", "properties": { "ID": 24503090006, "正式名称": "有限会社玉村薬局若松店", "機関区分": 5, "都道府県コード": 24, "市区町村コード": 207, "所在地": "三重県鈴鹿市若松北１丁目３６－２４", "緯度": 34.86765, "経度": 136.617731, "url": "https://www.iryou.teikyouseido.mhlw.go.jp/znk-web/juminkanja/S2430/initialize?prefCd=24&kikanCd=03090006&kikanKbn=5", "url2": null, "内容": "有限会社玉村薬局若松店【5:薬局】三重県鈴鹿市若松北１丁目３６－２４" }, "geometry": { "type": "Point", "coordinates": [ 136.617731, 34.86765 ] } },
{ "type": "Feature", "properties": { "ID": 24503100003, "正式名称": "有限会社うぐいす薬局", "機関区分": 5, "都道府県コード": 24, "市区町村コード": 210, "所在地": "三重県亀山市亀田町３８０－４", "緯度": 34.842178, "経度": 136.452271, "url": "https://www.iryou.teikyouseido.mhlw.go.jp/znk-web/juminkanja/S2430/initialize?prefCd=24&kikanCd=03100003&kikanKbn=5", "url2": null, "内容": "有限会社うぐいす薬局【5:薬局】三重県亀山市亀田町３８０－４" }, "geometry": { "type": "Point", "coordinates": [ 136.452271, 34.842178 ] } },
{ "type": "Feature", "properties": { "ID": 24503110004, "正式名称": "ベル調剤薬局", "機関区分": 5, "都道府県コード": 24, "市区町村コード": 207, "所在地": "三重県鈴鹿市長沢町１００７－２", "緯度": 34.849819, "経度": 136.567939, "url": "https://www.iryou.teikyouseido.mhlw.go.jp/znk-web/juminkanja/S2430/initialize?prefCd=24&kikanCd=03110004&kikanKbn=5", "url2": null, "内容": "ベル調剤薬局【5:薬局】三重県鈴鹿市長沢町１００７－２" }, "geometry": { "type": "Point", "coordinates": [ 136.567939, 34.849819 ] } },
{ "type": "Feature", "properties": { "ID": 24503110007, "正式名称": "あきなが薬局", "機関区分": 5, "都道府県コード": 24, "市区町村コード": 207, "所在地": "三重県鈴鹿市秋永町６３５－３", "緯度": 34.816567, "経度": 136.55318, "url": "https://www.iryou.teikyouseido.mhlw.go.jp/znk-web/juminkanja/S2430/initialize?prefCd=24&kikanCd=03110007&kikanKbn=5", "url2": "https://akinagakampo.com/", "内容": "あきなが薬局【5:薬局】三重県鈴鹿市秋永町６３５－３" }, "geometry": { "type": "Point", "coordinates": [ 136.55318, 34.816567 ] } },
{ "type": "Feature", "properties": { "ID": 24503120002, "正式名称": "ファミリー薬局", "機関区分": 5, "都道府県コード": 24, "市区町村コード": 207, "所在地": "三重県鈴鹿市南江島町９－６", "緯度": 34.838825, "経度": 136.592003, "url": "https://www.iryou.teikyouseido.mhlw.go.jp/znk-web/juminkanja/S2430/initialize?prefCd=24&kikanCd=03120002&kikanKbn=5", "url2": null, "内容": "ファミリー薬局【5:薬局】三重県鈴鹿市南江島町９－６" }, "geometry": { "type": "Point", "coordinates": [ 136.592003, 34.838825 ] } },
{ "type": "Feature", "properties": { "ID": 24503120004, "正式名称": "あたご調剤薬局", "機関区分": 5, "都道府県コード": 24, "市区町村コード": 207, "所在地": "三重県鈴鹿市北江島町１－１２", "緯度": 34.841731, "経度": 136.598042, "url": "https://www.iryou.teikyouseido.mhlw.go.jp/znk-web/juminkanja/S2430/initialize?prefCd=24&kikanCd=03120004&kikanKbn=5", "url2": null, "内容": "あたご調剤薬局【5:薬局】三重県鈴鹿市北江島町１－１２" }, "geometry": { "type": "Point", "coordinates": [ 136.598042, 34.841731 ] } },
{ "type": "Feature", "properties": { "ID": 24503120009, "正式名称": "旭が丘調剤薬局", "機関区分": 5, "都道府県コード": 24, "市区町村コード": 207, "所在地": "三重県鈴鹿市東旭が丘３丁目２－８", "緯度": 34.845383, "経度": 136.577436, "url": "https://www.iryou.teikyouseido.mhlw.go.jp/znk-web/juminkanja/S2430/initialize?prefCd=24&kikanCd=03120009&kikanKbn=5", "url2": "http://suzuka-pharmacy.com/", "内容": "旭が丘調剤薬局【5:薬局】三重県鈴鹿市東旭が丘３丁目２－８" }, "geometry": { "type": "Point", "coordinates": [ 136.577436, 34.845383 ] } },
{ "type": "Feature", "properties": { "ID": 24503130001, "正式名称": "エール調剤薬局　加佐登店", "機関区分": 5, "都道府県コード": 24, "市区町村コード": 207, "所在地": "三重県鈴鹿市加佐登２丁目２０－４８", "緯度": 34.893617, "経度": 136.533044, "url": "https://www.iryou.teikyouseido.mhlw.go.jp/znk-web/juminkanja/S2430/initialize?prefCd=24&kikanCd=03130001&kikanKbn=5", "url2": "http://www.heart-fuji.com", "内容": "エール調剤薬局　加佐登店【5:薬局】三重県鈴鹿市加佐登２丁目２０－４８" }, "geometry": { "type": "Point", "coordinates": [ 136.533044, 34.893617 ] } },
{ "type": "Feature", "properties": { "ID": 24503520013, "正式名称": "トミヤ薬局", "機関区分": 5, "都道府県コード": 24, "市区町村コード": 207, "所在地": "三重県鈴鹿市十宮３丁目２２－２３", "緯度": 34.889689, "経度": 136.579469, "url": "https://www.iryou.teikyouseido.mhlw.go.jp/znk-web/juminkanja/S2430/initialize?prefCd=24&kikanCd=03520013&kikanKbn=5", "url2": null, "内容": "トミヤ薬局【5:薬局】三重県鈴鹿市十宮３丁目２２－２３" }, "geometry": { "type": "Point", "coordinates": [ 136.579469, 34.889689 ] } },
{ "type": "Feature", "properties": { "ID": 24504000004, "正式名称": "チェリー調剤薬局白山店", "機関区分": 5, "都道府県コード": 24, "市区町村コード": 201, "所在地": "三重県津市白山町二本木１１３９－６", "緯度": 34.668697, "経度": 136.371519, "url": "https://www.iryou.teikyouseido.mhlw.go.jp/znk-web/juminkanja/S2430/initialize?prefCd=24&kikanCd=04000004&kikanKbn=5", "url2": "https://www.nichiiko-mie.com/pharmacy/", "内容": "チェリー調剤薬局白山店【5:薬局】三重県津市白山町二本木１１３９－６" }, "geometry": { "type": "Point", "coordinates": [ 136.371519, 34.668697 ] } },
{ "type": "Feature", "properties": { "ID": 24504000011, "正式名称": "たんぽぽ薬局丸之内店", "機関区分": 5, "都道府県コード": 24, "市区町村コード": 201, "所在地": "三重県津市北丸之内１１３番地", "緯度": 34.722568, "経度": 136.509212, "url": "https://www.iryou.teikyouseido.mhlw.go.jp/znk-web/juminkanja/S2430/initialize?prefCd=24&kikanCd=04000011&kikanKbn=5", "url2": "https://www.tanpopo-ph.co.jp/store/marunouchi/", "内容": "たんぽぽ薬局丸之内店【5:薬局】三重県津市北丸之内１１３番地" }, "geometry": { "type": "Point", "coordinates": [ 136.509212, 34.722568 ] } },
{ "type": "Feature", "properties": { "ID": 24504000020, "正式名称": "なの花薬局ちさと店", "機関区分": 5, "都道府県コード": 24, "市区町村コード": 201, "所在地": "三重県津市河芸町東千里字大橋２５９－３", "緯度": 34.800068, "経度": 136.55664, "url": "https://www.iryou.teikyouseido.mhlw.go.jp/znk-web/juminkanja/S2430/initialize?prefCd=24&kikanCd=04000020&kikanKbn=5", "url2": null, "内容": "なの花薬局ちさと店【5:薬局】三重県津市河芸町東千里字大橋２５９－３" }, "geometry": { "type": "Point", "coordinates": [ 136.55664, 34.800068 ] } },
{ "type": "Feature", "properties": { "ID": 24504000021, "正式名称": "一志調剤薬局・中町店", "機関区分": 5, "都道府県コード": 24, "市区町村コード": 201, "所在地": "三重県津市久居中町１７６－２", "緯度": 34.678492, "経度": 136.467305, "url": "https://www.iryou.teikyouseido.mhlw.go.jp/znk-web/juminkanja/S2430/initialize?prefCd=24&kikanCd=04000021&kikanKbn=5", "url2": "http://nfp-ph.com", "内容": "一志調剤薬局・中町店【5:薬局】三重県津市久居中町１７６－２" }, "geometry": { "type": "Point", "coordinates": [ 136.467305, 34.678492 ] } },
{ "type": "Feature", "properties": { "ID": 24504000029, "正式名称": "高野尾薬局", "機関区分": 5, "都道府県コード": 24, "市区町村コード": 201, "所在地": "三重県津市高野尾町１８９０－７８", "緯度": 34.798858, "経度": 136.456153, "url": "https://www.iryou.teikyouseido.mhlw.go.jp/znk-web/juminkanja/S2430/initialize?prefCd=24&kikanCd=04000029&kikanKbn=5", "url2": null, "内容": "高野尾薬局【5:薬局】三重県津市高野尾町１８９０－７８" }, "geometry": { "type": "Point", "coordinates": [ 136.456153, 34.798858 ] } },
{ "type": "Feature", "properties": { "ID": 24504000035, "正式名称": "なの花薬局観音寺店", "機関区分": 5, "都道府県コード": 24, "市区町村コード": 201, "所在地": "三重県津市観音寺町４４５－１５", "緯度": 34.727693, "経度": 136.505188, "url": "https://www.iryou.teikyouseido.mhlw.go.jp/znk-web/juminkanja/S2430/initialize?prefCd=24&kikanCd=04000035&kikanKbn=5", "url2": "https://www.nanohana-ph.jp", "内容": "なの花薬局観音寺店【5:薬局】三重県津市観音寺町４４５－１５" }, "geometry": { "type": "Point", "coordinates": [ 136.505188, 34.727693 ] } },
{ "type": "Feature", "properties": { "ID": 24504000036, "正式名称": "たんぽぽ薬局河芸店", "機関区分": 5, "都道府県コード": 24, "市区町村コード": 201, "所在地": "三重県津市河芸町東千里７－２、１６－２", "緯度": 34.80276, "経度": 136.551877, "url": "https://www.iryou.teikyouseido.mhlw.go.jp/znk-web/juminkanja/S2430/initialize?prefCd=24&kikanCd=04000036&kikanKbn=5", "url2": "https://www.tanpopo-ph.co.jp/store/kawage/", "内容": "たんぽぽ薬局河芸店【5:薬局】三重県津市河芸町東千里７－２、１６－２" }, "geometry": { "type": "Point", "coordinates": [ 136.551877, 34.80276 ] } },
{ "type": "Feature", "properties": { "ID": 24504000037, "正式名称": "メディモ調剤薬局", "機関区分": 5, "都道府県コード": 24, "市区町村コード": 201, "所在地": "三重県津市一身田上津部田１８１７", "緯度": 34.74811, "経度": 136.501555, "url": "https://www.iryou.teikyouseido.mhlw.go.jp/znk-web/juminkanja/S2430/initialize?prefCd=24&kikanCd=04000037&kikanKbn=5", "url2": "medhimo-ph.com", "内容": "メディモ調剤薬局【5:薬局】三重県津市一身田上津部田１８１７" }, "geometry": { "type": "Point", "coordinates": [ 136.501555, 34.74811 ] } },
{ "type": "Feature", "properties": { "ID": 24504000038, "正式名称": "旭薬局", "機関区分": 5, "都道府県コード": 24, "市区町村コード": 201, "所在地": "三重県津市芸濃町林３５６－１", "緯度": 34.827447, "経度": 136.419753, "url": "https://www.iryou.teikyouseido.mhlw.go.jp/znk-web/juminkanja/S2430/initialize?prefCd=24&kikanCd=04000038&kikanKbn=5", "url2": null, "内容": "旭薬局【5:薬局】三重県津市芸濃町林３５６－１" }, "geometry": { "type": "Point", "coordinates": [ 136.419753, 34.827447 ] } },
{ "type": "Feature", "properties": { "ID": 24504000046, "正式名称": "たんぽぽ薬局久居店", "機関区分": 5, "都道府県コード": 24, "市区町村コード": 201, "所在地": "三重県津市久居新町３００６　ポルタひさい２階", "緯度": 34.674781, "経度": 136.476833, "url": "https://www.iryou.teikyouseido.mhlw.go.jp/znk-web/juminkanja/S2430/initialize?prefCd=24&kikanCd=04000046&kikanKbn=5", "url2": null, "内容": "たんぽぽ薬局久居店【5:薬局】三重県津市久居新町３００６　ポルタひさい２階" }, "geometry": { "type": "Point", "coordinates": [ 136.476833, 34.674781 ] } },
{ "type": "Feature", "properties": { "ID": 24504000051, "正式名称": "こころ調剤薬局", "機関区分": 5, "都道府県コード": 24, "市区町村コード": 201, "所在地": "三重県津市芸濃町椋本５０６９番７", "緯度": 34.812439, "経度": 136.428934, "url": "https://www.iryou.teikyouseido.mhlw.go.jp/znk-web/juminkanja/S2430/initialize?prefCd=24&kikanCd=04000051&kikanKbn=5", "url2": "https://www.mediheart1800.com/", "内容": "こころ調剤薬局【5:薬局】三重県津市芸濃町椋本５０６９番７" }, "geometry": { "type": "Point", "coordinates": [ 136.428934, 34.812439 ] } },
{ "type": "Feature", "properties": { "ID": 24504000052, "正式名称": "千里薬局", "機関区分": 5, "都道府県コード": 24, "市区町村コード": 201, "所在地": "三重県津市河芸町東千里１１３－３", "緯度": 34.799369, "経度": 136.555644, "url": "https://www.iryou.teikyouseido.mhlw.go.jp/znk-web/juminkanja/S2430/initialize?prefCd=24&kikanCd=04000052&kikanKbn=5", "url2": "https://www.trinitygroup.co.jp/i/company/", "内容": "千里薬局【5:薬局】三重県津市河芸町東千里１１３－３" }, "geometry": { "type": "Point", "coordinates": [ 136.555644, 34.799369 ] } },
{ "type": "Feature", "properties": { "ID": 24504000053, "正式名称": "なの花薬局井戸山店", "機関区分": 5, "都道府県コード": 24, "市区町村コード": 201, "所在地": "三重県津市久居井戸山町７５１番地１１", "緯度": 34.668819, "経度": 136.482864, "url": "https://www.iryou.teikyouseido.mhlw.go.jp/znk-web/juminkanja/S2430/initialize?prefCd=24&kikanCd=04000053&kikanKbn=5", "url2": "https://www.nanohana-ph.jp/", "内容": "なの花薬局井戸山店【5:薬局】三重県津市久居井戸山町７５１番地１１" }, "geometry": { "type": "Point", "coordinates": [ 136.482864, 34.668819 ] } },
{ "type": "Feature", "properties": { "ID": 24504000056, "正式名称": "スギ薬局　白塚店", "機関区分": 5, "都道府県コード": 24, "市区町村コード": 201, "所在地": "三重県津市栗真小川町字沢４４５番地ＳＥＮＯＰＡＲＫ津内", "緯度": 34.76928, "経度": 136.52815, "url": "https://www.iryou.teikyouseido.mhlw.go.jp/znk-web/juminkanja/S2430/initialize?prefCd=24&kikanCd=04000056&kikanKbn=5", "url2": "http://www.drug-sugi.co.jp", "内容": "スギ薬局　白塚店【5:薬局】三重県津市栗真小川町字沢４４５番地ＳＥＮＯＰＡＲＫ津内" }, "geometry": { "type": "Point", "coordinates": [ 136.52815, 34.76928 ] } },
{ "type": "Feature", "properties": { "ID": 24504000058, "正式名称": "スギ薬局芸濃店", "機関区分": 5, "都道府県コード": 24, "市区町村コード": 201, "所在地": "三重県津市芸濃町萩野３３７４－４", "緯度": 34.793978, "経度": 136.438163, "url": "https://www.iryou.teikyouseido.mhlw.go.jp/znk-web/juminkanja/S2430/initialize?prefCd=24&kikanCd=04000058&kikanKbn=5", "url2": "https://www.sugi-net.jp/stores/000128", "内容": "スギ薬局芸濃店【5:薬局】三重県津市芸濃町萩野３３７４－４" }, "geometry": { "type": "Point", "coordinates": [ 136.438163, 34.793978 ] } },
{ "type": "Feature", "properties": { "ID": 24504000059, "正式名称": "スギ薬局津新町店", "機関区分": 5, "都道府県コード": 24, "市区町村コード": 201, "所在地": "三重県津市新町１丁目１０番２３号", "緯度": 34.717312, "経度": 136.497895, "url": "https://www.iryou.teikyouseido.mhlw.go.jp/znk-web/juminkanja/S2430/initialize?prefCd=24&kikanCd=04000059&kikanKbn=5", "url2": "http://www.drug-sugi.co.jp/", "内容": "スギ薬局津新町店【5:薬局】三重県津市新町１丁目１０番２３号" }, "geometry": { "type": "Point", "coordinates": [ 136.497895, 34.717312 ] } },
{ "type": "Feature", "properties": { "ID": 24504000060, "正式名称": "スギ薬局久居インターガーデン店", "機関区分": 5, "都道府県コード": 24, "市区町村コード": 201, "所在地": "三重県津市久居明神町字風早２５２２", "緯度": 34.683565, "経度": 136.466799, "url": "https://www.iryou.teikyouseido.mhlw.go.jp/znk-web/juminkanja/S2430/initialize?prefCd=24&kikanCd=04000060&kikanKbn=5", "url2": "http://www.drug-sugi.co.jp/", "内容": "スギ薬局久居インターガーデン店【5:薬局】三重県津市久居明神町字風早２５２２" }, "geometry": { "type": "Point", "coordinates": [ 136.466799, 34.683565 ] } },
{ "type": "Feature", "properties": { "ID": 24504000061, "正式名称": "スギ薬局城山店", "機関区分": 5, "都道府県コード": 24, "市区町村コード": 201, "所在地": "三重県津市城山１丁目１６－３１", "緯度": 34.676753, "経度": 136.504957, "url": "https://www.iryou.teikyouseido.mhlw.go.jp/znk-web/juminkanja/S2430/initialize?prefCd=24&kikanCd=04000061&kikanKbn=5", "url2": "http://www.drug-sugi.co.jp", "内容": "スギ薬局城山店【5:薬局】三重県津市城山１丁目１６－３１" }, "geometry": { "type": "Point", "coordinates": [ 136.504957, 34.676753 ] } },
{ "type": "Feature", "properties": { "ID": 24504000062, "正式名称": "スギ薬局　藤方店", "機関区分": 5, "都道府県コード": 24, "市区町村コード": 201, "所在地": "三重県津市藤方１９２０番地", "緯度": 34.69386, "経度": 136.51284, "url": "https://www.iryou.teikyouseido.mhlw.go.jp/znk-web/juminkanja/S2430/initialize?prefCd=24&kikanCd=04000062&kikanKbn=5", "url2": "http://www.drug-sugi.co..jp/", "内容": "スギ薬局　藤方店【5:薬局】三重県津市藤方１９２０番地" }, "geometry": { "type": "Point", "coordinates": [ 136.51284, 34.69386 ] } },
{ "type": "Feature", "properties": { "ID": 24504000063, "正式名称": "健やか薬局　久居みゆき店", "機関区分": 5, "都道府県コード": 24, "市区町村コード": 201, "所在地": "三重県津市戸木町５０５８", "緯度": 34.679353, "経度": 136.445874, "url": "https://www.iryou.teikyouseido.mhlw.go.jp/znk-web/juminkanja/S2430/initialize?prefCd=24&kikanCd=04000063&kikanKbn=5", "url2": "https://mie-link.com", "内容": "健やか薬局　久居みゆき店【5:薬局】三重県津市戸木町５０５８" }, "geometry": { "type": "Point", "coordinates": [ 136.445874, 34.679353 ] } },
{ "type": "Feature", "properties": { "ID": 24504000064, "正式名称": "スギ薬局　久居新町店", "機関区分": 5, "都道府県コード": 24, "市区町村コード": 201, "所在地": "三重県津市久居新町２８６０", "緯度": 34.682741, "経度": 136.483217, "url": "https://www.iryou.teikyouseido.mhlw.go.jp/znk-web/juminkanja/S2430/initialize?prefCd=24&kikanCd=04000064&kikanKbn=5", "url2": "http://www.drug-sugi.co.jp/", "内容": "スギ薬局　久居新町店【5:薬局】三重県津市久居新町２８６０" }, "geometry": { "type": "Point", "coordinates": [ 136.483217, 34.682741 ] } },
{ "type": "Feature", "properties": { "ID": 24504000067, "正式名称": "むくもと薬局", "機関区分": 5, "都道府県コード": 24, "市区町村コード": 201, "所在地": "三重県津市芸濃町椋本９０６－６", "緯度": 34.806247, "経度": 136.425718, "url": "https://www.iryou.teikyouseido.mhlw.go.jp/znk-web/juminkanja/S2430/initialize?prefCd=24&kikanCd=04000067&kikanKbn=5", "url2": "https://www.medical-wings.com/", "内容": "むくもと薬局【5:薬局】三重県津市芸濃町椋本９０６－６" }, "geometry": { "type": "Point", "coordinates": [ 136.425718, 34.806247 ] } },
{ "type": "Feature", "properties": { "ID": 24504000069, "正式名称": "コスモス薬局南が丘店", "機関区分": 5, "都道府県コード": 24, "市区町村コード": 201, "所在地": "三重県津市垂水２８７１－８", "緯度": 34.696647, "経度": 136.498858, "url": "https://www.iryou.teikyouseido.mhlw.go.jp/znk-web/juminkanja/S2430/initialize?prefCd=24&kikanCd=04000069&kikanKbn=5", "url2": "https://cosmospharma.com/", "内容": "コスモス薬局南が丘店【5:薬局】三重県津市垂水２８７１－８" }, "geometry": { "type": "Point", "coordinates": [ 136.498858, 34.696647 ] } },
{ "type": "Feature", "properties": { "ID": 24504000070, "正式名称": "日本調剤三重大前薬局", "機関区分": 5, "都道府県コード": 24, "市区町村コード": 201, "所在地": "三重県津市江戸橋１丁目１２５", "緯度": 34.74314, "経度": 136.519482, "url": "https://www.iryou.teikyouseido.mhlw.go.jp/znk-web/juminkanja/S2430/initialize?prefCd=24&kikanCd=04000070&kikanKbn=5", "url2": "https://www.nicho.co.jp/tenpo/miedaimae/", "内容": "日本調剤三重大前薬局【5:薬局】三重県津市江戸橋１丁目１２５" }, "geometry": { "type": "Point", "coordinates": [ 136.519482, 34.74314 ] } },
{ "type": "Feature", "properties": { "ID": 24504000074, "正式名称": "コスモス薬局なぎさ店", "機関区分": 5, "都道府県コード": 24, "市区町村コード": 201, "所在地": "三重県津市海岸町５－１０", "緯度": 34.716494, "経度": 136.520542, "url": "https://www.iryou.teikyouseido.mhlw.go.jp/znk-web/juminkanja/S2430/initialize?prefCd=24&kikanCd=04000074&kikanKbn=5", "url2": "https://cosmospharma.com", "内容": "コスモス薬局なぎさ店【5:薬局】三重県津市海岸町５－１０" }, "geometry": { "type": "Point", "coordinates": [ 136.520542, 34.716494 ] } },
{ "type": "Feature", "properties": { "ID": 24504000075, "正式名称": "津新町調剤薬局", "機関区分": 5, "都道府県コード": 24, "市区町村コード": 201, "所在地": "三重県津市新町１丁目１０－４", "緯度": 34.717647, "経度": 136.497858, "url": "https://www.iryou.teikyouseido.mhlw.go.jp/znk-web/juminkanja/S2430/initialize?prefCd=24&kikanCd=04000075&kikanKbn=5", "url2": "http://nfp-ph.com/dp/shinmachi.html", "内容": "津新町調剤薬局【5:薬局】三重県津市新町１丁目１０－４" }, "geometry": { "type": "Point", "coordinates": [ 136.497858, 34.717647 ] } },
{ "type": "Feature", "properties": { "ID": 24504000077, "正式名称": "セイムス三重大前薬局", "機関区分": 5, "都道府県コード": 24, "市区町村コード": 201, "所在地": "三重県津市江戸橋１丁目１２６番地１", "緯度": 34.74285, "経度": 136.519633, "url": "https://www.iryou.teikyouseido.mhlw.go.jp/znk-web/juminkanja/S2430/initialize?prefCd=24&kikanCd=04000077&kikanKbn=5", "url2": "https://www.tokai-seims.co.jp/", "内容": "セイムス三重大前薬局【5:薬局】三重県津市江戸橋１丁目１２６番地１" }, "geometry": { "type": "Point", "coordinates": [ 136.519633, 34.74285 ] } },
{ "type": "Feature", "properties": { "ID": 24504000078, "正式名称": "セイムス芸濃椋本薬局", "機関区分": 5, "都道府県コード": 24, "市区町村コード": 201, "所在地": "三重県津市芸濃町椋本２９３３", "緯度": 34.807308, "経度": 136.442214, "url": "https://www.iryou.teikyouseido.mhlw.go.jp/znk-web/juminkanja/S2430/initialize?prefCd=24&kikanCd=04000078&kikanKbn=5", "url2": "https://www.tokai-seims.co.jp/", "内容": "セイムス芸濃椋本薬局【5:薬局】三重県津市芸濃町椋本２９３３" }, "geometry": { "type": "Point", "coordinates": [ 136.442214, 34.807308 ] } },
{ "type": "Feature", "properties": { "ID": 24504000080, "正式名称": "スズキ薬局", "機関区分": 5, "都道府県コード": 24, "市区町村コード": 201, "所在地": "三重県津市雲出本郷町１９０４－２", "緯度": 34.665297, "経度": 136.51745, "url": "https://www.iryou.teikyouseido.mhlw.go.jp/znk-web/juminkanja/S2430/initialize?prefCd=24&kikanCd=04000080&kikanKbn=5", "url2": null, "内容": "スズキ薬局【5:薬局】三重県津市雲出本郷町１９０４－２" }, "geometry": { "type": "Point", "coordinates": [ 136.51745, 34.665297 ] } },
{ "type": "Feature", "properties": { "ID": 24504000081, "正式名称": "ローレル薬局", "機関区分": 5, "都道府県コード": 24, "市区町村コード": 201, "所在地": "三重県津市大園町２４番地５６", "緯度": 34.715096, "経度": 136.491052, "url": "https://www.iryou.teikyouseido.mhlw.go.jp/znk-web/juminkanja/S2430/initialize?prefCd=24&kikanCd=04000081&kikanKbn=5", "url2": null, "内容": "ローレル薬局【5:薬局】三重県津市大園町２４番地５６" }, "geometry": { "type": "Point", "coordinates": [ 136.491052, 34.715096 ] } },
{ "type": "Feature", "properties": { "ID": 24504000082, "正式名称": "西が丘薬局", "機関区分": 5, "都道府県コード": 24, "市区町村コード": 201, "所在地": "三重県津市観音寺町７９９－７", "緯度": 34.736834, "経度": 136.501461, "url": "https://www.iryou.teikyouseido.mhlw.go.jp/znk-web/juminkanja/S2430/initialize?prefCd=24&kikanCd=04000082&kikanKbn=5", "url2": "http//nfp-ph.com/dp/nishigaoka.htm", "内容": "西が丘薬局【5:薬局】三重県津市観音寺町７９９－７" }, "geometry": { "type": "Point", "coordinates": [ 136.501461, 34.736834 ] } },
{ "type": "Feature", "properties": { "ID": 24504000083, "正式名称": "コスモス薬局本店", "機関区分": 5, "都道府県コード": 24, "市区町村コード": 201, "所在地": "三重県津市野田３３－５", "緯度": 34.722731, "経度": 136.468419, "url": "https://www.iryou.teikyouseido.mhlw.go.jp/znk-web/juminkanja/S2430/initialize?prefCd=24&kikanCd=04000083&kikanKbn=5", "url2": "https://cosmospharma.com/", "内容": "コスモス薬局本店【5:薬局】三重県津市野田３３－５" }, "geometry": { "type": "Point", "coordinates": [ 136.468419, 34.722731 ] } },
{ "type": "Feature", "properties": { "ID": 24504000085, "正式名称": "一志調剤薬局・新町店", "機関区分": 5, "都道府県コード": 24, "市区町村コード": 201, "所在地": "三重県津市久居新町６１１－６", "緯度": 34.678799, "経度": 136.474739, "url": "https://www.iryou.teikyouseido.mhlw.go.jp/znk-web/juminkanja/S2430/initialize?prefCd=24&kikanCd=04000085&kikanKbn=5", "url2": "https://nfp-ph.com/i_shinmachi/", "内容": "一志調剤薬局・新町店【5:薬局】三重県津市久居新町６１１－６" }, "geometry": { "type": "Point", "coordinates": [ 136.474739, 34.678799 ] } },
{ "type": "Feature", "properties": { "ID": 24504000086, "正式名称": "杜の街調剤薬局", "機関区分": 5, "都道府県コード": 24, "市区町村コード": 201, "所在地": "三重県津市河芸町杜の街一丁目１番６", "緯度": 34.806202, "経度": 136.537504, "url": "https://www.iryou.teikyouseido.mhlw.go.jp/znk-web/juminkanja/S2430/initialize?prefCd=24&kikanCd=04000086&kikanKbn=5", "url2": null, "内容": "杜の街調剤薬局【5:薬局】三重県津市河芸町杜の街一丁目１番６" }, "geometry": { "type": "Point", "coordinates": [ 136.537504, 34.806202 ] } },
{ "type": "Feature", "properties": { "ID": 24504000088, "正式名称": "一志調剤薬局・久居駅前店", "機関区分": 5, "都道府県コード": 24, "市区町村コード": 201, "所在地": "三重県津市久居新町７６７－２７", "緯度": 34.674926, "経度": 136.475311, "url": "https://www.iryou.teikyouseido.mhlw.go.jp/znk-web/juminkanja/S2430/initialize?prefCd=24&kikanCd=04000088&kikanKbn=5", "url2": "https://nfp-ph.com", "内容": "一志調剤薬局・久居駅前店【5:薬局】三重県津市久居新町７６７－２７" }, "geometry": { "type": "Point", "coordinates": [ 136.475311, 34.674926 ] } },
{ "type": "Feature", "properties": { "ID": 24504000089, "正式名称": "なの花薬局河芸店", "機関区分": 5, "都道府県コード": 24, "市区町村コード": 201, "所在地": "三重県津市河芸町中別保３１４－４", "緯度": 34.787077, "経度": 136.542574, "url": "https://www.iryou.teikyouseido.mhlw.go.jp/znk-web/juminkanja/S2430/initialize?prefCd=24&kikanCd=04000089&kikanKbn=5", "url2": "https://www.nanohana-ph.jp", "内容": "なの花薬局河芸店【5:薬局】三重県津市河芸町中別保３１４－４" }, "geometry": { "type": "Point", "coordinates": [ 136.542574, 34.787077 ] } },
{ "type": "Feature", "properties": { "ID": 24504000091, "正式名称": "イオン薬局久居店", "機関区分": 5, "都道府県コード": 24, "市区町村コード": 201, "所在地": "三重県津市久居明神町風早２６６０", "緯度": 34.684147, "経度": 136.463173, "url": "https://www.iryou.teikyouseido.mhlw.go.jp/znk-web/juminkanja/S2430/initialize?prefCd=24&kikanCd=04000091&kikanKbn=5", "url2": null, "内容": "イオン薬局久居店【5:薬局】三重県津市久居明神町風早２６６０" }, "geometry": { "type": "Point", "coordinates": [ 136.463173, 34.684147 ] } },
{ "type": "Feature", "properties": { "ID": 24504000092, "正式名称": "スギ薬局　高茶屋店", "機関区分": 5, "都道府県コード": 24, "市区町村コード": 201, "所在地": "三重県津市高茶屋小森町字竹縄１４０番地", "緯度": 34.668922, "経度": 136.516719, "url": "https://www.iryou.teikyouseido.mhlw.go.jp/znk-web/juminkanja/S2430/initialize?prefCd=24&kikanCd=04000092&kikanKbn=5", "url2": "http://www.drug-sugi.co.jp/", "内容": "スギ薬局　高茶屋店【5:薬局】三重県津市高茶屋小森町字竹縄１４０番地" }, "geometry": { "type": "Point", "coordinates": [ 136.516719, 34.668922 ] } },
{ "type": "Feature", "properties": { "ID": 24504000093, "正式名称": "さくら薬局　津市南が丘店", "機関区分": 5, "都道府県コード": 24, "市区町村コード": 201, "所在地": "三重県津市垂水２７９７－９", "緯度": 34.692278, "経度": 136.504887, "url": "https://www.iryou.teikyouseido.mhlw.go.jp/znk-web/juminkanja/S2430/initialize?prefCd=24&kikanCd=04000093&kikanKbn=5", "url2": "http:www.kraft-net.co.jp/sakura/store/3610", "内容": "さくら薬局　津市南が丘店【5:薬局】三重県津市垂水２７９７－９" }, "geometry": { "type": "Point", "coordinates": [ 136.504887, 34.692278 ] } },
{ "type": "Feature", "properties": { "ID": 24504000096, "正式名称": "おだ調剤薬局山の手店", "機関区分": 5, "都道府県コード": 24, "市区町村コード": 201, "所在地": "三重県津市一身田上津部田１３３７－１０", "緯度": 34.740749, "経度": 136.501083, "url": "https://www.iryou.teikyouseido.mhlw.go.jp/znk-web/juminkanja/S2430/initialize?prefCd=24&kikanCd=04000096&kikanKbn=5", "url2": null, "内容": "おだ調剤薬局山の手店【5:薬局】三重県津市一身田上津部田１３３７－１０" }, "geometry": { "type": "Point", "coordinates": [ 136.501083, 34.740749 ] } },
{ "type": "Feature", "properties": { "ID": 24504000097, "正式名称": "三重調剤薬局　河芸店", "機関区分": 5, "都道府県コード": 24, "市区町村コード": 201, "所在地": "三重県津市河芸町浜田６８８－８", "緯度": 34.784323, "経度": 136.532087, "url": "https://www.iryou.teikyouseido.mhlw.go.jp/znk-web/juminkanja/S2430/initialize?prefCd=24&kikanCd=04000097&kikanKbn=5", "url2": "http://www.myph.jp/mie_pharmacy/pc/", "内容": "三重調剤薬局　河芸店【5:薬局】三重県津市河芸町浜田６８８－８" }, "geometry": { "type": "Point", "coordinates": [ 136.532087, 34.784323 ] } },
{ "type": "Feature", "properties": { "ID": 24504000098, "正式名称": "コスモス薬局大門フェニックス店", "機関区分": 5, "都道府県コード": 24, "市区町村コード": 201, "所在地": "三重県津市大門１－９", "緯度": 34.717686, "経度": 136.514767, "url": "https://www.iryou.teikyouseido.mhlw.go.jp/znk-web/juminkanja/S2430/initialize?prefCd=24&kikanCd=04000098&kikanKbn=5", "url2": "https://cosmospharma.com/", "内容": "コスモス薬局大門フェニックス店【5:薬局】三重県津市大門１－９" }, "geometry": { "type": "Point", "coordinates": [ 136.514767, 34.717686 ] } },
{ "type": "Feature", "properties": { "ID": 24504000099, "正式名称": "槇の木薬局", "機関区分": 5, "都道府県コード": 24, "市区町村コード": 201, "所在地": "三重県津市久居野村町３１４－１", "緯度": 34.673362, "経度": 136.485557, "url": "https://www.iryou.teikyouseido.mhlw.go.jp/znk-web/juminkanja/S2430/initialize?prefCd=24&kikanCd=04000099&kikanKbn=5", "url2": "https://makinokipharm.exblog.jp", "内容": "槇の木薬局【5:薬局】三重県津市久居野村町３１４－１" }, "geometry": { "type": "Point", "coordinates": [ 136.485557, 34.673362 ] } },
{ "type": "Feature", "properties": { "ID": 24504000100, "正式名称": "ココカラファイン薬局　垂水店", "機関区分": 5, "都道府県コード": 24, "市区町村コード": 201, "所在地": "三重県津市津興２９００－１", "緯度": 34.700816, "経度": 136.510395, "url": "https://www.iryou.teikyouseido.mhlw.go.jp/znk-web/juminkanja/S2430/initialize?prefCd=24&kikanCd=04000100&kikanKbn=5", "url2": null, "内容": "ココカラファイン薬局　垂水店【5:薬局】三重県津市津興２９００－１" }, "geometry": { "type": "Point", "coordinates": [ 136.510395, 34.700816 ] } },
{ "type": "Feature", "properties": { "ID": 24504000102, "正式名称": "ジップドラッグ千里薬局", "機関区分": 5, "都道府県コード": 24, "市区町村コード": 201, "所在地": "三重県津市河芸町西千里２７５－１", "緯度": 34.803831, "経度": 136.552656, "url": "https://www.iryou.teikyouseido.mhlw.go.jp/znk-web/juminkanja/S2430/initialize?prefCd=24&kikanCd=04000102&kikanKbn=5", "url2": "https://www.matsukiyococokara.com/", "内容": "ジップドラッグ千里薬局【5:薬局】三重県津市河芸町西千里２７５－１" }, "geometry": { "type": "Point", "coordinates": [ 136.552656, 34.803831 ] } },
{ "type": "Feature", "properties": { "ID": 24504000105, "正式名称": "こうなん薬局", "機関区分": 5, "都道府県コード": 24, "市区町村コード": 201, "所在地": "三重県津市香良洲町１８７４－４", "緯度": 34.644158, "経度": 136.540053, "url": "https://www.iryou.teikyouseido.mhlw.go.jp/znk-web/juminkanja/S2430/initialize?prefCd=24&kikanCd=04000105&kikanKbn=5", "url2": "https://www.konan-pharmacy.jp/", "内容": "こうなん薬局【5:薬局】三重県津市香良洲町１８７４－４" }, "geometry": { "type": "Point", "coordinates": [ 136.540053, 34.644158 ] } },
{ "type": "Feature", "properties": { "ID": 24504000111, "正式名称": "コスモス薬局つおき店", "機関区分": 5, "都道府県コード": 24, "市区町村コード": 201, "所在地": "三重県津市三重町津興４３３－２２８", "緯度": 34.710739, "経度": 136.517305, "url": "https://www.iryou.teikyouseido.mhlw.go.jp/znk-web/juminkanja/S2430/initialize?prefCd=24&kikanCd=04000111&kikanKbn=5", "url2": "https://cosmospharma.com/", "内容": "コスモス薬局つおき店【5:薬局】三重県津市三重町津興４３３－２２８" }, "geometry": { "type": "Point", "coordinates": [ 136.517305, 34.710739 ] } },
{ "type": "Feature", "properties": { "ID": 24504000112, "正式名称": "つおき薬局", "機関区分": 5, "都道府県コード": 24, "市区町村コード": 201, "所在地": "三重県津市津興字四ツ辻２９１３－４", "緯度": 34.700748, "経度": 136.510856, "url": "https://www.iryou.teikyouseido.mhlw.go.jp/znk-web/juminkanja/S2430/initialize?prefCd=24&kikanCd=04000112&kikanKbn=5", "url2": "https://www.pt-pharma.com/shop/31/", "内容": "つおき薬局【5:薬局】三重県津市津興字四ツ辻２９１３－４" }, "geometry": { "type": "Point", "coordinates": [ 136.510856, 34.700748 ] } },
{ "type": "Feature", "properties": { "ID": 24504000113, "正式名称": "健やか薬局美里やまびこ店", "機関区分": 5, "都道府県コード": 24, "市区町村コード": 201, "所在地": "三重県津市美里町足坂字石田１６５－２", "緯度": 34.716312, "経度": 136.395762, "url": "https://www.iryou.teikyouseido.mhlw.go.jp/znk-web/juminkanja/S2430/initialize?prefCd=24&kikanCd=04000113&kikanKbn=5", "url2": "https://mie-link.com", "内容": "健やか薬局美里やまびこ店【5:薬局】三重県津市美里町足坂字石田１６５－２" }, "geometry": { "type": "Point", "coordinates": [ 136.395762, 34.716312 ] } },
{ "type": "Feature", "properties": { "ID": 24504000115, "正式名称": "はね調剤薬局　修成店", "機関区分": 5, "都道府県コード": 24, "市区町村コード": 201, "所在地": "三重県津市修成町１－１９", "緯度": 34.709444, "経度": 136.505106, "url": "https://www.iryou.teikyouseido.mhlw.go.jp/znk-web/juminkanja/S2430/initialize?prefCd=24&kikanCd=04000115&kikanKbn=5", "url2": null, "内容": "はね調剤薬局　修成店【5:薬局】三重県津市修成町１－１９" }, "geometry": { "type": "Point", "coordinates": [ 136.505106, 34.709444 ] } },
{ "type": "Feature", "properties": { "ID": 24504000116, "正式名称": "はね調剤薬局", "機関区分": 5, "都道府県コード": 24, "市区町村コード": 201, "所在地": "三重県津市片田志袋町４８７－４", "緯度": 34.713805, "経度": 136.446492, "url": "https://www.iryou.teikyouseido.mhlw.go.jp/znk-web/juminkanja/S2430/initialize?prefCd=24&kikanCd=04000116&kikanKbn=5", "url2": null, "内容": "はね調剤薬局【5:薬局】三重県津市片田志袋町４８７－４" }, "geometry": { "type": "Point", "coordinates": [ 136.446492, 34.713805 ] } },
{ "type": "Feature", "properties": { "ID": 24504000117, "正式名称": "コスモス薬局丸の内店", "機関区分": 5, "都道府県コード": 24, "市区町村コード": 201, "所在地": "三重県津市東丸之内２１－７", "緯度": 34.717678, "経度": 136.510503, "url": "https://www.iryou.teikyouseido.mhlw.go.jp/znk-web/juminkanja/S2430/initialize?prefCd=24&kikanCd=04000117&kikanKbn=5", "url2": "https://cosmospharma.com/", "内容": "コスモス薬局丸の内店【5:薬局】三重県津市東丸之内２１－７" }, "geometry": { "type": "Point", "coordinates": [ 136.510503, 34.717678 ] } },
{ "type": "Feature", "properties": { "ID": 24504000119, "正式名称": "クスリのアオキ津河芸薬局", "機関区分": 5, "都道府県コード": 24, "市区町村コード": 201, "所在地": "三重県津市河芸町東千里５４", "緯度": 34.802118, "経度": 136.555312, "url": "https://www.iryou.teikyouseido.mhlw.go.jp/znk-web/juminkanja/S2430/initialize?prefCd=24&kikanCd=04000119&kikanKbn=5", "url2": "https://www.kusuri-aoki.co.jp/", "内容": "クスリのアオキ津河芸薬局【5:薬局】三重県津市河芸町東千里５４" }, "geometry": { "type": "Point", "coordinates": [ 136.555312, 34.802118 ] } },
{ "type": "Feature", "properties": { "ID": 24504000123, "正式名称": "たんぽぽ薬局遠山病院前店", "機関区分": 5, "都道府県コード": 24, "市区町村コード": 201, "所在地": "三重県津市南新町８－２８", "緯度": 34.713459, "経度": 136.498365, "url": "https://www.iryou.teikyouseido.mhlw.go.jp/znk-web/juminkanja/S2430/initialize?prefCd=24&kikanCd=04000123&kikanKbn=5", "url2": "https://www.tanpopo-ph.co.jp/", "内容": "たんぽぽ薬局遠山病院前店【5:薬局】三重県津市南新町８－２８" }, "geometry": { "type": "Point", "coordinates": [ 136.498365, 34.713459 ] } },
{ "type": "Feature", "properties": { "ID": 24504000125, "正式名称": "健やか薬局　高野尾店", "機関区分": 5, "都道府県コード": 24, "市区町村コード": 201, "所在地": "三重県津市高野尾町６３３－１０５", "緯度": 34.786508, "経度": 136.469964, "url": "https://www.iryou.teikyouseido.mhlw.go.jp/znk-web/juminkanja/S2430/initialize?prefCd=24&kikanCd=04000125&kikanKbn=5", "url2": "https://mie-link.com", "内容": "健やか薬局　高野尾店【5:薬局】三重県津市高野尾町６３３－１０５" }, "geometry": { "type": "Point", "coordinates": [ 136.469964, 34.786508 ] } },
{ "type": "Feature", "properties": { "ID": 24504000127, "正式名称": "アクア薬局江戸橋駅前店", "機関区分": 5, "都道府県コード": 24, "市区町村コード": 201, "所在地": "三重県津市上浜町５－５８", "緯度": 34.744335, "経度": 136.512307, "url": "https://www.iryou.teikyouseido.mhlw.go.jp/znk-web/juminkanja/S2430/initialize?prefCd=24&kikanCd=04000127&kikanKbn=5", "url2": "http://aquamedical.net", "内容": "アクア薬局江戸橋駅前店【5:薬局】三重県津市上浜町５－５８" }, "geometry": { "type": "Point", "coordinates": [ 136.512307, 34.744335 ] } },
{ "type": "Feature", "properties": { "ID": 24504000128, "正式名称": "ウエルシア薬局津久居中町店", "機関区分": 5, "都道府県コード": 24, "市区町村コード": 201, "所在地": "三重県津市久居中町２６３－１", "緯度": 34.67761, "経度": 136.468675, "url": "https://www.iryou.teikyouseido.mhlw.go.jp/znk-web/juminkanja/S2430/initialize?prefCd=24&kikanCd=04000128&kikanKbn=5", "url2": "https://www.welcia-yakkyoku.co.jp/", "内容": "ウエルシア薬局津久居中町店【5:薬局】三重県津市久居中町２６３－１" }, "geometry": { "type": "Point", "coordinates": [ 136.468675, 34.67761 ] } },
{ "type": "Feature", "properties": { "ID": 24504000129, "正式名称": "ハーモニー薬局", "機関区分": 5, "都道府県コード": 24, "市区町村コード": 201, "所在地": "三重県津市河芸町東千里２７－２", "緯度": 34.803103, "経度": 136.552865, "url": "https://www.iryou.teikyouseido.mhlw.go.jp/znk-web/juminkanja/S2430/initialize?prefCd=24&kikanCd=04000129&kikanKbn=5", "url2": null, "内容": "ハーモニー薬局【5:薬局】三重県津市河芸町東千里２７－２" }, "geometry": { "type": "Point", "coordinates": [ 136.552865, 34.803103 ] } },
{ "type": "Feature", "properties": { "ID": 24504000130, "正式名称": "コスモス薬局　津城山店", "機関区分": 5, "都道府県コード": 24, "市区町村コード": 201, "所在地": "三重県津市城山３丁目４番２６号", "緯度": 34.677114, "経度": 136.503678, "url": "https://www.iryou.teikyouseido.mhlw.go.jp/znk-web/juminkanja/S2430/initialize?prefCd=24&kikanCd=04000130&kikanKbn=5", "url2": "www.e-classa.net/cosmos-y/", "内容": "コスモス薬局　津城山店【5:薬局】三重県津市城山３丁目４番２６号" }, "geometry": { "type": "Point", "coordinates": [ 136.503678, 34.677114 ] } },
{ "type": "Feature", "properties": { "ID": 24504000131, "正式名称": "イセタニ薬局", "機関区分": 5, "都道府県コード": 24, "市区町村コード": 201, "所在地": "三重県津市渋見町６３０－２８", "緯度": 34.736578, "経度": 136.495353, "url": "https://www.iryou.teikyouseido.mhlw.go.jp/znk-web/juminkanja/S2430/initialize?prefCd=24&kikanCd=04000131&kikanKbn=5", "url2": null, "内容": "イセタニ薬局【5:薬局】三重県津市渋見町６３０－２８" }, "geometry": { "type": "Point", "coordinates": [ 136.495353, 34.736578 ] } },
{ "type": "Feature", "properties": { "ID": 24504000132, "正式名称": "白塚薬局", "機関区分": 5, "都道府県コード": 24, "市区町村コード": 201, "所在地": "三重県津市白塚町３３８５－１　平和ビル１０２号", "緯度": 34.762244, "経度": 136.53057, "url": "https://www.iryou.teikyouseido.mhlw.go.jp/znk-web/juminkanja/S2430/initialize?prefCd=24&kikanCd=04000132&kikanKbn=5", "url2": "http://www.pharmanet-mie.or.jp", "内容": "白塚薬局【5:薬局】三重県津市白塚町３３８５－１　平和ビル１０２号" }, "geometry": { "type": "Point", "coordinates": [ 136.53057, 34.762244 ] } },
{ "type": "Feature", "properties": { "ID": 24504000134, "正式名称": "高茶屋薬局", "機関区分": 5, "都道府県コード": 24, "市区町村コード": 201, "所在地": "三重県津市高茶屋５丁目１１番４６", "緯度": 34.670056, "経度": 136.503872, "url": "https://www.iryou.teikyouseido.mhlw.go.jp/znk-web/juminkanja/S2430/initialize?prefCd=24&kikanCd=04000134&kikanKbn=5", "url2": "http://pharmanet-mie.or.jp", "内容": "高茶屋薬局【5:薬局】三重県津市高茶屋５丁目１１番４６" }, "geometry": { "type": "Point", "coordinates": [ 136.503872, 34.670056 ] } },
{ "type": "Feature", "properties": { "ID": 24504000135, "正式名称": "やさしい薬局", "機関区分": 5, "都道府県コード": 24, "市区町村コード": 201, "所在地": "三重県津市高茶屋小森町１８１２－３", "緯度": 34.670421, "経度": 136.4923, "url": "https://www.iryou.teikyouseido.mhlw.go.jp/znk-web/juminkanja/S2430/initialize?prefCd=24&kikanCd=04000135&kikanKbn=5", "url2": null, "内容": "やさしい薬局【5:薬局】三重県津市高茶屋小森町１８１２－３" }, "geometry": { "type": "Point", "coordinates": [ 136.4923, 34.670421 ] } },
{ "type": "Feature", "properties": { "ID": 24504000136, "正式名称": "健やか薬局上津部田店", "機関区分": 5, "都道府県コード": 24, "市区町村コード": 201, "所在地": "三重県津市一身田上津部田１５７８－７", "緯度": 34.744304, "経度": 136.497846, "url": "https://www.iryou.teikyouseido.mhlw.go.jp/znk-web/juminkanja/S2430/initialize?prefCd=24&kikanCd=04000136&kikanKbn=5", "url2": "https://mie-link.com", "内容": "健やか薬局上津部田店【5:薬局】三重県津市一身田上津部田１５７８－７" }, "geometry": { "type": "Point", "coordinates": [ 136.497846, 34.744304 ] } },
{ "type": "Feature", "properties": { "ID": 24504000137, "正式名称": "日本調剤江戸橋薬局", "機関区分": 5, "都道府県コード": 24, "市区町村コード": 201, "所在地": "三重県津市江戸橋１丁目１４３－２", "緯度": 34.742533, "経度": 136.520287, "url": "https://www.iryou.teikyouseido.mhlw.go.jp/znk-web/juminkanja/S2430/initialize?prefCd=24&kikanCd=04000137&kikanKbn=5", "url2": "https://www.nicho.co.jp/tenpo/edobasi/", "内容": "日本調剤江戸橋薬局【5:薬局】三重県津市江戸橋１丁目１４３－２" }, "geometry": { "type": "Point", "coordinates": [ 136.520287, 34.742533 ] } },
{ "type": "Feature", "properties": { "ID": 24504000138, "正式名称": "セイムス津垂水薬局", "機関区分": 5, "都道府県コード": 24, "市区町村コード": 201, "所在地": "三重県津市垂水法ヶ広１８８９－２４", "緯度": 34.686005, "経度": 136.50397, "url": "https://www.iryou.teikyouseido.mhlw.go.jp/znk-web/juminkanja/S2430/initialize?prefCd=24&kikanCd=04000138&kikanKbn=5", "url2": "https://www.tokai-seims.co.jp/", "内容": "セイムス津垂水薬局【5:薬局】三重県津市垂水法ヶ広１８８９－２４" }, "geometry": { "type": "Point", "coordinates": [ 136.50397, 34.686005 ] } },
{ "type": "Feature", "properties": { "ID": 24504000139, "正式名称": "アクア薬局藤ヶ丘店", "機関区分": 5, "都道府県コード": 24, "市区町村コード": 201, "所在地": "三重県津市久居藤ケ丘町２５９８－９", "緯度": 34.691172, "経度": 136.482037, "url": "https://www.iryou.teikyouseido.mhlw.go.jp/znk-web/juminkanja/S2430/initialize?prefCd=24&kikanCd=04000139&kikanKbn=5", "url2": "https://aquamedical.net", "内容": "アクア薬局藤ヶ丘店【5:薬局】三重県津市久居藤ケ丘町２５９８－９" }, "geometry": { "type": "Point", "coordinates": [ 136.482037, 34.691172 ] } },
{ "type": "Feature", "properties": { "ID": 24504000140, "正式名称": "イオン薬局イオンスタイル津南", "機関区分": 5, "都道府県コード": 24, "市区町村コード": 201, "所在地": "三重県津市高茶屋小森町１４５番地", "緯度": 34.671003, "経度": 136.517916, "url": "https://www.iryou.teikyouseido.mhlw.go.jp/znk-web/juminkanja/S2430/initialize?prefCd=24&kikanCd=04000140&kikanKbn=5", "url2": null, "内容": "イオン薬局イオンスタイル津南【5:薬局】三重県津市高茶屋小森町１４５番地" }, "geometry": { "type": "Point", "coordinates": [ 136.517916, 34.671003 ] } },
{ "type": "Feature", "properties": { "ID": 24504000141, "正式名称": "ドライブスルーしろやま薬局", "機関区分": 5, "都道府県コード": 24, "市区町村コード": 201, "所在地": "三重県津市藤方３５－１", "緯度": 34.680401, "経度": 136.505208, "url": "https://www.iryou.teikyouseido.mhlw.go.jp/znk-web/juminkanja/S2430/initialize?prefCd=24&kikanCd=04000141&kikanKbn=5", "url2": null, "内容": "ドライブスルーしろやま薬局【5:薬局】三重県津市藤方３５－１" }, "geometry": { "type": "Point", "coordinates": [ 136.505208, 34.680401 ] } },
{ "type": "Feature", "properties": { "ID": 24504000142, "正式名称": "健やか薬局明神店", "機関区分": 5, "都道府県コード": 24, "市区町村コード": 201, "所在地": "三重県津市久居明神町２３２７－１", "緯度": 34.688062, "経度": 136.468683, "url": "https://www.iryou.teikyouseido.mhlw.go.jp/znk-web/juminkanja/S2430/initialize?prefCd=24&kikanCd=04000142&kikanKbn=5", "url2": "https://mie-link.com", "内容": "健やか薬局明神店【5:薬局】三重県津市久居明神町２３２７－１" }, "geometry": { "type": "Point", "coordinates": [ 136.468683, 34.688062 ] } },
{ "type": "Feature", "properties": { "ID": 24504000143, "正式名称": "フラワー薬局ひまわり店", "機関区分": 5, "都道府県コード": 24, "市区町村コード": 201, "所在地": "三重県津市安濃町川西字藤ヶ森５１－７", "緯度": 34.753228, "経度": 136.451981, "url": "https://www.iryou.teikyouseido.mhlw.go.jp/znk-web/juminkanja/S2430/initialize?prefCd=24&kikanCd=04000143&kikanKbn=5", "url2": "https://www.m-ikkou.co.jp/business/pharmacy/search/shop013.html", "内容": "フラワー薬局ひまわり店【5:薬局】三重県津市安濃町川西字藤ヶ森５１－７" }, "geometry": { "type": "Point", "coordinates": [ 136.451981, 34.753228 ] } },
{ "type": "Feature", "properties": { "ID": 24504000144, "正式名称": "フラワー薬局城山店", "機関区分": 5, "都道府県コード": 24, "市区町村コード": 201, "所在地": "三重県津市城山一丁目２４番１３号", "緯度": 34.676747, "経度": 136.506916, "url": "https://www.iryou.teikyouseido.mhlw.go.jp/znk-web/juminkanja/S2430/initialize?prefCd=24&kikanCd=04000144&kikanKbn=5", "url2": "https://www.m-ikkou.co.jp/business/pharmacy/search/shop048.html", "内容": "フラワー薬局城山店【5:薬局】三重県津市城山一丁目２４番１３号" }, "geometry": { "type": "Point", "coordinates": [ 136.506916, 34.676747 ] } },
{ "type": "Feature", "properties": { "ID": 24504000145, "正式名称": "久居センター薬局", "機関区分": 5, "都道府県コード": 24, "市区町村コード": 201, "所在地": "三重県津市久居明神町字風早２０９１－１", "緯度": 34.683098, "経度": 136.46779, "url": "https://www.iryou.teikyouseido.mhlw.go.jp/znk-web/juminkanja/S2430/initialize?prefCd=24&kikanCd=04000145&kikanKbn=5", "url2": "https://www.m-ikkou.co.jp/", "内容": "久居センター薬局【5:薬局】三重県津市久居明神町字風早２０９１－１" }, "geometry": { "type": "Point", "coordinates": [ 136.46779, 34.683098 ] } },
{ "type": "Feature", "properties": { "ID": 24504000146, "正式名称": "フラワー薬局一志店", "機関区分": 5, "都道府県コード": 24, "市区町村コード": 201, "所在地": "三重県津市白山町南家城６１３－５", "緯度": 34.626609, "経度": 136.315143, "url": "https://www.iryou.teikyouseido.mhlw.go.jp/znk-web/juminkanja/S2430/initialize?prefCd=24&kikanCd=04000146&kikanKbn=5", "url2": "https://www.m-ikkou.co.jp/business/pharmacy/search/shop032.html", "内容": "フラワー薬局一志店【5:薬局】三重県津市白山町南家城６１３－５" }, "geometry": { "type": "Point", "coordinates": [ 136.315143, 34.626609 ] } },
{ "type": "Feature", "properties": { "ID": 24504000147, "正式名称": "フラワー薬局中央店", "機関区分": 5, "都道府県コード": 24, "市区町村コード": 201, "所在地": "三重県津市西丸之内２７番６号", "緯度": 34.719428, "経度": 136.502281, "url": "https://www.iryou.teikyouseido.mhlw.go.jp/znk-web/juminkanja/S2430/initialize?prefCd=24&kikanCd=04000147&kikanKbn=5", "url2": "https://www.m-ikkou.co.jp/business/pharmacy/search/shop090.html", "内容": "フラワー薬局中央店【5:薬局】三重県津市西丸之内２７番６号" }, "geometry": { "type": "Point", "coordinates": [ 136.502281, 34.719428 ] } },
{ "type": "Feature", "properties": { "ID": 24504000148, "正式名称": "フラワー薬局西丸之内店", "機関区分": 5, "都道府県コード": 24, "市区町村コード": 201, "所在地": "三重県津市西丸之内１４－１５", "緯度": 34.718457, "経度": 136.501549, "url": "https://www.iryou.teikyouseido.mhlw.go.jp/znk-web/juminkanja/S2430/initialize?prefCd=24&kikanCd=04000148&kikanKbn=5", "url2": "https://www.m-ikkou.co.jp/business/pharmacy/search/shop091.html", "内容": "フラワー薬局西丸之内店【5:薬局】三重県津市西丸之内１４－１５" }, "geometry": { "type": "Point", "coordinates": [ 136.501549, 34.718457 ] } },
{ "type": "Feature", "properties": { "ID": 24504000149, "正式名称": "フラワー薬局新町店", "機関区分": 5, "都道府県コード": 24, "市区町村コード": 201, "所在地": "三重県津市南新町８－２９", "緯度": 34.713439, "経度": 136.498477, "url": "https://www.iryou.teikyouseido.mhlw.go.jp/znk-web/juminkanja/S2430/initialize?prefCd=24&kikanCd=04000149&kikanKbn=5", "url2": "https://www.m-ikkou.co.jp/", "内容": "フラワー薬局新町店【5:薬局】三重県津市南新町８－２９" }, "geometry": { "type": "Point", "coordinates": [ 136.498477, 34.713439 ] } },
{ "type": "Feature", "properties": { "ID": 24504000150, "正式名称": "つばめ薬局", "機関区分": 5, "都道府県コード": 24, "市区町村コード": 201, "所在地": "三重県津市野田７７９番地１", "緯度": 34.714066, "経度": 136.472864, "url": "https://www.iryou.teikyouseido.mhlw.go.jp/znk-web/juminkanja/S2430/initialize?prefCd=24&kikanCd=04000150&kikanKbn=5", "url2": "https://www.tsubame-pharmacy.jp", "内容": "つばめ薬局【5:薬局】三重県津市野田７７９番地１" }, "geometry": { "type": "Point", "coordinates": [ 136.472864, 34.714066 ] } },
{ "type": "Feature", "properties": { "ID": 24504000152, "正式名称": "なつめ薬局", "機関区分": 5, "都道府県コード": 24, "市区町村コード": 201, "所在地": "三重県津市広明町３７１－１０１号", "緯度": 34.733378, "経度": 136.508703, "url": "https://www.iryou.teikyouseido.mhlw.go.jp/znk-web/juminkanja/S2430/initialize?prefCd=24&kikanCd=04000152&kikanKbn=5", "url2": "http://www.natsumeph.com", "内容": "なつめ薬局【5:薬局】三重県津市広明町３７１－１０１号" }, "geometry": { "type": "Point", "coordinates": [ 136.508703, 34.733378 ] } },
{ "type": "Feature", "properties": { "ID": 24504000153, "正式名称": "阪神調剤薬局　三重大前店", "機関区分": 5, "都道府県コード": 24, "市区町村コード": 201, "所在地": "三重県津市江戸橋２丁目２７番", "緯度": 34.742317, "経度": 136.520492, "url": "https://www.iryou.teikyouseido.mhlw.go.jp/znk-web/juminkanja/S2430/initialize?prefCd=24&kikanCd=04000153&kikanKbn=5", "url2": "https://map.i-h-inc.co.jp/b/iandh/info/10024001/", "内容": "阪神調剤薬局　三重大前店【5:薬局】三重県津市江戸橋２丁目２７番" }, "geometry": { "type": "Point", "coordinates": [ 136.520492, 34.742317 ] } },
{ "type": "Feature", "properties": { "ID": 24504000154, "正式名称": "ユニスマイル薬局津城山店", "機関区分": 5, "都道府県コード": 24, "市区町村コード": 201, "所在地": "三重県津市藤方１５－１", "緯度": 34.676778, "経度": 136.510011, "url": "https://www.iryou.teikyouseido.mhlw.go.jp/znk-web/juminkanja/S2430/initialize?prefCd=24&kikanCd=04000154&kikanKbn=5", "url2": "https://unismile.co.jp/shop/tushiroyama/", "内容": "ユニスマイル薬局津城山店【5:薬局】三重県津市藤方１５－１" }, "geometry": { "type": "Point", "coordinates": [ 136.510011, 34.676778 ] } },
{ "type": "Feature", "properties": { "ID": 24504000155, "正式名称": "フラワー薬局栗真店", "機関区分": 5, "都道府県コード": 24, "市区町村コード": 201, "所在地": "三重県津市栗真中山町８９－１", "緯度": 34.756843, "経度": 136.52411, "url": "https://www.iryou.teikyouseido.mhlw.go.jp/znk-web/juminkanja/S2430/initialize?prefCd=24&kikanCd=04000155&kikanKbn=5", "url2": "https://www.m-ikkou.co.jp/business/pharmacy/search/shop109.html", "内容": "フラワー薬局栗真店【5:薬局】三重県津市栗真中山町８９－１" }, "geometry": { "type": "Point", "coordinates": [ 136.52411, 34.756843 ] } },
{ "type": "Feature", "properties": { "ID": 24504000156, "正式名称": "スギ薬局津港町店", "機関区分": 5, "都道府県コード": 24, "市区町村コード": 201, "所在地": "三重県津市港町１７－２２", "緯度": 34.714227, "経度": 136.52031, "url": "https://www.iryou.teikyouseido.mhlw.go.jp/znk-web/juminkanja/S2430/initialize?prefCd=24&kikanCd=04000156&kikanKbn=5", "url2": "http://www.drug-sugi.co.jp/", "内容": "スギ薬局津港町店【5:薬局】三重県津市港町１７－２２" }, "geometry": { "type": "Point", "coordinates": [ 136.52031, 34.714227 ] } },
{ "type": "Feature", "properties": { "ID": 24504000157, "正式名称": "ウエルシア薬局津一志店", "機関区分": 5, "都道府県コード": 24, "市区町村コード": 201, "所在地": "三重県津市一志町日置５－１", "緯度": 34.660463, "経度": 136.445776, "url": "https://www.iryou.teikyouseido.mhlw.go.jp/znk-web/juminkanja/S2430/initialize?prefCd=24&kikanCd=04000157&kikanKbn=5", "url2": "https://www.welcia-yakkyoku.co.jp/", "内容": "ウエルシア薬局津一志店【5:薬局】三重県津市一志町日置５－１" }, "geometry": { "type": "Point", "coordinates": [ 136.445776, 34.660463 ] } },
{ "type": "Feature", "properties": { "ID": 24504000159, "正式名称": "あおぞら薬局", "機関区分": 5, "都道府県コード": 24, "市区町村コード": 201, "所在地": "三重県津市河芸町東千里１５５－１", "緯度": 34.800654, "経度": 136.556958, "url": "https://www.iryou.teikyouseido.mhlw.go.jp/znk-web/juminkanja/S2430/initialize?prefCd=24&kikanCd=04000159&kikanKbn=5", "url2": "https://www.solife-ph.com", "内容": "あおぞら薬局【5:薬局】三重県津市河芸町東千里１５５－１" }, "geometry": { "type": "Point", "coordinates": [ 136.556958, 34.800654 ] } },
{ "type": "Feature", "properties": { "ID": 24504000160, "正式名称": "久居新町薬局", "機関区分": 5, "都道府県コード": 24, "市区町村コード": 201, "所在地": "三重県津市久居新町２１１５－７２", "緯度": 34.683479, "経度": 136.484366, "url": "https://www.iryou.teikyouseido.mhlw.go.jp/znk-web/juminkanja/S2430/initialize?prefCd=24&kikanCd=04000160&kikanKbn=5", "url2": "https://www.medical-wings.com", "内容": "久居新町薬局【5:薬局】三重県津市久居新町２１１５－７２" }, "geometry": { "type": "Point", "coordinates": [ 136.484366, 34.683479 ] } },
{ "type": "Feature", "properties": { "ID": 24504000163, "正式名称": "株式会社さわだ薬局津中央店", "機関区分": 5, "都道府県コード": 24, "市区町村コード": 201, "所在地": "三重県津市中央４－１１　橋本ビル１階", "緯度": 34.719847, "経度": 136.509189, "url": "https://www.iryou.teikyouseido.mhlw.go.jp/znk-web/juminkanja/S2430/initialize?prefCd=24&kikanCd=04000163&kikanKbn=5", "url2": null, "内容": "株式会社さわだ薬局津中央店【5:薬局】三重県津市中央４－１１　橋本ビル１階" }, "geometry": { "type": "Point", "coordinates": [ 136.509189, 34.719847 ] } },
{ "type": "Feature", "properties": { "ID": 24504000166, "正式名称": "健やか薬局芸濃インター店", "機関区分": 5, "都道府県コード": 24, "市区町村コード": 201, "所在地": "三重県津市高野尾町１８９７番地７６", "緯度": 34.802848, "経度": 136.454111, "url": "https://www.iryou.teikyouseido.mhlw.go.jp/znk-web/juminkanja/S2430/initialize?prefCd=24&kikanCd=04000166&kikanKbn=5", "url2": "https://mie-link.com", "内容": "健やか薬局芸濃インター店【5:薬局】三重県津市高野尾町１８９７番地７６" }, "geometry": { "type": "Point", "coordinates": [ 136.454111, 34.802848 ] } },
{ "type": "Feature", "properties": { "ID": 24504000167, "正式名称": "一志調剤薬局　高野店", "機関区分": 5, "都道府県コード": 24, "市区町村コード": 201, "所在地": "三重県津市一志町高野２２６番地７", "緯度": 34.660243, "経度": 136.427929, "url": "https://www.iryou.teikyouseido.mhlw.go.jp/znk-web/juminkanja/S2430/initialize?prefCd=24&kikanCd=04000167&kikanKbn=5", "url2": "https://nfp-ph.com/", "内容": "一志調剤薬局　高野店【5:薬局】三重県津市一志町高野２２６番地７" }, "geometry": { "type": "Point", "coordinates": [ 136.427929, 34.660243 ] } },
{ "type": "Feature", "properties": { "ID": 24504000168, "正式名称": "たんぽぽ薬局　武内病院店", "機関区分": 5, "都道府県コード": 24, "市区町村コード": 201, "所在地": "三重県津市納所町４７１番地５", "緯度": 34.730764, "経度": 136.477239, "url": "https://www.iryou.teikyouseido.mhlw.go.jp/znk-web/juminkanja/S2430/initialize?prefCd=24&kikanCd=04000168&kikanKbn=5", "url2": "https://www.tanpopo-ph.co.jp/store/takeuchibyoin/", "内容": "たんぽぽ薬局　武内病院店【5:薬局】三重県津市納所町４７１番地５" }, "geometry": { "type": "Point", "coordinates": [ 136.477239, 34.730764 ] } },
{ "type": "Feature", "properties": { "ID": 24504000169, "正式名称": "スマイル調剤薬局　三重大学病院前", "機関区分": 5, "都道府県コード": 24, "市区町村コード": 201, "所在地": "三重県津市江戸橋１－１５２－２", "緯度": 34.743832, "経度": 136.518687, "url": "https://www.iryou.teikyouseido.mhlw.go.jp/znk-web/juminkanja/S2430/initialize?prefCd=24&kikanCd=04000169&kikanKbn=5", "url2": "https://www.matsukiyococokara-online.com/store/", "内容": "スマイル調剤薬局　三重大学病院前【5:薬局】三重県津市江戸橋１－１５２－２" }, "geometry": { "type": "Point", "coordinates": [ 136.518687, 34.743832 ] } },
{ "type": "Feature", "properties": { "ID": 24504000170, "正式名称": "スマイル調剤薬局フェニックス店", "機関区分": 5, "都道府県コード": 24, "市区町村コード": 201, "所在地": "三重県津市乙部５番３号", "緯度": 34.717142, "経度": 136.516322, "url": "https://www.iryou.teikyouseido.mhlw.go.jp/znk-web/juminkanja/S2430/initialize?prefCd=24&kikanCd=04000170&kikanKbn=5", "url2": null, "内容": "スマイル調剤薬局フェニックス店【5:薬局】三重県津市乙部５番３号" }, "geometry": { "type": "Point", "coordinates": [ 136.516322, 34.717142 ] } },
{ "type": "Feature", "properties": { "ID": 24504000171, "正式名称": "ウエルシア薬局イオンタウン津城山店", "機関区分": 5, "都道府県コード": 24, "市区町村コード": 201, "所在地": "三重県津市久居小野辺町１１３０－７", "緯度": 34.679483, "経度": 136.501383, "url": "https://www.iryou.teikyouseido.mhlw.go.jp/znk-web/juminkanja/S2430/initialize?prefCd=24&kikanCd=04000171&kikanKbn=5", "url2": "https://store.welcia.co.jp/welcia/spot/detail?code=6857D", "内容": "ウエルシア薬局イオンタウン津城山店【5:薬局】三重県津市久居小野辺町１１３０－７" }, "geometry": { "type": "Point", "coordinates": [ 136.501383, 34.679483 ] } },
{ "type": "Feature", "properties": { "ID": 24504000172, "正式名称": "スギ薬局　河芸店", "機関区分": 5, "都道府県コード": 24, "市区町村コード": 201, "所在地": "三重県津市河芸町東千里大橋２０３番地１", "緯度": 34.802591, "経度": 136.556563, "url": "https://www.iryou.teikyouseido.mhlw.go.jp/znk-web/juminkanja/S2430/initialize?prefCd=24&kikanCd=04000172&kikanKbn=5", "url2": "https://www.drug-sugi.co.jp/", "内容": "スギ薬局　河芸店【5:薬局】三重県津市河芸町東千里大橋２０３番地１" }, "geometry": { "type": "Point", "coordinates": [ 136.556563, 34.802591 ] } },
{ "type": "Feature", "properties": { "ID": 24504000173, "正式名称": "ウエルシア薬局　津神納町店", "機関区分": 5, "都道府県コード": 24, "市区町村コード": 201, "所在地": "三重県津市神納町１番１３号", "緯度": 34.721866, "経度": 136.488271, "url": "https://www.iryou.teikyouseido.mhlw.go.jp/znk-web/juminkanja/S2430/initialize?prefCd=24&kikanCd=04000173&kikanKbn=5", "url2": "https://www.welcia-yakkyoku.co.jp/", "内容": "ウエルシア薬局　津神納町店【5:薬局】三重県津市神納町１番１３号" }, "geometry": { "type": "Point", "coordinates": [ 136.488271, 34.721866 ] } },
{ "type": "Feature", "properties": { "ID": 24504000174, "正式名称": "一身田薬局", "機関区分": 5, "都道府県コード": 24, "市区町村コード": 201, "所在地": "三重県津市一身田町４８４－３", "緯度": 34.7638, "経度": 136.50798, "url": "https://www.iryou.teikyouseido.mhlw.go.jp/znk-web/juminkanja/S2430/initialize?prefCd=24&kikanCd=04000174&kikanKbn=5", "url2": "https://www.mo-medical.com/", "内容": "一身田薬局【5:薬局】三重県津市一身田町４８４－３" }, "geometry": { "type": "Point", "coordinates": [ 136.50798, 34.7638 ] } },
{ "type": "Feature", "properties": { "ID": 24504000175, "正式名称": "しょうなん調剤薬局大園店", "機関区分": 5, "都道府県コード": 24, "市区町村コード": 201, "所在地": "三重県津市大園町５９ー２５", "緯度": 34.715047, "経度": 136.492801, "url": "https://www.iryou.teikyouseido.mhlw.go.jp/znk-web/juminkanja/S2430/initialize?prefCd=24&kikanCd=04000175&kikanKbn=5", "url2": "http://www.syounan-ph.co.jp/", "内容": "しょうなん調剤薬局大園店【5:薬局】三重県津市大園町５９ー２５" }, "geometry": { "type": "Point", "coordinates": [ 136.492801, 34.715047 ] } },
{ "type": "Feature", "properties": { "ID": 24504000176, "正式名称": "健やか薬局津生協病院前店", "機関区分": 5, "都道府県コード": 24, "市区町村コード": 201, "所在地": "三重県津市寿町１９－１１", "緯度": 34.715998, "経度": 136.517515, "url": "https://www.iryou.teikyouseido.mhlw.go.jp/znk-web/juminkanja/S2430/initialize?prefCd=24&kikanCd=04000176&kikanKbn=5", "url2": "https://mie-link.com", "内容": "健やか薬局津生協病院前店【5:薬局】三重県津市寿町１９－１１" }, "geometry": { "type": "Point", "coordinates": [ 136.517515, 34.715998 ] } },
{ "type": "Feature", "properties": { "ID": 24504000177, "正式名称": "スギ薬局久居元町店", "機関区分": 5, "都道府県コード": 24, "市区町村コード": 201, "所在地": "三重県津市久居元町２３８４番地６", "緯度": 34.670613, "経度": 136.472483, "url": "https://www.iryou.teikyouseido.mhlw.go.jp/znk-web/juminkanja/S2430/initialize?prefCd=24&kikanCd=04000177&kikanKbn=5", "url2": "https://www.drug-sugi.co.jp/", "内容": "スギ薬局久居元町店【5:薬局】三重県津市久居元町２３８４番地６" }, "geometry": { "type": "Point", "coordinates": [ 136.472483, 34.670613 ] } },
{ "type": "Feature", "properties": { "ID": 24504000178, "正式名称": "ほほえみ薬局", "機関区分": 5, "都道府県コード": 24, "市区町村コード": 201, "所在地": "三重県津市寿町１６－３４", "緯度": 34.715954, "経度": 136.516844, "url": "https://www.iryou.teikyouseido.mhlw.go.jp/znk-web/juminkanja/S2430/initialize?prefCd=24&kikanCd=04000178&kikanKbn=5", "url2": "https://pharmanet-mie.or.jp", "内容": "ほほえみ薬局【5:薬局】三重県津市寿町１６－３４" }, "geometry": { "type": "Point", "coordinates": [ 136.516844, 34.715954 ] } },
{ "type": "Feature", "properties": { "ID": 24504000179, "正式名称": "株式会社長谷部薬局", "機関区分": 5, "都道府県コード": 24, "市区町村コード": 201, "所在地": "三重県津市東丸之内１８番１６号", "緯度": 34.716704, "経度": 136.511737, "url": "https://www.iryou.teikyouseido.mhlw.go.jp/znk-web/juminkanja/S2430/initialize?prefCd=24&kikanCd=04000179&kikanKbn=5", "url2": "https://hasebe-p.com", "内容": "株式会社長谷部薬局【5:薬局】三重県津市東丸之内１８番１６号" }, "geometry": { "type": "Point", "coordinates": [ 136.511737, 34.716704 ] } },
{ "type": "Feature", "properties": { "ID": 24504000180, "正式名称": "健やか薬局津新町店", "機関区分": 5, "都道府県コード": 24, "市区町村コード": 201, "所在地": "三重県津市新町２－１１－１８", "緯度": 34.719253, "経度": 136.493124, "url": "https://www.iryou.teikyouseido.mhlw.go.jp/znk-web/juminkanja/S2430/initialize?prefCd=24&kikanCd=04000180&kikanKbn=5", "url2": "https://mie-link.com", "内容": "健やか薬局津新町店【5:薬局】三重県津市新町２－１１－１８" }, "geometry": { "type": "Point", "coordinates": [ 136.493124, 34.719253 ] } },
{ "type": "Feature", "properties": { "ID": 24504000181, "正式名称": "健やか薬局半田店", "機関区分": 5, "都道府県コード": 24, "市区町村コード": 201, "所在地": "三重県津市半田字平木２０９－１", "緯度": 34.708621, "経度": 136.489622, "url": "https://www.iryou.teikyouseido.mhlw.go.jp/znk-web/juminkanja/S2430/initialize?prefCd=24&kikanCd=04000181&kikanKbn=5", "url2": "https://mie-link.com", "内容": "健やか薬局半田店【5:薬局】三重県津市半田字平木２０９－１" }, "geometry": { "type": "Point", "coordinates": [ 136.489622, 34.708621 ] } },
{ "type": "Feature", "properties": { "ID": 24504000182, "正式名称": "フラワー薬局白塚店", "機関区分": 5, "都道府県コード": 24, "市区町村コード": 201, "所在地": "三重県津市白塚町２０８６", "緯度": 34.763837, "経度": 136.533112, "url": "https://www.iryou.teikyouseido.mhlw.go.jp/znk-web/juminkanja/S2430/initialize?prefCd=24&kikanCd=04000182&kikanKbn=5", "url2": "https://www.m-ikkou.co.jp/business/pharmacy/search/shop116.html", "内容": "フラワー薬局白塚店【5:薬局】三重県津市白塚町２０８６" }, "geometry": { "type": "Point", "coordinates": [ 136.533112, 34.763837 ] } },
{ "type": "Feature", "properties": { "ID": 24504000183, "正式名称": "クスリのアオキ久居薬局", "機関区分": 5, "都道府県コード": 24, "市区町村コード": 201, "所在地": "三重県津市久居野村町８５５番地", "緯度": 34.679444, "経度": 136.488344, "url": "https://www.iryou.teikyouseido.mhlw.go.jp/znk-web/juminkanja/S2430/initialize?prefCd=24&kikanCd=04000183&kikanKbn=5", "url2": "https://www.kusuri-aoki.co.jp/", "内容": "クスリのアオキ久居薬局【5:薬局】三重県津市久居野村町８５５番地" }, "geometry": { "type": "Point", "coordinates": [ 136.488344, 34.679444 ] } },
{ "type": "Feature", "properties": { "ID": 24504000184, "正式名称": "こうなん薬局　久居野村店", "機関区分": 5, "都道府県コード": 24, "市区町村コード": 201, "所在地": "三重県津市久居野村町５１４−３", "緯度": 34.679068, "経度": 136.485267, "url": "https://www.iryou.teikyouseido.mhlw.go.jp/znk-web/juminkanja/S2430/initialize?prefCd=24&kikanCd=04000184&kikanKbn=5", "url2": "https://www.konan-pharmacy.jp", "内容": "こうなん薬局　久居野村店【5:薬局】三重県津市久居野村町５１４−３" }, "geometry": { "type": "Point", "coordinates": [ 136.485267, 34.679068 ] } },
{ "type": "Feature", "properties": { "ID": 24504000185, "正式名称": "はね調剤薬局　津南店", "機関区分": 5, "都道府県コード": 24, "市区町村コード": 201, "所在地": "三重県津市下弁財町津興３０７０", "緯度": 34.704716, "経度": 136.511342, "url": "https://www.iryou.teikyouseido.mhlw.go.jp/znk-web/juminkanja/S2430/initialize?prefCd=24&kikanCd=04000185&kikanKbn=5", "url2": null, "内容": "はね調剤薬局　津南店【5:薬局】三重県津市下弁財町津興３０７０" }, "geometry": { "type": "Point", "coordinates": [ 136.511342, 34.704716 ] } },
{ "type": "Feature", "properties": { "ID": 24504000186, "正式名称": "さかえ調剤薬局", "機関区分": 5, "都道府県コード": 24, "市区町村コード": 201, "所在地": "三重県津市栄町１丁目８５７－４", "緯度": 34.72662, "経度": 136.510441, "url": "https://www.iryou.teikyouseido.mhlw.go.jp/znk-web/juminkanja/S2430/initialize?prefCd=24&kikanCd=04000186&kikanKbn=5", "url2": null, "内容": "さかえ調剤薬局【5:薬局】三重県津市栄町１丁目８５７－４" }, "geometry": { "type": "Point", "coordinates": [ 136.510441, 34.72662 ] } },
{ "type": "Feature", "properties": { "ID": 24504000187, "正式名称": "健やか薬局城山店", "機関区分": 5, "都道府県コード": 24, "市区町村コード": 201, "所在地": "三重県津市城山二丁目１５番１号", "緯度": 34.677527, "経度": 136.505074, "url": "https://www.iryou.teikyouseido.mhlw.go.jp/znk-web/juminkanja/S2430/initialize?prefCd=24&kikanCd=04000187&kikanKbn=5", "url2": "https://mie-link.com", "内容": "健やか薬局城山店【5:薬局】三重県津市城山二丁目１５番１号" }, "geometry": { "type": "Point", "coordinates": [ 136.505074, 34.677527 ] } },
{ "type": "Feature", "properties": { "ID": 24504000188, "正式名称": "山の手こころ薬局", "機関区分": 5, "都道府県コード": 24, "市区町村コード": 201, "所在地": "三重県津市一身田上津部田１４１３－１１", "緯度": 34.742636, "経度": 136.499283, "url": "https://www.iryou.teikyouseido.mhlw.go.jp/znk-web/juminkanja/S2430/initialize?prefCd=24&kikanCd=04000188&kikanKbn=5", "url2": "https://www.mediheart1800.com", "内容": "山の手こころ薬局【5:薬局】三重県津市一身田上津部田１４１３－１１" }, "geometry": { "type": "Point", "coordinates": [ 136.499283, 34.742636 ] } },
{ "type": "Feature", "properties": { "ID": 24504000189, "正式名称": "ペンギン薬局", "機関区分": 5, "都道府県コード": 24, "市区町村コード": 201, "所在地": "三重県津市安東町４０４－５", "緯度": 34.719386, "経度": 136.488883, "url": "https://www.iryou.teikyouseido.mhlw.go.jp/znk-web/juminkanja/S2430/initialize?prefCd=24&kikanCd=04000189&kikanKbn=5", "url2": "https://penguin-drug.com", "内容": "ペンギン薬局【5:薬局】三重県津市安東町４０４－５" }, "geometry": { "type": "Point", "coordinates": [ 136.488883, 34.719386 ] } },
{ "type": "Feature", "properties": { "ID": 24504000190, "正式名称": "津調剤薬局", "機関区分": 5, "都道府県コード": 24, "市区町村コード": 201, "所在地": "三重県津市江戸橋１－１１３", "緯度": 34.743403, "経度": 136.518339, "url": "https://www.iryou.teikyouseido.mhlw.go.jp/znk-web/juminkanja/S2430/initialize?prefCd=24&kikanCd=04000190&kikanKbn=5", "url2": "https://www.m-ikkou.co.jp/", "内容": "津調剤薬局【5:薬局】三重県津市江戸橋１－１１３" }, "geometry": { "type": "Point", "coordinates": [ 136.518339, 34.743403 ] } },
{ "type": "Feature", "properties": { "ID": 24504000191, "正式名称": "久居調剤薬局", "機関区分": 5, "都道府県コード": 24, "市区町村コード": 201, "所在地": "三重県津市久居明神町字風早２０９３－１", "緯度": 34.683098, "経度": 136.46779, "url": "https://www.iryou.teikyouseido.mhlw.go.jp/znk-web/juminkanja/S2430/initialize?prefCd=24&kikanCd=04000191&kikanKbn=5", "url2": "https://www.m-ikkou.co.jp/", "内容": "久居調剤薬局【5:薬局】三重県津市久居明神町字風早２０９３－１" }, "geometry": { "type": "Point", "coordinates": [ 136.46779, 34.683098 ] } },
{ "type": "Feature", "properties": { "ID": 24504000192, "正式名称": "フラワー薬局津駅前店", "機関区分": 5, "都道府県コード": 24, "市区町村コード": 201, "所在地": "三重県津市羽所町３４５番地　第一ビル１階", "緯度": 34.733183, "経度": 136.510997, "url": "https://www.iryou.teikyouseido.mhlw.go.jp/znk-web/juminkanja/S2430/initialize?prefCd=24&kikanCd=04000192&kikanKbn=5", "url2": "https://www.m-ikkou.co.jp/business/pharmacy/search/shop123.html", "内容": "フラワー薬局津駅前店【5:薬局】三重県津市羽所町３４５番地　第一ビル１階" }, "geometry": { "type": "Point", "coordinates": [ 136.510997, 34.733183 ] } },
{ "type": "Feature", "properties": { "ID": 24504000193, "正式名称": "ハロー薬局一志店", "機関区分": 5, "都道府県コード": 24, "市区町村コード": 201, "所在地": "三重県津市一志町小山字鳥居ノ本５２９－６", "緯度": 34.64194, "経度": 136.44278, "url": "https://www.iryou.teikyouseido.mhlw.go.jp/znk-web/juminkanja/S2430/initialize?prefCd=24&kikanCd=04000193&kikanKbn=5", "url2": null, "内容": "ハロー薬局一志店【5:薬局】三重県津市一志町小山字鳥居ノ本５２９－６" }, "geometry": { "type": "Point", "coordinates": [ 136.44278, 34.64194 ] } },
{ "type": "Feature", "properties": { "ID": 24504000194, "正式名称": "ハロー薬局　久居駅メディカルフロア店", "機関区分": 5, "都道府県コード": 24, "市区町村コード": 201, "所在地": "三重県津市久居新町３００６ポルタひさい２階", "緯度": 34.675434, "経度": 136.47705, "url": "https://www.iryou.teikyouseido.mhlw.go.jp/znk-web/juminkanja/S2430/initialize?prefCd=24&kikanCd=04000194&kikanKbn=5", "url2": "https://shop.sogo-pharmacy.jp/detail/213/", "内容": "ハロー薬局　久居駅メディカルフロア店【5:薬局】三重県津市久居新町３００６ポルタひさい２階" }, "geometry": { "type": "Point", "coordinates": [ 136.47705, 34.675434 ] } },
{ "type": "Feature", "properties": { "ID": 24504000195, "正式名称": "ハロー薬局　津北店", "機関区分": 5, "都道府県コード": 24, "市区町村コード": 201, "所在地": "三重県津市栗真中山町２４９－６", "緯度": 34.757747, "経度": 136.521319, "url": "https://www.iryou.teikyouseido.mhlw.go.jp/znk-web/juminkanja/S2430/initialize?prefCd=24&kikanCd=04000195&kikanKbn=5", "url2": "https://shop.sogo-pharmacy.jp/detail/190/", "内容": "ハロー薬局　津北店【5:薬局】三重県津市栗真中山町２４９－６" }, "geometry": { "type": "Point", "coordinates": [ 136.521319, 34.757747 ] } },
{ "type": "Feature", "properties": { "ID": 24504000196, "正式名称": "阪神調剤薬局　三重大前店", "機関区分": 5, "都道府県コード": 24, "市区町村コード": 201, "所在地": "三重県津市江戸橋２－２７", "緯度": 34.742317, "経度": 136.520492, "url": "https://www.iryou.teikyouseido.mhlw.go.jp/znk-web/juminkanja/S2430/initialize?prefCd=24&kikanCd=04000196&kikanKbn=5", "url2": "https://www.sugi-net.jp/stores/005042", "内容": "阪神調剤薬局　三重大前店【5:薬局】三重県津市江戸橋２－２７" }, "geometry": { "type": "Point", "coordinates": [ 136.520492, 34.742317 ] } },
{ "type": "Feature", "properties": { "ID": 24504000198, "正式名称": "健やか薬局　白塚店", "機関区分": 5, "都道府県コード": 24, "市区町村コード": 201, "所在地": "三重県津市白塚町　３７０２の３", "緯度": 34.766684, "経度": 136.527622, "url": "https://www.iryou.teikyouseido.mhlw.go.jp/znk-web/juminkanja/S2430/initialize?prefCd=24&kikanCd=04000198&kikanKbn=5", "url2": null, "内容": "健やか薬局　白塚店【5:薬局】三重県津市白塚町　３７０２の３" }, "geometry": { "type": "Point", "coordinates": [ 136.527622, 34.766684 ] } },
{ "type": "Feature", "properties": { "ID": 24504000199, "正式名称": "健やか薬局藤ヶ丘店", "機関区分": 5, "都道府県コード": 24, "市区町村コード": 201, "所在地": "三重県津市久居明神町１２００－２", "緯度": 34.691431, "経度": 136.481995, "url": "https://www.iryou.teikyouseido.mhlw.go.jp/znk-web/juminkanja/S2430/initialize?prefCd=24&kikanCd=04000199&kikanKbn=5", "url2": "https://mie-link.com", "内容": "健やか薬局藤ヶ丘店【5:薬局】三重県津市久居明神町１２００－２" }, "geometry": { "type": "Point", "coordinates": [ 136.481995, 34.691431 ] } },
{ "type": "Feature", "properties": { "ID": 24504000201, "正式名称": "コスモス薬局　高岡店", "機関区分": 5, "都道府県コード": 24, "市区町村コード": 201, "所在地": "三重県津市一志町田尻５９２ー１３", "緯度": 34.656445, "経度": 136.434002, "url": "https://www.iryou.teikyouseido.mhlw.go.jp/znk-web/juminkanja/S2430/initialize?prefCd=24&kikanCd=04000201&kikanKbn=5", "url2": "https://cosmospharma.com/company/", "内容": "コスモス薬局　高岡店【5:薬局】三重県津市一志町田尻５９２ー１３" }, "geometry": { "type": "Point", "coordinates": [ 136.434002, 34.656445 ] } },
{ "type": "Feature", "properties": { "ID": 24504000202, "正式名称": "調剤薬局アカツカ半田店", "機関区分": 5, "都道府県コード": 24, "市区町村コード": 201, "所在地": "三重県津市半田２０２－４", "緯度": 34.708163, "経度": 136.490839, "url": "https://www.iryou.teikyouseido.mhlw.go.jp/znk-web/juminkanja/S2430/initialize?prefCd=24&kikanCd=04000202&kikanKbn=5", "url2": "https://e-bond.info/withs/", "内容": "調剤薬局アカツカ半田店【5:薬局】三重県津市半田２０２－４" }, "geometry": { "type": "Point", "coordinates": [ 136.490839, 34.708163 ] } },
{ "type": "Feature", "properties": { "ID": 24504000206, "正式名称": "大里薬局", "機関区分": 5, "都道府県コード": 24, "市区町村コード": 201, "所在地": "三重県津市大里睦合町４４５ー５", "緯度": 34.777963, "経度": 136.478864, "url": "https://www.iryou.teikyouseido.mhlw.go.jp/znk-web/juminkanja/S2430/initialize?prefCd=24&kikanCd=04000206&kikanKbn=5", "url2": null, "内容": "大里薬局【5:薬局】三重県津市大里睦合町４４５ー５" }, "geometry": { "type": "Point", "coordinates": [ 136.478864, 34.777963 ] } },
{ "type": "Feature", "properties": { "ID": 24504060019, "正式名称": "中央薬局", "機関区分": 5, "都道府県コード": 24, "市区町村コード": 201, "所在地": "三重県津市白塚町２３８３－２", "緯度": 34.766464, "経度": 136.533981, "url": "https://www.iryou.teikyouseido.mhlw.go.jp/znk-web/juminkanja/S2430/initialize?prefCd=24&kikanCd=04060019&kikanKbn=5", "url2": null, "内容": "中央薬局【5:薬局】三重県津市白塚町２３８３－２" }, "geometry": { "type": "Point", "coordinates": [ 136.533981, 34.766464 ] } },
{ "type": "Feature", "properties": { "ID": 24504070009, "正式名称": "漢方薬局漢方のはせ川", "機関区分": 5, "都道府県コード": 24, "市区町村コード": 201, "所在地": "三重県津市南中央２９－１４", "緯度": 34.707705, "経度": 136.510452, "url": "https://www.iryou.teikyouseido.mhlw.go.jp/znk-web/juminkanja/S2430/initialize?prefCd=24&kikanCd=04070009&kikanKbn=5", "url2": null, "内容": "漢方薬局漢方のはせ川【5:薬局】三重県津市南中央２９－１４" }, "geometry": { "type": "Point", "coordinates": [ 136.510452, 34.707705 ] } },
{ "type": "Feature", "properties": { "ID": 24504080004, "正式名称": "善快堂薬局", "機関区分": 5, "都道府県コード": 24, "市区町村コード": 201, "所在地": "三重県津市西丸之内１０－１", "緯度": 34.716448, "経度": 136.501367, "url": "https://www.iryou.teikyouseido.mhlw.go.jp/znk-web/juminkanja/S2430/initialize?prefCd=24&kikanCd=04080004&kikanKbn=5", "url2": null, "内容": "善快堂薬局【5:薬局】三重県津市西丸之内１０－１" }, "geometry": { "type": "Point", "coordinates": [ 136.501367, 34.716448 ] } },
{ "type": "Feature", "properties": { "ID": 24504090001, "正式名称": "錦誠堂調剤薬局", "機関区分": 5, "都道府県コード": 24, "市区町村コード": 201, "所在地": "三重県津市羽所町３２０", "緯度": 34.732056, "経度": 136.511097, "url": "https://www.iryou.teikyouseido.mhlw.go.jp/znk-web/juminkanja/S2430/initialize?prefCd=24&kikanCd=04090001&kikanKbn=5", "url2": null, "内容": "錦誠堂調剤薬局【5:薬局】三重県津市羽所町３２０" }, "geometry": { "type": "Point", "coordinates": [ 136.511097, 34.732056 ] } },
{ "type": "Feature", "properties": { "ID": 24504090003, "正式名称": "薬局アイファーマシィー中町店", "機関区分": 5, "都道府県コード": 24, "市区町村コード": 201, "所在地": "三重県津市久居中町１３４－１２", "緯度": 34.679771, "経度": 136.465201, "url": "https://www.iryou.teikyouseido.mhlw.go.jp/znk-web/juminkanja/S2430/initialize?prefCd=24&kikanCd=04090003&kikanKbn=5", "url2": null, "内容": "薬局アイファーマシィー中町店【5:薬局】三重県津市久居中町１３４－１２" }, "geometry": { "type": "Point", "coordinates": [ 136.465201, 34.679771 ] } },
{ "type": "Feature", "properties": { "ID": 24504100001, "正式名称": "さくら調剤薬局河芸店", "機関区分": 5, "都道府県コード": 24, "市区町村コード": 201, "所在地": "三重県津市河芸町上野３８９２－６", "緯度": 34.802012, "経度": 136.552583, "url": "https://www.iryou.teikyouseido.mhlw.go.jp/znk-web/juminkanja/S2430/initialize?prefCd=24&kikanCd=04100001&kikanKbn=5", "url2": null, "内容": "さくら調剤薬局河芸店【5:薬局】三重県津市河芸町上野３８９２－６" }, "geometry": { "type": "Point", "coordinates": [ 136.552583, 34.802012 ] } },
{ "type": "Feature", "properties": { "ID": 24504100004, "正式名称": "薬局アイファーマシィー明神店", "機関区分": 5, "都道府県コード": 24, "市区町村コード": 201, "所在地": "三重県津市久居明神町２２２２－４", "緯度": 34.686361, "経度": 136.463283, "url": "https://www.iryou.teikyouseido.mhlw.go.jp/znk-web/juminkanja/S2430/initialize?prefCd=24&kikanCd=04100004&kikanKbn=5", "url2": null, "内容": "薬局アイファーマシィー明神店【5:薬局】三重県津市久居明神町２２２２－４" }, "geometry": { "type": "Point", "coordinates": [ 136.463283, 34.686361 ] } },
{ "type": "Feature", "properties": { "ID": 24504100011, "正式名称": "漢方医薬研究所神皇閣分室", "機関区分": 5, "都道府県コード": 24, "市区町村コード": 201, "所在地": "三重県津市南中央４－１", "緯度": 34.704438, "経度": 136.507444, "url": "https://www.iryou.teikyouseido.mhlw.go.jp/znk-web/juminkanja/S2430/initialize?prefCd=24&kikanCd=04100011&kikanKbn=5", "url2": "https://shinnokaku.web.fc2.com/", "内容": "漢方医薬研究所神皇閣分室【5:薬局】三重県津市南中央４－１" }, "geometry": { "type": "Point", "coordinates": [ 136.507444, 34.704438 ] } },
{ "type": "Feature", "properties": { "ID": 24504100013, "正式名称": "ドレミ薬局", "機関区分": 5, "都道府県コード": 24, "市区町村コード": 201, "所在地": "三重県津市久居井戸山町８６４－６", "緯度": 34.674105, "経度": 136.488307, "url": "https://www.iryou.teikyouseido.mhlw.go.jp/znk-web/juminkanja/S2430/initialize?prefCd=24&kikanCd=04100013&kikanKbn=5", "url2": "https://doremi-pharmacy.jimdosite.com", "内容": "ドレミ薬局【5:薬局】三重県津市久居井戸山町８６４－６" }, "geometry": { "type": "Point", "coordinates": [ 136.488307, 34.674105 ] } },
{ "type": "Feature", "properties": { "ID": 24504100014, "正式名称": "チェリー調剤薬局ライム店", "機関区分": 5, "都道府県コード": 24, "市区町村コード": 201, "所在地": "三重県津市半田１３６４－２０", "緯度": 34.705375, "経度": 136.497017, "url": "https://www.iryou.teikyouseido.mhlw.go.jp/znk-web/juminkanja/S2430/initialize?prefCd=24&kikanCd=04100014&kikanKbn=5", "url2": null, "内容": "チェリー調剤薬局ライム店【5:薬局】三重県津市半田１３６４－２０" }, "geometry": { "type": "Point", "coordinates": [ 136.497017, 34.705375 ] } },
{ "type": "Feature", "properties": { "ID": 24504110006, "正式名称": "高岡調剤薬局", "機関区分": 5, "都道府県コード": 24, "市区町村コード": 201, "所在地": "三重県津市一志町田尻３０－１", "緯度": 34.657914, "経度": 136.438542, "url": "https://www.iryou.teikyouseido.mhlw.go.jp/znk-web/juminkanja/S2430/initialize?prefCd=24&kikanCd=04110006&kikanKbn=5", "url2": null, "内容": "高岡調剤薬局【5:薬局】三重県津市一志町田尻３０－１" }, "geometry": { "type": "Point", "coordinates": [ 136.438542, 34.657914 ] } },
{ "type": "Feature", "properties": { "ID": 24504110009, "正式名称": "たんぽぽ薬局榊原店", "機関区分": 5, "都道府県コード": 24, "市区町村コード": 201, "所在地": "三重県津市榊原町石ノ戸１０３５－１", "緯度": 34.702603, "経度": 136.384579, "url": "https://www.iryou.teikyouseido.mhlw.go.jp/znk-web/juminkanja/S2430/initialize?prefCd=24&kikanCd=04110009&kikanKbn=5", "url2": "https://www.tanpopo-ph.co.jp/", "内容": "たんぽぽ薬局榊原店【5:薬局】三重県津市榊原町石ノ戸１０３５－１" }, "geometry": { "type": "Point", "coordinates": [ 136.384579, 34.702603 ] } },
{ "type": "Feature", "properties": { "ID": 24504120006, "正式名称": "ラベンダー薬局", "機関区分": 5, "都道府県コード": 24, "市区町村コード": 201, "所在地": "三重県津市神納６０－６", "緯度": 34.718097, "経度": 136.487631, "url": "https://www.iryou.teikyouseido.mhlw.go.jp/znk-web/juminkanja/S2430/initialize?prefCd=24&kikanCd=04120006&kikanKbn=5", "url2": null, "内容": "ラベンダー薬局【5:薬局】三重県津市神納６０－６" }, "geometry": { "type": "Point", "coordinates": [ 136.487631, 34.718097 ] } },
{ "type": "Feature", "properties": { "ID": 24504120007, "正式名称": "コスモス薬局長岡店", "機関区分": 5, "都道府県コード": 24, "市区町村コード": 201, "所在地": "三重県津市長岡町８００－２８６", "緯度": 34.742297, "経度": 136.491575, "url": "https://www.iryou.teikyouseido.mhlw.go.jp/znk-web/juminkanja/S2430/initialize?prefCd=24&kikanCd=04120007&kikanKbn=5", "url2": "https://cosmospharma.com/", "内容": "コスモス薬局長岡店【5:薬局】三重県津市長岡町８００－２８６" }, "geometry": { "type": "Point", "coordinates": [ 136.491575, 34.742297 ] } },
{ "type": "Feature", "properties": { "ID": 24504500020, "正式名称": "松寿堂薬局", "機関区分": 5, "都道府県コード": 24, "市区町村コード": 201, "所在地": "三重県津市一志町田尻１１２－３", "緯度": 34.6568, "経度": 136.432286, "url": "https://www.iryou.teikyouseido.mhlw.go.jp/znk-web/juminkanja/S2430/initialize?prefCd=24&kikanCd=04500020&kikanKbn=5", "url2": null, "内容": "松寿堂薬局【5:薬局】三重県津市一志町田尻１１２－３" }, "geometry": { "type": "Point", "coordinates": [ 136.432286, 34.6568 ] } },
{ "type": "Feature", "properties": { "ID": 24504550010, "正式名称": "南漢方薬局", "機関区分": 5, "都道府県コード": 24, "市区町村コード": 201, "所在地": "三重県津市新町１丁目１２－５", "緯度": 34.716083, "経度": 136.499856, "url": "https://www.iryou.teikyouseido.mhlw.go.jp/znk-web/juminkanja/S2430/initialize?prefCd=24&kikanCd=04550010&kikanKbn=5", "url2": null, "内容": "南漢方薬局【5:薬局】三重県津市新町１丁目１２－５" }, "geometry": { "type": "Point", "coordinates": [ 136.499856, 34.716083 ] } },
{ "type": "Feature", "properties": { "ID": 24504570011, "正式名称": "富士薬局", "機関区分": 5, "都道府県コード": 24, "市区町村コード": 201, "所在地": "三重県津市白塚町３１－５８", "緯度": 34.774307, "経度": 136.532784, "url": "https://www.iryou.teikyouseido.mhlw.go.jp/znk-web/juminkanja/S2430/initialize?prefCd=24&kikanCd=04570011&kikanKbn=5", "url2": "https://www.fuji-yakkyoku.com/", "内容": "富士薬局【5:薬局】三重県津市白塚町３１－５８" }, "geometry": { "type": "Point", "coordinates": [ 136.532784, 34.774307 ] } },
{ "type": "Feature", "properties": { "ID": 24504600033, "正式名称": "三重調剤薬局", "機関区分": 5, "都道府県コード": 24, "市区町村コード": 201, "所在地": "三重県津市大倉１１－１４", "緯度": 34.703733, "経度": 136.505417, "url": "https://www.iryou.teikyouseido.mhlw.go.jp/znk-web/juminkanja/S2430/initialize?prefCd=24&kikanCd=04600033&kikanKbn=5", "url2": "https://mie-chozai.com/", "内容": "三重調剤薬局【5:薬局】三重県津市大倉１１－１４" }, "geometry": { "type": "Point", "coordinates": [ 136.505417, 34.703733 ] } },
{ "type": "Feature", "properties": { "ID": 24505000002, "正式名称": "なの花薬局宝塚店", "機関区分": 5, "都道府県コード": 24, "市区町村コード": 204, "所在地": "三重県松阪市宝塚町１５０８－１", "緯度": 34.551978, "経度": 136.515592, "url": "https://www.iryou.teikyouseido.mhlw.go.jp/znk-web/juminkanja/S2430/initialize?prefCd=24&kikanCd=05000002&kikanKbn=5", "url2": "https://www.nanohana-ph.jp", "内容": "なの花薬局宝塚店【5:薬局】三重県松阪市宝塚町１５０８－１" }, "geometry": { "type": "Point", "coordinates": [ 136.515592, 34.551978 ] } },
{ "type": "Feature", "properties": { "ID": 24505000006, "正式名称": "つじさい薬局大淀寺前店", "機関区分": 5, "都道府県コード": 24, "市区町村コード": 442, "所在地": "三重県多気郡明和町大淀寺前２４１８－７", "緯度": 34.560583, "経度": 136.653574, "url": "https://www.iryou.teikyouseido.mhlw.go.jp/znk-web/juminkanja/S2430/initialize?prefCd=24&kikanCd=05000006&kikanKbn=5", "url2": null, "内容": "つじさい薬局大淀寺前店【5:薬局】三重県多気郡明和町大淀寺前２４１８－７" }, "geometry": { "type": "Point", "coordinates": [ 136.653574, 34.560583 ] } },
{ "type": "Feature", "properties": { "ID": 24505000007, "正式名称": "なの花薬局おかわち店", "機関区分": 5, "都道府県コード": 24, "市区町村コード": 204, "所在地": "三重県松阪市大河内町字大垣戸７７２－３", "緯度": 34.515745, "経度": 136.470554, "url": "https://www.iryou.teikyouseido.mhlw.go.jp/znk-web/juminkanja/S2430/initialize?prefCd=24&kikanCd=05000007&kikanKbn=5", "url2": "http://www.msnw.co.jp", "内容": "なの花薬局おかわち店【5:薬局】三重県松阪市大河内町字大垣戸７７２－３" }, "geometry": { "type": "Point", "coordinates": [ 136.470554, 34.515745 ] } },
{ "type": "Feature", "properties": { "ID": 24505000008, "正式名称": "センター薬局中央病院前店", "機関区分": 5, "都道府県コード": 24, "市区町村コード": 204, "所在地": "三重県松阪市川井町字小望１８５－２", "緯度": 34.58106, "経度": 136.5195, "url": "https://www.iryou.teikyouseido.mhlw.go.jp/znk-web/juminkanja/S2430/initialize?prefCd=24&kikanCd=05000008&kikanKbn=5", "url2": "https://matsusaka-center.com/", "内容": "センター薬局中央病院前店【5:薬局】三重県松阪市川井町字小望１８５－２" }, "geometry": { "type": "Point", "coordinates": [ 136.5195, 34.58106 ] } },
{ "type": "Feature", "properties": { "ID": 24505000011, "正式名称": "ユニスマイル薬局　松阪下村店", "機関区分": 5, "都道府県コード": 24, "市区町村コード": 204, "所在地": "三重県松阪市下村町５６４－４", "緯度": 34.556725, "経度": 136.548585, "url": "https://www.iryou.teikyouseido.mhlw.go.jp/znk-web/juminkanja/S2430/initialize?prefCd=24&kikanCd=05000011&kikanKbn=5", "url2": "https://unismile.co.jp", "内容": "ユニスマイル薬局　松阪下村店【5:薬局】三重県松阪市下村町５６４－４" }, "geometry": { "type": "Point", "coordinates": [ 136.548585, 34.556725 ] } },
{ "type": "Feature", "properties": { "ID": 24505000012, "正式名称": "センター薬局済生会病院前店", "機関区分": 5, "都道府県コード": 24, "市区町村コード": 204, "所在地": "三重県松阪市朝日町１区１０－２７", "緯度": 34.579142, "経度": 136.537156, "url": "https://www.iryou.teikyouseido.mhlw.go.jp/znk-web/juminkanja/S2430/initialize?prefCd=24&kikanCd=05000012&kikanKbn=5", "url2": "https://matsusaka-center.com/", "内容": "センター薬局済生会病院前店【5:薬局】三重県松阪市朝日町１区１０－２７" }, "geometry": { "type": "Point", "coordinates": [ 136.537156, 34.579142 ] } },
{ "type": "Feature", "properties": { "ID": 24505000013, "正式名称": "有限会社ヒシナカ薬局", "機関区分": 5, "都道府県コード": 24, "市区町村コード": 204, "所在地": "三重県松阪市日野町５８３", "緯度": 34.574398, "経度": 136.532002, "url": "https://www.iryou.teikyouseido.mhlw.go.jp/znk-web/juminkanja/S2430/initialize?prefCd=24&kikanCd=05000013&kikanKbn=5", "url2": null, "内容": "有限会社ヒシナカ薬局【5:薬局】三重県松阪市日野町５８３" }, "geometry": { "type": "Point", "coordinates": [ 136.532002, 34.574398 ] } },
{ "type": "Feature", "properties": { "ID": 24505000014, "正式名称": "有限会社メディファムめぐみ調剤薬局", "機関区分": 5, "都道府県コード": 24, "市区町村コード": 204, "所在地": "三重県松阪市大口町１５５－１", "緯度": 34.591232, "経度": 136.547465, "url": "https://www.iryou.teikyouseido.mhlw.go.jp/znk-web/juminkanja/S2430/initialize?prefCd=24&kikanCd=05000014&kikanKbn=5", "url2": "https://e-classa.net/medipham/index.html", "内容": "有限会社メディファムめぐみ調剤薬局【5:薬局】三重県松阪市大口町１５５－１" }, "geometry": { "type": "Point", "coordinates": [ 136.547465, 34.591232 ] } },
{ "type": "Feature", "properties": { "ID": 24505000016, "正式名称": "有限会社平野薬局", "機関区分": 5, "都道府県コード": 24, "市区町村コード": 204, "所在地": "三重県松阪市嬉野中川新町４丁目６９", "緯度": 34.632111, "経度": 136.477908, "url": "https://www.iryou.teikyouseido.mhlw.go.jp/znk-web/juminkanja/S2430/initialize?prefCd=24&kikanCd=05000016&kikanKbn=5", "url2": "https://www.instagram.com/hirano_drug.nakagawa/?img_index=1", "内容": "有限会社平野薬局【5:薬局】三重県松阪市嬉野中川新町４丁目６９" }, "geometry": { "type": "Point", "coordinates": [ 136.477908, 34.632111 ] } },
{ "type": "Feature", "properties": { "ID": 24505000021, "正式名称": "ミント薬局", "機関区分": 5, "都道府県コード": 24, "市区町村コード": 204, "所在地": "三重県松阪市嬉野中川新町２丁目５７番地", "緯度": 34.634945, "経度": 136.482216, "url": "https://www.iryou.teikyouseido.mhlw.go.jp/znk-web/juminkanja/S2430/initialize?prefCd=24&kikanCd=05000021&kikanKbn=5", "url2": null, "内容": "ミント薬局【5:薬局】三重県松阪市嬉野中川新町２丁目５７番地" }, "geometry": { "type": "Point", "coordinates": [ 136.482216, 34.634945 ] } },
{ "type": "Feature", "properties": { "ID": 24505000023, "正式名称": "さかい薬局", "機関区分": 5, "都道府県コード": 24, "市区町村コード": 204, "所在地": "三重県松阪市嬉野中川新町２－３６", "緯度": 34.634228, "経度": 136.480669, "url": "https://www.iryou.teikyouseido.mhlw.go.jp/znk-web/juminkanja/S2430/initialize?prefCd=24&kikanCd=05000023&kikanKbn=5", "url2": null, "内容": "さかい薬局【5:薬局】三重県松阪市嬉野中川新町２－３６" }, "geometry": { "type": "Point", "coordinates": [ 136.480669, 34.634228 ] } },
{ "type": "Feature", "properties": { "ID": 24505000028, "正式名称": "なの花薬局鎌田店", "機関区分": 5, "都道府県コード": 24, "市区町村コード": 204, "所在地": "三重県松阪市鎌田町２１７－１６", "緯度": 34.581334, "経度": 136.536237, "url": "https://www.iryou.teikyouseido.mhlw.go.jp/znk-web/juminkanja/S2430/initialize?prefCd=24&kikanCd=05000028&kikanKbn=5", "url2": null, "内容": "なの花薬局鎌田店【5:薬局】三重県松阪市鎌田町２１７－１６" }, "geometry": { "type": "Point", "coordinates": [ 136.536237, 34.581334 ] } },
{ "type": "Feature", "properties": { "ID": 24505000029, "正式名称": "まるみ調剤薬局", "機関区分": 5, "都道府県コード": 24, "市区町村コード": 204, "所在地": "三重県松阪市駅部田町７５３－１", "緯度": 34.552713, "経度": 136.52549, "url": "https://www.iryou.teikyouseido.mhlw.go.jp/znk-web/juminkanja/S2430/initialize?prefCd=24&kikanCd=05000029&kikanKbn=5", "url2": null, "内容": "まるみ調剤薬局【5:薬局】三重県松阪市駅部田町７５３－１" }, "geometry": { "type": "Point", "coordinates": [ 136.52549, 34.552713 ] } },
{ "type": "Feature", "properties": { "ID": 24505000040, "正式名称": "五反田薬局", "機関区分": 5, "都道府県コード": 24, "市区町村コード": 204, "所在地": "三重県松阪市五反田町３丁目１３７１－１１", "緯度": 34.567444, "経度": 136.519715, "url": "https://www.iryou.teikyouseido.mhlw.go.jp/znk-web/juminkanja/S2430/initialize?prefCd=24&kikanCd=05000040&kikanKbn=5", "url2": null, "内容": "五反田薬局【5:薬局】三重県松阪市五反田町３丁目１３７１－１１" }, "geometry": { "type": "Point", "coordinates": [ 136.519715, 34.567444 ] } },
{ "type": "Feature", "properties": { "ID": 24505000041, "正式名称": "有限会社金鈴堂薬局", "機関区分": 5, "都道府県コード": 24, "市区町村コード": 204, "所在地": "三重県松阪市東黒部町５５２番地", "緯度": 34.590577, "経度": 136.596395, "url": "https://www.iryou.teikyouseido.mhlw.go.jp/znk-web/juminkanja/S2430/initialize?prefCd=24&kikanCd=05000041&kikanKbn=5", "url2": null, "内容": "有限会社金鈴堂薬局【5:薬局】三重県松阪市東黒部町５５２番地" }, "geometry": { "type": "Point", "coordinates": [ 136.596395, 34.590577 ] } },
{ "type": "Feature", "properties": { "ID": 24505000043, "正式名称": "スギ薬局嬉野店", "機関区分": 5, "都道府県コード": 24, "市区町村コード": 204, "所在地": "三重県松阪市嬉野中川新町４丁目１４５", "緯度": 34.632158, "経度": 136.475804, "url": "https://www.iryou.teikyouseido.mhlw.go.jp/znk-web/juminkanja/S2430/initialize?prefCd=24&kikanCd=05000043&kikanKbn=5", "url2": "http://www.drug-sugi.co.jp", "内容": "スギ薬局嬉野店【5:薬局】三重県松阪市嬉野中川新町４丁目１４５" }, "geometry": { "type": "Point", "coordinates": [ 136.475804, 34.632158 ] } },
{ "type": "Feature", "properties": { "ID": 24505000044, "正式名称": "スギ薬局アドバンスモール松阪店", "機関区分": 5, "都道府県コード": 24, "市区町村コード": 204, "所在地": "三重県松阪市田村町２３５－１", "緯度": 34.555488, "経度": 136.513753, "url": "https://www.iryou.teikyouseido.mhlw.go.jp/znk-web/juminkanja/S2430/initialize?prefCd=24&kikanCd=05000044&kikanKbn=5", "url2": "http://www.drug-sugi.co.jp/", "内容": "スギ薬局アドバンスモール松阪店【5:薬局】三重県松阪市田村町２３５－１" }, "geometry": { "type": "Point", "coordinates": [ 136.513753, 34.555488 ] } },
{ "type": "Feature", "properties": { "ID": 24505000047, "正式名称": "イオン薬局明和店", "機関区分": 5, "都道府県コード": 24, "市区町村コード": 442, "所在地": "三重県多気郡明和町中村１２２３", "緯度": 34.581232, "経度": 136.615338, "url": "https://www.iryou.teikyouseido.mhlw.go.jp/znk-web/juminkanja/S2430/initialize?prefCd=24&kikanCd=05000047&kikanKbn=5", "url2": null, "内容": "イオン薬局明和店【5:薬局】三重県多気郡明和町中村１２２３" }, "geometry": { "type": "Point", "coordinates": [ 136.615338, 34.581232 ] } },
{ "type": "Feature", "properties": { "ID": 24505000049, "正式名称": "調剤薬局キタオカ松阪店", "機関区分": 5, "都道府県コード": 24, "市区町村コード": 204, "所在地": "三重県松阪市若葉町４８６－２", "緯度": 34.582208, "経度": 136.54463, "url": "https://www.iryou.teikyouseido.mhlw.go.jp/znk-web/juminkanja/S2430/initialize?prefCd=24&kikanCd=05000049&kikanKbn=5", "url2": "http://www.kitaoka.org.uk/", "内容": "調剤薬局キタオカ松阪店【5:薬局】三重県松阪市若葉町４８６－２" }, "geometry": { "type": "Point", "coordinates": [ 136.54463, 34.582208 ] } },
{ "type": "Feature", "properties": { "ID": 24505000053, "正式名称": "アサヒ薬局", "機関区分": 5, "都道府県コード": 24, "市区町村コード": 204, "所在地": "三重県松阪市朝日町１区１０－７", "緯度": 34.579262, "経度": 136.536655, "url": "https://www.iryou.teikyouseido.mhlw.go.jp/znk-web/juminkanja/S2430/initialize?prefCd=24&kikanCd=05000053&kikanKbn=5", "url2": null, "内容": "アサヒ薬局【5:薬局】三重県松阪市朝日町１区１０－７" }, "geometry": { "type": "Point", "coordinates": [ 136.536655, 34.579262 ] } },
{ "type": "Feature", "properties": { "ID": 24505000054, "正式名称": "さくら薬局　松阪学園前店", "機関区分": 5, "都道府県コード": 24, "市区町村コード": 204, "所在地": "三重県松阪市駅部田町字七元１０１５番地５", "緯度": 34.547854, "経度": 136.528121, "url": "https://www.iryou.teikyouseido.mhlw.go.jp/znk-web/juminkanja/S2430/initialize?prefCd=24&kikanCd=05000054&kikanKbn=5", "url2": "https://www.kraft-net.co.jp/sakura/store/3486/", "内容": "さくら薬局　松阪学園前店【5:薬局】三重県松阪市駅部田町字七元１０１５番地５" }, "geometry": { "type": "Point", "coordinates": [ 136.528121, 34.547854 ] } },
{ "type": "Feature", "properties": { "ID": 24505000055, "正式名称": "セイムス梅村学園前薬局", "機関区分": 5, "都道府県コード": 24, "市区町村コード": 204, "所在地": "三重県松阪市久保町１４５６－４", "緯度": 34.548158, "経度": 136.535814, "url": "https://www.iryou.teikyouseido.mhlw.go.jp/znk-web/juminkanja/S2430/initialize?prefCd=24&kikanCd=05000055&kikanKbn=5", "url2": "https://www.tokai-seims.co.jp/", "内容": "セイムス梅村学園前薬局【5:薬局】三重県松阪市久保町１４５６－４" }, "geometry": { "type": "Point", "coordinates": [ 136.535814, 34.548158 ] } },
{ "type": "Feature", "properties": { "ID": 24505000056, "正式名称": "小津薬局", "機関区分": 5, "都道府県コード": 24, "市区町村コード": 204, "所在地": "三重県松阪市小津町２５３－３", "緯度": 34.615512, "経度": 136.50952, "url": "https://www.iryou.teikyouseido.mhlw.go.jp/znk-web/juminkanja/S2430/initialize?prefCd=24&kikanCd=05000056&kikanKbn=5", "url2": "https://www.pharma-trust.co.jp/", "内容": "小津薬局【5:薬局】三重県松阪市小津町２５３－３" }, "geometry": { "type": "Point", "coordinates": [ 136.50952, 34.615512 ] } },
{ "type": "Feature", "properties": { "ID": 24505000057, "正式名称": "健やか薬局みくも店", "機関区分": 5, "都道府県コード": 24, "市区町村コード": 204, "所在地": "三重県松阪市曽原町８１１－１－２", "緯度": 34.631186, "経度": 136.517083, "url": "https://www.iryou.teikyouseido.mhlw.go.jp/znk-web/juminkanja/S2430/initialize?prefCd=24&kikanCd=05000057&kikanKbn=5", "url2": "https://mie-link.com", "内容": "健やか薬局みくも店【5:薬局】三重県松阪市曽原町８１１－１－２" }, "geometry": { "type": "Point", "coordinates": [ 136.517083, 34.631186 ] } },
{ "type": "Feature", "properties": { "ID": 24505000061, "正式名称": "チェリー調剤薬局明和店", "機関区分": 5, "都道府県コード": 24, "市区町村コード": 442, "所在地": "三重県多気郡明和町大字明星字茶屋１５００－３", "緯度": 34.5289, "経度": 136.64009, "url": "https://www.iryou.teikyouseido.mhlw.go.jp/znk-web/juminkanja/S2430/initialize?prefCd=24&kikanCd=05000061&kikanKbn=5", "url2": "http://www.nichiiko-mie.com", "内容": "チェリー調剤薬局明和店【5:薬局】三重県多気郡明和町大字明星字茶屋１５００－３" }, "geometry": { "type": "Point", "coordinates": [ 136.64009, 34.5289 ] } },
{ "type": "Feature", "properties": { "ID": 24505000062, "正式名称": "スギ薬局内五曲店", "機関区分": 5, "都道府県コード": 24, "市区町村コード": 204, "所在地": "三重県松阪市内五曲町９０番地１", "緯度": 34.57316, "経度": 136.522239, "url": "https://www.iryou.teikyouseido.mhlw.go.jp/znk-web/juminkanja/S2430/initialize?prefCd=24&kikanCd=05000062&kikanKbn=5", "url2": "http://www.drug-sugi.co.jp/", "内容": "スギ薬局内五曲店【5:薬局】三重県松阪市内五曲町９０番地１" }, "geometry": { "type": "Point", "coordinates": [ 136.522239, 34.57316 ] } },
{ "type": "Feature", "properties": { "ID": 24505000065, "正式名称": "なの花薬局斎宮店", "機関区分": 5, "都道府県コード": 24, "市区町村コード": 442, "所在地": "三重県多気郡明和町大字竹川字野口３９－７９", "緯度": 34.530785, "経度": 136.60794, "url": "https://www.iryou.teikyouseido.mhlw.go.jp/znk-web/juminkanja/S2430/initialize?prefCd=24&kikanCd=05000065&kikanKbn=5", "url2": "https://www.nanohana-ph.jp/shop/tokai-hokuriku/mie/taki/saiku.php", "内容": "なの花薬局斎宮店【5:薬局】三重県多気郡明和町大字竹川字野口３９－７９" }, "geometry": { "type": "Point", "coordinates": [ 136.60794, 34.530785 ] } },
{ "type": "Feature", "properties": { "ID": 24505000067, "正式名称": "ユニスマイル薬局　おおだい店", "機関区分": 5, "都道府県コード": 24, "市区町村コード": 443, "所在地": "三重県多気郡大台町新田２００－６", "緯度": 34.438713, "経度": 136.514051, "url": "https://www.iryou.teikyouseido.mhlw.go.jp/znk-web/juminkanja/S2430/initialize?prefCd=24&kikanCd=05000067&kikanKbn=5", "url2": "https://unismile.co.jp/", "内容": "ユニスマイル薬局　おおだい店【5:薬局】三重県多気郡大台町新田２００－６" }, "geometry": { "type": "Point", "coordinates": [ 136.514051, 34.438713 ] } },
{ "type": "Feature", "properties": { "ID": 24505000069, "正式名称": "アクア薬局伊勢寺店", "機関区分": 5, "都道府県コード": 24, "市区町村コード": 204, "所在地": "三重県松阪市伊勢寺町４８１－６", "緯度": 34.577076, "経度": 136.483082, "url": "https://www.iryou.teikyouseido.mhlw.go.jp/znk-web/juminkanja/S2430/initialize?prefCd=24&kikanCd=05000069&kikanKbn=5", "url2": "https://aquamedical.net/store.html", "内容": "アクア薬局伊勢寺店【5:薬局】三重県松阪市伊勢寺町４８１－６" }, "geometry": { "type": "Point", "coordinates": [ 136.483082, 34.577076 ] } },
{ "type": "Feature", "properties": { "ID": 24505000070, "正式名称": "とよはら薬局", "機関区分": 5, "都道府県コード": 24, "市区町村コード": 204, "所在地": "三重県松阪市豊原町２９５－１８", "緯度": 34.546553, "経度": 136.577322, "url": "https://www.iryou.teikyouseido.mhlw.go.jp/znk-web/juminkanja/S2430/initialize?prefCd=24&kikanCd=05000070&kikanKbn=5", "url2": "https://www.medical-wings.com/", "内容": "とよはら薬局【5:薬局】三重県松阪市豊原町２９５－１８" }, "geometry": { "type": "Point", "coordinates": [ 136.577322, 34.546553 ] } },
{ "type": "Feature", "properties": { "ID": 24505000072, "正式名称": "花岡調剤薬局", "機関区分": 5, "都道府県コード": 24, "市区町村コード": 204, "所在地": "三重県松阪市大黒田町９７２番地２", "緯度": 34.563729, "経度": 136.517305, "url": "https://www.iryou.teikyouseido.mhlw.go.jp/znk-web/juminkanja/S2430/initialize?prefCd=24&kikanCd=05000072&kikanKbn=5", "url2": null, "内容": "花岡調剤薬局【5:薬局】三重県松阪市大黒田町９７２番地２" }, "geometry": { "type": "Point", "coordinates": [ 136.517305, 34.563729 ] } },
{ "type": "Feature", "properties": { "ID": 24505000074, "正式名称": "みよの台薬局　嬉野店", "機関区分": 5, "都道府県コード": 24, "市区町村コード": 204, "所在地": "三重県松阪市嬉野町１４２４－１", "緯度": 34.625942, "経度": 136.480512, "url": "https://www.iryou.teikyouseido.mhlw.go.jp/znk-web/juminkanja/S2430/initialize?prefCd=24&kikanCd=05000074&kikanKbn=5", "url2": "https://www.sogo-pharmacy.jp", "内容": "みよの台薬局　嬉野店【5:薬局】三重県松阪市嬉野町１４２４－１" }, "geometry": { "type": "Point", "coordinates": [ 136.480512, 34.625942 ] } },
{ "type": "Feature", "properties": { "ID": 24505000075, "正式名称": "株式会社さわだ薬局　栃原店", "機関区分": 5, "都道府県コード": 24, "市区町村コード": 443, "所在地": "三重県多気郡大台町栃原１２４２－１１", "緯度": 34.445972, "経度": 136.510008, "url": "https://www.iryou.teikyouseido.mhlw.go.jp/znk-web/juminkanja/S2430/initialize?prefCd=24&kikanCd=05000075&kikanKbn=5", "url2": null, "内容": "株式会社さわだ薬局　栃原店【5:薬局】三重県多気郡大台町栃原１２４２－１１" }, "geometry": { "type": "Point", "coordinates": [ 136.510008, 34.445972 ] } },
{ "type": "Feature", "properties": { "ID": 24505000078, "正式名称": "たむら薬局", "機関区分": 5, "都道府県コード": 24, "市区町村コード": 204, "所在地": "三重県松阪市田村町４４４－４", "緯度": 34.558068, "経度": 136.511717, "url": "https://www.iryou.teikyouseido.mhlw.go.jp/znk-web/juminkanja/S2430/initialize?prefCd=24&kikanCd=05000078&kikanKbn=5", "url2": "https://www.medical-wings.com/", "内容": "たむら薬局【5:薬局】三重県松阪市田村町４４４－４" }, "geometry": { "type": "Point", "coordinates": [ 136.511717, 34.558068 ] } },
{ "type": "Feature", "properties": { "ID": 24505000080, "正式名称": "センター薬局市民病院前店", "機関区分": 5, "都道府県コード": 24, "市区町村コード": 204, "所在地": "三重県松阪市殿町１５８０－１", "緯度": 34.576945, "経度": 136.526679, "url": "https://www.iryou.teikyouseido.mhlw.go.jp/znk-web/juminkanja/S2430/initialize?prefCd=24&kikanCd=05000080&kikanKbn=5", "url2": "https://matsusaka-center.com", "内容": "センター薬局市民病院前店【5:薬局】三重県松阪市殿町１５８０－１" }, "geometry": { "type": "Point", "coordinates": [ 136.526679, 34.576945 ] } },
{ "type": "Feature", "properties": { "ID": 24505000081, "正式名称": "日本調剤松阪薬局", "機関区分": 5, "都道府県コード": 24, "市区町村コード": 204, "所在地": "三重県松阪市朝日町一区１０－２４", "緯度": 34.579222, "経度": 136.537592, "url": "https://www.iryou.teikyouseido.mhlw.go.jp/znk-web/juminkanja/S2430/initialize?prefCd=24&kikanCd=05000081&kikanKbn=5", "url2": null, "内容": "日本調剤松阪薬局【5:薬局】三重県松阪市朝日町一区１０－２４" }, "geometry": { "type": "Point", "coordinates": [ 136.537592, 34.579222 ] } },
{ "type": "Feature", "properties": { "ID": 24505000082, "正式名称": "株式会社さわだ薬局　相可店", "機関区分": 5, "都道府県コード": 24, "市区町村コード": 441, "所在地": "三重県多気郡多気町相可１０４３－４", "緯度": 34.503272, "経度": 136.545325, "url": "https://www.iryou.teikyouseido.mhlw.go.jp/znk-web/juminkanja/S2430/initialize?prefCd=24&kikanCd=05000082&kikanKbn=5", "url2": null, "内容": "株式会社さわだ薬局　相可店【5:薬局】三重県多気郡多気町相可１０４３－４" }, "geometry": { "type": "Point", "coordinates": [ 136.545325, 34.503272 ] } },
{ "type": "Feature", "properties": { "ID": 24505000083, "正式名称": "あおぞら薬局", "機関区分": 5, "都道府県コード": 24, "市区町村コード": 204, "所在地": "三重県松阪市小黒田町４９３番地２", "緯度": 34.55885, "経度": 136.519289, "url": "https://www.iryou.teikyouseido.mhlw.go.jp/znk-web/juminkanja/S2430/initialize?prefCd=24&kikanCd=05000083&kikanKbn=5", "url2": "https://goodlogi.co.jp/", "内容": "あおぞら薬局【5:薬局】三重県松阪市小黒田町４９３番地２" }, "geometry": { "type": "Point", "coordinates": [ 136.519289, 34.55885 ] } },
{ "type": "Feature", "properties": { "ID": 24505000084, "正式名称": "なの花薬局松阪目田店", "機関区分": 5, "都道府県コード": 24, "市区町村コード": 204, "所在地": "三重県松阪市目田町字門３２７－６", "緯度": 34.53663, "経度": 136.586682, "url": "https://www.iryou.teikyouseido.mhlw.go.jp/znk-web/juminkanja/S2430/initialize?prefCd=24&kikanCd=05000084&kikanKbn=5", "url2": "http://www.msnw.co.jp", "内容": "なの花薬局松阪目田店【5:薬局】三重県松阪市目田町字門３２７－６" }, "geometry": { "type": "Point", "coordinates": [ 136.586682, 34.53663 ] } },
{ "type": "Feature", "properties": { "ID": 24505000085, "正式名称": "かいばな調剤薬局", "機関区分": 5, "都道府県コード": 24, "市区町村コード": 204, "所在地": "三重県松阪市垣鼻町１７６１－２３", "緯度": 34.561872, "経度": 136.534944, "url": "https://www.iryou.teikyouseido.mhlw.go.jp/znk-web/juminkanja/S2430/initialize?prefCd=24&kikanCd=05000085&kikanKbn=5", "url2": "https:/www.fines-f.com", "内容": "かいばな調剤薬局【5:薬局】三重県松阪市垣鼻町１７６１－２３" }, "geometry": { "type": "Point", "coordinates": [ 136.534944, 34.561872 ] } },
{ "type": "Feature", "properties": { "ID": 24505000086, "正式名称": "のぞみ薬局", "機関区分": 5, "都道府県コード": 24, "市区町村コード": 204, "所在地": "三重県松阪市下村町字草深５２５番１０", "緯度": 34.55594, "経度": 136.55034, "url": "https://www.iryou.teikyouseido.mhlw.go.jp/znk-web/juminkanja/S2430/initialize?prefCd=24&kikanCd=05000086&kikanKbn=5", "url2": null, "内容": "のぞみ薬局【5:薬局】三重県松阪市下村町字草深５２５番１０" }, "geometry": { "type": "Point", "coordinates": [ 136.55034, 34.55594 ] } },
{ "type": "Feature", "properties": { "ID": 24505000087, "正式名称": "伊藤大黒堂薬局", "機関区分": 5, "都道府県コード": 24, "市区町村コード": 443, "所在地": "三重県多気郡大台町江馬１１０番地２", "緯度": 34.363769, "経度": 136.339514, "url": "https://www.iryou.teikyouseido.mhlw.go.jp/znk-web/juminkanja/S2430/initialize?prefCd=24&kikanCd=05000087&kikanKbn=5", "url2": null, "内容": "伊藤大黒堂薬局【5:薬局】三重県多気郡大台町江馬１１０番地２" }, "geometry": { "type": "Point", "coordinates": [ 136.339514, 34.363769 ] } },
{ "type": "Feature", "properties": { "ID": 24505000088, "正式名称": "クスリのアオキ松阪中央薬局", "機関区分": 5, "都道府県コード": 24, "市区町村コード": 204, "所在地": "三重県松阪市中央町５７４番地３", "緯度": 34.582712, "経度": 136.544403, "url": "https://www.iryou.teikyouseido.mhlw.go.jp/znk-web/juminkanja/S2430/initialize?prefCd=24&kikanCd=05000088&kikanKbn=5", "url2": "https://www.kusuri-aoki.co.jp/", "内容": "クスリのアオキ松阪中央薬局【5:薬局】三重県松阪市中央町５７４番地３" }, "geometry": { "type": "Point", "coordinates": [ 136.544403, 34.582712 ] } },
{ "type": "Feature", "properties": { "ID": 24505000089, "正式名称": "ひかり薬局", "機関区分": 5, "都道府県コード": 24, "市区町村コード": 204, "所在地": "三重県松阪市射和町３０５－１", "緯度": 34.508098, "経度": 136.542339, "url": "https://www.iryou.teikyouseido.mhlw.go.jp/znk-web/juminkanja/S2430/initialize?prefCd=24&kikanCd=05000089&kikanKbn=5", "url2": "https://unitedpharmacy.co.jp/", "内容": "ひかり薬局【5:薬局】三重県松阪市射和町３０５－１" }, "geometry": { "type": "Point", "coordinates": [ 136.542339, 34.508098 ] } },
{ "type": "Feature", "properties": { "ID": 24505000090, "正式名称": "ウエルシア薬局松阪川井店", "機関区分": 5, "都道府県コード": 24, "市区町村コード": 204, "所在地": "三重県松阪市川井町上大坪７１８", "緯度": 34.58106, "経度": 136.5195, "url": "https://www.iryou.teikyouseido.mhlw.go.jp/znk-web/juminkanja/S2430/initialize?prefCd=24&kikanCd=05000090&kikanKbn=5", "url2": "https://store.welcia.co.jp/welcia/spot/detail?code=2222D", "内容": "ウエルシア薬局松阪川井店【5:薬局】三重県松阪市川井町上大坪７１８" }, "geometry": { "type": "Point", "coordinates": [ 136.5195, 34.58106 ] } },
{ "type": "Feature", "properties": { "ID": 24505000091, "正式名称": "アクア薬局宮前店", "機関区分": 5, "都道府県コード": 24, "市区町村コード": 204, "所在地": "三重県松阪市飯高町宮前１１０２－４", "緯度": 34.43365, "経度": 136.336439, "url": "https://www.iryou.teikyouseido.mhlw.go.jp/znk-web/juminkanja/S2430/initialize?prefCd=24&kikanCd=05000091&kikanKbn=5", "url2": "http://aquamedical.net", "内容": "アクア薬局宮前店【5:薬局】三重県松阪市飯高町宮前１１０２－４" }, "geometry": { "type": "Point", "coordinates": [ 136.336439, 34.43365 ] } },
{ "type": "Feature", "properties": { "ID": 24505000092, "正式名称": "ウエルシア薬局松阪中道町店", "機関区分": 5, "都道府県コード": 24, "市区町村コード": 204, "所在地": "三重県松阪市中道町４８５", "緯度": 34.622802, "経度": 136.515219, "url": "https://www.iryou.teikyouseido.mhlw.go.jp/znk-web/juminkanja/S2430/initialize?prefCd=24&kikanCd=05000092&kikanKbn=5", "url2": "https://store.welcia.co.jp/welcia/spot/detail?code=6676D", "内容": "ウエルシア薬局松阪中道町店【5:薬局】三重県松阪市中道町４８５" }, "geometry": { "type": "Point", "coordinates": [ 136.515219, 34.622802 ] } },
{ "type": "Feature", "properties": { "ID": 24505000093, "正式名称": "健やか薬局くろべ店", "機関区分": 5, "都道府県コード": 24, "市区町村コード": 204, "所在地": "三重県松阪市東黒部町７３８－１", "緯度": 34.590717, "経度": 136.591136, "url": "https://www.iryou.teikyouseido.mhlw.go.jp/znk-web/juminkanja/S2430/initialize?prefCd=24&kikanCd=05000093&kikanKbn=5", "url2": "https://mie-link.com", "内容": "健やか薬局くろべ店【5:薬局】三重県松阪市東黒部町７３８－１" }, "geometry": { "type": "Point", "coordinates": [ 136.591136, 34.590717 ] } },
{ "type": "Feature", "properties": { "ID": 24505000094, "正式名称": "スギ薬局　松阪川井町店", "機関区分": 5, "都道府県コード": 24, "市区町村コード": 204, "所在地": "三重県松阪市川井町１００６番地１", "緯度": 34.584887, "経度": 136.523858, "url": "https://www.iryou.teikyouseido.mhlw.go.jp/znk-web/juminkanja/S2430/initialize?prefCd=24&kikanCd=05000094&kikanKbn=5", "url2": "http://www.drug-sugi.co.jp/", "内容": "スギ薬局　松阪川井町店【5:薬局】三重県松阪市川井町１００６番地１" }, "geometry": { "type": "Point", "coordinates": [ 136.523858, 34.584887 ] } },
{ "type": "Feature", "properties": { "ID": 24505000095, "正式名称": "ウエルシア薬局松阪下村店", "機関区分": 5, "都道府県コード": 24, "市区町村コード": 204, "所在地": "三重県松阪市下村町字西ノ庄８６２番地２", "緯度": 34.550272, "経度": 136.540797, "url": "https://www.iryou.teikyouseido.mhlw.go.jp/znk-web/juminkanja/S2430/initialize?prefCd=24&kikanCd=05000095&kikanKbn=5", "url2": "https://www.welcia-yakkyoku.co.jp/", "内容": "ウエルシア薬局松阪下村店【5:薬局】三重県松阪市下村町字西ノ庄８６２番地２" }, "geometry": { "type": "Point", "coordinates": [ 136.540797, 34.550272 ] } },
{ "type": "Feature", "properties": { "ID": 24505000097, "正式名称": "健やか薬局明和店", "機関区分": 5, "都道府県コード": 24, "市区町村コード": 442, "所在地": "三重県多気郡明和町斎宮北野３７２６－１", "緯度": 34.544239, "経度": 136.624347, "url": "https://www.iryou.teikyouseido.mhlw.go.jp/znk-web/juminkanja/S2430/initialize?prefCd=24&kikanCd=05000097&kikanKbn=5", "url2": "https://mie-link.com", "内容": "健やか薬局明和店【5:薬局】三重県多気郡明和町斎宮北野３７２６－１" }, "geometry": { "type": "Point", "coordinates": [ 136.624347, 34.544239 ] } },
{ "type": "Feature", "properties": { "ID": 24505000099, "正式名称": "健やか薬局　川井町店", "機関区分": 5, "都道府県コード": 24, "市区町村コード": 204, "所在地": "三重県松阪市川井町９６９－７", "緯度": 34.584196, "経度": 136.525458, "url": "https://www.iryou.teikyouseido.mhlw.go.jp/znk-web/juminkanja/S2430/initialize?prefCd=24&kikanCd=05000099&kikanKbn=5", "url2": "https://mie-link.com", "内容": "健やか薬局　川井町店【5:薬局】三重県松阪市川井町９６９－７" }, "geometry": { "type": "Point", "coordinates": [ 136.525458, 34.584196 ] } },
{ "type": "Feature", "properties": { "ID": 24505000100, "正式名称": "はあと薬局　大台店", "機関区分": 5, "都道府県コード": 24, "市区町村コード": 443, "所在地": "三重県多気郡大台町栃原１１５０－２", "緯度": 34.437114, "経度": 136.5064, "url": "https://www.iryou.teikyouseido.mhlw.go.jp/znk-web/juminkanja/S2430/initialize?prefCd=24&kikanCd=05000100&kikanKbn=5", "url2": null, "内容": "はあと薬局　大台店【5:薬局】三重県多気郡大台町栃原１１５０－２" }, "geometry": { "type": "Point", "coordinates": [ 136.5064, 34.437114 ] } },
{ "type": "Feature", "properties": { "ID": 24505000101, "正式名称": "クスリのアオキ松阪川井町薬局", "機関区分": 5, "都道府県コード": 24, "市区町村コード": 204, "所在地": "三重県松阪市川井町７７２－３２", "緯度": 34.579609, "経度": 136.519063, "url": "https://www.iryou.teikyouseido.mhlw.go.jp/znk-web/juminkanja/S2430/initialize?prefCd=24&kikanCd=05000101&kikanKbn=5", "url2": "https://www.kusuri-aoki.co.jp/", "内容": "クスリのアオキ松阪川井町薬局【5:薬局】三重県松阪市川井町７７２－３２" }, "geometry": { "type": "Point", "coordinates": [ 136.519063, 34.579609 ] } },
{ "type": "Feature", "properties": { "ID": 24505000102, "正式名称": "スギ薬局松阪南店", "機関区分": 5, "都道府県コード": 24, "市区町村コード": 204, "所在地": "三重県松阪市駅部田町５１３－６", "緯度": 34.549395, "経度": 136.525451, "url": "https://www.iryou.teikyouseido.mhlw.go.jp/znk-web/juminkanja/S2430/initialize?prefCd=24&kikanCd=05000102&kikanKbn=5", "url2": "http://www.drug-sugi.co.jp/", "内容": "スギ薬局松阪南店【5:薬局】三重県松阪市駅部田町５１３－６" }, "geometry": { "type": "Point", "coordinates": [ 136.525451, 34.549395 ] } },
{ "type": "Feature", "properties": { "ID": 24505000103, "正式名称": "やまゆり薬局", "機関区分": 5, "都道府県コード": 24, "市区町村コード": 204, "所在地": "三重県松阪市嬉野中川新町１丁目８", "緯度": 34.63283, "経度": 136.47638, "url": "https://www.iryou.teikyouseido.mhlw.go.jp/znk-web/juminkanja/S2430/initialize?prefCd=24&kikanCd=05000103&kikanKbn=5", "url2": "https://www.m-ikkou.co.jp/", "内容": "やまゆり薬局【5:薬局】三重県松阪市嬉野中川新町１丁目８" }, "geometry": { "type": "Point", "coordinates": [ 136.47638, 34.63283 ] } },
{ "type": "Feature", "properties": { "ID": 24505000104, "正式名称": "ユニスマイル薬局うれしの店", "機関区分": 5, "都道府県コード": 24, "市区町村コード": 204, "所在地": "三重県松阪市嬉野中川町８４３－４", "緯度": 34.636481, "経度": 136.474491, "url": "https://www.iryou.teikyouseido.mhlw.go.jp/znk-web/juminkanja/S2430/initialize?prefCd=24&kikanCd=05000104&kikanKbn=5", "url2": "https://unismile.co.jp/shop/ureshino/", "内容": "ユニスマイル薬局うれしの店【5:薬局】三重県松阪市嬉野中川町８４３－４" }, "geometry": { "type": "Point", "coordinates": [ 136.474491, 34.636481 ] } },
{ "type": "Feature", "properties": { "ID": 24505000105, "正式名称": "アクア薬局大黒田店", "機関区分": 5, "都道府県コード": 24, "市区町村コード": 204, "所在地": "三重県松阪市大黒田町１８４０－１", "緯度": 34.570706, "経度": 136.523087, "url": "https://www.iryou.teikyouseido.mhlw.go.jp/znk-web/juminkanja/S2430/initialize?prefCd=24&kikanCd=05000105&kikanKbn=5", "url2": null, "内容": "アクア薬局大黒田店【5:薬局】三重県松阪市大黒田町１８４０－１" }, "geometry": { "type": "Point", "coordinates": [ 136.523087, 34.570706 ] } },
{ "type": "Feature", "properties": { "ID": 24505000106, "正式名称": "コスモス薬局みくも店", "機関区分": 5, "都道府県コード": 24, "市区町村コード": 204, "所在地": "三重県松阪市市場庄町１０８５－１", "緯度": 34.602896, "経度": 136.515867, "url": "https://www.iryou.teikyouseido.mhlw.go.jp/znk-web/juminkanja/S2430/initialize?prefCd=24&kikanCd=05000106&kikanKbn=5", "url2": "https://cosmospharma.com/company/", "内容": "コスモス薬局みくも店【5:薬局】三重県松阪市市場庄町１０８５－１" }, "geometry": { "type": "Point", "coordinates": [ 136.515867, 34.602896 ] } },
{ "type": "Feature", "properties": { "ID": 24505000107, "正式名称": "健やか薬局　上川店", "機関区分": 5, "都道府県コード": 24, "市区町村コード": 204, "所在地": "三重県松阪市上川町２２２２－１", "緯度": 34.551343, "経度": 136.559083, "url": "https://www.iryou.teikyouseido.mhlw.go.jp/znk-web/juminkanja/S2430/initialize?prefCd=24&kikanCd=05000107&kikanKbn=5", "url2": "https://mie-link.com/", "内容": "健やか薬局　上川店【5:薬局】三重県松阪市上川町２２２２－１" }, "geometry": { "type": "Point", "coordinates": [ 136.559083, 34.551343 ] } },
{ "type": "Feature", "properties": { "ID": 24505000108, "正式名称": "健やか薬局　中川店", "機関区分": 5, "都道府県コード": 24, "市区町村コード": 204, "所在地": "三重県松阪市嬉野中川新町二丁目１７番地", "緯度": 34.635259, "経度": 136.481845, "url": "https://www.iryou.teikyouseido.mhlw.go.jp/znk-web/juminkanja/S2430/initialize?prefCd=24&kikanCd=05000108&kikanKbn=5", "url2": "https://mie-link.com", "内容": "健やか薬局　中川店【5:薬局】三重県松阪市嬉野中川新町二丁目１７番地" }, "geometry": { "type": "Point", "coordinates": [ 136.481845, 34.635259 ] } },
{ "type": "Feature", "properties": { "ID": 24505000109, "正式名称": "クスリのアオキ嬉野中川薬局", "機関区分": 5, "都道府県コード": 24, "市区町村コード": 204, "所在地": "三重県松阪市嬉野中川町４４０番地１", "緯度": 34.629116, "経度": 136.480382, "url": "https://www.iryou.teikyouseido.mhlw.go.jp/znk-web/juminkanja/S2430/initialize?prefCd=24&kikanCd=05000109&kikanKbn=5", "url2": "https://www.kusuri-aoki.co.jp/", "内容": "クスリのアオキ嬉野中川薬局【5:薬局】三重県松阪市嬉野中川町４４０番地１" }, "geometry": { "type": "Point", "coordinates": [ 136.480382, 34.629116 ] } },
{ "type": "Feature", "properties": { "ID": 24505000110, "正式名称": "健やか薬局うれしの店", "機関区分": 5, "都道府県コード": 24, "市区町村コード": 204, "所在地": "三重県松阪市嬉野算所町５１４－３－２", "緯度": 34.616111, "経度": 136.483236, "url": "https://www.iryou.teikyouseido.mhlw.go.jp/znk-web/juminkanja/S2430/initialize?prefCd=24&kikanCd=05000110&kikanKbn=5", "url2": "https://mie-link.com", "内容": "健やか薬局うれしの店【5:薬局】三重県松阪市嬉野算所町５１４－３－２" }, "geometry": { "type": "Point", "coordinates": [ 136.483236, 34.616111 ] } },
{ "type": "Feature", "properties": { "ID": 24505000111, "正式名称": "アール薬局", "機関区分": 5, "都道府県コード": 24, "市区町村コード": 204, "所在地": "三重県松阪市小片野町３２３－２", "緯度": 34.48275, "経度": 136.446303, "url": "https://www.iryou.teikyouseido.mhlw.go.jp/znk-web/juminkanja/S2430/initialize?prefCd=24&kikanCd=05000111&kikanKbn=5", "url2": null, "内容": "アール薬局【5:薬局】三重県松阪市小片野町３２３－２" }, "geometry": { "type": "Point", "coordinates": [ 136.446303, 34.48275 ] } },
{ "type": "Feature", "properties": { "ID": 24505000112, "正式名称": "チェリー調剤薬局　松阪店", "機関区分": 5, "都道府県コード": 24, "市区町村コード": 204, "所在地": "三重県松阪市駅部田町１８１１－１", "緯度": 34.551942, "経度": 136.525051, "url": "https://www.iryou.teikyouseido.mhlw.go.jp/znk-web/juminkanja/S2430/initialize?prefCd=24&kikanCd=05000112&kikanKbn=5", "url2": "http://www.nichiiko-mie.com", "内容": "チェリー調剤薬局　松阪店【5:薬局】三重県松阪市駅部田町１８１１－１" }, "geometry": { "type": "Point", "coordinates": [ 136.525051, 34.551942 ] } },
{ "type": "Feature", "properties": { "ID": 24505000113, "正式名称": "セイムス松阪船江薬局", "機関区分": 5, "都道府県コード": 24, "市区町村コード": 204, "所在地": "三重県松阪市船江町５５４－２", "緯度": 34.587619, "経度": 136.520544, "url": "https://www.iryou.teikyouseido.mhlw.go.jp/znk-web/juminkanja/S2430/initialize?prefCd=24&kikanCd=05000113&kikanKbn=5", "url2": "https://www.tokai-seims.co.jp/", "内容": "セイムス松阪船江薬局【5:薬局】三重県松阪市船江町５５４－２" }, "geometry": { "type": "Point", "coordinates": [ 136.520544, 34.587619 ] } },
{ "type": "Feature", "properties": { "ID": 24505000114, "正式名称": "スギ薬局嬉野東店", "機関区分": 5, "都道府県コード": 24, "市区町村コード": 204, "所在地": "三重県松阪市嬉野中川新町四丁目１８７番地", "緯度": 34.632753, "経度": 136.479322, "url": "https://www.iryou.teikyouseido.mhlw.go.jp/znk-web/juminkanja/S2430/initialize?prefCd=24&kikanCd=05000114&kikanKbn=5", "url2": "http://www.sugi-net.jp/", "内容": "スギ薬局嬉野東店【5:薬局】三重県松阪市嬉野中川新町四丁目１８７番地" }, "geometry": { "type": "Point", "coordinates": [ 136.479322, 34.632753 ] } },
{ "type": "Feature", "properties": { "ID": 24505000115, "正式名称": "ひまわり薬局", "機関区分": 5, "都道府県コード": 24, "市区町村コード": 204, "所在地": "三重県松阪市久保田町５－１３", "緯度": 34.582668, "経度": 136.528356, "url": "https://www.iryou.teikyouseido.mhlw.go.jp/znk-web/juminkanja/S2430/initialize?prefCd=24&kikanCd=05000115&kikanKbn=5", "url2": null, "内容": "ひまわり薬局【5:薬局】三重県松阪市久保田町５－１３" }, "geometry": { "type": "Point", "coordinates": [ 136.528356, 34.582668 ] } },
{ "type": "Feature", "properties": { "ID": 24505000116, "正式名称": "アクア薬局京町店", "機関区分": 5, "都道府県コード": 24, "市区町村コード": 204, "所在地": "三重県松阪市京町１７３－５", "緯度": 34.574725, "経度": 136.535444, "url": "https://www.iryou.teikyouseido.mhlw.go.jp/znk-web/juminkanja/S2430/initialize?prefCd=24&kikanCd=05000116&kikanKbn=5", "url2": null, "内容": "アクア薬局京町店【5:薬局】三重県松阪市京町１７３－５" }, "geometry": { "type": "Point", "coordinates": [ 136.535444, 34.574725 ] } },
{ "type": "Feature", "properties": { "ID": 24505000117, "正式名称": "ユニスマイル薬局　いざわ店", "機関区分": 5, "都道府県コード": 24, "市区町村コード": 204, "所在地": "三重県松阪市射和町６２８－２", "緯度": 34.507638, "経度": 136.536704, "url": "https://www.iryou.teikyouseido.mhlw.go.jp/znk-web/juminkanja/S2430/initialize?prefCd=24&kikanCd=05000117&kikanKbn=5", "url2": "https://unismile.co.jp/shop/izawa/", "内容": "ユニスマイル薬局　いざわ店【5:薬局】三重県松阪市射和町６２８－２" }, "geometry": { "type": "Point", "coordinates": [ 136.536704, 34.507638 ] } },
{ "type": "Feature", "properties": { "ID": 24505000118, "正式名称": "スマイル調剤薬局下村店", "機関区分": 5, "都道府県コード": 24, "市区町村コード": 204, "所在地": "三重県松阪市下村町９９７－３", "緯度": 34.552978, "経度": 136.545342, "url": "https://www.iryou.teikyouseido.mhlw.go.jp/znk-web/juminkanja/S2430/initialize?prefCd=24&kikanCd=05000118&kikanKbn=5", "url2": null, "内容": "スマイル調剤薬局下村店【5:薬局】三重県松阪市下村町９９７－３" }, "geometry": { "type": "Point", "coordinates": [ 136.545342, 34.552978 ] } },
{ "type": "Feature", "properties": { "ID": 24505000120, "正式名称": "クスリのアオキ明和薬局", "機関区分": 5, "都道府県コード": 24, "市区町村コード": 442, "所在地": "三重県多気郡明和町大字馬之上９４２番地４", "緯度": 34.548999, "経度": 136.627322, "url": "https://www.iryou.teikyouseido.mhlw.go.jp/znk-web/juminkanja/S2430/initialize?prefCd=24&kikanCd=05000120&kikanKbn=5", "url2": "https://www.kusuri-aoki.co.jp/", "内容": "クスリのアオキ明和薬局【5:薬局】三重県多気郡明和町大字馬之上９４２番地４" }, "geometry": { "type": "Point", "coordinates": [ 136.627322, 34.548999 ] } },
{ "type": "Feature", "properties": { "ID": 24505000121, "正式名称": "スギ薬局松阪中央店", "機関区分": 5, "都道府県コード": 24, "市区町村コード": 204, "所在地": "三重県松阪市宮町５１番地３", "緯度": 34.578095, "経度": 136.545076, "url": "https://www.iryou.teikyouseido.mhlw.go.jp/znk-web/juminkanja/S2430/initialize?prefCd=24&kikanCd=05000121&kikanKbn=5", "url2": "https://www.drug-sugi.co.jp", "内容": "スギ薬局松阪中央店【5:薬局】三重県松阪市宮町５１番地３" }, "geometry": { "type": "Point", "coordinates": [ 136.545076, 34.578095 ] } },
{ "type": "Feature", "properties": { "ID": 24505000122, "正式名称": "健やか薬局　虹が丘店", "機関区分": 5, "都道府県コード": 24, "市区町村コード": 204, "所在地": "三重県松阪市上川町２１５番地１", "緯度": 34.545829, "経度": 136.55229, "url": "https://www.iryou.teikyouseido.mhlw.go.jp/znk-web/juminkanja/S2430/initialize?prefCd=24&kikanCd=05000122&kikanKbn=5", "url2": "https://mie-link.com", "内容": "健やか薬局　虹が丘店【5:薬局】三重県松阪市上川町２１５番地１" }, "geometry": { "type": "Point", "coordinates": [ 136.55229, 34.545829 ] } },
{ "type": "Feature", "properties": { "ID": 24505000124, "正式名称": "あひる薬局", "機関区分": 5, "都道府県コード": 24, "市区町村コード": 204, "所在地": "三重県松阪市下村町８１５－１", "緯度": 34.552227, "経度": 136.544018, "url": "https://www.iryou.teikyouseido.mhlw.go.jp/znk-web/juminkanja/S2430/initialize?prefCd=24&kikanCd=05000124&kikanKbn=5", "url2": "https://www.ahiru-pharmacy.com", "内容": "あひる薬局【5:薬局】三重県松阪市下村町８１５－１" }, "geometry": { "type": "Point", "coordinates": [ 136.544018, 34.552227 ] } },
{ "type": "Feature", "properties": { "ID": 24505000125, "正式名称": "レスタ薬局", "機関区分": 5, "都道府県コード": 24, "市区町村コード": 204, "所在地": "三重県松阪市春日町３丁目１７６番地９", "緯度": 34.56185, "経度": 136.534057, "url": "https://www.iryou.teikyouseido.mhlw.go.jp/znk-web/juminkanja/S2430/initialize?prefCd=24&kikanCd=05000125&kikanKbn=5", "url2": "https://www.restapharmacy.com/", "内容": "レスタ薬局【5:薬局】三重県松阪市春日町３丁目１７６番地９" }, "geometry": { "type": "Point", "coordinates": [ 136.534057, 34.56185 ] } },
{ "type": "Feature", "properties": { "ID": 24505000126, "正式名称": "鎌田薬局", "機関区分": 5, "都道府県コード": 24, "市区町村コード": 204, "所在地": "三重県松阪市鎌田町字中保６５１－１８バレンタインＢ", "緯度": 34.585306, "経度": 136.541286, "url": "https://www.iryou.teikyouseido.mhlw.go.jp/znk-web/juminkanja/S2430/initialize?prefCd=24&kikanCd=05000126&kikanKbn=5", "url2": null, "内容": "鎌田薬局【5:薬局】三重県松阪市鎌田町字中保６５１－１８バレンタインＢ" }, "geometry": { "type": "Point", "coordinates": [ 136.541286, 34.585306 ] } },
{ "type": "Feature", "properties": { "ID": 24505000127, "正式名称": "アクア薬局川井町店", "機関区分": 5, "都道府県コード": 24, "市区町村コード": 204, "所在地": "三重県松阪市川井町８９５－１", "緯度": 34.582964, "経度": 136.52202, "url": "https://www.iryou.teikyouseido.mhlw.go.jp/znk-web/juminkanja/S2430/initialize?prefCd=24&kikanCd=05000127&kikanKbn=5", "url2": "https://aquamedical.net", "内容": "アクア薬局川井町店【5:薬局】三重県松阪市川井町８９５－１" }, "geometry": { "type": "Point", "coordinates": [ 136.52202, 34.582964 ] } },
{ "type": "Feature", "properties": { "ID": 24505000128, "正式名称": "健やか薬局　内五曲店", "機関区分": 5, "都道府県コード": 24, "市区町村コード": 204, "所在地": "三重県松阪市内五曲町２２", "緯度": 34.577483, "経度": 136.523331, "url": "https://www.iryou.teikyouseido.mhlw.go.jp/znk-web/juminkanja/S2430/initialize?prefCd=24&kikanCd=05000128&kikanKbn=5", "url2": null, "内容": "健やか薬局　内五曲店【5:薬局】三重県松阪市内五曲町２２" }, "geometry": { "type": "Point", "coordinates": [ 136.523331, 34.577483 ] } },
{ "type": "Feature", "properties": { "ID": 24505000129, "正式名称": "しましま薬局", "機関区分": 5, "都道府県コード": 24, "市区町村コード": 204, "所在地": "三重県松阪市上川町２１９４－１６", "緯度": 34.552651, "経度": 136.557043, "url": "https://www.iryou.teikyouseido.mhlw.go.jp/znk-web/juminkanja/S2430/initialize?prefCd=24&kikanCd=05000129&kikanKbn=5", "url2": "https://www.mie-wadona.com/", "内容": "しましま薬局【5:薬局】三重県松阪市上川町２１９４－１６" }, "geometry": { "type": "Point", "coordinates": [ 136.557043, 34.552651 ] } },
{ "type": "Feature", "properties": { "ID": 24505000130, "正式名称": "はあと薬局　大黒田店", "機関区分": 5, "都道府県コード": 24, "市区町村コード": 204, "所在地": "三重県松阪市大黒田町４５４－１４", "緯度": 34.563295, "経度": 136.530296, "url": "https://www.iryou.teikyouseido.mhlw.go.jp/znk-web/juminkanja/S2430/initialize?prefCd=24&kikanCd=05000130&kikanKbn=5", "url2": null, "内容": "はあと薬局　大黒田店【5:薬局】三重県松阪市大黒田町４５４－１４" }, "geometry": { "type": "Point", "coordinates": [ 136.530296, 34.563295 ] } },
{ "type": "Feature", "properties": { "ID": 24505000131, "正式名称": "はあと薬局鎌田店", "機関区分": 5, "都道府県コード": 24, "市区町村コード": 204, "所在地": "三重県松阪市鎌田町１９５－１９", "緯度": 34.581196, "経度": 136.533718, "url": "https://www.iryou.teikyouseido.mhlw.go.jp/znk-web/juminkanja/S2430/initialize?prefCd=24&kikanCd=05000131&kikanKbn=5", "url2": null, "内容": "はあと薬局鎌田店【5:薬局】三重県松阪市鎌田町１９５－１９" }, "geometry": { "type": "Point", "coordinates": [ 136.533718, 34.581196 ] } },
{ "type": "Feature", "properties": { "ID": 24505000132, "正式名称": "はあと薬局在宅センター", "機関区分": 5, "都道府県コード": 24, "市区町村コード": 204, "所在地": "三重県松阪市駅部田町２３３ー１", "緯度": 34.561709, "経度": 136.529454, "url": "https://www.iryou.teikyouseido.mhlw.go.jp/znk-web/juminkanja/S2430/initialize?prefCd=24&kikanCd=05000132&kikanKbn=5", "url2": "https://e-bond.info/withs/", "内容": "はあと薬局在宅センター【5:薬局】三重県松阪市駅部田町２３３ー１" }, "geometry": { "type": "Point", "coordinates": [ 136.529454, 34.561709 ] } },
{ "type": "Feature", "properties": { "ID": 24505000133, "正式名称": "はあと薬局", "機関区分": 5, "都道府県コード": 24, "市区町村コード": 204, "所在地": "三重県松阪市小黒田町２５１－６", "緯度": 34.560217, "経度": 136.515203, "url": "https://www.iryou.teikyouseido.mhlw.go.jp/znk-web/juminkanja/S2430/initialize?prefCd=24&kikanCd=05000133&kikanKbn=5", "url2": null, "内容": "はあと薬局【5:薬局】三重県松阪市小黒田町２５１－６" }, "geometry": { "type": "Point", "coordinates": [ 136.515203, 34.560217 ] } },
{ "type": "Feature", "properties": { "ID": 24505000134, "正式名称": "クスリのアオキ松阪三雲薬局", "機関区分": 5, "都道府県コード": 24, "市区町村コード": 204, "所在地": "三重県松阪市小舟江町２４５番地１", "緯度": 34.634905, "経度": 136.513664, "url": "https://www.iryou.teikyouseido.mhlw.go.jp/znk-web/juminkanja/S2430/initialize?prefCd=24&kikanCd=05000134&kikanKbn=5", "url2": "https://www.kusuri-aoki.co.jp/", "内容": "クスリのアオキ松阪三雲薬局【5:薬局】三重県松阪市小舟江町２４５番地１" }, "geometry": { "type": "Point", "coordinates": [ 136.513664, 34.634905 ] } },
{ "type": "Feature", "properties": { "ID": 24505000136, "正式名称": "村田調剤薬局　大台店", "機関区分": 5, "都道府県コード": 24, "市区町村コード": 443, "所在地": "三重県多気郡大台町佐原４５７ー２１", "緯度": 34.396367, "経度": 136.407719, "url": "https://www.iryou.teikyouseido.mhlw.go.jp/znk-web/juminkanja/S2430/initialize?prefCd=24&kikanCd=05000136&kikanKbn=5", "url2": "https://e-bond.info/withs/", "内容": "村田調剤薬局　大台店【5:薬局】三重県多気郡大台町佐原４５７ー２１" }, "geometry": { "type": "Point", "coordinates": [ 136.407719, 34.396367 ] } },
{ "type": "Feature", "properties": { "ID": 24505000137, "正式名称": "イオン薬局松阪船江店", "機関区分": 5, "都道府県コード": 24, "市区町村コード": 204, "所在地": "三重県松阪市船江町１３９２－２７", "緯度": 34.594222, "経度": 136.523077, "url": "https://www.iryou.teikyouseido.mhlw.go.jp/znk-web/juminkanja/S2430/initialize?prefCd=24&kikanCd=05000137&kikanKbn=5", "url2": "https://www.aeonretail.jp/syohousen/", "内容": "イオン薬局松阪船江店【5:薬局】三重県松阪市船江町１３９２－２７" }, "geometry": { "type": "Point", "coordinates": [ 136.523077, 34.594222 ] } },
{ "type": "Feature", "properties": { "ID": 24505000138, "正式名称": "ほのぼの薬局", "機関区分": 5, "都道府県コード": 24, "市区町村コード": 204, "所在地": "三重県松阪市曽原町４０３番４", "緯度": 34.626964, "経度": 136.515976, "url": "https://www.iryou.teikyouseido.mhlw.go.jp/znk-web/juminkanja/S2430/initialize?prefCd=24&kikanCd=05000138&kikanKbn=5", "url2": null, "内容": "ほのぼの薬局【5:薬局】三重県松阪市曽原町４０３番４" }, "geometry": { "type": "Point", "coordinates": [ 136.515976, 34.626964 ] } },
{ "type": "Feature", "properties": { "ID": 24505010017, "正式名称": "水本薬局", "機関区分": 5, "都道府県コード": 24, "市区町村コード": 204, "所在地": "三重県松阪市小阿坂町１９２－４", "緯度": 34.589918, "経度": 136.473024, "url": "https://www.iryou.teikyouseido.mhlw.go.jp/znk-web/juminkanja/S2430/initialize?prefCd=24&kikanCd=05010017&kikanKbn=5", "url2": null, "内容": "水本薬局【5:薬局】三重県松阪市小阿坂町１９２－４" }, "geometry": { "type": "Point", "coordinates": [ 136.473024, 34.589918 ] } },
{ "type": "Feature", "properties": { "ID": 24505030046, "正式名称": "有限会社ヤスオカ薬局", "機関区分": 5, "都道府県コード": 24, "市区町村コード": 204, "所在地": "三重県松阪市中町１８５６", "緯度": 34.575736, "経度": 136.531391, "url": "https://www.iryou.teikyouseido.mhlw.go.jp/znk-web/juminkanja/S2430/initialize?prefCd=24&kikanCd=05030046&kikanKbn=5", "url2": null, "内容": "有限会社ヤスオカ薬局【5:薬局】三重県松阪市中町１８５６" }, "geometry": { "type": "Point", "coordinates": [ 136.531391, 34.575736 ] } },
{ "type": "Feature", "properties": { "ID": 24505060003, "正式名称": "漢方の大野薬局", "機関区分": 5, "都道府県コード": 24, "市区町村コード": 204, "所在地": "三重県松阪市大黒田町４９", "緯度": 34.569614, "経度": 136.530978, "url": "https://www.iryou.teikyouseido.mhlw.go.jp/znk-web/juminkanja/S2430/initialize?prefCd=24&kikanCd=05060003&kikanKbn=5", "url2": "https://kanpouohno.com", "内容": "漢方の大野薬局【5:薬局】三重県松阪市大黒田町４９" }, "geometry": { "type": "Point", "coordinates": [ 136.530978, 34.569614 ] } },
{ "type": "Feature", "properties": { "ID": 24505080003, "正式名称": "小林薬局", "機関区分": 5, "都道府県コード": 24, "市区町村コード": 204, "所在地": "三重県松阪市魚町１７８９", "緯度": 34.575936, "経度": 136.530768, "url": "https://www.iryou.teikyouseido.mhlw.go.jp/znk-web/juminkanja/S2430/initialize?prefCd=24&kikanCd=05080003&kikanKbn=5", "url2": null, "内容": "小林薬局【5:薬局】三重県松阪市魚町１７８９" }, "geometry": { "type": "Point", "coordinates": [ 136.530768, 34.575936 ] } },
{ "type": "Feature", "properties": { "ID": 24505080006, "正式名称": "万弁堂薬局", "機関区分": 5, "都道府県コード": 24, "市区町村コード": 204, "所在地": "三重県松阪市飯南町粥見３７６２", "緯度": 34.451344, "経度": 136.392614, "url": "https://www.iryou.teikyouseido.mhlw.go.jp/znk-web/juminkanja/S2430/initialize?prefCd=24&kikanCd=05080006&kikanKbn=5", "url2": null, "内容": "万弁堂薬局【5:薬局】三重県松阪市飯南町粥見３７６２" }, "geometry": { "type": "Point", "coordinates": [ 136.392614, 34.451344 ] } },
{ "type": "Feature", "properties": { "ID": 24505090005, "正式名称": "みなみまち薬局", "機関区分": 5, "都道府県コード": 24, "市区町村コード": 204, "所在地": "三重県松阪市南町上石川２３９－１", "緯度": 34.56861, "経度": 136.533008, "url": "https://www.iryou.teikyouseido.mhlw.go.jp/znk-web/juminkanja/S2430/initialize?prefCd=24&kikanCd=05090005&kikanKbn=5", "url2": null, "内容": "みなみまち薬局【5:薬局】三重県松阪市南町上石川２３９－１" }, "geometry": { "type": "Point", "coordinates": [ 136.533008, 34.56861 ] } },
{ "type": "Feature", "properties": { "ID": 24505090007, "正式名称": "勝栄堂薬局", "機関区分": 5, "都道府県コード": 24, "市区町村コード": 443, "所在地": "三重県多気郡大台町佐原５２５－１", "緯度": 34.395181, "経度": 136.412253, "url": "https://www.iryou.teikyouseido.mhlw.go.jp/znk-web/juminkanja/S2430/initialize?prefCd=24&kikanCd=05090007&kikanKbn=5", "url2": "https://www.shoueido.com", "内容": "勝栄堂薬局【5:薬局】三重県多気郡大台町佐原５２５－１" }, "geometry": { "type": "Point", "coordinates": [ 136.412253, 34.395181 ] } },
{ "type": "Feature", "properties": { "ID": 24505100003, "正式名称": "みよの台薬局　猟師町店", "機関区分": 5, "都道府県コード": 24, "市区町村コード": 204, "所在地": "三重県松阪市猟師町７２", "緯度": 34.602901, "経度": 136.544801, "url": "https://www.iryou.teikyouseido.mhlw.go.jp/znk-web/juminkanja/S2430/initialize?prefCd=24&kikanCd=05100003&kikanKbn=5", "url2": "http://www.miyonodai.co.jp/", "内容": "みよの台薬局　猟師町店【5:薬局】三重県松阪市猟師町７２" }, "geometry": { "type": "Point", "coordinates": [ 136.544801, 34.602901 ] } },
{ "type": "Feature", "properties": { "ID": 24505120001, "正式名称": "大五薬局", "機関区分": 5, "都道府県コード": 24, "市区町村コード": 204, "所在地": "三重県松阪市飯高町宮前７６０", "緯度": 34.432384, "経度": 136.335772, "url": "https://www.iryou.teikyouseido.mhlw.go.jp/znk-web/juminkanja/S2430/initialize?prefCd=24&kikanCd=05120001&kikanKbn=5", "url2": null, "内容": "大五薬局【5:薬局】三重県松阪市飯高町宮前７６０" }, "geometry": { "type": "Point", "coordinates": [ 136.335772, 34.432384 ] } },
{ "type": "Feature", "properties": { "ID": 24505120003, "正式名称": "平野治平薬局", "機関区分": 5, "都道府県コード": 24, "市区町村コード": 204, "所在地": "三重県松阪市六軒町５９", "緯度": 34.611556, "経度": 136.51, "url": "https://www.iryou.teikyouseido.mhlw.go.jp/znk-web/juminkanja/S2430/initialize?prefCd=24&kikanCd=05120003&kikanKbn=5", "url2": null, "内容": "平野治平薬局【5:薬局】三重県松阪市六軒町５９" }, "geometry": { "type": "Point", "coordinates": [ 136.51, 34.611556 ] } },
{ "type": "Feature", "properties": { "ID": 24505130003, "正式名称": "スズカ調剤薬局五反田店", "機関区分": 5, "都道府県コード": 24, "市区町村コード": 204, "所在地": "三重県松阪市大足町６７１－４", "緯度": 34.565969, "経度": 136.512491, "url": "https://www.iryou.teikyouseido.mhlw.go.jp/znk-web/juminkanja/S2430/initialize?prefCd=24&kikanCd=05130003&kikanKbn=5", "url2": "suzukama2cloudfree.jp", "内容": "スズカ調剤薬局五反田店【5:薬局】三重県松阪市大足町６７１－４" }, "geometry": { "type": "Point", "coordinates": [ 136.512491, 34.565969 ] } },
{ "type": "Feature", "properties": { "ID": 24505130004, "正式名称": "なの花薬局金剛坂店", "機関区分": 5, "都道府県コード": 24, "市区町村コード": 442, "所在地": "三重県多気郡明和町金剛坂８１７－３０", "緯度": 34.531228, "経度": 136.607706, "url": "https://www.iryou.teikyouseido.mhlw.go.jp/znk-web/juminkanja/S2430/initialize?prefCd=24&kikanCd=05130004&kikanKbn=5", "url2": "https://www.nanohana-ph.jp", "内容": "なの花薬局金剛坂店【5:薬局】三重県多気郡明和町金剛坂８１７－３０" }, "geometry": { "type": "Point", "coordinates": [ 136.607706, 34.531228 ] } },
{ "type": "Feature", "properties": { "ID": 24505280209, "正式名称": "有限会社やく栄薬局", "機関区分": 5, "都道府県コード": 24, "市区町村コード": 204, "所在地": "三重県松阪市本町２１９２", "緯度": 34.57985, "経度": 136.528978, "url": "https://www.iryou.teikyouseido.mhlw.go.jp/znk-web/juminkanja/S2430/initialize?prefCd=24&kikanCd=05280209&kikanKbn=5", "url2": null, "内容": "有限会社やく栄薬局【5:薬局】三重県松阪市本町２１９２" }, "geometry": { "type": "Point", "coordinates": [ 136.528978, 34.57985 ] } },
{ "type": "Feature", "properties": { "ID": 24505520014, "正式名称": "井上薬局", "機関区分": 5, "都道府県コード": 24, "市区町村コード": 204, "所在地": "三重県松阪市新町９１６", "緯度": 34.571314, "経度": 136.529945, "url": "https://www.iryou.teikyouseido.mhlw.go.jp/znk-web/juminkanja/S2430/initialize?prefCd=24&kikanCd=05520014&kikanKbn=5", "url2": "ﾅｼ", "内容": "井上薬局【5:薬局】三重県松阪市新町９１６" }, "geometry": { "type": "Point", "coordinates": [ 136.529945, 34.571314 ] } },
{ "type": "Feature", "properties": { "ID": 24505620036, "正式名称": "有限会社金時堂薬局", "機関区分": 5, "都道府県コード": 24, "市区町村コード": 204, "所在地": "三重県松阪市平生町２９", "緯度": 34.571641, "経度": 136.535463, "url": "https://www.iryou.teikyouseido.mhlw.go.jp/znk-web/juminkanja/S2430/initialize?prefCd=24&kikanCd=05620036&kikanKbn=5", "url2": null, "内容": "有限会社金時堂薬局【5:薬局】三重県松阪市平生町２９" }, "geometry": { "type": "Point", "coordinates": [ 136.535463, 34.571641 ] } },
{ "type": "Feature", "properties": { "ID": 24506000003, "正式名称": "こうだ調剤薬局", "機関区分": 5, "都道府県コード": 24, "市区町村コード": 203, "所在地": "三重県伊勢市小木町２６０－１", "緯度": 34.504481, "経度": 136.724333, "url": "https://www.iryou.teikyouseido.mhlw.go.jp/znk-web/juminkanja/S2430/initialize?prefCd=24&kikanCd=06000003&kikanKbn=5", "url2": null, "内容": "こうだ調剤薬局【5:薬局】三重県伊勢市小木町２６０－１" }, "geometry": { "type": "Point", "coordinates": [ 136.724333, 34.504481 ] } },
{ "type": "Feature", "properties": { "ID": 24506000005, "正式名称": "なかむら調剤薬局", "機関区分": 5, "都道府県コード": 24, "市区町村コード": 203, "所在地": "三重県伊勢市馬瀬町１００２", "緯度": 34.515726, "経度": 136.725884, "url": "https://www.iryou.teikyouseido.mhlw.go.jp/znk-web/juminkanja/S2430/initialize?prefCd=24&kikanCd=06000005&kikanKbn=5", "url2": null, "内容": "なかむら調剤薬局【5:薬局】三重県伊勢市馬瀬町１００２" }, "geometry": { "type": "Point", "coordinates": [ 136.725884, 34.515726 ] } },
{ "type": "Feature", "properties": { "ID": 24506000006, "正式名称": "けんざん薬局和具店", "機関区分": 5, "都道府県コード": 24, "市区町村コード": 215, "所在地": "三重県志摩市志摩町和具１９６２－７", "緯度": 34.258117, "経度": 136.808338, "url": "https://www.iryou.teikyouseido.mhlw.go.jp/znk-web/juminkanja/S2430/initialize?prefCd=24&kikanCd=06000006&kikanKbn=5", "url2": "https://www.kenzanpharmacy.com/", "内容": "けんざん薬局和具店【5:薬局】三重県志摩市志摩町和具１９６２－７" }, "geometry": { "type": "Point", "coordinates": [ 136.808338, 34.258117 ] } },
{ "type": "Feature", "properties": { "ID": 24506000011, "正式名称": "有限会社いなばや薬局", "機関区分": 5, "都道府県コード": 24, "市区町村コード": 203, "所在地": "三重県伊勢市二俣１丁目１５－５", "緯度": 34.491535, "経度": 136.691719, "url": "https://www.iryou.teikyouseido.mhlw.go.jp/znk-web/juminkanja/S2430/initialize?prefCd=24&kikanCd=06000011&kikanKbn=5", "url2": "https://www.inabaya-yakkyoku.com", "内容": "有限会社いなばや薬局【5:薬局】三重県伊勢市二俣１丁目１５－５" }, "geometry": { "type": "Point", "coordinates": [ 136.691719, 34.491535 ] } },
{ "type": "Feature", "properties": { "ID": 24506000016, "正式名称": "なの花薬局　小俣店", "機関区分": 5, "都道府県コード": 24, "市区町村コード": 203, "所在地": "三重県伊勢市小俣町元町１１５７－２", "緯度": 34.509166, "経度": 136.679953, "url": "https://www.iryou.teikyouseido.mhlw.go.jp/znk-web/juminkanja/S2430/initialize?prefCd=24&kikanCd=06000016&kikanKbn=5", "url2": "https://www.nanohana-ph.jp/shop/tokai-hokuriku/mie/ise/obata.php", "内容": "なの花薬局　小俣店【5:薬局】三重県伊勢市小俣町元町１１５７－２" }, "geometry": { "type": "Point", "coordinates": [ 136.679953, 34.509166 ] } },
{ "type": "Feature", "properties": { "ID": 24506000019, "正式名称": "イワオ薬局小木店", "機関区分": 5, "都道府県コード": 24, "市区町村コード": 203, "所在地": "三重県伊勢市小木町１８３－１", "緯度": 34.504969, "経度": 136.725597, "url": "https://www.iryou.teikyouseido.mhlw.go.jp/znk-web/juminkanja/S2430/initialize?prefCd=24&kikanCd=06000019&kikanKbn=5", "url2": "iwao-pharmacy.com", "内容": "イワオ薬局小木店【5:薬局】三重県伊勢市小木町１８３－１" }, "geometry": { "type": "Point", "coordinates": [ 136.725597, 34.504969 ] } },
{ "type": "Feature", "properties": { "ID": 24506000024, "正式名称": "チェリー調剤薬局黒瀬店", "機関区分": 5, "都道府県コード": 24, "市区町村コード": 203, "所在地": "三重県伊勢市黒瀬町１４７８－５", "緯度": 34.498539, "経度": 136.736261, "url": "https://www.iryou.teikyouseido.mhlw.go.jp/znk-web/juminkanja/S2430/initialize?prefCd=24&kikanCd=06000024&kikanKbn=5", "url2": "http://nichiiko-mie.com", "内容": "チェリー調剤薬局黒瀬店【5:薬局】三重県伊勢市黒瀬町１４７８－５" }, "geometry": { "type": "Point", "coordinates": [ 136.736261, 34.498539 ] } },
{ "type": "Feature", "properties": { "ID": 24506000027, "正式名称": "宿田曽調剤薬局", "機関区分": 5, "都道府県コード": 24, "市区町村コード": 472, "所在地": "三重県度会郡南伊勢町田曽浦３８４５－１", "緯度": 34.298263, "経度": 136.691766, "url": "https://www.iryou.teikyouseido.mhlw.go.jp/znk-web/juminkanja/S2430/initialize?prefCd=24&kikanCd=06000027&kikanKbn=5", "url2": null, "内容": "宿田曽調剤薬局【5:薬局】三重県度会郡南伊勢町田曽浦３８４５－１" }, "geometry": { "type": "Point", "coordinates": [ 136.691766, 34.298263 ] } },
{ "type": "Feature", "properties": { "ID": 24506000032, "正式名称": "とばや薬局", "機関区分": 5, "都道府県コード": 24, "市区町村コード": 215, "所在地": "三重県志摩市磯部町迫間１８０２", "緯度": 34.371203, "経度": 136.803383, "url": "https://www.iryou.teikyouseido.mhlw.go.jp/znk-web/juminkanja/S2430/initialize?prefCd=24&kikanCd=06000032&kikanKbn=5", "url2": null, "内容": "とばや薬局【5:薬局】三重県志摩市磯部町迫間１８０２" }, "geometry": { "type": "Point", "coordinates": [ 136.803383, 34.371203 ] } },
{ "type": "Feature", "properties": { "ID": 24506000035, "正式名称": "かんひちや薬局鵜方店", "機関区分": 5, "都道府県コード": 24, "市区町村コード": 215, "所在地": "三重県志摩市阿児町鵜方５０１６番地", "緯度": 34.327981, "経度": 136.818411, "url": "https://www.iryou.teikyouseido.mhlw.go.jp/znk-web/juminkanja/S2430/initialize?prefCd=24&kikanCd=06000035&kikanKbn=5", "url2": null, "内容": "かんひちや薬局鵜方店【5:薬局】三重県志摩市阿児町鵜方５０１６番地" }, "geometry": { "type": "Point", "coordinates": [ 136.818411, 34.327981 ] } },
{ "type": "Feature", "properties": { "ID": 24506000037, "正式名称": "玉城調剤薬局病院前店", "機関区分": 5, "都道府県コード": 24, "市区町村コード": 461, "所在地": "三重県度会郡玉城町佐田８８１－５", "緯度": 34.489207, "経度": 136.63927, "url": "https://www.iryou.teikyouseido.mhlw.go.jp/znk-web/juminkanja/S2430/initialize?prefCd=24&kikanCd=06000037&kikanKbn=5", "url2": null, "内容": "玉城調剤薬局病院前店【5:薬局】三重県度会郡玉城町佐田８８１－５" }, "geometry": { "type": "Point", "coordinates": [ 136.63927, 34.489207 ] } },
{ "type": "Feature", "properties": { "ID": 24506000047, "正式名称": "おかげ薬局　伊勢病院前店", "機関区分": 5, "都道府県コード": 24, "市区町村コード": 203, "所在地": "三重県伊勢市楠部町３０３９", "緯度": 34.482777, "経度": 136.728801, "url": "https://www.iryou.teikyouseido.mhlw.go.jp/znk-web/juminkanja/S2430/initialize?prefCd=24&kikanCd=06000047&kikanKbn=5", "url2": "https://cosmospharma.com", "内容": "おかげ薬局　伊勢病院前店【5:薬局】三重県伊勢市楠部町３０３９" }, "geometry": { "type": "Point", "coordinates": [ 136.728801, 34.482777 ] } },
{ "type": "Feature", "properties": { "ID": 24506000048, "正式名称": "調剤薬局キタオカ", "機関区分": 5, "都道府県コード": 24, "市区町村コード": 215, "所在地": "三重県志摩市阿児町鵜方３１５５－４", "緯度": 34.328569, "経度": 136.827839, "url": "https://www.iryou.teikyouseido.mhlw.go.jp/znk-web/juminkanja/S2430/initialize?prefCd=24&kikanCd=06000048&kikanKbn=5", "url2": "http://www.kitaoka.org.uk/pharmacy/", "内容": "調剤薬局キタオカ【5:薬局】三重県志摩市阿児町鵜方３１５５－４" }, "geometry": { "type": "Point", "coordinates": [ 136.827839, 34.328569 ] } },
{ "type": "Feature", "properties": { "ID": 24506000049, "正式名称": "コスモス薬局上地店", "機関区分": 5, "都道府県コード": 24, "市区町村コード": 203, "所在地": "三重県伊勢市上地町４２１０－４", "緯度": 34.494105, "経度": 136.660653, "url": "https://www.iryou.teikyouseido.mhlw.go.jp/znk-web/juminkanja/S2430/initialize?prefCd=24&kikanCd=06000049&kikanKbn=5", "url2": "https://cosmospharma.com/", "内容": "コスモス薬局上地店【5:薬局】三重県伊勢市上地町４２１０－４" }, "geometry": { "type": "Point", "coordinates": [ 136.660653, 34.494105 ] } },
{ "type": "Feature", "properties": { "ID": 24506000053, "正式名称": "イワオ薬局浦口店", "機関区分": 5, "都道府県コード": 24, "市区町村コード": 203, "所在地": "三重県伊勢市浦口２丁目２－１６", "緯度": 34.493168, "経度": 136.694849, "url": "https://www.iryou.teikyouseido.mhlw.go.jp/znk-web/juminkanja/S2430/initialize?prefCd=24&kikanCd=06000053&kikanKbn=5", "url2": "https://www.iwao-pharmacy.com/", "内容": "イワオ薬局浦口店【5:薬局】三重県伊勢市浦口２丁目２－１６" }, "geometry": { "type": "Point", "coordinates": [ 136.694849, 34.493168 ] } },
{ "type": "Feature", "properties": { "ID": 24506000054, "正式名称": "伊勢調剤薬局八間通店", "機関区分": 5, "都道府県コード": 24, "市区町村コード": 203, "所在地": "三重県伊勢市船江１丁目２－３５", "緯度": 34.497844, "経度": 136.714727, "url": "https://www.iryou.teikyouseido.mhlw.go.jp/znk-web/juminkanja/S2430/initialize?prefCd=24&kikanCd=06000054&kikanKbn=5", "url2": null, "内容": "伊勢調剤薬局八間通店【5:薬局】三重県伊勢市船江１丁目２－３５" }, "geometry": { "type": "Point", "coordinates": [ 136.714727, 34.497844 ] } },
{ "type": "Feature", "properties": { "ID": 24506000058, "正式名称": "明倫堂伊勢薬局", "機関区分": 5, "都道府県コード": 24, "市区町村コード": 203, "所在地": "三重県伊勢市小木町曽祢５６１－１", "緯度": 34.505012, "経度": 136.724525, "url": "https://www.iryou.teikyouseido.mhlw.go.jp/znk-web/juminkanja/S2430/initialize?prefCd=24&kikanCd=06000058&kikanKbn=5", "url2": "https://intron.co.jp/", "内容": "明倫堂伊勢薬局【5:薬局】三重県伊勢市小木町曽祢５６１－１" }, "geometry": { "type": "Point", "coordinates": [ 136.724525, 34.505012 ] } },
{ "type": "Feature", "properties": { "ID": 24506000065, "正式名称": "ファインズファルマ薬局ときわ店", "機関区分": 5, "都道府県コード": 24, "市区町村コード": 203, "所在地": "三重県伊勢市常磐２丁目１－２３", "緯度": 34.493492, "経度": 136.69758, "url": "https://www.iryou.teikyouseido.mhlw.go.jp/znk-web/juminkanja/S2430/initialize?prefCd=24&kikanCd=06000065&kikanKbn=5", "url2": "http//www.fines-f.com/", "内容": "ファインズファルマ薬局ときわ店【5:薬局】三重県伊勢市常磐２丁目１－２３" }, "geometry": { "type": "Point", "coordinates": [ 136.69758, 34.493492 ] } },
{ "type": "Feature", "properties": { "ID": 24506000067, "正式名称": "明倫堂宮町薬局", "機関区分": 5, "都道府県コード": 24, "市区町村コード": 203, "所在地": "三重県伊勢市御薗町高向６８６－１０", "緯度": 34.497367, "経度": 136.698792, "url": "https://www.iryou.teikyouseido.mhlw.go.jp/znk-web/juminkanja/S2430/initialize?prefCd=24&kikanCd=06000067&kikanKbn=5", "url2": "https://intron.co.jp/", "内容": "明倫堂宮町薬局【5:薬局】三重県伊勢市御薗町高向６８６－１０" }, "geometry": { "type": "Point", "coordinates": [ 136.698792, 34.497367 ] } },
{ "type": "Feature", "properties": { "ID": 24506000068, "正式名称": "伊藤薬局", "機関区分": 5, "都道府県コード": 24, "市区町村コード": 215, "所在地": "三重県志摩市志摩町片田２９８３", "緯度": 1451420556400.0, "経度": 136.845318, "url": "https://www.iryou.teikyouseido.mhlw.go.jp/znk-web/juminkanja/S2430/initialize?prefCd=24&kikanCd=06000068&kikanKbn=5", "url2": null, "内容": "伊藤薬局【5:薬局】三重県志摩市志摩町片田２９８３" }, "geometry": { "type": "Point", "coordinates": [ 136.845318, 1451420556400.0 ] } },
{ "type": "Feature", "properties": { "ID": 24506000076, "正式名称": "みどり調剤薬局一之木店", "機関区分": 5, "都道府県コード": 24, "市区町村コード": 203, "所在地": "三重県伊勢市一之木４丁目５－３７", "緯度": 34.500219, "経度": 136.705267, "url": "https://www.iryou.teikyouseido.mhlw.go.jp/znk-web/juminkanja/S2430/initialize?prefCd=24&kikanCd=06000076&kikanKbn=5", "url2": "https://midori-chozai.com", "内容": "みどり調剤薬局一之木店【5:薬局】三重県伊勢市一之木４丁目５－３７" }, "geometry": { "type": "Point", "coordinates": [ 136.705267, 34.500219 ] } },
{ "type": "Feature", "properties": { "ID": 24506000077, "正式名称": "けんざん薬局さきしま店", "機関区分": 5, "都道府県コード": 24, "市区町村コード": 215, "所在地": "三重県志摩市志摩町和具１０７３－１", "緯度": 34.256172, "経度": 136.810928, "url": "https://www.iryou.teikyouseido.mhlw.go.jp/znk-web/juminkanja/S2430/initialize?prefCd=24&kikanCd=06000077&kikanKbn=5", "url2": "https://www.kenzanpharmacy.com/", "内容": "けんざん薬局さきしま店【5:薬局】三重県志摩市志摩町和具１０７３－１" }, "geometry": { "type": "Point", "coordinates": [ 136.810928, 34.256172 ] } },
{ "type": "Feature", "properties": { "ID": 24506000081, "正式名称": "スギ薬局　玉城店", "機関区分": 5, "都道府県コード": 24, "市区町村コード": 461, "所在地": "三重県度会郡玉城町勝田橋上４８７２　スーパーグッディ内", "緯度": 34.47344, "経度": 136.6223, "url": "https://www.iryou.teikyouseido.mhlw.go.jp/znk-web/juminkanja/S2430/initialize?prefCd=24&kikanCd=06000081&kikanKbn=5", "url2": "http://www.drug-sugi.co.jp/", "内容": "スギ薬局　玉城店【5:薬局】三重県度会郡玉城町勝田橋上４８７２　スーパーグッディ内" }, "geometry": { "type": "Point", "coordinates": [ 136.6223, 34.47344 ] } },
{ "type": "Feature", "properties": { "ID": 24506000082, "正式名称": "スギ薬局　伊勢小俣店", "機関区分": 5, "都道府県コード": 24, "市区町村コード": 203, "所在地": "三重県伊勢市小俣町相合４４５番地", "緯度": 34.51082, "経度": 136.672151, "url": "https://www.iryou.teikyouseido.mhlw.go.jp/znk-web/juminkanja/S2430/initialize?prefCd=24&kikanCd=06000082&kikanKbn=5", "url2": "http://www.drug-sugi.co.jp/", "内容": "スギ薬局　伊勢小俣店【5:薬局】三重県伊勢市小俣町相合４４５番地" }, "geometry": { "type": "Point", "coordinates": [ 136.672151, 34.51082 ] } },
{ "type": "Feature", "properties": { "ID": 24506000083, "正式名称": "スギ薬局　伊勢宮後店", "機関区分": 5, "都道府県コード": 24, "市区町村コード": 203, "所在地": "三重県伊勢市宮後３丁目８－５６", "緯度": 34.498495, "経度": 136.709522, "url": "https://www.iryou.teikyouseido.mhlw.go.jp/znk-web/juminkanja/S2430/initialize?prefCd=24&kikanCd=06000083&kikanKbn=5", "url2": "http:www.drug-sugi.co.jp/", "内容": "スギ薬局　伊勢宮後店【5:薬局】三重県伊勢市宮後３丁目８－５６" }, "geometry": { "type": "Point", "coordinates": [ 136.709522, 34.498495 ] } },
{ "type": "Feature", "properties": { "ID": 24506000087, "正式名称": "ヤマジ薬局", "機関区分": 5, "都道府県コード": 24, "市区町村コード": 215, "所在地": "三重県志摩市大王町波切１９９２－３", "緯度": 34.278988, "経度": 136.879441, "url": "https://www.iryou.teikyouseido.mhlw.go.jp/znk-web/juminkanja/S2430/initialize?prefCd=24&kikanCd=06000087&kikanKbn=5", "url2": null, "内容": "ヤマジ薬局【5:薬局】三重県志摩市大王町波切１９９２－３" }, "geometry": { "type": "Point", "coordinates": [ 136.879441, 34.278988 ] } },
{ "type": "Feature", "properties": { "ID": 24506000096, "正式名称": "健やか薬局　神社店", "機関区分": 5, "都道府県コード": 24, "市区町村コード": 203, "所在地": "三重県伊勢市神社港２０－２５", "緯度": 34.511805, "経度": 136.736093, "url": "https://www.iryou.teikyouseido.mhlw.go.jp/znk-web/juminkanja/S2430/initialize?prefCd=24&kikanCd=06000096&kikanKbn=5", "url2": "https://mie-link.com/", "内容": "健やか薬局　神社店【5:薬局】三重県伊勢市神社港２０－２５" }, "geometry": { "type": "Point", "coordinates": [ 136.736093, 34.511805 ] } },
{ "type": "Feature", "properties": { "ID": 24506000098, "正式名称": "みよの台薬局　桃の木店", "機関区分": 5, "都道府県コード": 24, "市区町村コード": 461, "所在地": "三重県度会郡玉城町蚊野２１４８－３", "緯度": 34.484872, "経度": 136.605825, "url": "https://www.iryou.teikyouseido.mhlw.go.jp/znk-web/juminkanja/S2430/initialize?prefCd=24&kikanCd=06000098&kikanKbn=5", "url2": "https://www.sogo-pharmacy.jp/shop/view/692", "内容": "みよの台薬局　桃の木店【5:薬局】三重県度会郡玉城町蚊野２１４８－３" }, "geometry": { "type": "Point", "coordinates": [ 136.605825, 34.484872 ] } },
{ "type": "Feature", "properties": { "ID": 24506000100, "正式名称": "さくら薬局　伊勢小俣店", "機関区分": 5, "都道府県コード": 24, "市区町村コード": 203, "所在地": "三重県伊勢市小俣町相合４７８－９", "緯度": 34.510384, "経度": 136.671832, "url": "https://www.iryou.teikyouseido.mhlw.go.jp/znk-web/juminkanja/S2430/initialize?prefCd=24&kikanCd=06000100&kikanKbn=5", "url2": "https://www.kraft-net.co.jp/sakura/store/3452/", "内容": "さくら薬局　伊勢小俣店【5:薬局】三重県伊勢市小俣町相合４７８－９" }, "geometry": { "type": "Point", "coordinates": [ 136.671832, 34.510384 ] } },
{ "type": "Feature", "properties": { "ID": 24506000103, "正式名称": "さくら薬局　伊勢八間通店", "機関区分": 5, "都道府県コード": 24, "市区町村コード": 203, "所在地": "三重県伊勢市河崎１丁目９－３６", "緯度": 34.495614, "経度": 136.714061, "url": "https://www.iryou.teikyouseido.mhlw.go.jp/znk-web/juminkanja/S2430/initialize?prefCd=24&kikanCd=06000103&kikanKbn=5", "url2": "https://www.kraft-net.co.jp/sakura/store/3412/", "内容": "さくら薬局　伊勢八間通店【5:薬局】三重県伊勢市河崎１丁目９－３６" }, "geometry": { "type": "Point", "coordinates": [ 136.714061, 34.495614 ] } },
{ "type": "Feature", "properties": { "ID": 24506000104, "正式名称": "さくら薬局　伊勢玉城店", "機関区分": 5, "都道府県コード": 24, "市区町村コード": 461, "所在地": "三重県度会郡玉城町玉川２８７番地４", "緯度": 34.503023, "経度": 136.621868, "url": "https://www.iryou.teikyouseido.mhlw.go.jp/znk-web/juminkanja/S2430/initialize?prefCd=24&kikanCd=06000104&kikanKbn=5", "url2": "http://www.kraft-net.co.jp/sakura/store/3471/", "内容": "さくら薬局　伊勢玉城店【5:薬局】三重県度会郡玉城町玉川２８７番地４" }, "geometry": { "type": "Point", "coordinates": [ 136.621868, 34.503023 ] } },
{ "type": "Feature", "properties": { "ID": 24506000105, "正式名称": "さくら薬局　伊勢度会店", "機関区分": 5, "都道府県コード": 24, "市区町村コード": 470, "所在地": "三重県度会郡度会町大野木字新田２８１２", "緯度": 34.438695, "経度": 136.630364, "url": "https://www.iryou.teikyouseido.mhlw.go.jp/znk-web/juminkanja/S2430/initialize?prefCd=24&kikanCd=06000105&kikanKbn=5", "url2": "https://www.kraft-net.co.jp/sakura/store/3445/", "内容": "さくら薬局　伊勢度会店【5:薬局】三重県度会郡度会町大野木字新田２８１２" }, "geometry": { "type": "Point", "coordinates": [ 136.630364, 34.438695 ] } },
{ "type": "Feature", "properties": { "ID": 24506000107, "正式名称": "さくら薬局　伊勢御薗店", "機関区分": 5, "都道府県コード": 24, "市区町村コード": 203, "所在地": "三重県伊勢市御薗町長屋２２１２", "緯度": 34.508366, "経度": 136.712042, "url": "https://www.iryou.teikyouseido.mhlw.go.jp/znk-web/juminkanja/S2430/initialize?prefCd=24&kikanCd=06000107&kikanKbn=5", "url2": "https://www.kraft-net.co.jp/sakura/store/3529/", "内容": "さくら薬局　伊勢御薗店【5:薬局】三重県伊勢市御薗町長屋２２１２" }, "geometry": { "type": "Point", "coordinates": [ 136.712042, 34.508366 ] } },
{ "type": "Feature", "properties": { "ID": 24506000108, "正式名称": "伊勢調剤薬局　神久店", "機関区分": 5, "都道府県コード": 24, "市区町村コード": 203, "所在地": "三重県伊勢市神田久志本町１４８５－２", "緯度": 34.490964, "経度": 136.727649, "url": "https://www.iryou.teikyouseido.mhlw.go.jp/znk-web/juminkanja/S2430/initialize?prefCd=24&kikanCd=06000108&kikanKbn=5", "url2": null, "内容": "伊勢調剤薬局　神久店【5:薬局】三重県伊勢市神田久志本町１４８５－２" }, "geometry": { "type": "Point", "coordinates": [ 136.727649, 34.490964 ] } },
{ "type": "Feature", "properties": { "ID": 24506000115, "正式名称": "さくら薬局　志摩鵜方店", "機関区分": 5, "都道府県コード": 24, "市区町村コード": 215, "所在地": "三重県志摩市阿児町鵜方３１２６－１７", "緯度": 34.32743, "経度": 136.830956, "url": "https://www.iryou.teikyouseido.mhlw.go.jp/znk-web/juminkanja/S2430/initialize?prefCd=24&kikanCd=06000115&kikanKbn=5", "url2": "https://www.kraft-net.co.jp/sakura/store/3572/", "内容": "さくら薬局　志摩鵜方店【5:薬局】三重県志摩市阿児町鵜方３１２６－１７" }, "geometry": { "type": "Point", "coordinates": [ 136.830956, 34.32743 ] } },
{ "type": "Feature", "properties": { "ID": 24506000116, "正式名称": "伊勢調剤薬局磯部店", "機関区分": 5, "都道府県コード": 24, "市区町村コード": 215, "所在地": "三重県志摩市磯部町迫間３６７－３", "緯度": 34.372255, "経度": 136.800902, "url": "https://www.iryou.teikyouseido.mhlw.go.jp/znk-web/juminkanja/S2430/initialize?prefCd=24&kikanCd=06000116&kikanKbn=5", "url2": "https://www.kusurinomadoguchi.com/mie/s1000002409", "内容": "伊勢調剤薬局磯部店【5:薬局】三重県志摩市磯部町迫間３６７－３" }, "geometry": { "type": "Point", "coordinates": [ 136.800902, 34.372255 ] } },
{ "type": "Feature", "properties": { "ID": 24506000118, "正式名称": "まつもと薬局", "機関区分": 5, "都道府県コード": 24, "市区町村コード": 203, "所在地": "三重県伊勢市河崎３丁目１１－２４", "緯度": 34.49506, "経度": 136.716548, "url": "https://www.iryou.teikyouseido.mhlw.go.jp/znk-web/juminkanja/S2430/initialize?prefCd=24&kikanCd=06000118&kikanKbn=5", "url2": null, "内容": "まつもと薬局【5:薬局】三重県伊勢市河崎３丁目１１－２４" }, "geometry": { "type": "Point", "coordinates": [ 136.716548, 34.49506 ] } },
{ "type": "Feature", "properties": { "ID": 24506000121, "正式名称": "イワオ薬局　日赤前　ミタス伊勢店", "機関区分": 5, "都道府県コード": 24, "市区町村コード": 203, "所在地": "三重県伊勢市船江１丁目１０－２１", "緯度": 34.501242, "経度": 136.711994, "url": "https://www.iryou.teikyouseido.mhlw.go.jp/znk-web/juminkanja/S2430/initialize?prefCd=24&kikanCd=06000121&kikanKbn=5", "url2": "https://www.iwao-pharmacy.com/", "内容": "イワオ薬局　日赤前　ミタス伊勢店【5:薬局】三重県伊勢市船江１丁目１０－２１" }, "geometry": { "type": "Point", "coordinates": [ 136.711994, 34.501242 ] } },
{ "type": "Feature", "properties": { "ID": 24506000122, "正式名称": "日本調剤ミタス伊勢薬局", "機関区分": 5, "都道府県コード": 24, "市区町村コード": 203, "所在地": "三重県伊勢市船江１丁目１０－２１", "緯度": 34.501242, "経度": 136.711994, "url": "https://www.iryou.teikyouseido.mhlw.go.jp/znk-web/juminkanja/S2430/initialize?prefCd=24&kikanCd=06000122&kikanKbn=5", "url2": "https://www.nicho.co.jp/tenpo/mtsise/", "内容": "日本調剤ミタス伊勢薬局【5:薬局】三重県伊勢市船江１丁目１０－２１" }, "geometry": { "type": "Point", "coordinates": [ 136.711994, 34.501242 ] } },
{ "type": "Feature", "properties": { "ID": 24506000125, "正式名称": "鵜方調剤薬局", "機関区分": 5, "都道府県コード": 24, "市区町村コード": 215, "所在地": "三重県志摩市阿児町鵜方４０４９－６", "緯度": 34.328092, "経度": 136.823692, "url": "https://www.iryou.teikyouseido.mhlw.go.jp/znk-web/juminkanja/S2430/initialize?prefCd=24&kikanCd=06000125&kikanKbn=5", "url2": null, "内容": "鵜方調剤薬局【5:薬局】三重県志摩市阿児町鵜方４０４９－６" }, "geometry": { "type": "Point", "coordinates": [ 136.823692, 34.328092 ] } },
{ "type": "Feature", "properties": { "ID": 24506000127, "正式名称": "なの花薬局小俣本町店", "機関区分": 5, "都道府県コード": 24, "市区町村コード": 203, "所在地": "三重県伊勢市小俣町本町３４１－１０７", "緯度": 34.504159, "経度": 136.665961, "url": "https://www.iryou.teikyouseido.mhlw.go.jp/znk-web/juminkanja/S2430/initialize?prefCd=24&kikanCd=06000127&kikanKbn=5", "url2": "http://www.msnw.co.jp", "内容": "なの花薬局小俣本町店【5:薬局】三重県伊勢市小俣町本町３４１－１０７" }, "geometry": { "type": "Point", "coordinates": [ 136.665961, 34.504159 ] } },
{ "type": "Feature", "properties": { "ID": 24506000128, "正式名称": "調剤薬局二見ファーマシー", "機関区分": 5, "都道府県コード": 24, "市区町村コード": 203, "所在地": "三重県伊勢市二見町溝口４０１－４", "緯度": 34.502472, "経度": 136.757613, "url": "https://www.iryou.teikyouseido.mhlw.go.jp/znk-web/juminkanja/S2430/initialize?prefCd=24&kikanCd=06000128&kikanKbn=5", "url2": null, "内容": "調剤薬局二見ファーマシー【5:薬局】三重県伊勢市二見町溝口４０１－４" }, "geometry": { "type": "Point", "coordinates": [ 136.757613, 34.502472 ] } },
{ "type": "Feature", "properties": { "ID": 24506000129, "正式名称": "かんひちや薬局　南張店", "機関区分": 5, "都道府県コード": 24, "市区町村コード": 215, "所在地": "三重県志摩市浜島町南張６－６", "緯度": 34.306496, "経度": 136.72461, "url": "https://www.iryou.teikyouseido.mhlw.go.jp/znk-web/juminkanja/S2430/initialize?prefCd=24&kikanCd=06000129&kikanKbn=5", "url2": null, "内容": "かんひちや薬局　南張店【5:薬局】三重県志摩市浜島町南張６－６" }, "geometry": { "type": "Point", "coordinates": [ 136.72461, 34.306496 ] } },
{ "type": "Feature", "properties": { "ID": 24506000130, "正式名称": "かんひちや薬局　甲賀店", "機関区分": 5, "都道府県コード": 24, "市区町村コード": 215, "所在地": "三重県志摩市阿児町甲賀４０７８", "緯度": 34.306292, "経度": 136.872661, "url": "https://www.iryou.teikyouseido.mhlw.go.jp/znk-web/juminkanja/S2430/initialize?prefCd=24&kikanCd=06000130&kikanKbn=5", "url2": null, "内容": "かんひちや薬局　甲賀店【5:薬局】三重県志摩市阿児町甲賀４０７８" }, "geometry": { "type": "Point", "coordinates": [ 136.872661, 34.306292 ] } },
{ "type": "Feature", "properties": { "ID": 24506000133, "正式名称": "ココカラファイン薬局　日赤前店", "機関区分": 5, "都道府県コード": 24, "市区町村コード": 203, "所在地": "三重県伊勢市船江１丁目１０番１０号", "緯度": 34.499855, "経度": 136.710554, "url": "https://www.iryou.teikyouseido.mhlw.go.jp/znk-web/juminkanja/S2430/initialize?prefCd=24&kikanCd=06000133&kikanKbn=5", "url2": null, "内容": "ココカラファイン薬局　日赤前店【5:薬局】三重県伊勢市船江１丁目１０番１０号" }, "geometry": { "type": "Point", "coordinates": [ 136.710554, 34.499855 ] } },
{ "type": "Feature", "properties": { "ID": 24506000134, "正式名称": "ココカラファイン薬局　ミタス伊勢店", "機関区分": 5, "都道府県コード": 24, "市区町村コード": 203, "所在地": "三重県伊勢市船江１丁目１０－２１", "緯度": 34.501155, "経度": 136.712548, "url": "https://www.iryou.teikyouseido.mhlw.go.jp/znk-web/juminkanja/S2430/initialize?prefCd=24&kikanCd=06000134&kikanKbn=5", "url2": "http://www.cocokarafine.co.jp", "内容": "ココカラファイン薬局　ミタス伊勢店【5:薬局】三重県伊勢市船江１丁目１０－２１" }, "geometry": { "type": "Point", "coordinates": [ 136.712548, 34.501155 ] } },
{ "type": "Feature", "properties": { "ID": 24506000137, "正式名称": "なの花薬局勢田店", "機関区分": 5, "都道府県コード": 24, "市区町村コード": 203, "所在地": "三重県伊勢市勢田町車沖５６９－１６", "緯度": 34.48026, "経度": 136.71123, "url": "https://www.iryou.teikyouseido.mhlw.go.jp/znk-web/juminkanja/S2430/initialize?prefCd=24&kikanCd=06000137&kikanKbn=5", "url2": "https://www.nanohana-ph.jp", "内容": "なの花薬局勢田店【5:薬局】三重県伊勢市勢田町車沖５６９－１６" }, "geometry": { "type": "Point", "coordinates": [ 136.71123, 34.48026 ] } },
{ "type": "Feature", "properties": { "ID": 24506000138, "正式名称": "いわぶち・調剤薬局", "機関区分": 5, "都道府県コード": 24, "市区町村コード": 203, "所在地": "三重県伊勢市岩渕２丁目８－３４", "緯度": 34.488129, "経度": 136.715802, "url": "https://www.iryou.teikyouseido.mhlw.go.jp/znk-web/juminkanja/S2430/initialize?prefCd=24&kikanCd=06000138&kikanKbn=5", "url2": "iwabutityouzai yakukyoku", "内容": "いわぶち・調剤薬局【5:薬局】三重県伊勢市岩渕２丁目８－３４" }, "geometry": { "type": "Point", "coordinates": [ 136.715802, 34.488129 ] } },
{ "type": "Feature", "properties": { "ID": 24506000139, "正式名称": "（株）でぐち薬局", "機関区分": 5, "都道府県コード": 24, "市区町村コード": 461, "所在地": "三重県度会郡玉城町勝田５５３１－１", "緯度": 34.485108, "経度": 136.63439, "url": "https://www.iryou.teikyouseido.mhlw.go.jp/znk-web/juminkanja/S2430/initialize?prefCd=24&kikanCd=06000139&kikanKbn=5", "url2": null, "内容": "（株）でぐち薬局【5:薬局】三重県度会郡玉城町勝田５５３１－１" }, "geometry": { "type": "Point", "coordinates": [ 136.63439, 34.485108 ] } },
{ "type": "Feature", "properties": { "ID": 24506000140, "正式名称": "みどり調剤薬局倉田山店", "機関区分": 5, "都道府県コード": 24, "市区町村コード": 203, "所在地": "三重県伊勢市神田久志本町１７５４－３", "緯度": 34.486917, "経度": 136.723239, "url": "https://www.iryou.teikyouseido.mhlw.go.jp/znk-web/juminkanja/S2430/initialize?prefCd=24&kikanCd=06000140&kikanKbn=5", "url2": "https://midori-chozai.com/", "内容": "みどり調剤薬局倉田山店【5:薬局】三重県伊勢市神田久志本町１７５４－３" }, "geometry": { "type": "Point", "coordinates": [ 136.723239, 34.486917 ] } },
{ "type": "Feature", "properties": { "ID": 24506000143, "正式名称": "調剤薬局キタオカ　宮後店", "機関区分": 5, "都道府県コード": 24, "市区町村コード": 203, "所在地": "三重県伊勢市宮後", "緯度": 34.498016, "経度": 136.70978, "url": "https://www.iryou.teikyouseido.mhlw.go.jp/znk-web/juminkanja/S2430/initialize?prefCd=24&kikanCd=06000143&kikanKbn=5", "url2": "http://kitaoka.org.uk/pharmacy/", "内容": "調剤薬局キタオカ　宮後店【5:薬局】三重県伊勢市宮後" }, "geometry": { "type": "Point", "coordinates": [ 136.70978, 34.498016 ] } },
{ "type": "Feature", "properties": { "ID": 24506000144, "正式名称": "みなと薬局", "機関区分": 5, "都道府県コード": 24, "市区町村コード": 471, "所在地": "三重県度会郡大紀町錦９１５－６６", "緯度": 34.219546, "経度": 136.398081, "url": "https://www.iryou.teikyouseido.mhlw.go.jp/znk-web/juminkanja/S2430/initialize?prefCd=24&kikanCd=06000144&kikanKbn=5", "url2": null, "内容": "みなと薬局【5:薬局】三重県度会郡大紀町錦９１５－６６" }, "geometry": { "type": "Point", "coordinates": [ 136.398081, 34.219546 ] } },
{ "type": "Feature", "properties": { "ID": 24506000147, "正式名称": "健やか薬局　ひじり岡本店", "機関区分": 5, "都道府県コード": 24, "市区町村コード": 203, "所在地": "三重県伊勢市岡本１丁目１７－１６", "緯度": 34.485384, "経度": 136.71052, "url": "https://www.iryou.teikyouseido.mhlw.go.jp/znk-web/juminkanja/S2430/initialize?prefCd=24&kikanCd=06000147&kikanKbn=5", "url2": "http://mie-link.com", "内容": "健やか薬局　ひじり岡本店【5:薬局】三重県伊勢市岡本１丁目１７－１６" }, "geometry": { "type": "Point", "coordinates": [ 136.71052, 34.485384 ] } },
{ "type": "Feature", "properties": { "ID": 24506000148, "正式名称": "ウエルシア薬局伊勢小俣店", "機関区分": 5, "都道府県コード": 24, "市区町村コード": 203, "所在地": "三重県伊勢市小俣町元町４１６番地", "緯度": 34.50645, "経度": 136.67543, "url": "https://www.iryou.teikyouseido.mhlw.go.jp/znk-web/juminkanja/S2430/initialize?prefCd=24&kikanCd=06000148&kikanKbn=5", "url2": "https://www.welcia-yakkyoku.co.jp/", "内容": "ウエルシア薬局伊勢小俣店【5:薬局】三重県伊勢市小俣町元町４１６番地" }, "geometry": { "type": "Point", "coordinates": [ 136.67543, 34.50645 ] } },
{ "type": "Feature", "properties": { "ID": 24506000149, "正式名称": "ウエルシア薬局伊勢河崎店", "機関区分": 5, "都道府県コード": 24, "市区町村コード": 203, "所在地": "三重県伊勢市河崎１丁目３－２０", "緯度": 34.493135, "経度": 136.712794, "url": "https://www.iryou.teikyouseido.mhlw.go.jp/znk-web/juminkanja/S2430/initialize?prefCd=24&kikanCd=06000149&kikanKbn=5", "url2": "https://store.welcia.co.jp/welcia/spot/detail?code=6649D", "内容": "ウエルシア薬局伊勢河崎店【5:薬局】三重県伊勢市河崎１丁目３－２０" }, "geometry": { "type": "Point", "coordinates": [ 136.712794, 34.493135 ] } },
{ "type": "Feature", "properties": { "ID": 24506000150, "正式名称": "ひかり調剤薬局", "機関区分": 5, "都道府県コード": 24, "市区町村コード": 215, "所在地": "三重県志摩市阿児町鵜方７４８－１", "緯度": 34.33842, "経度": 136.815398, "url": "https://www.iryou.teikyouseido.mhlw.go.jp/znk-web/juminkanja/S2430/initialize?prefCd=24&kikanCd=06000150&kikanKbn=5", "url2": "https://unitedpharmacy.co.jp/", "内容": "ひかり調剤薬局【5:薬局】三重県志摩市阿児町鵜方７４８－１" }, "geometry": { "type": "Point", "coordinates": [ 136.815398, 34.33842 ] } },
{ "type": "Feature", "properties": { "ID": 24506000152, "正式名称": "あおぞら薬局", "機関区分": 5, "都道府県コード": 24, "市区町村コード": 203, "所在地": "三重県伊勢市河崎２丁目３２２番地７", "緯度": 34.495501, "経度": 136.715151, "url": "https://www.iryou.teikyouseido.mhlw.go.jp/znk-web/juminkanja/S2430/initialize?prefCd=24&kikanCd=06000152&kikanKbn=5", "url2": "https://new.suzuka-pharmacy.com", "内容": "あおぞら薬局【5:薬局】三重県伊勢市河崎２丁目３２２番地７" }, "geometry": { "type": "Point", "coordinates": [ 136.715151, 34.495501 ] } },
{ "type": "Feature", "properties": { "ID": 24506000157, "正式名称": "高村調剤薬局", "機関区分": 5, "都道府県コード": 24, "市区町村コード": 203, "所在地": "三重県伊勢市楠部町２０２－１２", "緯度": 34.482319, "経度": 136.726144, "url": "https://www.iryou.teikyouseido.mhlw.go.jp/znk-web/juminkanja/S2430/initialize?prefCd=24&kikanCd=06000157&kikanKbn=5", "url2": "midori-chozai.com", "内容": "高村調剤薬局【5:薬局】三重県伊勢市楠部町２０２－１２" }, "geometry": { "type": "Point", "coordinates": [ 136.726144, 34.482319 ] } },
{ "type": "Feature", "properties": { "ID": 24506000158, "正式名称": "いせ本町薬局", "機関区分": 5, "都道府県コード": 24, "市区町村コード": 203, "所在地": "三重県伊勢市本町３－１５", "緯度": 34.490907, "経度": 136.706946, "url": "https://www.iryou.teikyouseido.mhlw.go.jp/znk-web/juminkanja/S2430/initialize?prefCd=24&kikanCd=06000158&kikanKbn=5", "url2": "https://humanmedical.co.jp/", "内容": "いせ本町薬局【5:薬局】三重県伊勢市本町３－１５" }, "geometry": { "type": "Point", "coordinates": [ 136.706946, 34.490907 ] } },
{ "type": "Feature", "properties": { "ID": 24506000159, "正式名称": "三光薬局", "機関区分": 5, "都道府県コード": 24, "市区町村コード": 203, "所在地": "三重県伊勢市大世古２丁目５－１５", "緯度": 34.495622, "経度": 136.702997, "url": "https://www.iryou.teikyouseido.mhlw.go.jp/znk-web/juminkanja/S2430/initialize?prefCd=24&kikanCd=06000159&kikanKbn=5", "url2": null, "内容": "三光薬局【5:薬局】三重県伊勢市大世古２丁目５－１５" }, "geometry": { "type": "Point", "coordinates": [ 136.702997, 34.495622 ] } },
{ "type": "Feature", "properties": { "ID": 24506000163, "正式名称": "コスモス薬局神田久志本店", "機関区分": 5, "都道府県コード": 24, "市区町村コード": 203, "所在地": "三重県伊勢市神田久志本町１５４２－７", "緯度": 34.490917, "経度": 136.731553, "url": "https://www.iryou.teikyouseido.mhlw.go.jp/znk-web/juminkanja/S2430/initialize?prefCd=24&kikanCd=06000163&kikanKbn=5", "url2": "https://cosmospharma.com", "内容": "コスモス薬局神田久志本店【5:薬局】三重県伊勢市神田久志本町１５４２－７" }, "geometry": { "type": "Point", "coordinates": [ 136.731553, 34.490917 ] } },
{ "type": "Feature", "properties": { "ID": 24506000164, "正式名称": "コスモス薬局一之木店", "機関区分": 5, "都道府県コード": 24, "市区町村コード": 203, "所在地": "三重県伊勢市大世古３丁目１－１０８", "緯度": 34.496747, "経度": 136.704548, "url": "https://www.iryou.teikyouseido.mhlw.go.jp/znk-web/juminkanja/S2430/initialize?prefCd=24&kikanCd=06000164&kikanKbn=5", "url2": "https://cosmospharma.com/", "内容": "コスモス薬局一之木店【5:薬局】三重県伊勢市大世古３丁目１－１０８" }, "geometry": { "type": "Point", "coordinates": [ 136.704548, 34.496747 ] } },
{ "type": "Feature", "properties": { "ID": 24506000166, "正式名称": "漢方薬局　ユクル", "機関区分": 5, "都道府県コード": 24, "市区町村コード": 203, "所在地": "三重県伊勢市辻久留町", "緯度": 34.47325, "経度": 136.688, "url": "https://www.iryou.teikyouseido.mhlw.go.jp/znk-web/juminkanja/S2430/initialize?prefCd=24&kikanCd=06000166&kikanKbn=5", "url2": null, "内容": "漢方薬局　ユクル【5:薬局】三重県伊勢市辻久留町" }, "geometry": { "type": "Point", "coordinates": [ 136.688, 34.47325 ] } },
{ "type": "Feature", "properties": { "ID": 24506000167, "正式名称": "イワオ薬局楠部店", "機関区分": 5, "都道府県コード": 24, "市区町村コード": 203, "所在地": "三重県伊勢市楠部町９９", "緯度": 34.47672, "経度": 136.729245, "url": "https://www.iryou.teikyouseido.mhlw.go.jp/znk-web/juminkanja/S2430/initialize?prefCd=24&kikanCd=06000167&kikanKbn=5", "url2": "https://www.iwao-pharmacy.com/", "内容": "イワオ薬局楠部店【5:薬局】三重県伊勢市楠部町９９" }, "geometry": { "type": "Point", "coordinates": [ 136.729245, 34.47672 ] } },
{ "type": "Feature", "properties": { "ID": 24506000168, "正式名称": "かんひちや薬局越賀店", "機関区分": 5, "都道府県コード": 24, "市区町村コード": 215, "所在地": "三重県志摩市志摩町越賀１６９１－７", "緯度": 34.259852, "経度": 136.790276, "url": "https://www.iryou.teikyouseido.mhlw.go.jp/znk-web/juminkanja/S2430/initialize?prefCd=24&kikanCd=06000168&kikanKbn=5", "url2": null, "内容": "かんひちや薬局越賀店【5:薬局】三重県志摩市志摩町越賀１６９１－７" }, "geometry": { "type": "Point", "coordinates": [ 136.790276, 34.259852 ] } },
{ "type": "Feature", "properties": { "ID": 24506000169, "正式名称": "在宅医療対応型薬局　ひかりファーマシー", "機関区分": 5, "都道府県コード": 24, "市区町村コード": 203, "所在地": "三重県伊勢市神久５丁目８２", "緯度": 34.497006, "経度": 136.723532, "url": "https://www.iryou.teikyouseido.mhlw.go.jp/znk-web/juminkanja/S2430/initialize?prefCd=24&kikanCd=06000169&kikanKbn=5", "url2": "https://unitedpharmacy.co.jp/", "内容": "在宅医療対応型薬局　ひかりファーマシー【5:薬局】三重県伊勢市神久５丁目８２" }, "geometry": { "type": "Point", "coordinates": [ 136.723532, 34.497006 ] } },
{ "type": "Feature", "properties": { "ID": 24506000170, "正式名称": "中村調剤薬局", "機関区分": 5, "都道府県コード": 24, "市区町村コード": 472, "所在地": "三重県度会郡南伊勢町五ケ所浦４０９９", "緯度": 34.350903, "経度": 136.705272, "url": "https://www.iryou.teikyouseido.mhlw.go.jp/znk-web/juminkanja/S2430/initialize?prefCd=24&kikanCd=06000170&kikanKbn=5", "url2": null, "内容": "中村調剤薬局【5:薬局】三重県度会郡南伊勢町五ケ所浦４０９９" }, "geometry": { "type": "Point", "coordinates": [ 136.705272, 34.350903 ] } },
{ "type": "Feature", "properties": { "ID": 24506000171, "正式名称": "コスモス薬局こうせい店", "機関区分": 5, "都道府県コード": 24, "市区町村コード": 203, "所在地": "三重県伊勢市一之木４丁目２－４７", "緯度": 34.499692, "経度": 136.706817, "url": "https://www.iryou.teikyouseido.mhlw.go.jp/znk-web/juminkanja/S2430/initialize?prefCd=24&kikanCd=06000171&kikanKbn=5", "url2": "https://cosmospharma.com/", "内容": "コスモス薬局こうせい店【5:薬局】三重県伊勢市一之木４丁目２－４７" }, "geometry": { "type": "Point", "coordinates": [ 136.706817, 34.499692 ] } },
{ "type": "Feature", "properties": { "ID": 24506000172, "正式名称": "すこやか薬局", "機関区分": 5, "都道府県コード": 24, "市区町村コード": 203, "所在地": "三重県伊勢市宮町１丁目－１５－２１", "緯度": 34.491385, "経度": 136.698275, "url": "https://www.iryou.teikyouseido.mhlw.go.jp/znk-web/juminkanja/S2430/initialize?prefCd=24&kikanCd=06000172&kikanKbn=5", "url2": "pharmanet-mie.or.jp", "内容": "すこやか薬局【5:薬局】三重県伊勢市宮町１丁目－１５－２１" }, "geometry": { "type": "Point", "coordinates": [ 136.698275, 34.491385 ] } },
{ "type": "Feature", "properties": { "ID": 24506000174, "正式名称": "ウエルシア薬局伊勢宮町店", "機関区分": 5, "都道府県コード": 24, "市区町村コード": 203, "所在地": "三重県伊勢市御薗町高向落合９８５－１", "緯度": 34.497708, "経度": 136.69707, "url": "https://www.iryou.teikyouseido.mhlw.go.jp/znk-web/juminkanja/S2430/initialize?prefCd=24&kikanCd=06000174&kikanKbn=5", "url2": "https://www.welcia-yakkyoku.co.jp/", "内容": "ウエルシア薬局伊勢宮町店【5:薬局】三重県伊勢市御薗町高向落合９８５－１" }, "geometry": { "type": "Point", "coordinates": [ 136.69707, 34.497708 ] } },
{ "type": "Feature", "properties": { "ID": 24506000176, "正式名称": "イオン薬局伊勢店", "機関区分": 5, "都道府県コード": 24, "市区町村コード": 203, "所在地": "三重県伊勢市楠部町乙１６０－２", "緯度": 34.478177, "経度": 136.731077, "url": "https://www.iryou.teikyouseido.mhlw.go.jp/znk-web/juminkanja/S2430/initialize?prefCd=24&kikanCd=06000176&kikanKbn=5", "url2": null, "内容": "イオン薬局伊勢店【5:薬局】三重県伊勢市楠部町乙１６０－２" }, "geometry": { "type": "Point", "coordinates": [ 136.731077, 34.478177 ] } },
{ "type": "Feature", "properties": { "ID": 24506000178, "正式名称": "みどり調剤薬局岩渕店", "機関区分": 5, "都道府県コード": 24, "市区町村コード": 203, "所在地": "三重県伊勢市吹上１丁目１０－１６", "緯度": 34.488964, "経度": 136.712386, "url": "https://www.iryou.teikyouseido.mhlw.go.jp/znk-web/juminkanja/S2430/initialize?prefCd=24&kikanCd=06000178&kikanKbn=5", "url2": "https://midori-chozai.com/", "内容": "みどり調剤薬局岩渕店【5:薬局】三重県伊勢市吹上１丁目１０－１６" }, "geometry": { "type": "Point", "coordinates": [ 136.712386, 34.488964 ] } },
{ "type": "Feature", "properties": { "ID": 24506000180, "正式名称": "ファーマライズ薬局恵利原店", "機関区分": 5, "都道府県コード": 24, "市区町村コード": 215, "所在地": "三重県志摩市磯部町恵利原１５２９", "緯度": 34.382517, "経度": 136.803111, "url": "https://www.iryou.teikyouseido.mhlw.go.jp/znk-web/juminkanja/S2430/initialize?prefCd=24&kikanCd=06000180&kikanKbn=5", "url2": null, "内容": "ファーマライズ薬局恵利原店【5:薬局】三重県志摩市磯部町恵利原１５２９" }, "geometry": { "type": "Point", "coordinates": [ 136.803111, 34.382517 ] } },
{ "type": "Feature", "properties": { "ID": 24506000181, "正式名称": "ファーマライズ薬局磯部店", "機関区分": 5, "都道府県コード": 24, "市区町村コード": 215, "所在地": "三重県志摩市磯部町迫間４９－１５", "緯度": 34.373185, "経度": 136.804712, "url": "https://www.iryou.teikyouseido.mhlw.go.jp/znk-web/juminkanja/S2430/initialize?prefCd=24&kikanCd=06000181&kikanKbn=5", "url2": "https://www.pharmarise.com", "内容": "ファーマライズ薬局磯部店【5:薬局】三重県志摩市磯部町迫間４９－１５" }, "geometry": { "type": "Point", "coordinates": [ 136.804712, 34.373185 ] } },
{ "type": "Feature", "properties": { "ID": 24506000182, "正式名称": "伊勢調剤薬局一之木店", "機関区分": 5, "都道府県コード": 24, "市区町村コード": 203, "所在地": "三重県伊勢市一之木４丁目８４５－２", "緯度": 34.500033, "経度": 136.705609, "url": "https://www.iryou.teikyouseido.mhlw.go.jp/znk-web/juminkanja/S2430/initialize?prefCd=24&kikanCd=06000182&kikanKbn=5", "url2": null, "内容": "伊勢調剤薬局一之木店【5:薬局】三重県伊勢市一之木４丁目８４５－２" }, "geometry": { "type": "Point", "coordinates": [ 136.705609, 34.500033 ] } },
{ "type": "Feature", "properties": { "ID": 24506000183, "正式名称": "フラワー薬局やまとまち店", "機関区分": 5, "都道府県コード": 24, "市区町村コード": 203, "所在地": "三重県伊勢市倭町１４３－６", "緯度": 34.484019, "経度": 136.720289, "url": "https://www.iryou.teikyouseido.mhlw.go.jp/znk-web/juminkanja/S2430/initialize?prefCd=24&kikanCd=06000183&kikanKbn=5", "url2": "https://www.m-ikkou.co.jp/", "内容": "フラワー薬局やまとまち店【5:薬局】三重県伊勢市倭町１４３－６" }, "geometry": { "type": "Point", "coordinates": [ 136.720289, 34.484019 ] } },
{ "type": "Feature", "properties": { "ID": 24506000184, "正式名称": "フラワー薬局玉城店", "機関区分": 5, "都道府県コード": 24, "市区町村コード": 461, "所在地": "三重県度会郡玉城町下田辺７２５－１６", "緯度": 34.496698, "経度": 136.623761, "url": "https://www.iryou.teikyouseido.mhlw.go.jp/znk-web/juminkanja/S2430/initialize?prefCd=24&kikanCd=06000184&kikanKbn=5", "url2": "https://www.m-ikkou.co.jp/", "内容": "フラワー薬局玉城店【5:薬局】三重県度会郡玉城町下田辺７２５－１６" }, "geometry": { "type": "Point", "coordinates": [ 136.623761, 34.496698 ] } },
{ "type": "Feature", "properties": { "ID": 24506000185, "正式名称": "オレンジファーマシー　モリタ薬局", "機関区分": 5, "都道府県コード": 24, "市区町村コード": 461, "所在地": "三重県度会郡玉城町田丸３１４", "緯度": 34.490408, "経度": 136.635353, "url": "https://www.iryou.teikyouseido.mhlw.go.jp/znk-web/juminkanja/S2430/initialize?prefCd=24&kikanCd=06000185&kikanKbn=5", "url2": "moritaph.com", "内容": "オレンジファーマシー　モリタ薬局【5:薬局】三重県度会郡玉城町田丸３１４" }, "geometry": { "type": "Point", "coordinates": [ 136.635353, 34.490408 ] } },
{ "type": "Feature", "properties": { "ID": 24506000187, "正式名称": "ウエルシア薬局伊勢神久店", "機関区分": 5, "都道府県コード": 24, "市区町村コード": 203, "所在地": "三重県伊勢市神久３丁目２－２２", "緯度": 34.494128, "経度": 136.717801, "url": "https://www.iryou.teikyouseido.mhlw.go.jp/znk-web/juminkanja/S2430/initialize?prefCd=24&kikanCd=06000187&kikanKbn=5", "url2": "https://store.welcia.co.jp/welcia/spot/detail?code=6782D", "内容": "ウエルシア薬局伊勢神久店【5:薬局】三重県伊勢市神久３丁目２－２２" }, "geometry": { "type": "Point", "coordinates": [ 136.717801, 34.494128 ] } },
{ "type": "Feature", "properties": { "ID": 24506000188, "正式名称": "クスリのアオキ黒瀬薬局", "機関区分": 5, "都道府県コード": 24, "市区町村コード": 203, "所在地": "三重県伊勢市黒瀬町６４８番地", "緯度": 34.497639, "経度": 136.733956, "url": "https://www.iryou.teikyouseido.mhlw.go.jp/znk-web/juminkanja/S2430/initialize?prefCd=24&kikanCd=06000188&kikanKbn=5", "url2": "https://www.kusuri-aoki.co.jp/", "内容": "クスリのアオキ黒瀬薬局【5:薬局】三重県伊勢市黒瀬町６４８番地" }, "geometry": { "type": "Point", "coordinates": [ 136.733956, 34.497639 ] } },
{ "type": "Feature", "properties": { "ID": 24506000189, "正式名称": "さくらぎ薬局", "機関区分": 5, "都道府県コード": 24, "市区町村コード": 203, "所在地": "三重県伊勢市桜木町８５番地１６０", "緯度": 34.470652, "経度": 136.715415, "url": "https://www.iryou.teikyouseido.mhlw.go.jp/znk-web/juminkanja/S2430/initialize?prefCd=24&kikanCd=06000189&kikanKbn=5", "url2": "https://e-bond.info/withs/", "内容": "さくらぎ薬局【5:薬局】三重県伊勢市桜木町８５番地１６０" }, "geometry": { "type": "Point", "coordinates": [ 136.715415, 34.470652 ] } },
{ "type": "Feature", "properties": { "ID": 24506000190, "正式名称": "スギ薬局　伊勢小木店", "機関区分": 5, "都道府県コード": 24, "市区町村コード": 203, "所在地": "三重県伊勢市御薗町新開７５２－１", "緯度": 34.507781, "経度": 136.719825, "url": "https://www.iryou.teikyouseido.mhlw.go.jp/znk-web/juminkanja/S2430/initialize?prefCd=24&kikanCd=06000190&kikanKbn=5", "url2": "http://www.drug-sugi.co.jp/", "内容": "スギ薬局　伊勢小木店【5:薬局】三重県伊勢市御薗町新開７５２－１" }, "geometry": { "type": "Point", "coordinates": [ 136.719825, 34.507781 ] } },
{ "type": "Feature", "properties": { "ID": 24506000193, "正式名称": "コスモス調剤薬局伊勢小木店", "機関区分": 5, "都道府県コード": 24, "市区町村コード": 203, "所在地": "三重県伊勢市小木町６７４－１", "緯度": 34.504895, "経度": 136.724983, "url": "https://www.iryou.teikyouseido.mhlw.go.jp/znk-web/juminkanja/S2430/initialize?prefCd=24&kikanCd=06000193&kikanKbn=5", "url2": "https://www.cosmospc.co.jp/shop/chubu/mie/16056.html", "内容": "コスモス調剤薬局伊勢小木店【5:薬局】三重県伊勢市小木町６７４－１" }, "geometry": { "type": "Point", "coordinates": [ 136.724983, 34.504895 ] } },
{ "type": "Feature", "properties": { "ID": 24506000194, "正式名称": "ときわ薬局", "機関区分": 5, "都道府県コード": 24, "市区町村コード": 203, "所在地": "三重県伊勢市常磐１丁目５－１６", "緯度": 34.494949, "経度": 136.694731, "url": "https://www.iryou.teikyouseido.mhlw.go.jp/znk-web/juminkanja/S2430/initialize?prefCd=24&kikanCd=06000194&kikanKbn=5", "url2": "tokiwa8700.co.jp", "内容": "ときわ薬局【5:薬局】三重県伊勢市常磐１丁目５－１６" }, "geometry": { "type": "Point", "coordinates": [ 136.694731, 34.494949 ] } },
{ "type": "Feature", "properties": { "ID": 24506000195, "正式名称": "ココカラファイン薬局阿児店", "機関区分": 5, "都道府県コード": 24, "市区町村コード": 215, "所在地": "三重県志摩市阿児町鵜方４８７３", "緯度": 34.328716, "経度": 136.820712, "url": "https://www.iryou.teikyouseido.mhlw.go.jp/znk-web/juminkanja/S2430/initialize?prefCd=24&kikanCd=06000195&kikanKbn=5", "url2": "https://www.matsukiyococokara.com", "内容": "ココカラファイン薬局阿児店【5:薬局】三重県志摩市阿児町鵜方４８７３" }, "geometry": { "type": "Point", "coordinates": [ 136.820712, 34.328716 ] } },
{ "type": "Feature", "properties": { "ID": 24506000196, "正式名称": "大湊薬局", "機関区分": 5, "都道府県コード": 24, "市区町村コード": 203, "所在地": "三重県伊勢市大湊町８１２－３", "緯度": 34.4944, "経度": 136.71849, "url": "https://www.iryou.teikyouseido.mhlw.go.jp/znk-web/juminkanja/S2430/initialize?prefCd=24&kikanCd=06000196&kikanKbn=5", "url2": "https://e-oominato.com/", "内容": "大湊薬局【5:薬局】三重県伊勢市大湊町８１２－３" }, "geometry": { "type": "Point", "coordinates": [ 136.71849, 34.4944 ] } },
{ "type": "Feature", "properties": { "ID": 24506000197, "正式名称": "コスモス薬局みその店", "機関区分": 5, "都道府県コード": 24, "市区町村コード": 203, "所在地": "三重県伊勢市御薗町長屋２００４－３", "緯度": 34.507405, "経度": 136.70676, "url": "https://www.iryou.teikyouseido.mhlw.go.jp/znk-web/juminkanja/S2430/initialize?prefCd=24&kikanCd=06000197&kikanKbn=5", "url2": "https://cosmospharma.com", "内容": "コスモス薬局みその店【5:薬局】三重県伊勢市御薗町長屋２００４－３" }, "geometry": { "type": "Point", "coordinates": [ 136.70676, 34.507405 ] } },
{ "type": "Feature", "properties": { "ID": 24506000198, "正式名称": "ウエルシア薬局　イオンタウン伊勢ララパーク店", "機関区分": 5, "都道府県コード": 24, "市区町村コード": 203, "所在地": "三重県伊勢市小木町５３８", "緯度": 34.507069, "経度": 136.723089, "url": "https://www.iryou.teikyouseido.mhlw.go.jp/znk-web/juminkanja/S2430/initialize?prefCd=24&kikanCd=06000198&kikanKbn=5", "url2": "https://www.welcia-yakkyoku.co.jp/", "内容": "ウエルシア薬局　イオンタウン伊勢ララパーク店【5:薬局】三重県伊勢市小木町５３８" }, "geometry": { "type": "Point", "coordinates": [ 136.723089, 34.507069 ] } },
{ "type": "Feature", "properties": { "ID": 24506000200, "正式名称": "アイン薬局伊勢ひかり病院店", "機関区分": 5, "都道府県コード": 24, "市区町村コード": 203, "所在地": "三重県伊勢市御薗町高向８１０－２１", "緯度": 34.499739, "経度": 136.699038, "url": "https://www.iryou.teikyouseido.mhlw.go.jp/znk-web/juminkanja/S2430/initialize?prefCd=24&kikanCd=06000200&kikanKbn=5", "url2": "www.ainj.co.jp", "内容": "アイン薬局伊勢ひかり病院店【5:薬局】三重県伊勢市御薗町高向８１０－２１" }, "geometry": { "type": "Point", "coordinates": [ 136.699038, 34.499739 ] } },
{ "type": "Feature", "properties": { "ID": 24506000201, "正式名称": "ココカラファイン薬局小俣店", "機関区分": 5, "都道府県コード": 24, "市区町村コード": 203, "所在地": "三重県伊勢市小俣町元町５０６", "緯度": 34.508297, "経度": 136.678939, "url": "https://www.iryou.teikyouseido.mhlw.go.jp/znk-web/juminkanja/S2430/initialize?prefCd=24&kikanCd=06000201&kikanKbn=5", "url2": null, "内容": "ココカラファイン薬局小俣店【5:薬局】三重県伊勢市小俣町元町５０６" }, "geometry": { "type": "Point", "coordinates": [ 136.678939, 34.508297 ] } },
{ "type": "Feature", "properties": { "ID": 24506000202, "正式名称": "スマイル薬局　伊勢病院前店", "機関区分": 5, "都道府県コード": 24, "市区町村コード": 203, "所在地": "三重県伊勢市楠部町３０３９", "緯度": 34.483106, "経度": 136.728753, "url": "https://www.iryou.teikyouseido.mhlw.go.jp/znk-web/juminkanja/S2430/initialize?prefCd=24&kikanCd=06000202&kikanKbn=5", "url2": "https://www.brightier.jp", "内容": "スマイル薬局　伊勢病院前店【5:薬局】三重県伊勢市楠部町３０３９" }, "geometry": { "type": "Point", "coordinates": [ 136.728753, 34.483106 ] } },
{ "type": "Feature", "properties": { "ID": 24506000203, "正式名称": "くすき調剤薬局", "機関区分": 5, "都道府県コード": 24, "市区町村コード": 203, "所在地": "三重県伊勢市小木町４７１番地１", "緯度": 34.504694, "経度": 136.722194, "url": "https://www.iryou.teikyouseido.mhlw.go.jp/znk-web/juminkanja/S2430/initialize?prefCd=24&kikanCd=06000203&kikanKbn=5", "url2": null, "内容": "くすき調剤薬局【5:薬局】三重県伊勢市小木町４７１番地１" }, "geometry": { "type": "Point", "coordinates": [ 136.722194, 34.504694 ] } },
{ "type": "Feature", "properties": { "ID": 24506000204, "正式名称": "ひかりハート薬局", "機関区分": 5, "都道府県コード": 24, "市区町村コード": 203, "所在地": "三重県伊勢市岡本三丁目２８５－３", "緯度": 34.481786, "経度": 136.706645, "url": "https://www.iryou.teikyouseido.mhlw.go.jp/znk-web/juminkanja/S2430/initialize?prefCd=24&kikanCd=06000204&kikanKbn=5", "url2": "https://unitedpharmacy.co.jp/", "内容": "ひかりハート薬局【5:薬局】三重県伊勢市岡本三丁目２８５－３" }, "geometry": { "type": "Point", "coordinates": [ 136.706645, 34.481786 ] } },
{ "type": "Feature", "properties": { "ID": 24506000206, "正式名称": "ラッコ薬局", "機関区分": 5, "都道府県コード": 24, "市区町村コード": 203, "所在地": "三重県伊勢市一之木４－１－２９", "緯度": 34.499191, "経度": 136.706404, "url": "https://www.iryou.teikyouseido.mhlw.go.jp/znk-web/juminkanja/S2430/initialize?prefCd=24&kikanCd=06000206&kikanKbn=5", "url2": "https://www.ise-racco.jp/", "内容": "ラッコ薬局【5:薬局】三重県伊勢市一之木４－１－２９" }, "geometry": { "type": "Point", "coordinates": [ 136.706404, 34.499191 ] } },
{ "type": "Feature", "properties": { "ID": 24506000207, "正式名称": "一般社団法人　鳥羽志摩薬剤師会　志摩センター薬局", "機関区分": 5, "都道府県コード": 24, "市区町村コード": 215, "所在地": "三重県志摩市阿児町鵜方１２６２－１６", "緯度": 34.333919, "経度": 136.819739, "url": "https://www.iryou.teikyouseido.mhlw.go.jp/znk-web/juminkanja/S2430/initialize?prefCd=24&kikanCd=06000207&kikanKbn=5", "url2": "https://tobashima-yaku.com/center/", "内容": "一般社団法人　鳥羽志摩薬剤師会　志摩センター薬局【5:薬局】三重県志摩市阿児町鵜方１２６２－１６" }, "geometry": { "type": "Point", "coordinates": [ 136.819739, 34.333919 ] } },
{ "type": "Feature", "properties": { "ID": 24506000208, "正式名称": "大木薬局　浜島店", "機関区分": 5, "都道府県コード": 24, "市区町村コード": 215, "所在地": "三重県志摩市浜島町浜島３２１９", "緯度": 34.297932, "経度": 136.749303, "url": "https://www.iryou.teikyouseido.mhlw.go.jp/znk-web/juminkanja/S2430/initialize?prefCd=24&kikanCd=06000208&kikanKbn=5", "url2": "https://www.pharmarise.com/company/store/store.php?store_id=271", "内容": "大木薬局　浜島店【5:薬局】三重県志摩市浜島町浜島３２１９" }, "geometry": { "type": "Point", "coordinates": [ 136.749303, 34.297932 ] } },
{ "type": "Feature", "properties": { "ID": 24506000209, "正式名称": "大木薬局　鵜方店", "機関区分": 5, "都道府県コード": 24, "市区町村コード": 215, "所在地": "三重県志摩市阿児町鵜方３０１６－２４三重ファミリービル１Ｆ", "緯度": 34.328032, "経度": 136.835957, "url": "https://www.iryou.teikyouseido.mhlw.go.jp/znk-web/juminkanja/S2430/initialize?prefCd=24&kikanCd=06000209&kikanKbn=5", "url2": "https://www.pharmarise.com/company/store/store.php?store_id=272", "内容": "大木薬局　鵜方店【5:薬局】三重県志摩市阿児町鵜方３０１６－２４三重ファミリービル１Ｆ" }, "geometry": { "type": "Point", "coordinates": [ 136.835957, 34.328032 ] } },
{ "type": "Feature", "properties": { "ID": 24506000210, "正式名称": "チェリー調剤薬局　あけの店", "機関区分": 5, "都道府県コード": 24, "市区町村コード": 203, "所在地": "三重県伊勢市小俣町明野１１０２－９", "緯度": 34.521947, "経度": 136.672643, "url": "https://www.iryou.teikyouseido.mhlw.go.jp/znk-web/juminkanja/S2430/initialize?prefCd=24&kikanCd=06000210&kikanKbn=5", "url2": "http://www.nichiiko-mie.com", "内容": "チェリー調剤薬局　あけの店【5:薬局】三重県伊勢市小俣町明野１１０２－９" }, "geometry": { "type": "Point", "coordinates": [ 136.672643, 34.521947 ] } },
{ "type": "Feature", "properties": { "ID": 24506000211, "正式名称": "ウエルシア薬局伊勢二見店", "機関区分": 5, "都道府県コード": 24, "市区町村コード": 203, "所在地": "三重県伊勢市二見町山田原４１", "緯度": 34.504314, "経度": 136.762831, "url": "https://www.iryou.teikyouseido.mhlw.go.jp/znk-web/juminkanja/S2430/initialize?prefCd=24&kikanCd=06000211&kikanKbn=5", "url2": "https://store.welcia.co.jp/welcia/spot/detail?code=6654D", "内容": "ウエルシア薬局伊勢二見店【5:薬局】三重県伊勢市二見町山田原４１" }, "geometry": { "type": "Point", "coordinates": [ 136.762831, 34.504314 ] } },
{ "type": "Feature", "properties": { "ID": 24506000212, "正式名称": "健やか薬局小俣店", "機関区分": 5, "都道府県コード": 24, "市区町村コード": 203, "所在地": "三重県伊勢市小俣町本町３５３２番", "緯度": 34.501035, "経度": 136.667466, "url": "https://www.iryou.teikyouseido.mhlw.go.jp/znk-web/juminkanja/S2430/initialize?prefCd=24&kikanCd=06000212&kikanKbn=5", "url2": "https://mie-link.com/stores/ise/", "内容": "健やか薬局小俣店【5:薬局】三重県伊勢市小俣町本町３５３２番" }, "geometry": { "type": "Point", "coordinates": [ 136.667466, 34.501035 ] } },
{ "type": "Feature", "properties": { "ID": 24506000213, "正式名称": "健やか薬局神久店", "機関区分": 5, "都道府県コード": 24, "市区町村コード": 203, "所在地": "三重県伊勢市神久２丁目１番１４号", "緯度": 34.489049, "経度": 136.720503, "url": "https://www.iryou.teikyouseido.mhlw.go.jp/znk-web/juminkanja/S2430/initialize?prefCd=24&kikanCd=06000213&kikanKbn=5", "url2": "https://mie-link.com", "内容": "健やか薬局神久店【5:薬局】三重県伊勢市神久２丁目１番１４号" }, "geometry": { "type": "Point", "coordinates": [ 136.720503, 34.489049 ] } },
{ "type": "Feature", "properties": { "ID": 24506000214, "正式名称": "藤里薬局", "機関区分": 5, "都道府県コード": 24, "市区町村コード": 203, "所在地": "三重県伊勢市藤里町６７１－７", "緯度": 34.479839, "経度": 136.707967, "url": "https://www.iryou.teikyouseido.mhlw.go.jp/znk-web/juminkanja/S2430/initialize?prefCd=24&kikanCd=06000214&kikanKbn=5", "url2": null, "内容": "藤里薬局【5:薬局】三重県伊勢市藤里町６７１－７" }, "geometry": { "type": "Point", "coordinates": [ 136.707967, 34.479839 ] } },
{ "type": "Feature", "properties": { "ID": 24506000215, "正式名称": "スギ薬局　伊勢船江店", "機関区分": 5, "都道府県コード": 24, "市区町村コード": 203, "所在地": "三重県伊勢市船江２丁目４番２５号", "緯度": 34.498529, "経度": 136.715746, "url": "https://www.iryou.teikyouseido.mhlw.go.jp/znk-web/juminkanja/S2430/initialize?prefCd=24&kikanCd=06000215&kikanKbn=5", "url2": "http://www.drug-sugi.co.jp", "内容": "スギ薬局　伊勢船江店【5:薬局】三重県伊勢市船江２丁目４番２５号" }, "geometry": { "type": "Point", "coordinates": [ 136.715746, 34.498529 ] } },
{ "type": "Feature", "properties": { "ID": 24506000216, "正式名称": "ライフ薬局西豊浜店", "機関区分": 5, "都道府県コード": 24, "市区町村コード": 203, "所在地": "三重県伊勢市西豊浜町１１０－２", "緯度": 34.518236, "経度": 136.689093, "url": "https://www.iryou.teikyouseido.mhlw.go.jp/znk-web/juminkanja/S2430/initialize?prefCd=24&kikanCd=06000216&kikanKbn=5", "url2": "https://www.e-bondh.jp/", "内容": "ライフ薬局西豊浜店【5:薬局】三重県伊勢市西豊浜町１１０－２" }, "geometry": { "type": "Point", "coordinates": [ 136.689093, 34.518236 ] } },
{ "type": "Feature", "properties": { "ID": 24506000217, "正式名称": "クスリのアオキ度会薬局", "機関区分": 5, "都道府県コード": 24, "市区町村コード": 470, "所在地": "三重県度会郡度会町大野木１８７４番地１", "緯度": 34.437882, "経度": 136.630655, "url": "https://www.iryou.teikyouseido.mhlw.go.jp/znk-web/juminkanja/S2430/initialize?prefCd=24&kikanCd=06000217&kikanKbn=5", "url2": null, "内容": "クスリのアオキ度会薬局【5:薬局】三重県度会郡度会町大野木１８７４番地１" }, "geometry": { "type": "Point", "coordinates": [ 136.630655, 34.437882 ] } },
{ "type": "Feature", "properties": { "ID": 24506000218, "正式名称": "クスリのアオキ馬瀬薬局", "機関区分": 5, "都道府県コード": 24, "市区町村コード": 203, "所在地": "三重県伊勢市馬瀬町１７番地１", "緯度": 34.520992, "経度": 136.732456, "url": "https://www.iryou.teikyouseido.mhlw.go.jp/znk-web/juminkanja/S2430/initialize?prefCd=24&kikanCd=06000218&kikanKbn=5", "url2": "https://www.kusuri-aoki.co.jp/", "内容": "クスリのアオキ馬瀬薬局【5:薬局】三重県伊勢市馬瀬町１７番地１" }, "geometry": { "type": "Point", "coordinates": [ 136.732456, 34.520992 ] } },
{ "type": "Feature", "properties": { "ID": 24506000219, "正式名称": "クスリのアオキ小俣薬局", "機関区分": 5, "都道府県コード": 24, "市区町村コード": 203, "所在地": "三重県伊勢市小俣町明野１８８２番地１", "緯度": 34.51567, "経度": 136.667254, "url": "https://www.iryou.teikyouseido.mhlw.go.jp/znk-web/juminkanja/S2430/initialize?prefCd=24&kikanCd=06000219&kikanKbn=5", "url2": "https://www.kusuri-aoki.co.jp/", "内容": "クスリのアオキ小俣薬局【5:薬局】三重県伊勢市小俣町明野１８８２番地１" }, "geometry": { "type": "Point", "coordinates": [ 136.667254, 34.51567 ] } },
{ "type": "Feature", "properties": { "ID": 24506000221, "正式名称": "村田調剤薬局鵜方店", "機関区分": 5, "都道府県コード": 24, "市区町村コード": 215, "所在地": "三重県志摩市阿児町鵜方３００９－３４", "緯度": 34.328522, "経度": 136.836892, "url": "https://www.iryou.teikyouseido.mhlw.go.jp/znk-web/juminkanja/S2430/initialize?prefCd=24&kikanCd=06000221&kikanKbn=5", "url2": "https://e-bond.info/withs/", "内容": "村田調剤薬局鵜方店【5:薬局】三重県志摩市阿児町鵜方３００９－３４" }, "geometry": { "type": "Point", "coordinates": [ 136.836892, 34.328522 ] } },
{ "type": "Feature", "properties": { "ID": 24506000222, "正式名称": "宮後ひよこ薬局", "機関区分": 5, "都道府県コード": 24, "市区町村コード": 203, "所在地": "三重県伊勢市宮後３丁目２－１１", "緯度": 34.495859, "経度": 136.709526, "url": "https://www.iryou.teikyouseido.mhlw.go.jp/znk-web/juminkanja/S2430/initialize?prefCd=24&kikanCd=06000222&kikanKbn=5", "url2": "https://e-bond.info/withs/", "内容": "宮後ひよこ薬局【5:薬局】三重県伊勢市宮後３丁目２－１１" }, "geometry": { "type": "Point", "coordinates": [ 136.709526, 34.495859 ] } },
{ "type": "Feature", "properties": { "ID": 24506000223, "正式名称": "村田調剤薬局うらのはし店", "機関区分": 5, "都道府県コード": 24, "市区町村コード": 203, "所在地": "三重県伊勢市常磐２ー６ー２７", "緯度": 34.493026, "経度": 136.697692, "url": "https://www.iryou.teikyouseido.mhlw.go.jp/znk-web/juminkanja/S2430/initialize?prefCd=24&kikanCd=06000223&kikanKbn=5", "url2": "https://sokuyaku.jp/pharmacy/", "内容": "村田調剤薬局うらのはし店【5:薬局】三重県伊勢市常磐２ー６ー２７" }, "geometry": { "type": "Point", "coordinates": [ 136.697692, 34.493026 ] } },
{ "type": "Feature", "properties": { "ID": 24506000224, "正式名称": "村田調剤薬局ハート店", "機関区分": 5, "都道府県コード": 24, "市区町村コード": 203, "所在地": "三重県伊勢市御薗町長屋２００２－１", "緯度": 34.506085, "経度": 136.710932, "url": "https://www.iryou.teikyouseido.mhlw.go.jp/znk-web/juminkanja/S2430/initialize?prefCd=24&kikanCd=06000224&kikanKbn=5", "url2": "https://www.e-bondh.jp/", "内容": "村田調剤薬局ハート店【5:薬局】三重県伊勢市御薗町長屋２００２－１" }, "geometry": { "type": "Point", "coordinates": [ 136.710932, 34.506085 ] } },
{ "type": "Feature", "properties": { "ID": 24506000225, "正式名称": "村田薬局ハロー店", "機関区分": 5, "都道府県コード": 24, "市区町村コード": 211, "所在地": "三重県鳥羽市大明西町１－１", "緯度": 34.470083, "経度": 136.847578, "url": "https://www.iryou.teikyouseido.mhlw.go.jp/znk-web/juminkanja/S2430/initialize?prefCd=24&kikanCd=06000225&kikanKbn=5", "url2": null, "内容": "村田薬局ハロー店【5:薬局】三重県鳥羽市大明西町１－１" }, "geometry": { "type": "Point", "coordinates": [ 136.847578, 34.470083 ] } },
{ "type": "Feature", "properties": { "ID": 24506000226, "正式名称": "外宮前薬局", "機関区分": 5, "都道府県コード": 24, "市区町村コード": 203, "所在地": "三重県伊勢市八日市場町５－１９", "緯度": 34.490742, "経度": 136.702098, "url": "https://www.iryou.teikyouseido.mhlw.go.jp/znk-web/juminkanja/S2430/initialize?prefCd=24&kikanCd=06000226&kikanKbn=5", "url2": "https://www.comia-ph.com/", "内容": "外宮前薬局【5:薬局】三重県伊勢市八日市場町５－１９" }, "geometry": { "type": "Point", "coordinates": [ 136.702098, 34.490742 ] } },
{ "type": "Feature", "properties": { "ID": 24506000227, "正式名称": "いせ一之木薬局", "機関区分": 5, "都道府県コード": 24, "市区町村コード": 203, "所在地": "三重県伊勢市一之木２－１２－１０", "緯度": 34.495964, "経度": 136.704791, "url": "https://www.iryou.teikyouseido.mhlw.go.jp/znk-web/juminkanja/S2430/initialize?prefCd=24&kikanCd=06000227&kikanKbn=5", "url2": null, "内容": "いせ一之木薬局【5:薬局】三重県伊勢市一之木２－１２－１０" }, "geometry": { "type": "Point", "coordinates": [ 136.704791, 34.495964 ] } },
{ "type": "Feature", "properties": { "ID": 24506000232, "正式名称": "うえむら薬局", "機関区分": 5, "都道府県コード": 24, "市区町村コード": 211, "所在地": "三重県鳥羽市鳥羽４丁目１３－２", "緯度": 34.475608, "経度": 136.845209, "url": "https://www.iryou.teikyouseido.mhlw.go.jp/znk-web/juminkanja/S2430/initialize?prefCd=24&kikanCd=06000232&kikanKbn=5", "url2": "https://uemura-ph.com/", "内容": "うえむら薬局【5:薬局】三重県鳥羽市鳥羽４丁目１３－２" }, "geometry": { "type": "Point", "coordinates": [ 136.845209, 34.475608 ] } },
{ "type": "Feature", "properties": { "ID": 24506050030, "正式名称": "有限会社昭和薬局", "機関区分": 5, "都道府県コード": 24, "市区町村コード": 203, "所在地": "三重県伊勢市岩渕２丁目２－１８", "緯度": 34.487386, "経度": 136.714016, "url": "https://www.iryou.teikyouseido.mhlw.go.jp/znk-web/juminkanja/S2430/initialize?prefCd=24&kikanCd=06050030&kikanKbn=5", "url2": null, "内容": "有限会社昭和薬局【5:薬局】三重県伊勢市岩渕２丁目２－１８" }, "geometry": { "type": "Point", "coordinates": [ 136.714016, 34.487386 ] } },
{ "type": "Feature", "properties": { "ID": 24506070001, "正式名称": "新生堂薬局", "機関区分": 5, "都道府県コード": 24, "市区町村コード": 203, "所在地": "三重県伊勢市曽祢", "緯度": 34.494894, "経度": 136.700117, "url": "https://www.iryou.teikyouseido.mhlw.go.jp/znk-web/juminkanja/S2430/initialize?prefCd=24&kikanCd=06070001&kikanKbn=5", "url2": null, "内容": "新生堂薬局【5:薬局】三重県伊勢市曽祢" }, "geometry": { "type": "Point", "coordinates": [ 136.700117, 34.494894 ] } },
{ "type": "Feature", "properties": { "ID": 24506070006, "正式名称": "けんざん薬局志摩店", "機関区分": 5, "都道府県コード": 24, "市区町村コード": 215, "所在地": "三重県志摩市志摩町布施田１７００－１", "緯度": 34.257751, "経度": 136.821355, "url": "https://www.iryou.teikyouseido.mhlw.go.jp/znk-web/juminkanja/S2430/initialize?prefCd=24&kikanCd=06070006&kikanKbn=5", "url2": "https://www.kenzanpharmacy.com/", "内容": "けんざん薬局志摩店【5:薬局】三重県志摩市志摩町布施田１７００－１" }, "geometry": { "type": "Point", "coordinates": [ 136.821355, 34.257751 ] } },
{ "type": "Feature", "properties": { "ID": 24506090004, "正式名称": "伊勢調剤薬局　岩渕店", "機関区分": 5, "都道府県コード": 24, "市区町村コード": 203, "所在地": "三重県伊勢市岩渕２丁目７－８", "緯度": 34.487947, "経度": 136.715215, "url": "https://www.iryou.teikyouseido.mhlw.go.jp/znk-web/juminkanja/S2430/initialize?prefCd=24&kikanCd=06090004&kikanKbn=5", "url2": null, "内容": "伊勢調剤薬局　岩渕店【5:薬局】三重県伊勢市岩渕２丁目７－８" }, "geometry": { "type": "Point", "coordinates": [ 136.715215, 34.487947 ] } },
{ "type": "Feature", "properties": { "ID": 24506090006, "正式名称": "山中ハート薬局", "機関区分": 5, "都道府県コード": 24, "市区町村コード": 203, "所在地": "三重県伊勢市宇治中之切町２３", "緯度": 34.462429, "経度": 136.723551, "url": "https://www.iryou.teikyouseido.mhlw.go.jp/znk-web/juminkanja/S2430/initialize?prefCd=24&kikanCd=06090006&kikanKbn=5", "url2": null, "内容": "山中ハート薬局【5:薬局】三重県伊勢市宇治中之切町２３" }, "geometry": { "type": "Point", "coordinates": [ 136.723551, 34.462429 ] } },
{ "type": "Feature", "properties": { "ID": 24506110015, "正式名称": "南勢調剤薬局", "機関区分": 5, "都道府県コード": 24, "市区町村コード": 472, "所在地": "三重県度会郡南伊勢町五ヶ所浦４１３４", "緯度": 34.36741, "経度": 136.7122, "url": "https://www.iryou.teikyouseido.mhlw.go.jp/znk-web/juminkanja/S2430/initialize?prefCd=24&kikanCd=06110015&kikanKbn=5", "url2": null, "内容": "南勢調剤薬局【5:薬局】三重県度会郡南伊勢町五ヶ所浦４１３４" }, "geometry": { "type": "Point", "coordinates": [ 136.7122, 34.36741 ] } },
{ "type": "Feature", "properties": { "ID": 24506110016, "正式名称": "有限会社かんひちや薬局病院前店", "機関区分": 5, "都道府県コード": 24, "市区町村コード": 472, "所在地": "三重県度会郡南伊勢町五ヶ所浦３９７７", "緯度": 34.351014, "経度": 136.704259, "url": "https://www.iryou.teikyouseido.mhlw.go.jp/znk-web/juminkanja/S2430/initialize?prefCd=24&kikanCd=06110016&kikanKbn=5", "url2": null, "内容": "有限会社かんひちや薬局病院前店【5:薬局】三重県度会郡南伊勢町五ヶ所浦３９７７" }, "geometry": { "type": "Point", "coordinates": [ 136.704259, 34.351014 ] } },
{ "type": "Feature", "properties": { "ID": 24506120002, "正式名称": "成瀬薬局", "機関区分": 5, "都道府県コード": 24, "市区町村コード": 461, "所在地": "三重県度会郡玉城町勝田５５０７", "緯度": 34.486253, "経度": 136.631997, "url": "https://www.iryou.teikyouseido.mhlw.go.jp/znk-web/juminkanja/S2430/initialize?prefCd=24&kikanCd=06120002&kikanKbn=5", "url2": null, "内容": "成瀬薬局【5:薬局】三重県度会郡玉城町勝田５５０７" }, "geometry": { "type": "Point", "coordinates": [ 136.631997, 34.486253 ] } },
{ "type": "Feature", "properties": { "ID": 24507000002, "正式名称": "薬局　有限会社　山城屋大薬房", "機関区分": 5, "都道府県コード": 24, "市区町村コード": 216, "所在地": "三重県伊賀市畑村１８９７－２", "緯度": 34.768995, "経度": 136.206999, "url": "https://www.iryou.teikyouseido.mhlw.go.jp/znk-web/juminkanja/S2430/initialize?prefCd=24&kikanCd=07000002&kikanKbn=5", "url2": null, "内容": "薬局　有限会社　山城屋大薬房【5:薬局】三重県伊賀市畑村１８９７－２" }, "geometry": { "type": "Point", "coordinates": [ 136.206999, 34.768995 ] } },
{ "type": "Feature", "properties": { "ID": 24507000004, "正式名称": "長尾調剤薬局", "機関区分": 5, "都道府県コード": 24, "市区町村コード": 216, "所在地": "三重県伊賀市平野城北町１２４", "緯度": 34.773026, "経度": 136.133815, "url": "https://www.iryou.teikyouseido.mhlw.go.jp/znk-web/juminkanja/S2430/initialize?prefCd=24&kikanCd=07000004&kikanKbn=5", "url2": "qnxy3.crayonsite.info", "内容": "長尾調剤薬局【5:薬局】三重県伊賀市平野城北町１２４" }, "geometry": { "type": "Point", "coordinates": [ 136.133815, 34.773026 ] } },
{ "type": "Feature", "properties": { "ID": 24507000019, "正式名称": "スギ薬局　伊賀上野店", "機関区分": 5, "都道府県コード": 24, "市区町村コード": 216, "所在地": "三重県伊賀市平野城北町９６", "緯度": 34.774495, "経度": 136.131071, "url": "https://www.iryou.teikyouseido.mhlw.go.jp/znk-web/juminkanja/S2430/initialize?prefCd=24&kikanCd=07000019&kikanKbn=5", "url2": "http://www.drug-sugi.co.jp/", "内容": "スギ薬局　伊賀上野店【5:薬局】三重県伊賀市平野城北町９６" }, "geometry": { "type": "Point", "coordinates": [ 136.131071, 34.774495 ] } },
{ "type": "Feature", "properties": { "ID": 24507000025, "正式名称": "いなこ保険薬局", "機関区分": 5, "都道府県コード": 24, "市区町村コード": 216, "所在地": "三重県伊賀市沖３１番２", "緯度": 34.71541, "経度": 136.152674, "url": "https://www.iryou.teikyouseido.mhlw.go.jp/znk-web/juminkanja/S2430/initialize?prefCd=24&kikanCd=07000025&kikanKbn=5", "url2": null, "内容": "いなこ保険薬局【5:薬局】三重県伊賀市沖３１番２" }, "geometry": { "type": "Point", "coordinates": [ 136.152674, 34.71541 ] } },
{ "type": "Feature", "properties": { "ID": 24507000026, "正式名称": "クローバー調剤薬局", "機関区分": 5, "都道府県コード": 24, "市区町村コード": 208, "所在地": "三重県名張市蔵持町原出１３０６－１４", "緯度": 34.636842, "経度": 136.1159, "url": "https://www.iryou.teikyouseido.mhlw.go.jp/znk-web/juminkanja/S2430/initialize?prefCd=24&kikanCd=07000026&kikanKbn=5", "url2": null, "内容": "クローバー調剤薬局【5:薬局】三重県名張市蔵持町原出１３０６－１４" }, "geometry": { "type": "Point", "coordinates": [ 136.1159, 34.636842 ] } },
{ "type": "Feature", "properties": { "ID": 24507000032, "正式名称": "岡森薬局", "機関区分": 5, "都道府県コード": 24, "市区町村コード": 216, "所在地": "三重県伊賀市上野丸之内５００番地　ハイトピア伊賀１Ｆ", "緯度": 34.766762, "経度": 136.130719, "url": "https://www.iryou.teikyouseido.mhlw.go.jp/znk-web/juminkanja/S2430/initialize?prefCd=24&kikanCd=07000032&kikanKbn=5", "url2": null, "内容": "岡森薬局【5:薬局】三重県伊賀市上野丸之内５００番地　ハイトピア伊賀１Ｆ" }, "geometry": { "type": "Point", "coordinates": [ 136.130719, 34.766762 ] } },
{ "type": "Feature", "properties": { "ID": 24507000037, "正式名称": "つくし薬局", "機関区分": 5, "都道府県コード": 24, "市区町村コード": 216, "所在地": "三重県伊賀市平野西町６５－３", "緯度": 34.772719, "経度": 136.133592, "url": "https://www.iryou.teikyouseido.mhlw.go.jp/znk-web/juminkanja/S2430/initialize?prefCd=24&kikanCd=07000037&kikanKbn=5", "url2": null, "内容": "つくし薬局【5:薬局】三重県伊賀市平野西町６５－３" }, "geometry": { "type": "Point", "coordinates": [ 136.133592, 34.772719 ] } },
{ "type": "Feature", "properties": { "ID": 24507000038, "正式名称": "まちかど薬局", "機関区分": 5, "都道府県コード": 24, "市区町村コード": 216, "所在地": "三重県伊賀市上野丸之内１０－１０", "緯度": 34.766806, "経度": 136.125911, "url": "https://www.iryou.teikyouseido.mhlw.go.jp/znk-web/juminkanja/S2430/initialize?prefCd=24&kikanCd=07000038&kikanKbn=5", "url2": "https://goodlogi.co.jp/", "内容": "まちかど薬局【5:薬局】三重県伊賀市上野丸之内１０－１０" }, "geometry": { "type": "Point", "coordinates": [ 136.125911, 34.766806 ] } },
{ "type": "Feature", "properties": { "ID": 24507000039, "正式名称": "いが調剤薬局", "機関区分": 5, "都道府県コード": 24, "市区町村コード": 216, "所在地": "三重県伊賀市上野新町２７５６－１", "緯度": 34.766636, "経度": 136.13407, "url": "https://www.iryou.teikyouseido.mhlw.go.jp/znk-web/juminkanja/S2430/initialize?prefCd=24&kikanCd=07000039&kikanKbn=5", "url2": "https://www.trinitygroup.co.jp", "内容": "いが調剤薬局【5:薬局】三重県伊賀市上野新町２７５６－１" }, "geometry": { "type": "Point", "coordinates": [ 136.13407, 34.766636 ] } },
{ "type": "Feature", "properties": { "ID": 24507000040, "正式名称": "エンゼル薬局　名張店", "機関区分": 5, "都道府県コード": 24, "市区町村コード": 208, "所在地": "三重県名張市鴻之台２番町４１", "緯度": 34.624368, "経度": 136.1086, "url": "https://www.iryou.teikyouseido.mhlw.go.jp/znk-web/juminkanja/S2430/initialize?prefCd=24&kikanCd=07000040&kikanKbn=5", "url2": "https://angel-pha.com/", "内容": "エンゼル薬局　名張店【5:薬局】三重県名張市鴻之台２番町４１" }, "geometry": { "type": "Point", "coordinates": [ 136.1086, 34.624368 ] } },
{ "type": "Feature", "properties": { "ID": 24507000041, "正式名称": "ココカラファイン薬局　緑ヶ丘店", "機関区分": 5, "都道府県コード": 24, "市区町村コード": 216, "所在地": "三重県伊賀市緑ヶ丘本町１６７６", "緯度": 34.761996, "経度": 136.13932, "url": "https://www.iryou.teikyouseido.mhlw.go.jp/znk-web/juminkanja/S2430/initialize?prefCd=24&kikanCd=07000041&kikanKbn=5", "url2": null, "内容": "ココカラファイン薬局　緑ヶ丘店【5:薬局】三重県伊賀市緑ヶ丘本町１６７６" }, "geometry": { "type": "Point", "coordinates": [ 136.13932, 34.761996 ] } },
{ "type": "Feature", "properties": { "ID": 24507000042, "正式名称": "ジップドラッグ　桔梗が丘薬局", "機関区分": 5, "都道府県コード": 24, "市区町村コード": 208, "所在地": "三重県名張市桔梗が丘７番町３街区１８１３－８", "緯度": 34.644146, "経度": 136.130388, "url": "https://www.iryou.teikyouseido.mhlw.go.jp/znk-web/juminkanja/S2430/initialize?prefCd=24&kikanCd=07000042&kikanKbn=5", "url2": "https://www.matsukiyococokara-online.com/store/", "内容": "ジップドラッグ　桔梗が丘薬局【5:薬局】三重県名張市桔梗が丘７番町３街区１８１３－８" }, "geometry": { "type": "Point", "coordinates": [ 136.130388, 34.644146 ] } },
{ "type": "Feature", "properties": { "ID": 24507000045, "正式名称": "赤井薬局　桔梗が丘店", "機関区分": 5, "都道府県コード": 24, "市区町村コード": 208, "所在地": "三重県名張市桔梗が丘４番町１街区２７番地", "緯度": 34.648499, "経度": 136.120347, "url": "https://www.iryou.teikyouseido.mhlw.go.jp/znk-web/juminkanja/S2430/initialize?prefCd=24&kikanCd=07000045&kikanKbn=5", "url2": "https://www.akaiph.com/", "内容": "赤井薬局　桔梗が丘店【5:薬局】三重県名張市桔梗が丘４番町１街区２７番地" }, "geometry": { "type": "Point", "coordinates": [ 136.120347, 34.648499 ] } },
{ "type": "Feature", "properties": { "ID": 24507000046, "正式名称": "畿央薬局　本店", "機関区分": 5, "都道府県コード": 24, "市区町村コード": 208, "所在地": "三重県名張市希央台四番町６番地", "緯度": 34.623658, "経度": 136.099235, "url": "https://www.iryou.teikyouseido.mhlw.go.jp/znk-web/juminkanja/S2430/initialize?prefCd=24&kikanCd=07000046&kikanKbn=5", "url2": null, "内容": "畿央薬局　本店【5:薬局】三重県名張市希央台四番町６番地" }, "geometry": { "type": "Point", "coordinates": [ 136.099235, 34.623658 ] } },
{ "type": "Feature", "properties": { "ID": 24507000048, "正式名称": "畿央薬局　桔梗駅前店", "機関区分": 5, "都道府県コード": 24, "市区町村コード": 208, "所在地": "三重県名張市桔梗が丘２番町１街区５３番地４", "緯度": 34.640704, "経度": 136.119545, "url": "https://www.iryou.teikyouseido.mhlw.go.jp/znk-web/juminkanja/S2430/initialize?prefCd=24&kikanCd=07000048&kikanKbn=5", "url2": "http://www13.plala.or.jp/kiouhonten/", "内容": "畿央薬局　桔梗駅前店【5:薬局】三重県名張市桔梗が丘２番町１街区５３番地４" }, "geometry": { "type": "Point", "coordinates": [ 136.119545, 34.640704 ] } },
{ "type": "Feature", "properties": { "ID": 24507000052, "正式名称": "畿央薬局名張旧町店", "機関区分": 5, "都道府県コード": 24, "市区町村コード": 208, "所在地": "三重県名張市丸之内２番５", "緯度": 34.620321, "経度": 136.093039, "url": "https://www.iryou.teikyouseido.mhlw.go.jp/znk-web/juminkanja/S2430/initialize?prefCd=24&kikanCd=07000052&kikanKbn=5", "url2": null, "内容": "畿央薬局名張旧町店【5:薬局】三重県名張市丸之内２番５" }, "geometry": { "type": "Point", "coordinates": [ 136.093039, 34.620321 ] } },
{ "type": "Feature", "properties": { "ID": 24507000058, "正式名称": "きりがおか保険薬局", "機関区分": 5, "都道府県コード": 24, "市区町村コード": 216, "所在地": "三重県伊賀市桐ヶ丘三丁目３２８番地", "緯度": 34.736338, "経度": 136.160811, "url": "https://www.iryou.teikyouseido.mhlw.go.jp/znk-web/juminkanja/S2430/initialize?prefCd=24&kikanCd=07000058&kikanKbn=5", "url2": null, "内容": "きりがおか保険薬局【5:薬局】三重県伊賀市桐ヶ丘三丁目３２８番地" }, "geometry": { "type": "Point", "coordinates": [ 136.160811, 34.736338 ] } },
{ "type": "Feature", "properties": { "ID": 24507000061, "正式名称": "ハヤシ薬局", "機関区分": 5, "都道府県コード": 24, "市区町村コード": 216, "所在地": "三重県伊賀市上野田端町９２０の７", "緯度": 34.766103, "経度": 136.140629, "url": "https://www.iryou.teikyouseido.mhlw.go.jp/znk-web/juminkanja/S2430/initialize?prefCd=24&kikanCd=07000061&kikanKbn=5", "url2": "https://www.884ph.com/", "内容": "ハヤシ薬局【5:薬局】三重県伊賀市上野田端町９２０の７" }, "geometry": { "type": "Point", "coordinates": [ 136.140629, 34.766103 ] } },
{ "type": "Feature", "properties": { "ID": 24507000063, "正式名称": "ヒロタ薬局", "機関区分": 5, "都道府県コード": 24, "市区町村コード": 216, "所在地": "三重県伊賀市小田町２１５番地", "緯度": 34.773699, "経度": 136.123518, "url": "https://www.iryou.teikyouseido.mhlw.go.jp/znk-web/juminkanja/S2430/initialize?prefCd=24&kikanCd=07000063&kikanKbn=5", "url2": null, "内容": "ヒロタ薬局【5:薬局】三重県伊賀市小田町２１５番地" }, "geometry": { "type": "Point", "coordinates": [ 136.123518, 34.773699 ] } },
{ "type": "Feature", "properties": { "ID": 24507000067, "正式名称": "イオン薬局名張店", "機関区分": 5, "都道府県コード": 24, "市区町村コード": 208, "所在地": "三重県名張市元町３７６", "緯度": 34.621636, "経度": 136.087214, "url": "https://www.iryou.teikyouseido.mhlw.go.jp/znk-web/juminkanja/S2430/initialize?prefCd=24&kikanCd=07000067&kikanKbn=5", "url2": null, "内容": "イオン薬局名張店【5:薬局】三重県名張市元町３７６" }, "geometry": { "type": "Point", "coordinates": [ 136.087214, 34.621636 ] } },
{ "type": "Feature", "properties": { "ID": 24507000068, "正式名称": "なの花薬局名張夏見店", "機関区分": 5, "都道府県コード": 24, "市区町村コード": 208, "所在地": "三重県名張市夏見３２７０", "緯度": 34.619365, "経度": 136.106137, "url": "https://www.iryou.teikyouseido.mhlw.go.jp/znk-web/juminkanja/S2430/initialize?prefCd=24&kikanCd=07000068&kikanKbn=5", "url2": "http://www.msnw.co.jp", "内容": "なの花薬局名張夏見店【5:薬局】三重県名張市夏見３２７０" }, "geometry": { "type": "Point", "coordinates": [ 136.106137, 34.619365 ] } },
{ "type": "Feature", "properties": { "ID": 24507000069, "正式名称": "なの花薬局名張市立病院前店", "機関区分": 5, "都道府県コード": 24, "市区町村コード": 208, "所在地": "三重県名張市百合が丘西１番町１５１", "緯度": 34.608203, "経度": 136.098906, "url": "https://www.iryou.teikyouseido.mhlw.go.jp/znk-web/juminkanja/S2430/initialize?prefCd=24&kikanCd=07000069&kikanKbn=5", "url2": "https://www.nanohana-ph.jp/shop/tokai-hokuriku/mie/nabari/nabarihokenyakkyoku.php", "内容": "なの花薬局名張市立病院前店【5:薬局】三重県名張市百合が丘西１番町１５１" }, "geometry": { "type": "Point", "coordinates": [ 136.098906, 34.608203 ] } },
{ "type": "Feature", "properties": { "ID": 24507000071, "正式名称": "しのぶ調剤薬局", "機関区分": 5, "都道府県コード": 24, "市区町村コード": 216, "所在地": "三重県伊賀市小田町７４８－１", "緯度": 34.777688, "経度": 136.123219, "url": "https://www.iryou.teikyouseido.mhlw.go.jp/znk-web/juminkanja/S2430/initialize?prefCd=24&kikanCd=07000071&kikanKbn=5", "url2": null, "内容": "しのぶ調剤薬局【5:薬局】三重県伊賀市小田町７４８－１" }, "geometry": { "type": "Point", "coordinates": [ 136.123219, 34.777688 ] } },
{ "type": "Feature", "properties": { "ID": 24507000072, "正式名称": "おはよう薬局服部店", "機関区分": 5, "都道府県コード": 24, "市区町村コード": 216, "所在地": "三重県伊賀市服部町２－９６－１", "緯度": 34.772231, "経度": 136.141185, "url": "https://www.iryou.teikyouseido.mhlw.go.jp/znk-web/juminkanja/S2430/initialize?prefCd=24&kikanCd=07000072&kikanKbn=5", "url2": null, "内容": "おはよう薬局服部店【5:薬局】三重県伊賀市服部町２－９６－１" }, "geometry": { "type": "Point", "coordinates": [ 136.141185, 34.772231 ] } },
{ "type": "Feature", "properties": { "ID": 24507000073, "正式名称": "ゆめがおか薬局", "機関区分": 5, "都道府県コード": 24, "市区町村コード": 216, "所在地": "三重県伊賀市ゆめが丘４－２－１４", "緯度": 34.736169, "経度": 136.157151, "url": "https://www.iryou.teikyouseido.mhlw.go.jp/znk-web/juminkanja/S2430/initialize?prefCd=24&kikanCd=07000073&kikanKbn=5", "url2": null, "内容": "ゆめがおか薬局【5:薬局】三重県伊賀市ゆめが丘４－２－１４" }, "geometry": { "type": "Point", "coordinates": [ 136.157151, 34.736169 ] } },
{ "type": "Feature", "properties": { "ID": 24507000075, "正式名称": "アップルプラス薬局", "機関区分": 5, "都道府県コード": 24, "市区町村コード": 208, "所在地": "三重県名張市百合が丘東２－１３２－２", "緯度": 34.607971, "経度": 136.101166, "url": "https://www.iryou.teikyouseido.mhlw.go.jp/znk-web/juminkanja/S2430/initialize?prefCd=24&kikanCd=07000075&kikanKbn=5", "url2": null, "内容": "アップルプラス薬局【5:薬局】三重県名張市百合が丘東２－１３２－２" }, "geometry": { "type": "Point", "coordinates": [ 136.101166, 34.607971 ] } },
{ "type": "Feature", "properties": { "ID": 24507000084, "正式名称": "上野センター薬局", "機関区分": 5, "都道府県コード": 24, "市区町村コード": 216, "所在地": "三重県伊賀市四十九町８３１－４", "緯度": 34.746396, "経度": 136.132481, "url": "https://www.iryou.teikyouseido.mhlw.go.jp/znk-web/juminkanja/S2430/initialize?prefCd=24&kikanCd=07000084&kikanKbn=5", "url2": "https://drugueno.igayaku.or.jp", "内容": "上野センター薬局【5:薬局】三重県伊賀市四十九町８３１－４" }, "geometry": { "type": "Point", "coordinates": [ 136.132481, 34.746396 ] } },
{ "type": "Feature", "properties": { "ID": 24507000086, "正式名称": "スマイルさなぐ薬局", "機関区分": 5, "都道府県コード": 24, "市区町村コード": 216, "所在地": "三重県伊賀市佐那具町７９０", "緯度": 34.799964, "経度": 136.162528, "url": "https://www.iryou.teikyouseido.mhlw.go.jp/znk-web/juminkanja/S2430/initialize?prefCd=24&kikanCd=07000086&kikanKbn=5", "url2": null, "内容": "スマイルさなぐ薬局【5:薬局】三重県伊賀市佐那具町７９０" }, "geometry": { "type": "Point", "coordinates": [ 136.162528, 34.799964 ] } },
{ "type": "Feature", "properties": { "ID": 24507000087, "正式名称": "畿央徳山薬局", "機関区分": 5, "都道府県コード": 24, "市区町村コード": 208, "所在地": "三重県名張市桔梗が丘１番町６－８０", "緯度": 34.64665, "経度": 136.119191, "url": "https://www.iryou.teikyouseido.mhlw.go.jp/znk-web/juminkanja/S2430/initialize?prefCd=24&kikanCd=07000087&kikanKbn=5", "url2": "http://www13.plala.or.jp/kiouhonten/", "内容": "畿央徳山薬局【5:薬局】三重県名張市桔梗が丘１番町６－８０" }, "geometry": { "type": "Point", "coordinates": [ 136.119191, 34.64665 ] } },
{ "type": "Feature", "properties": { "ID": 24507000088, "正式名称": "畿央薬局　中央店", "機関区分": 5, "都道府県コード": 24, "市区町村コード": 208, "所在地": "三重県名張市希央台４番町２３番地", "緯度": 34.624035, "経度": 136.100183, "url": "https://www.iryou.teikyouseido.mhlw.go.jp/znk-web/juminkanja/S2430/initialize?prefCd=24&kikanCd=07000088&kikanKbn=5", "url2": "http://www13.plala.or.jp/kiouhonten/index.htm", "内容": "畿央薬局　中央店【5:薬局】三重県名張市希央台４番町２３番地" }, "geometry": { "type": "Point", "coordinates": [ 136.100183, 34.624035 ] } },
{ "type": "Feature", "properties": { "ID": 24507000091, "正式名称": "アイン薬局伊賀上野店", "機関区分": 5, "都道府県コード": 24, "市区町村コード": 216, "所在地": "三重県伊賀市久米町大坪６６６－４", "緯度": 34.75462, "経度": 136.1328, "url": "https://www.iryou.teikyouseido.mhlw.go.jp/znk-web/juminkanja/S2430/initialize?prefCd=24&kikanCd=07000091&kikanKbn=5", "url2": "https://www.ainj.co.jp/", "内容": "アイン薬局伊賀上野店【5:薬局】三重県伊賀市久米町大坪６６６－４" }, "geometry": { "type": "Point", "coordinates": [ 136.1328, 34.75462 ] } },
{ "type": "Feature", "properties": { "ID": 24507000092, "正式名称": "なかよし調剤薬局　青山店", "機関区分": 5, "都道府県コード": 24, "市区町村コード": 216, "所在地": "三重県伊賀市別府１５１", "緯度": 34.674197, "経度": 136.183531, "url": "https://www.iryou.teikyouseido.mhlw.go.jp/znk-web/juminkanja/S2430/initialize?prefCd=24&kikanCd=07000092&kikanKbn=5", "url2": "http://www.ainj.co.jp", "内容": "なかよし調剤薬局　青山店【5:薬局】三重県伊賀市別府１５１" }, "geometry": { "type": "Point", "coordinates": [ 136.183531, 34.674197 ] } },
{ "type": "Feature", "properties": { "ID": 24507000093, "正式名称": "アイン薬局名張希央台店", "機関区分": 5, "都道府県コード": 24, "市区町村コード": 208, "所在地": "三重県名張市希央台３番町６－２", "緯度": 34.6233, "経度": 136.103014, "url": "https://www.iryou.teikyouseido.mhlw.go.jp/znk-web/juminkanja/S2430/initialize?prefCd=24&kikanCd=07000093&kikanKbn=5", "url2": "https://www.ainj.co.jp/", "内容": "アイン薬局名張希央台店【5:薬局】三重県名張市希央台３番町６－２" }, "geometry": { "type": "Point", "coordinates": [ 136.103014, 34.6233 ] } },
{ "type": "Feature", "properties": { "ID": 24507000095, "正式名称": "クスリのアオキ平野東薬局", "機関区分": 5, "都道府県コード": 24, "市区町村コード": 216, "所在地": "三重県伊賀市平野東町１５０番地３", "緯度": 34.770372, "経度": 136.141422, "url": "https://www.iryou.teikyouseido.mhlw.go.jp/znk-web/juminkanja/S2430/initialize?prefCd=24&kikanCd=07000095&kikanKbn=5", "url2": "https://www.kusuri-aoki.co.jp/", "内容": "クスリのアオキ平野東薬局【5:薬局】三重県伊賀市平野東町１５０番地３" }, "geometry": { "type": "Point", "coordinates": [ 136.141422, 34.770372 ] } },
{ "type": "Feature", "properties": { "ID": 24507000097, "正式名称": "フラワー薬局服部店", "機関区分": 5, "都道府県コード": 24, "市区町村コード": 216, "所在地": "三重県伊賀市服部町３丁目１０２番", "緯度": 34.771722, "経度": 136.142174, "url": "https://www.iryou.teikyouseido.mhlw.go.jp/znk-web/juminkanja/S2430/initialize?prefCd=24&kikanCd=07000097&kikanKbn=5", "url2": "https://www.m-ikkou.co.jp/", "内容": "フラワー薬局服部店【5:薬局】三重県伊賀市服部町３丁目１０２番" }, "geometry": { "type": "Point", "coordinates": [ 136.142174, 34.771722 ] } },
{ "type": "Feature", "properties": { "ID": 24507000098, "正式名称": "フラワー薬局夏見店", "機関区分": 5, "都道府県コード": 24, "市区町村コード": 208, "所在地": "三重県名張市夏見３２７４－１", "緯度": 34.619641, "経度": 136.105428, "url": "https://www.iryou.teikyouseido.mhlw.go.jp/znk-web/juminkanja/S2430/initialize?prefCd=24&kikanCd=07000098&kikanKbn=5", "url2": "https://www.m-ikkou.co.jp/", "内容": "フラワー薬局夏見店【5:薬局】三重県名張市夏見３２７４－１" }, "geometry": { "type": "Point", "coordinates": [ 136.105428, 34.619641 ] } },
{ "type": "Feature", "properties": { "ID": 24507000099, "正式名称": "フラワー薬局桔梗が丘店", "機関区分": 5, "都道府県コード": 24, "市区町村コード": 208, "所在地": "三重県名張市桔梗が丘８番町５街区５８", "緯度": 34.649814, "経度": 136.126111, "url": "https://www.iryou.teikyouseido.mhlw.go.jp/znk-web/juminkanja/S2430/initialize?prefCd=24&kikanCd=07000099&kikanKbn=5", "url2": "https://www.m-ikkou.co.jp/", "内容": "フラワー薬局桔梗が丘店【5:薬局】三重県名張市桔梗が丘８番町５街区５８" }, "geometry": { "type": "Point", "coordinates": [ 136.126111, 34.649814 ] } },
{ "type": "Feature", "properties": { "ID": 24507000100, "正式名称": "フラワー薬局桔梗が丘中央店", "機関区分": 5, "都道府県コード": 24, "市区町村コード": 208, "所在地": "三重県名張市桔梗が丘５番町４街区１４番", "緯度": 34.639446, "経度": 136.126708, "url": "https://www.iryou.teikyouseido.mhlw.go.jp/znk-web/juminkanja/S2430/initialize?prefCd=24&kikanCd=07000100&kikanKbn=5", "url2": "https://www.m-ikkou.co.jp/", "内容": "フラワー薬局桔梗が丘中央店【5:薬局】三重県名張市桔梗が丘５番町４街区１４番" }, "geometry": { "type": "Point", "coordinates": [ 136.126708, 34.639446 ] } },
{ "type": "Feature", "properties": { "ID": 24507000101, "正式名称": "フラワー薬局上野中央店", "機関区分": 5, "都道府県コード": 24, "市区町村コード": 216, "所在地": "三重県伊賀市問屋町７５", "緯度": 34.75219, "経度": 136.145104, "url": "https://www.iryou.teikyouseido.mhlw.go.jp/znk-web/juminkanja/S2430/initialize?prefCd=24&kikanCd=07000101&kikanKbn=5", "url2": "https://www.m-ikkou.co.jp/", "内容": "フラワー薬局上野中央店【5:薬局】三重県伊賀市問屋町７５" }, "geometry": { "type": "Point", "coordinates": [ 136.145104, 34.75219 ] } },
{ "type": "Feature", "properties": { "ID": 24507000102, "正式名称": "フラワー薬局伊賀店", "機関区分": 5, "都道府県コード": 24, "市区町村コード": 216, "所在地": "三重県伊賀市荒木５３３－３", "緯度": 34.772409, "経度": 136.158225, "url": "https://www.iryou.teikyouseido.mhlw.go.jp/znk-web/juminkanja/S2430/initialize?prefCd=24&kikanCd=07000102&kikanKbn=5", "url2": "https://www.m-ikkou.co.jp/", "内容": "フラワー薬局伊賀店【5:薬局】三重県伊賀市荒木５３３－３" }, "geometry": { "type": "Point", "coordinates": [ 136.158225, 34.772409 ] } },
{ "type": "Feature", "properties": { "ID": 24507000103, "正式名称": "フラワー薬局青山店", "機関区分": 5, "都道府県コード": 24, "市区町村コード": 216, "所在地": "三重県伊賀市阿保１３４１－３", "緯度": 34.66823, "経度": 136.178559, "url": "https://www.iryou.teikyouseido.mhlw.go.jp/znk-web/juminkanja/S2430/initialize?prefCd=24&kikanCd=07000103&kikanKbn=5", "url2": "https://www.m-ikkou.co.jp/", "内容": "フラワー薬局青山店【5:薬局】三重県伊賀市阿保１３４１－３" }, "geometry": { "type": "Point", "coordinates": [ 136.178559, 34.66823 ] } },
{ "type": "Feature", "properties": { "ID": 24507000104, "正式名称": "しらゆり薬局夏見店", "機関区分": 5, "都道府県コード": 24, "市区町村コード": 208, "所在地": "三重県名張市夏見３２７３－１", "緯度": 34.61951, "経度": 136.105598, "url": "https://www.iryou.teikyouseido.mhlw.go.jp/znk-web/juminkanja/S2430/initialize?prefCd=24&kikanCd=07000104&kikanKbn=5", "url2": "https://www.m-ikkou.co.jp/", "内容": "しらゆり薬局夏見店【5:薬局】三重県名張市夏見３２７３－１" }, "geometry": { "type": "Point", "coordinates": [ 136.105598, 34.61951 ] } },
{ "type": "Feature", "properties": { "ID": 24507000106, "正式名称": "フラワー薬局土橋店", "機関区分": 5, "都道府県コード": 24, "市区町村コード": 216, "所在地": "三重県伊賀市土橋１９１番１", "緯度": 34.791372, "経度": 136.148407, "url": "https://www.iryou.teikyouseido.mhlw.go.jp/znk-web/juminkanja/S2430/initialize?prefCd=24&kikanCd=07000106&kikanKbn=5", "url2": "https://www.m-ikkou.co.jp/", "内容": "フラワー薬局土橋店【5:薬局】三重県伊賀市土橋１９１番１" }, "geometry": { "type": "Point", "coordinates": [ 136.148407, 34.791372 ] } },
{ "type": "Feature", "properties": { "ID": 24507000107, "正式名称": "フラワー薬局柘植店", "機関区分": 5, "都道府県コード": 24, "市区町村コード": 216, "所在地": "三重県伊賀市柘植町２０３４－１", "緯度": 34.838685, "経度": 136.240351, "url": "https://www.iryou.teikyouseido.mhlw.go.jp/znk-web/juminkanja/S2430/initialize?prefCd=24&kikanCd=07000107&kikanKbn=5", "url2": "https://www.m-ikkou.co.jp/", "内容": "フラワー薬局柘植店【5:薬局】三重県伊賀市柘植町２０３４－１" }, "geometry": { "type": "Point", "coordinates": [ 136.240351, 34.838685 ] } },
{ "type": "Feature", "properties": { "ID": 24507000108, "正式名称": "フラワー薬局島ヶ原店", "機関区分": 5, "都道府県コード": 24, "市区町村コード": 216, "所在地": "三重県伊賀市島ヶ原５８４６", "緯度": 34.768292, "経度": 136.054793, "url": "https://www.iryou.teikyouseido.mhlw.go.jp/znk-web/juminkanja/S2430/initialize?prefCd=24&kikanCd=07000108&kikanKbn=5", "url2": "https://www.m-ikkou.co.jp/", "内容": "フラワー薬局島ヶ原店【5:薬局】三重県伊賀市島ヶ原５８４６" }, "geometry": { "type": "Point", "coordinates": [ 136.054793, 34.768292 ] } },
{ "type": "Feature", "properties": { "ID": 24507000109, "正式名称": "スギ薬局　名張店", "機関区分": 5, "都道府県コード": 24, "市区町村コード": 208, "所在地": "三重県名張市蔵持町芝出１３０１", "緯度": 34.63222, "経度": 136.107684, "url": "https://www.iryou.teikyouseido.mhlw.go.jp/znk-web/juminkanja/S2430/initialize?prefCd=24&kikanCd=07000109&kikanKbn=5", "url2": "http://www.drug-sugi.co.jp/", "内容": "スギ薬局　名張店【5:薬局】三重県名張市蔵持町芝出１３０１" }, "geometry": { "type": "Point", "coordinates": [ 136.107684, 34.63222 ] } },
{ "type": "Feature", "properties": { "ID": 24507000110, "正式名称": "畿央薬局こうのだい店", "機関区分": 5, "都道府県コード": 24, "市区町村コード": 208, "所在地": "三重県名張市鴻之台３番町２４－１", "緯度": 34.626964, "経度": 136.104906, "url": "https://www.iryou.teikyouseido.mhlw.go.jp/znk-web/juminkanja/S2430/initialize?prefCd=24&kikanCd=07000110&kikanKbn=5", "url2": "http://www13.plala.or.jp/kiouhonten/", "内容": "畿央薬局こうのだい店【5:薬局】三重県名張市鴻之台３番町２４－１" }, "geometry": { "type": "Point", "coordinates": [ 136.104906, 34.626964 ] } },
{ "type": "Feature", "properties": { "ID": 24507000111, "正式名称": "矢の五薬局希央台店", "機関区分": 5, "都道府県コード": 24, "市区町村コード": 208, "所在地": "三重県名張市希央台５番町１９", "緯度": 34.623403, "経度": 136.097653, "url": "https://www.iryou.teikyouseido.mhlw.go.jp/znk-web/juminkanja/S2430/initialize?prefCd=24&kikanCd=07000111&kikanKbn=5", "url2": null, "内容": "矢の五薬局希央台店【5:薬局】三重県名張市希央台５番町１９" }, "geometry": { "type": "Point", "coordinates": [ 136.097653, 34.623403 ] } },
{ "type": "Feature", "properties": { "ID": 24507000112, "正式名称": "おりがみ薬局", "機関区分": 5, "都道府県コード": 24, "市区町村コード": 216, "所在地": "三重県伊賀市小田町２５６－１", "緯度": 34.775575, "経度": 136.126906, "url": "https://www.iryou.teikyouseido.mhlw.go.jp/znk-web/juminkanja/S2430/initialize?prefCd=24&kikanCd=07000112&kikanKbn=5", "url2": "https://origami-pharmacy.com", "内容": "おりがみ薬局【5:薬局】三重県伊賀市小田町２５６－１" }, "geometry": { "type": "Point", "coordinates": [ 136.126906, 34.775575 ] } },
{ "type": "Feature", "properties": { "ID": 24507000113, "正式名称": "精養軒薬局", "機関区分": 5, "都道府県コード": 24, "市区町村コード": 208, "所在地": "三重県名張市夏見１０２－１", "緯度": 34.615703, "経度": 136.100739, "url": "https://www.iryou.teikyouseido.mhlw.go.jp/znk-web/juminkanja/S2430/initialize?prefCd=24&kikanCd=07000113&kikanKbn=5", "url2": null, "内容": "精養軒薬局【5:薬局】三重県名張市夏見１０２－１" }, "geometry": { "type": "Point", "coordinates": [ 136.100739, 34.615703 ] } },
{ "type": "Feature", "properties": { "ID": 24507000114, "正式名称": "スギ薬局　伊賀中央店", "機関区分": 5, "都道府県コード": 24, "市区町村コード": 216, "所在地": "三重県伊賀市上野茅町２７２５番地１", "緯度": 34.760361, "経度": 136.134058, "url": "https://www.iryou.teikyouseido.mhlw.go.jp/znk-web/juminkanja/S2430/initialize?prefCd=24&kikanCd=07000114&kikanKbn=5", "url2": "http://www.drug-sugi.co.jp/", "内容": "スギ薬局　伊賀中央店【5:薬局】三重県伊賀市上野茅町２７２５番地１" }, "geometry": { "type": "Point", "coordinates": [ 136.134058, 34.760361 ] } },
{ "type": "Feature", "properties": { "ID": 24507000115, "正式名称": "つむぎ薬局", "機関区分": 5, "都道府県コード": 24, "市区町村コード": 208, "所在地": "三重県名張市蔵持町里３２５８番１", "緯度": 34.64441, "経度": 136.107115, "url": "https://www.iryou.teikyouseido.mhlw.go.jp/znk-web/juminkanja/S2430/initialize?prefCd=24&kikanCd=07000115&kikanKbn=5", "url2": "https://tsumugi-pharmacy.co.jp/", "内容": "つむぎ薬局【5:薬局】三重県名張市蔵持町里３２５８番１" }, "geometry": { "type": "Point", "coordinates": [ 136.107115, 34.64441 ] } },
{ "type": "Feature", "properties": { "ID": 24507000117, "正式名称": "薬局ヘルスショップとしみ", "機関区分": 5, "都道府県コード": 24, "市区町村コード": 216, "所在地": "三重県伊賀市緑ケ丘本町７５７－３", "緯度": 34.763696, "経度": 136.141196, "url": "https://www.iryou.teikyouseido.mhlw.go.jp/znk-web/juminkanja/S2430/initialize?prefCd=24&kikanCd=07000117&kikanKbn=5", "url2": "htts://yhs-yoshimi.com/", "内容": "薬局ヘルスショップとしみ【5:薬局】三重県伊賀市緑ケ丘本町７５７－３" }, "geometry": { "type": "Point", "coordinates": [ 136.141196, 34.763696 ] } },
{ "type": "Feature", "properties": { "ID": 24507000118, "正式名称": "かしわの薬局", "機関区分": 5, "都道府県コード": 24, "市区町村コード": 216, "所在地": "三重県伊賀市柏野字西沖６０７－１", "緯度": 34.812865, "経度": 136.190384, "url": "https://www.iryou.teikyouseido.mhlw.go.jp/znk-web/juminkanja/S2430/initialize?prefCd=24&kikanCd=07000118&kikanKbn=5", "url2": null, "内容": "かしわの薬局【5:薬局】三重県伊賀市柏野字西沖６０７－１" }, "geometry": { "type": "Point", "coordinates": [ 136.190384, 34.812865 ] } },
{ "type": "Feature", "properties": { "ID": 24507000120, "正式名称": "ぱんだ薬局", "機関区分": 5, "都道府県コード": 24, "市区町村コード": 208, "所在地": "三重県名張市桔梗が丘５番町９街区１８１２番地１１", "緯度": 34.643725, "経度": 136.130776, "url": "https://www.iryou.teikyouseido.mhlw.go.jp/znk-web/juminkanja/S2430/initialize?prefCd=24&kikanCd=07000120&kikanKbn=5", "url2": "https://kikyo-pandapharmacy.com/", "内容": "ぱんだ薬局【5:薬局】三重県名張市桔梗が丘５番町９街区１８１２番地１１" }, "geometry": { "type": "Point", "coordinates": [ 136.130776, 34.643725 ] } },
{ "type": "Feature", "properties": { "ID": 24507000121, "正式名称": "フラワー薬局名張東店", "機関区分": 5, "都道府県コード": 24, "市区町村コード": 208, "所在地": "三重県名張市鴻之台１番町１６", "緯度": 34.629624, "経度": 136.107125, "url": "https://www.iryou.teikyouseido.mhlw.go.jp/znk-web/juminkanja/S2430/initialize?prefCd=24&kikanCd=07000121&kikanKbn=5", "url2": "https://www.m-ikkou.co.jp/", "内容": "フラワー薬局名張東店【5:薬局】三重県名張市鴻之台１番町１６" }, "geometry": { "type": "Point", "coordinates": [ 136.107125, 34.629624 ] } },
{ "type": "Feature", "properties": { "ID": 24507000122, "正式名称": "スマイル薬局ゆめが丘店", "機関区分": 5, "都道府県コード": 24, "市区町村コード": 216, "所在地": "三重県伊賀市ゆめが丘３丁目１－１５", "緯度": 34.737357, "経度": 136.160051, "url": "https://www.iryou.teikyouseido.mhlw.go.jp/znk-web/juminkanja/S2430/initialize?prefCd=24&kikanCd=07000122&kikanKbn=5", "url2": "https://www.marinegroup.jp/detail/%E3%82%B9%E3%83%9E%E3%82%A4%E3%83%AB%E8%96%AC%E5%B1%80%E3%82%86%E3%82%81%E3%81%8C%E4%B8%98%E5%BA%97/", "内容": "スマイル薬局ゆめが丘店【5:薬局】三重県伊賀市ゆめが丘３丁目１－１５" }, "geometry": { "type": "Point", "coordinates": [ 136.160051, 34.737357 ] } },
{ "type": "Feature", "properties": { "ID": 24507000124, "正式名称": "アイン薬局阿山店", "機関区分": 5, "都道府県コード": 24, "市区町村コード": 216, "所在地": "三重県伊賀市馬場１１２８", "緯度": 34.829556, "経度": 136.175756, "url": "https://www.iryou.teikyouseido.mhlw.go.jp/znk-web/juminkanja/S2430/initialize?prefCd=24&kikanCd=07000124&kikanKbn=5", "url2": "https://www.ainj.co.jp", "内容": "アイン薬局阿山店【5:薬局】三重県伊賀市馬場１１２８" }, "geometry": { "type": "Point", "coordinates": [ 136.175756, 34.829556 ] } },
{ "type": "Feature", "properties": { "ID": 24507000125, "正式名称": "フラワー薬局岡波総合病院前店", "機関区分": 5, "都道府県コード": 24, "市区町村コード": 216, "所在地": "三重県伊賀市上之庄１７００－１", "緯度": 34.729739, "経度": 136.115964, "url": "https://www.iryou.teikyouseido.mhlw.go.jp/znk-web/juminkanja/S2430/initialize?prefCd=24&kikanCd=07000125&kikanKbn=5", "url2": "https://www.m-ikkou.co.jp/business/pharmacy/search/shop114.html", "内容": "フラワー薬局岡波総合病院前店【5:薬局】三重県伊賀市上之庄１７００－１" }, "geometry": { "type": "Point", "coordinates": [ 136.115964, 34.729739 ] } },
{ "type": "Feature", "properties": { "ID": 24507000126, "正式名称": "はっとり薬局", "機関区分": 5, "都道府県コード": 24, "市区町村コード": 216, "所在地": "三重県伊賀市服部町１１７２－１０", "緯度": 34.778594, "経度": 136.141334, "url": "https://www.iryou.teikyouseido.mhlw.go.jp/znk-web/juminkanja/S2430/initialize?prefCd=24&kikanCd=07000126&kikanKbn=5", "url2": "http://www.sohgoh.info/", "内容": "はっとり薬局【5:薬局】三重県伊賀市服部町１１７２－１０" }, "geometry": { "type": "Point", "coordinates": [ 136.141334, 34.778594 ] } },
{ "type": "Feature", "properties": { "ID": 24507000129, "正式名称": "つげ薬局", "機関区分": 5, "都道府県コード": 24, "市区町村コード": 216, "所在地": "三重県伊賀市下柘植９９９－５", "緯度": 34.829036, "経度": 136.218467, "url": "https://www.iryou.teikyouseido.mhlw.go.jp/znk-web/juminkanja/S2430/initialize?prefCd=24&kikanCd=07000129&kikanKbn=5", "url2": null, "内容": "つげ薬局【5:薬局】三重県伊賀市下柘植９９９－５" }, "geometry": { "type": "Point", "coordinates": [ 136.218467, 34.829036 ] } },
{ "type": "Feature", "properties": { "ID": 24507000130, "正式名称": "畿央川口薬局", "機関区分": 5, "都道府県コード": 24, "市区町村コード": 208, "所在地": "三重県名張市つつじが丘北５番町２９－８", "緯度": 34.608842, "経度": 136.132765, "url": "https://www.iryou.teikyouseido.mhlw.go.jp/znk-web/juminkanja/S2430/initialize?prefCd=24&kikanCd=07000130&kikanKbn=5", "url2": "http://www13.plala.or.jp/kiouhonten/", "内容": "畿央川口薬局【5:薬局】三重県名張市つつじが丘北５番町２９－８" }, "geometry": { "type": "Point", "coordinates": [ 136.132765, 34.608842 ] } },
{ "type": "Feature", "properties": { "ID": 24507000131, "正式名称": "あすなろ薬局", "機関区分": 5, "都道府県コード": 24, "市区町村コード": 216, "所在地": "三重県伊賀市上野丸之内１１６－１２", "緯度": 34.769631, "経度": 136.130422, "url": "https://www.iryou.teikyouseido.mhlw.go.jp/znk-web/juminkanja/S2430/initialize?prefCd=24&kikanCd=07000131&kikanKbn=5", "url2": null, "内容": "あすなろ薬局【5:薬局】三重県伊賀市上野丸之内１１６－１２" }, "geometry": { "type": "Point", "coordinates": [ 136.130422, 34.769631 ] } },
{ "type": "Feature", "properties": { "ID": 24507000132, "正式名称": "クスリのアオキ伊賀上野薬局", "機関区分": 5, "都道府県コード": 24, "市区町村コード": 216, "所在地": "三重県伊賀市久米町６９１番地１", "緯度": 34.75513, "経度": 136.133459, "url": "https://www.iryou.teikyouseido.mhlw.go.jp/znk-web/juminkanja/S2430/initialize?prefCd=24&kikanCd=07000132&kikanKbn=5", "url2": "https://www.kusuri-aoki.co.jp/", "内容": "クスリのアオキ伊賀上野薬局【5:薬局】三重県伊賀市久米町６９１番地１" }, "geometry": { "type": "Point", "coordinates": [ 136.133459, 34.75513 ] } },
{ "type": "Feature", "properties": { "ID": 24507000133, "正式名称": "さなぐ調剤薬局", "機関区分": 5, "都道府県コード": 24, "市区町村コード": 216, "所在地": "三重県伊賀市佐那具町９６３番４", "緯度": 34.802928, "経度": 136.170061, "url": "https://www.iryou.teikyouseido.mhlw.go.jp/znk-web/juminkanja/S2430/initialize?prefCd=24&kikanCd=07000133&kikanKbn=5", "url2": null, "内容": "さなぐ調剤薬局【5:薬局】三重県伊賀市佐那具町９６３番４" }, "geometry": { "type": "Point", "coordinates": [ 136.170061, 34.802928 ] } },
{ "type": "Feature", "properties": { "ID": 24507000134, "正式名称": "おみなえし調剤薬局", "機関区分": 5, "都道府県コード": 24, "市区町村コード": 216, "所在地": "三重県伊賀市上野農人町５３３－１", "緯度": 34.768261, "経度": 136.138116, "url": "https://www.iryou.teikyouseido.mhlw.go.jp/znk-web/juminkanja/S2430/initialize?prefCd=24&kikanCd=07000134&kikanKbn=5", "url2": null, "内容": "おみなえし調剤薬局【5:薬局】三重県伊賀市上野農人町５３３－１" }, "geometry": { "type": "Point", "coordinates": [ 136.138116, 34.768261 ] } },
{ "type": "Feature", "properties": { "ID": 24507000139, "正式名称": "手裏剣薬局", "機関区分": 5, "都道府県コード": 24, "市区町村コード": 216, "所在地": "三重県伊賀市上野魚町２８５９－２", "緯度": 34.765405, "経度": 136.131135, "url": "https://www.iryou.teikyouseido.mhlw.go.jp/znk-web/juminkanja/S2430/initialize?prefCd=24&kikanCd=07000139&kikanKbn=5", "url2": "qnxy3.crayonsite.info", "内容": "手裏剣薬局【5:薬局】三重県伊賀市上野魚町２８５９－２" }, "geometry": { "type": "Point", "coordinates": [ 136.131135, 34.765405 ] } },
{ "type": "Feature", "properties": { "ID": 24507030013, "正式名称": "堀内薬局", "機関区分": 5, "都道府県コード": 24, "市区町村コード": 208, "所在地": "三重県名張市丸之内７３", "緯度": 34.62117, "経度": 136.090047, "url": "https://www.iryou.teikyouseido.mhlw.go.jp/znk-web/juminkanja/S2430/initialize?prefCd=24&kikanCd=07030013&kikanKbn=5", "url2": null, "内容": "堀内薬局【5:薬局】三重県名張市丸之内７３" }, "geometry": { "type": "Point", "coordinates": [ 136.090047, 34.62117 ] } },
{ "type": "Feature", "properties": { "ID": 24507060017, "正式名称": "赤井薬局鴻之台店", "機関区分": 5, "都道府県コード": 24, "市区町村コード": 208, "所在地": "三重県名張市鴻之台２番町８８", "緯度": 34.625509, "経度": 136.106882, "url": "https://www.iryou.teikyouseido.mhlw.go.jp/znk-web/juminkanja/S2430/initialize?prefCd=24&kikanCd=07060017&kikanKbn=5", "url2": "https://www.akaiph.com/", "内容": "赤井薬局鴻之台店【5:薬局】三重県名張市鴻之台２番町８８" }, "geometry": { "type": "Point", "coordinates": [ 136.106882, 34.625509 ] } },
{ "type": "Feature", "properties": { "ID": 24507070008, "正式名称": "わかくさ薬局", "機関区分": 5, "都道府県コード": 24, "市区町村コード": 208, "所在地": "三重県名張市桔梗が丘１番町４街区７２－３", "緯度": 34.64754, "経度": 136.116675, "url": "https://www.iryou.teikyouseido.mhlw.go.jp/znk-web/juminkanja/S2430/initialize?prefCd=24&kikanCd=07070008&kikanKbn=5", "url2": "https://wakakusayakkyoku.jimdosite.com/", "内容": "わかくさ薬局【5:薬局】三重県名張市桔梗が丘１番町４街区７２－３" }, "geometry": { "type": "Point", "coordinates": [ 136.116675, 34.64754 ] } },
{ "type": "Feature", "properties": { "ID": 24507080003, "正式名称": "薬局サンキュー・ドラッグ", "機関区分": 5, "都道府県コード": 24, "市区町村コード": 208, "所在地": "三重県名張市梅が丘北１番町３３７", "緯度": 34.636763, "経度": 136.090998, "url": "https://www.iryou.teikyouseido.mhlw.go.jp/znk-web/juminkanja/S2430/initialize?prefCd=24&kikanCd=07080003&kikanKbn=5", "url2": null, "内容": "薬局サンキュー・ドラッグ【5:薬局】三重県名張市梅が丘北１番町３３７" }, "geometry": { "type": "Point", "coordinates": [ 136.090998, 34.636763 ] } },
{ "type": "Feature", "properties": { "ID": 24507090002, "正式名称": "赤井薬局中央店", "機関区分": 5, "都道府県コード": 24, "市区町村コード": 208, "所在地": "三重県名張市鴻之台３番町３１", "緯度": 34.627558, "経度": 136.105548, "url": "https://www.iryou.teikyouseido.mhlw.go.jp/znk-web/juminkanja/S2430/initialize?prefCd=24&kikanCd=07090002&kikanKbn=5", "url2": "https://www.akaiph.com/", "内容": "赤井薬局中央店【5:薬局】三重県名張市鴻之台３番町３１" }, "geometry": { "type": "Point", "coordinates": [ 136.105548, 34.627558 ] } },
{ "type": "Feature", "properties": { "ID": 24507100004, "正式名称": "城北薬局", "機関区分": 5, "都道府県コード": 24, "市区町村コード": 216, "所在地": "三重県伊賀市平野中川原５６０－１７", "緯度": 34.77658, "経度": 136.12892, "url": "https://www.iryou.teikyouseido.mhlw.go.jp/znk-web/juminkanja/S2430/initialize?prefCd=24&kikanCd=07100004&kikanKbn=5", "url2": null, "内容": "城北薬局【5:薬局】三重県伊賀市平野中川原５６０－１７" }, "geometry": { "type": "Point", "coordinates": [ 136.12892, 34.77658 ] } },
{ "type": "Feature", "properties": { "ID": 24507110003, "正式名称": "銀座薬局", "機関区分": 5, "都道府県コード": 24, "市区町村コード": 216, "所在地": "三重県伊賀市上野紺屋町３１６３", "緯度": 34.764546, "経度": 136.131266, "url": "https://www.iryou.teikyouseido.mhlw.go.jp/znk-web/juminkanja/S2430/initialize?prefCd=24&kikanCd=07110003&kikanKbn=5", "url2": null, "内容": "銀座薬局【5:薬局】三重県伊賀市上野紺屋町３１６３" }, "geometry": { "type": "Point", "coordinates": [ 136.131266, 34.764546 ] } },
{ "type": "Feature", "properties": { "ID": 24507620031, "正式名称": "合名会社田中余以徳斉薬局", "機関区分": 5, "都道府県コード": 24, "市区町村コード": 208, "所在地": "三重県名張市榊町１４０４－１", "緯度": 34.62211, "経度": 136.088659, "url": "https://www.iryou.teikyouseido.mhlw.go.jp/znk-web/juminkanja/S2430/initialize?prefCd=24&kikanCd=07620031&kikanKbn=5", "url2": null, "内容": "合名会社田中余以徳斉薬局【5:薬局】三重県名張市榊町１４０４－１" }, "geometry": { "type": "Point", "coordinates": [ 136.088659, 34.62211 ] } },
{ "type": "Feature", "properties": { "ID": 24508000001, "正式名称": "イシブチ薬局　大滝店", "機関区分": 5, "都道府県コード": 24, "市区町村コード": 209, "所在地": "三重県尾鷲市大滝町１０－４", "緯度": 34.067527, "経度": 136.184914, "url": "https://www.iryou.teikyouseido.mhlw.go.jp/znk-web/juminkanja/S2430/initialize?prefCd=24&kikanCd=08000001&kikanKbn=5", "url2": null, "内容": "イシブチ薬局　大滝店【5:薬局】三重県尾鷲市大滝町１０－４" }, "geometry": { "type": "Point", "coordinates": [ 136.184914, 34.067527 ] } },
{ "type": "Feature", "properties": { "ID": 24508000010, "正式名称": "山下薬局　林町店", "機関区分": 5, "都道府県コード": 24, "市区町村コード": 209, "所在地": "三重県尾鷲市林町１３－１８", "緯度": 34.070878, "経度": 136.196678, "url": "https://www.iryou.teikyouseido.mhlw.go.jp/znk-web/juminkanja/S2430/initialize?prefCd=24&kikanCd=08000010&kikanKbn=5", "url2": null, "内容": "山下薬局　林町店【5:薬局】三重県尾鷲市林町１３－１８" }, "geometry": { "type": "Point", "coordinates": [ 136.196678, 34.070878 ] } },
{ "type": "Feature", "properties": { "ID": 24508000013, "正式名称": "みやおか薬局", "機関区分": 5, "都道府県コード": 24, "市区町村コード": 209, "所在地": "三重県尾鷲市中川１８－８", "緯度": 34.067012, "経度": 136.197701, "url": "https://www.iryou.teikyouseido.mhlw.go.jp/znk-web/juminkanja/S2430/initialize?prefCd=24&kikanCd=08000013&kikanKbn=5", "url2": null, "内容": "みやおか薬局【5:薬局】三重県尾鷲市中川１８－８" }, "geometry": { "type": "Point", "coordinates": [ 136.197701, 34.067012 ] } },
{ "type": "Feature", "properties": { "ID": 24508000014, "正式名称": "ココカラファイン薬局紀伊長島店", "機関区分": 5, "都道府県コード": 24, "市区町村コード": 543, "所在地": "三重県北牟婁郡紀北町東長島字中道５８８", "緯度": 34.210901, "経度": 136.334498, "url": "https://www.iryou.teikyouseido.mhlw.go.jp/znk-web/juminkanja/S2430/initialize?prefCd=24&kikanCd=08000014&kikanKbn=5", "url2": "https://www.matsukiyococokara-online.com/map?kid=20001959", "内容": "ココカラファイン薬局紀伊長島店【5:薬局】三重県北牟婁郡紀北町東長島字中道５８８" }, "geometry": { "type": "Point", "coordinates": [ 136.334498, 34.210901 ] } },
{ "type": "Feature", "properties": { "ID": 24508000015, "正式名称": "かもじや薬局", "機関区分": 5, "都道府県コード": 24, "市区町村コード": 209, "所在地": "三重県尾鷲市中村町７番６９号", "緯度": 34.074701, "経度": 136.190668, "url": "https://www.iryou.teikyouseido.mhlw.go.jp/znk-web/juminkanja/S2430/initialize?prefCd=24&kikanCd=08000015&kikanKbn=5", "url2": null, "内容": "かもじや薬局【5:薬局】三重県尾鷲市中村町７番６９号" }, "geometry": { "type": "Point", "coordinates": [ 136.190668, 34.074701 ] } },
{ "type": "Feature", "properties": { "ID": 24508000016, "正式名称": "清川薬局サレド店", "機関区分": 5, "都道府県コード": 24, "市区町村コード": 209, "所在地": "三重県尾鷲市中央町１０－２２", "緯度": 34.07005, "経度": 136.190603, "url": "https://www.iryou.teikyouseido.mhlw.go.jp/znk-web/juminkanja/S2430/initialize?prefCd=24&kikanCd=08000016&kikanKbn=5", "url2": "http://www.e-classa.net/kiyokawa-saredo/", "内容": "清川薬局サレド店【5:薬局】三重県尾鷲市中央町１０－２２" }, "geometry": { "type": "Point", "coordinates": [ 136.190603, 34.07005 ] } },
{ "type": "Feature", "properties": { "ID": 24508000018, "正式名称": "あおぞら薬局", "機関区分": 5, "都道府県コード": 24, "市区町村コード": 543, "所在地": "三重県北牟婁郡紀北町相賀１９４２－５", "緯度": 34.109231, "経度": 136.229152, "url": "https://www.iryou.teikyouseido.mhlw.go.jp/znk-web/juminkanja/S2430/initialize?prefCd=24&kikanCd=08000018&kikanKbn=5", "url2": "https://www.e-classa.net/aozora-miyama/information.html", "内容": "あおぞら薬局【5:薬局】三重県北牟婁郡紀北町相賀１９４２－５" }, "geometry": { "type": "Point", "coordinates": [ 136.229152, 34.109231 ] } },
{ "type": "Feature", "properties": { "ID": 24508000019, "正式名称": "くろだ薬局", "機関区分": 5, "都道府県コード": 24, "市区町村コード": 209, "所在地": "三重県尾鷲市上野町７５３－３５", "緯度": 34.069888, "経度": 136.187631, "url": "https://www.iryou.teikyouseido.mhlw.go.jp/znk-web/juminkanja/S2430/initialize?prefCd=24&kikanCd=08000019&kikanKbn=5", "url2": null, "内容": "くろだ薬局【5:薬局】三重県尾鷲市上野町７５３－３５" }, "geometry": { "type": "Point", "coordinates": [ 136.187631, 34.069888 ] } },
{ "type": "Feature", "properties": { "ID": 24508000020, "正式名称": "ここのき薬局", "機関区分": 5, "都道府県コード": 24, "市区町村コード": 209, "所在地": "三重県尾鷲市九鬼町１０８０番地１", "緯度": 34.015386, "経度": 136.251681, "url": "https://www.iryou.teikyouseido.mhlw.go.jp/znk-web/juminkanja/S2430/initialize?prefCd=24&kikanCd=08000020&kikanKbn=5", "url2": null, "内容": "ここのき薬局【5:薬局】三重県尾鷲市九鬼町１０８０番地１" }, "geometry": { "type": "Point", "coordinates": [ 136.251681, 34.015386 ] } },
{ "type": "Feature", "properties": { "ID": 24508000021, "正式名称": "セイムス尾鷲古戸薬局", "機関区分": 5, "都道府県コード": 24, "市区町村コード": 209, "所在地": "三重県尾鷲市古戸町９５４－１", "緯度": 34.071197, "経度": 136.188, "url": "https://www.iryou.teikyouseido.mhlw.go.jp/znk-web/juminkanja/S2430/initialize?prefCd=24&kikanCd=08000021&kikanKbn=5", "url2": "https://www.tokai-seims.co.jp/", "内容": "セイムス尾鷲古戸薬局【5:薬局】三重県尾鷲市古戸町９５４－１" }, "geometry": { "type": "Point", "coordinates": [ 136.188, 34.071197 ] } },
{ "type": "Feature", "properties": { "ID": 24508090001, "正式名称": "紀北調剤薬局紀伊長島支店", "機関区分": 5, "都道府県コード": 24, "市区町村コード": 543, "所在地": "三重県北牟婁郡紀北町東長島１５", "緯度": 34.207758, "経度": 136.338056, "url": "https://www.iryou.teikyouseido.mhlw.go.jp/znk-web/juminkanja/S2430/initialize?prefCd=24&kikanCd=08090001&kikanKbn=5", "url2": null, "内容": "紀北調剤薬局紀伊長島支店【5:薬局】三重県北牟婁郡紀北町東長島１５" }, "geometry": { "type": "Point", "coordinates": [ 136.338056, 34.207758 ] } },
{ "type": "Feature", "properties": { "ID": 24508090002, "正式名称": "中村調剤薬局", "機関区分": 5, "都道府県コード": 24, "市区町村コード": 543, "所在地": "三重県北牟婁郡紀北町相賀４８０－２７４", "緯度": 34.111261, "経度": 136.22932, "url": "https://www.iryou.teikyouseido.mhlw.go.jp/znk-web/juminkanja/S2430/initialize?prefCd=24&kikanCd=08090002&kikanKbn=5", "url2": null, "内容": "中村調剤薬局【5:薬局】三重県北牟婁郡紀北町相賀４８０－２７４" }, "geometry": { "type": "Point", "coordinates": [ 136.22932, 34.111261 ] } },
{ "type": "Feature", "properties": { "ID": 24508090003, "正式名称": "イシブチ薬局引本店", "機関区分": 5, "都道府県コード": 24, "市区町村コード": 543, "所在地": "三重県北牟婁郡紀北町引本浦８８３－１", "緯度": 34.107116, "経度": 136.241724, "url": "https://www.iryou.teikyouseido.mhlw.go.jp/znk-web/juminkanja/S2430/initialize?prefCd=24&kikanCd=08090003&kikanKbn=5", "url2": "https://www.ishibuchi.net", "内容": "イシブチ薬局引本店【5:薬局】三重県北牟婁郡紀北町引本浦８８３－１" }, "geometry": { "type": "Point", "coordinates": [ 136.241724, 34.107116 ] } },
{ "type": "Feature", "properties": { "ID": 24508090004, "正式名称": "きいながしま駅前薬局", "機関区分": 5, "都道府県コード": 24, "市区町村コード": 543, "所在地": "三重県北牟婁郡紀北町東長島２００－３", "緯度": 34.210053, "経度": 136.339184, "url": "https://www.iryou.teikyouseido.mhlw.go.jp/znk-web/juminkanja/S2430/initialize?prefCd=24&kikanCd=08090004&kikanKbn=5", "url2": null, "内容": "きいながしま駅前薬局【5:薬局】三重県北牟婁郡紀北町東長島２００－３" }, "geometry": { "type": "Point", "coordinates": [ 136.339184, 34.210053 ] } },
{ "type": "Feature", "properties": { "ID": 24508110001, "正式名称": "山下薬局", "機関区分": 5, "都道府県コード": 24, "市区町村コード": 209, "所在地": "三重県尾鷲市栄町５－６", "緯度": 34.074278, "経度": 136.195006, "url": "https://www.iryou.teikyouseido.mhlw.go.jp/znk-web/juminkanja/S2430/initialize?prefCd=24&kikanCd=08110001&kikanKbn=5", "url2": null, "内容": "山下薬局【5:薬局】三重県尾鷲市栄町５－６" }, "geometry": { "type": "Point", "coordinates": [ 136.195006, 34.074278 ] } },
{ "type": "Feature", "properties": { "ID": 24508380267, "正式名称": "イシブチ薬局", "機関区分": 5, "都道府県コード": 24, "市区町村コード": 209, "所在地": "三重県尾鷲市朝日町９－２５", "緯度": 34.072731, "経度": 136.198523, "url": "https://www.iryou.teikyouseido.mhlw.go.jp/znk-web/juminkanja/S2430/initialize?prefCd=24&kikanCd=08380267&kikanKbn=5", "url2": "https://www.ishibuchi.net/", "内容": "イシブチ薬局【5:薬局】三重県尾鷲市朝日町９－２５" }, "geometry": { "type": "Point", "coordinates": [ 136.198523, 34.072731 ] } },
{ "type": "Feature", "properties": { "ID": 24508520016, "正式名称": "イシブチ薬局古戸センター", "機関区分": 5, "都道府県コード": 24, "市区町村コード": 209, "所在地": "三重県尾鷲市上野町５－３９", "緯度": 34.070441, "経度": 136.188473, "url": "https://www.iryou.teikyouseido.mhlw.go.jp/znk-web/juminkanja/S2430/initialize?prefCd=24&kikanCd=08520016&kikanKbn=5", "url2": "http://www.ishibuchi.net/", "内容": "イシブチ薬局古戸センター【5:薬局】三重県尾鷲市上野町５－３９" }, "geometry": { "type": "Point", "coordinates": [ 136.188473, 34.070441 ] } },
{ "type": "Feature", "properties": { "ID": 24509000006, "正式名称": "日本調剤御浜薬局", "機関区分": 5, "都道府県コード": 24, "市区町村コード": 561, "所在地": "三重県南牟婁郡御浜町阿田和４６８１－３", "緯度": 33.801961, "経度": 136.038982, "url": "https://www.iryou.teikyouseido.mhlw.go.jp/znk-web/juminkanja/S2430/initialize?prefCd=24&kikanCd=09000006&kikanKbn=5", "url2": "https://www.nicho.co.jp/tenpo/mihama/", "内容": "日本調剤御浜薬局【5:薬局】三重県南牟婁郡御浜町阿田和４６８１－３" }, "geometry": { "type": "Point", "coordinates": [ 136.038982, 33.801961 ] } },
{ "type": "Feature", "properties": { "ID": 24509000013, "正式名称": "ヒガシ薬局尾呂志店", "機関区分": 5, "都道府県コード": 24, "市区町村コード": 561, "所在地": "三重県南牟婁郡御浜町上野６７", "緯度": 33.849339, "経度": 135.980378, "url": "https://www.iryou.teikyouseido.mhlw.go.jp/znk-web/juminkanja/S2430/initialize?prefCd=24&kikanCd=09000013&kikanKbn=5", "url2": null, "内容": "ヒガシ薬局尾呂志店【5:薬局】三重県南牟婁郡御浜町上野６７" }, "geometry": { "type": "Point", "coordinates": [ 135.980378, 33.849339 ] } },
{ "type": "Feature", "properties": { "ID": 24509000014, "正式名称": "ナカニシ薬局", "機関区分": 5, "都道府県コード": 24, "市区町村コード": 212, "所在地": "三重県熊野市井戸町７３８－２", "緯度": 33.889193, "経度": 136.09574, "url": "https://www.iryou.teikyouseido.mhlw.go.jp/znk-web/juminkanja/S2430/initialize?prefCd=24&kikanCd=09000014&kikanKbn=5", "url2": null, "内容": "ナカニシ薬局【5:薬局】三重県熊野市井戸町７３８－２" }, "geometry": { "type": "Point", "coordinates": [ 136.09574, 33.889193 ] } },
{ "type": "Feature", "properties": { "ID": 24509000015, "正式名称": "きのくに薬局", "機関区分": 5, "都道府県コード": 24, "市区町村コード": 212, "所在地": "三重県熊野市久生屋町８８２－１２", "緯度": 33.863569, "経度": 136.07456, "url": "https://www.iryou.teikyouseido.mhlw.go.jp/znk-web/juminkanja/S2430/initialize?prefCd=24&kikanCd=09000015&kikanKbn=5", "url2": "https://www.marinegroup.jp/detail/%e3%81%8d%e3%81%ae%e3%81%8f%e3%81%ab%e8%96%ac%e5%b1%80/", "内容": "きのくに薬局【5:薬局】三重県熊野市久生屋町８８２－１２" }, "geometry": { "type": "Point", "coordinates": [ 136.07456, 33.863569 ] } },
{ "type": "Feature", "properties": { "ID": 24509000016, "正式名称": "ひのき薬局", "機関区分": 5, "都道府県コード": 24, "市区町村コード": 212, "所在地": "三重県熊野市井戸町９０７－１", "緯度": 33.89177, "経度": 136.095696, "url": "https://www.iryou.teikyouseido.mhlw.go.jp/znk-web/juminkanja/S2430/initialize?prefCd=24&kikanCd=09000016&kikanKbn=5", "url2": "https://www.marinegroup.jp/detail/%E3%81%B2%E3%81%AE%E3%81%8D%E8%96%AC%E5%B1%80/", "内容": "ひのき薬局【5:薬局】三重県熊野市井戸町９０７－１" }, "geometry": { "type": "Point", "coordinates": [ 136.095696, 33.89177 ] } },
{ "type": "Feature", "properties": { "ID": 24509000017, "正式名称": "神志山駅前薬局", "機関区分": 5, "都道府県コード": 24, "市区町村コード": 561, "所在地": "三重県南牟婁郡御浜町下市木４６４９－８８", "緯度": 33.83956, "経度": 136.062701, "url": "https://www.iryou.teikyouseido.mhlw.go.jp/znk-web/juminkanja/S2430/initialize?prefCd=24&kikanCd=09000017&kikanKbn=5", "url2": "https://kinan-ph.jp/company/", "内容": "神志山駅前薬局【5:薬局】三重県南牟婁郡御浜町下市木４６４９－８８" }, "geometry": { "type": "Point", "coordinates": [ 136.062701, 33.83956 ] } },
{ "type": "Feature", "properties": { "ID": 24509000019, "正式名称": "いぶき薬局", "機関区分": 5, "都道府県コード": 24, "市区町村コード": 212, "所在地": "三重県熊野市井戸町４９７２－１", "緯度": 33.88595, "経度": 136.099065, "url": "https://www.iryou.teikyouseido.mhlw.go.jp/znk-web/juminkanja/S2430/initialize?prefCd=24&kikanCd=09000019&kikanKbn=5", "url2": "https://www.marinegroup.jp/detail/%E3%81%84%E3%81%B6%E3%81%8D%E8%96%AC%E5%B1%80/", "内容": "いぶき薬局【5:薬局】三重県熊野市井戸町４９７２－１" }, "geometry": { "type": "Point", "coordinates": [ 136.099065, 33.88595 ] } },
{ "type": "Feature", "properties": { "ID": 24509000020, "正式名称": "あたわ調剤薬局", "機関区分": 5, "都道府県コード": 24, "市区町村コード": 561, "所在地": "三重県南牟婁郡御浜町大字阿田和５１８９番地７", "緯度": 33.806425, "経度": 136.043603, "url": "https://www.iryou.teikyouseido.mhlw.go.jp/znk-web/juminkanja/S2430/initialize?prefCd=24&kikanCd=09000020&kikanKbn=5", "url2": null, "内容": "あたわ調剤薬局【5:薬局】三重県南牟婁郡御浜町大字阿田和５１８９番地７" }, "geometry": { "type": "Point", "coordinates": [ 136.043603, 33.806425 ] } },
{ "type": "Feature", "properties": { "ID": 24509000021, "正式名称": "あたしか薬局", "機関区分": 5, "都道府県コード": 24, "市区町村コード": 212, "所在地": "三重県熊野市新鹿町６７６－４", "緯度": 33.930578, "経度": 136.143011, "url": "https://www.iryou.teikyouseido.mhlw.go.jp/znk-web/juminkanja/S2430/initialize?prefCd=24&kikanCd=09000021&kikanKbn=5", "url2": null, "内容": "あたしか薬局【5:薬局】三重県熊野市新鹿町６７６－４" }, "geometry": { "type": "Point", "coordinates": [ 136.143011, 33.930578 ] } },
{ "type": "Feature", "properties": { "ID": 24509000023, "正式名称": "うまどめ薬局", "機関区分": 5, "都道府県コード": 24, "市区町村コード": 212, "所在地": "三重県熊野市井戸町６１４－６", "緯度": 33.888047, "経度": 136.099761, "url": "https://www.iryou.teikyouseido.mhlw.go.jp/znk-web/juminkanja/S2430/initialize?prefCd=24&kikanCd=09000023&kikanKbn=5", "url2": "https://kinan-ph.jp/", "内容": "うまどめ薬局【5:薬局】三重県熊野市井戸町６１４－６" }, "geometry": { "type": "Point", "coordinates": [ 136.099761, 33.888047 ] } },
{ "type": "Feature", "properties": { "ID": 24509000024, "正式名称": "どんぐりの森薬局", "機関区分": 5, "都道府県コード": 24, "市区町村コード": 562, "所在地": "三重県南牟婁郡紀宝町鵜殿７８１－１", "緯度": 33.735533, "経度": 136.008653, "url": "https://www.iryou.teikyouseido.mhlw.go.jp/znk-web/juminkanja/S2430/initialize?prefCd=24&kikanCd=09000024&kikanKbn=5", "url2": null, "内容": "どんぐりの森薬局【5:薬局】三重県南牟婁郡紀宝町鵜殿７８１－１" }, "geometry": { "type": "Point", "coordinates": [ 136.008653, 33.735533 ] } },
{ "type": "Feature", "properties": { "ID": 24509000026, "正式名称": "紀南調剤薬局", "機関区分": 5, "都道府県コード": 24, "市区町村コード": 561, "所在地": "三重県南牟婁郡御浜町阿田和４７３５", "緯度": 33.802733, "経度": 136.039569, "url": "https://www.iryou.teikyouseido.mhlw.go.jp/znk-web/juminkanja/S2430/initialize?prefCd=24&kikanCd=09000026&kikanKbn=5", "url2": null, "内容": "紀南調剤薬局【5:薬局】三重県南牟婁郡御浜町阿田和４７３５" }, "geometry": { "type": "Point", "coordinates": [ 136.039569, 33.802733 ] } },
{ "type": "Feature", "properties": { "ID": 24509000027, "正式名称": "セイムス熊野有馬薬局", "機関区分": 5, "都道府県コード": 24, "市区町村コード": 212, "所在地": "三重県熊野市有馬町松原５００９", "緯度": 33.87657, "経度": 136.08052, "url": "https://www.iryou.teikyouseido.mhlw.go.jp/znk-web/juminkanja/S2430/initialize?prefCd=24&kikanCd=09000027&kikanKbn=5", "url2": "https://www.tokai-seims.co.jp/", "内容": "セイムス熊野有馬薬局【5:薬局】三重県熊野市有馬町松原５００９" }, "geometry": { "type": "Point", "coordinates": [ 136.08052, 33.87657 ] } },
{ "type": "Feature", "properties": { "ID": 24509030011, "正式名称": "ヒガシ薬局", "機関区分": 5, "都道府県コード": 24, "市区町村コード": 561, "所在地": "三重県南牟婁郡御浜町志原１８４５－２７", "緯度": 33.8433, "経度": 136.059208, "url": "https://www.iryou.teikyouseido.mhlw.go.jp/znk-web/juminkanja/S2430/initialize?prefCd=24&kikanCd=09030011&kikanKbn=5", "url2": null, "内容": "ヒガシ薬局【5:薬局】三重県南牟婁郡御浜町志原１８４５－２７" }, "geometry": { "type": "Point", "coordinates": [ 136.059208, 33.8433 ] } }
]
}
