{
"type": "FeatureCollection",
"name": "geo_24_訪問介護",
"crs": { "type": "name", "properties": { "name": "urn:ogc:def:crs:OGC:1.3:CRS84" } },
"features": [
{ "type": "Feature", "properties": { "内容": "あいむケアサービス【訪問介護】三重県津市末広町2番5号", "url": "https://www.kaigokensaku.mhlw.go.jp/24/index.php?action_kouhyou_detail_004_kani=true&JigyosyoCd=2470502952-00&ServiceCd=110&Type=search", "url2": null }, "geometry": { "type": "Point", "coordinates": [ 136.52419090857191, 34.718520766867414 ] } },
{ "type": "Feature", "properties": { "内容": "ﾍﾙﾊﾟｰｽﾃｰｼｮﾝうめだ【訪問介護】三重県津市鳥居町５１", "url": "https://www.kaigokensaku.mhlw.go.jp/24/index.php?action_kouhyou_detail_004_kani=true&JigyosyoCd=2470505740-00&ServiceCd=110&Type=search", "url2": null }, "geometry": { "type": "Point", "coordinates": [ 136.5055155, 34.7247451 ] } },
{ "type": "Feature", "properties": { "内容": "ヘルパーステーション　秋華【訪問介護】津市雲出本郷町1621-7", "url": "https://www.kaigokensaku.mhlw.go.jp/24/index.php?action_kouhyou_detail_004_kani=true&JigyosyoCd=2470506326-00&ServiceCd=110&Type=search", "url2": "https://pslupinus.com/" }, "geometry": { "type": "Point", "coordinates": [ 136.5189719, 34.6647706 ] } },
{ "type": "Feature", "properties": { "内容": "訪問介護HERO【訪問介護】三重県津市河芸町上野1955-3", "url": "https://www.kaigokensaku.mhlw.go.jp/24/index.php?action_kouhyou_detail_004_kani=true&JigyosyoCd=2470506466-00&ServiceCd=110&Type=search", "url2": "https://hero-offcial.com/" }, "geometry": { "type": "Point", "coordinates": [ 136.5380958, 34.7850293 ] } },
{ "type": "Feature", "properties": { "内容": "特定非営利活動法人スマイルハート【訪問介護】垂水２９８５－１", "url": "https://www.kaigokensaku.mhlw.go.jp/24/index.php?action_kouhyou_detail_004_kani=true&JigyosyoCd=2470505682-00&ServiceCd=110&Type=search", "url2": "http://smileheart.org" }, "geometry": { "type": "Point", "coordinates": [ 136.504482100000018, 34.696227 ] } },
{ "type": "Feature", "properties": { "内容": "訪問介護のびすく【訪問介護】三重県津市津興61-6", "url": "https://www.kaigokensaku.mhlw.go.jp/24/index.php?action_kouhyou_detail_004_kani=true&JigyosyoCd=2470506334-00&ServiceCd=110&Type=search", "url2": null }, "geometry": { "type": "Point", "coordinates": [ 136.518603, 34.6953038 ] } },
{ "type": "Feature", "properties": { "内容": "ヘルパーステーションシンフォニー【訪問介護】三重県津市高茶屋小森町1527", "url": "https://www.kaigokensaku.mhlw.go.jp/24/index.php?action_kouhyou_detail_004_kani=true&JigyosyoCd=2470506557-00&ServiceCd=110&Type=search", "url2": null }, "geometry": { "type": "Point", "coordinates": [ 136.5024391, 34.6619703 ] } },
{ "type": "Feature", "properties": { "内容": "ケアステーション2416―にじいろ―【訪問介護】三重県津市観音寺町152番地", "url": "https://www.kaigokensaku.mhlw.go.jp/24/index.php?action_kouhyou_detail_004_kani=true&JigyosyoCd=2470506144-00&ServiceCd=110&Type=search", "url2": "http://nijinoyume-z.com" }, "geometry": { "type": "Point", "coordinates": [ 136.4958651, 34.7259025 ] } },
{ "type": "Feature", "properties": { "内容": "せせらぎシルバーサービス有限会社【訪問介護】津市榊原町10844番地1", "url": "https://www.kaigokensaku.mhlw.go.jp/24/index.php?action_kouhyou_detail_004_kani=true&JigyosyoCd=2470600277-00&ServiceCd=110&Type=search", "url2": "http://www.ztv.ne.jp/web/tamanegi" }, "geometry": { "type": "Point", "coordinates": [ 136.3359964, 34.6922968 ] } },
{ "type": "Feature", "properties": { "内容": "訪問介護　ここよ【訪問介護】三重県津市垂水522-1", "url": "https://www.kaigokensaku.mhlw.go.jp/24/index.php?action_kouhyou_detail_004_kani=true&JigyosyoCd=2470505005-00&ServiceCd=110&Type=search", "url2": null }, "geometry": { "type": "Point", "coordinates": [ 136.509572527706581, 34.693327471954959 ] } },
{ "type": "Feature", "properties": { "内容": "訪問介護ステーション　トム【訪問介護】渋見町330-104", "url": "https://www.kaigokensaku.mhlw.go.jp/24/index.php?action_kouhyou_detail_004_kani=true&JigyosyoCd=2470506409-00&ServiceCd=110&Type=search", "url2": null }, "geometry": { "type": "Point", "coordinates": [ 136.4930244, 34.7388809 ] } },
{ "type": "Feature", "properties": { "内容": "訪問介護プレジール【訪問介護】三重県津市久居射場町118番地", "url": "https://www.kaigokensaku.mhlw.go.jp/24/index.php?action_kouhyou_detail_004_kani=true&JigyosyoCd=2470506417-00&ServiceCd=110&Type=search", "url2": null }, "geometry": { "type": "Point", "coordinates": [ 136.4702976, 34.6790447 ] } },
{ "type": "Feature", "properties": { "内容": "ヘルパーステーションユウキ【訪問介護】三重県津市藤方2255番地3有料老人ホーム　優喜内", "url": "https://www.kaigokensaku.mhlw.go.jp/24/index.php?action_kouhyou_detail_004_kani=true&JigyosyoCd=2470505450-00&ServiceCd=110&Type=search", "url2": null }, "geometry": { "type": "Point", "coordinates": [ 136.5136807, 34.6966299 ] } },
{ "type": "Feature", "properties": { "内容": "訪問介護ステーション　からふるサポート　芸濃【訪問介護】三重県津市芸濃町楠原字庭代１０７番地１", "url": "https://www.kaigokensaku.mhlw.go.jp/24/index.php?action_kouhyou_detail_004_kani=true&JigyosyoCd=2470506003-00&ServiceCd=110&Type=search", "url2": "http://colorfulgarden.jp/" }, "geometry": { "type": "Point", "coordinates": [ 136.4056745, 34.8305174 ] } },
{ "type": "Feature", "properties": { "内容": "ヘルパーステーションえもん【訪問介護】三重県津市雲出本郷町1504-15", "url": "https://www.kaigokensaku.mhlw.go.jp/24/index.php?action_kouhyou_detail_004_kani=true&JigyosyoCd=2470506391-00&ServiceCd=110&Type=search", "url2": null }, "geometry": { "type": "Point", "coordinates": [ 136.5204176, 34.6665809 ] } },
{ "type": "Feature", "properties": { "内容": "ﾍﾙﾊﾟｰｽﾃｰｼｮﾝﾚｲﾝﾎﾞｰ【訪問介護】三重県津市美杉町八知1430番地", "url": "https://www.kaigokensaku.mhlw.go.jp/24/index.php?action_kouhyou_detail_004_kani=true&JigyosyoCd=2470506748-00&ServiceCd=110&Type=search", "url2": null }, "geometry": { "type": "Point", "coordinates": [ 136.274882600000012, 34.5699504 ] } },
{ "type": "Feature", "properties": { "内容": "居宅･訪問介護ステーションそら【訪問介護】木造町941", "url": "https://www.kaigokensaku.mhlw.go.jp/24/index.php?action_kouhyou_detail_004_kani=true&JigyosyoCd=2470505716-00&ServiceCd=110&Type=search", "url2": "http://www.whitelife.org/" }, "geometry": { "type": "Point", "coordinates": [ 136.489953, 34.6576229 ] } },
{ "type": "Feature", "properties": { "内容": "津の家ヘルパーステーション【訪問介護】三重県津市長岡町233番地7", "url": "https://www.kaigokensaku.mhlw.go.jp/24/index.php?action_kouhyou_detail_004_kani=true&JigyosyoCd=2470503992-00&ServiceCd=110&Type=search", "url2": null }, "geometry": { "type": "Point", "coordinates": [ 136.489488599999987, 34.736361 ] } },
{ "type": "Feature", "properties": { "内容": "ヘルパーステーションさんご【訪問介護】三重県津市藤方1736-2-1", "url": "https://www.kaigokensaku.mhlw.go.jp/24/index.php?action_kouhyou_detail_004_kani=true&JigyosyoCd=2470506706-00&ServiceCd=110&Type=search", "url2": null }, "geometry": { "type": "Point", "coordinates": [ 136.519543700000014, 34.6906712 ] } },
{ "type": "Feature", "properties": { "内容": "こももケアサービス【訪問介護】三重県津市島崎町253番", "url": "https://www.kaigokensaku.mhlw.go.jp/24/index.php?action_kouhyou_detail_004_kani=true&JigyosyoCd=2470503802-00&ServiceCd=110&Type=search", "url2": "https://www.komomo.org" }, "geometry": { "type": "Point", "coordinates": [ 136.522715151899632, 34.732181008997181 ] } },
{ "type": "Feature", "properties": { "内容": "訪問介護事業所サザンコート【訪問介護】三重県津市鳥居町167番地8サザンコート南館1F", "url": "https://www.kaigokensaku.mhlw.go.jp/24/index.php?action_kouhyou_detail_004_kani=true&JigyosyoCd=2470506524-00&ServiceCd=110&Type=search", "url2": "http://southern.lolipop.jp/index.php?FrontPage" }, "geometry": { "type": "Point", "coordinates": [ 136.502266612828066, 34.724949143935952 ] } },
{ "type": "Feature", "properties": { "内容": "ヘルパーステーション安濃津ろまん【訪問介護】神戸１５４－９", "url": "https://www.kaigokensaku.mhlw.go.jp/24/index.php?action_kouhyou_detail_004_kani=true&JigyosyoCd=2470600210-00&ServiceCd=110&Type=search", "url2": "http://www.anotsu-roman.jp" }, "geometry": { "type": "Point", "coordinates": [ 136.489341599999989, 34.7147879 ] } },
{ "type": "Feature", "properties": { "内容": "ベタニヤヘルパーステーション【訪問介護】三重県津市豊が丘五丁目47番10号ベタニヤ在宅介護複合施設", "url": "https://www.kaigokensaku.mhlw.go.jp/24/index.php?action_kouhyou_detail_004_kani=true&JigyosyoCd=2470501699-00&ServiceCd=110&Type=search", "url2": "http://betaniya.jp/" }, "geometry": { "type": "Point", "coordinates": [ 136.45951486627041, 34.80634783959097 ] } },
{ "type": "Feature", "properties": { "内容": "ヘルパーステーション陽だまりの丘片田【訪問介護】三重県津市片田井戸町２６８番地陽だまりの丘片田", "url": "https://www.kaigokensaku.mhlw.go.jp/24/index.php?action_kouhyou_detail_004_kani=true&JigyosyoCd=2470502960-00&ServiceCd=110&Type=search", "url2": "http://hidamari.in/" }, "geometry": { "type": "Point", "coordinates": [ 136.437349530796837, 34.708388253145728 ] } },
{ "type": "Feature", "properties": { "内容": "ニチイケアセンター八町【訪問介護】三重県津市新町2丁目8番12号", "url": "https://www.kaigokensaku.mhlw.go.jp/24/index.php?action_kouhyou_detail_004_kani=true&JigyosyoCd=2470501756-00&ServiceCd=110&Type=search", "url2": "http://www.nichiigakkan.co.jp" }, "geometry": { "type": "Point", "coordinates": [ 136.494710199999986, 34.7181292 ] } },
{ "type": "Feature", "properties": { "内容": "アクアみえ津訪問介護【訪問介護】三重県津市一身田平野405番地", "url": "https://www.kaigokensaku.mhlw.go.jp/24/index.php?action_kouhyou_detail_004_kani=true&JigyosyoCd=2470506912-00&ServiceCd=110&Type=search", "url2": null }, "geometry": { "type": "Point", "coordinates": [ 136.517016612580846, 34.753780354263014 ] } },
{ "type": "Feature", "properties": { "内容": "あゆみ野訪問介護事業所【訪問介護】三重県津市芸濃町椋本6215-1", "url": "https://www.kaigokensaku.mhlw.go.jp/24/index.php?action_kouhyou_detail_004_kani=true&JigyosyoCd=2470506862-00&ServiceCd=110&Type=search", "url2": null }, "geometry": { "type": "Point", "coordinates": [ 136.4334108, 34.8144089 ] } },
{ "type": "Feature", "properties": { "内容": "ヘルパーステーション　カームライフ【訪問介護】三重県津市白塚町4332コマビレッジ101", "url": "https://www.kaigokensaku.mhlw.go.jp/24/index.php?action_kouhyou_detail_004_kani=true&JigyosyoCd=2470506193-00&ServiceCd=110&Type=search", "url2": null }, "geometry": { "type": "Point", "coordinates": [ 136.5270122, 34.7619877 ] } },
{ "type": "Feature", "properties": { "内容": "訪問介護からし種【訪問介護】三重県津市津興35番地", "url": "https://www.kaigokensaku.mhlw.go.jp/24/index.php?action_kouhyou_detail_004_kani=true&JigyosyoCd=2470502671-00&ServiceCd=110&Type=search", "url2": null }, "geometry": { "type": "Point", "coordinates": [ 136.51928010000006, 34.6926193 ] } },
{ "type": "Feature", "properties": { "内容": "ニチイケアセンター津【訪問介護】三重県津市下弁財町津興244", "url": "https://www.kaigokensaku.mhlw.go.jp/24/index.php?action_kouhyou_detail_004_kani=true&JigyosyoCd=2470500600-00&ServiceCd=110&Type=search", "url2": "http://www.nichiigakkan.co.jp" }, "geometry": { "type": "Point", "coordinates": [ 136.518826799999943, 34.7032906 ] } },
{ "type": "Feature", "properties": { "内容": "さくらケアサービス【訪問介護】三重県津市本町４番６号", "url": "https://www.kaigokensaku.mhlw.go.jp/24/index.php?action_kouhyou_detail_004_kani=true&JigyosyoCd=2410505156-00&ServiceCd=110&Type=search", "url2": null }, "geometry": { "type": "Point", "coordinates": [ 136.508967, 34.7083838 ] } },
{ "type": "Feature", "properties": { "内容": "愛ケアヘルパーステーション【訪問介護】三重県津市本町4番6号", "url": "https://www.kaigokensaku.mhlw.go.jp/24/index.php?action_kouhyou_detail_004_kani=true&JigyosyoCd=2470502515-00&ServiceCd=110&Type=search", "url2": null }, "geometry": { "type": "Point", "coordinates": [ 136.508967, 34.7083838 ] } },
{ "type": "Feature", "properties": { "内容": "訪問介護ステーション　リノ【訪問介護】三重県津市愛宕町131", "url": "https://www.kaigokensaku.mhlw.go.jp/24/index.php?action_kouhyou_detail_004_kani=true&JigyosyoCd=2470506573-00&ServiceCd=110&Type=search", "url2": "ritz-wing.com" }, "geometry": { "type": "Point", "coordinates": [ 136.513788247640861, 34.725220550781422 ] } },
{ "type": "Feature", "properties": { "内容": "訪問介護事業所　まこと【訪問介護】三重県津市城山2丁目21番4号", "url": "https://www.kaigokensaku.mhlw.go.jp/24/index.php?action_kouhyou_detail_004_kani=true&JigyosyoCd=2470502796-00&ServiceCd=110&Type=search", "url2": null }, "geometry": { "type": "Point", "coordinates": [ 136.505324800000039, 34.6782539 ] } },
{ "type": "Feature", "properties": { "内容": "ヘルパーステーションナゴミガーデン【訪問介護】津市一志町片野367-1", "url": "https://www.kaigokensaku.mhlw.go.jp/24/index.php?action_kouhyou_detail_004_kani=true&JigyosyoCd=2470503794-00&ServiceCd=110&Type=search", "url2": "www.nagomi-uc.jp" }, "geometry": { "type": "Point", "coordinates": [ 136.462242400000036, 34.6485427 ] } },
{ "type": "Feature", "properties": { "内容": "ルミナスビレッジ曽根　訪問介護サービスセンター【訪問介護】三重県津市安濃町曽根833-6", "url": "https://www.kaigokensaku.mhlw.go.jp/24/index.php?action_kouhyou_detail_004_kani=true&JigyosyoCd=2470503505-00&ServiceCd=110&Type=search", "url2": "http://www.akeai.or.jp/" }, "geometry": { "type": "Point", "coordinates": [ 136.461316300000021, 34.7534757 ] } },
{ "type": "Feature", "properties": { "内容": "ホームヘルパーステーション　花紬【訪問介護】三重県津市芸濃町椋本字藤ノ山３８０５番２", "url": "https://www.kaigokensaku.mhlw.go.jp/24/index.php?action_kouhyou_detail_004_kani=true&JigyosyoCd=2472400247-00&ServiceCd=110&Type=search", "url2": "http://www.fushugroup.jp/" }, "geometry": { "type": "Point", "coordinates": [ 136.442067651119828, 34.810587717001098 ] } },
{ "type": "Feature", "properties": { "内容": "訪問介護ステーションオランジュTSU【訪問介護】三重県津市青葉台2丁目11-2", "url": "https://www.kaigokensaku.mhlw.go.jp/24/index.php?action_kouhyou_detail_004_kani=true&JigyosyoCd=2470505369-00&ServiceCd=110&Type=search", "url2": "https://www.3leaves.co.jp/nStation_tsuoki.html" }, "geometry": { "type": "Point", "coordinates": [ 136.442694909805795, 34.674185150014466 ] } },
{ "type": "Feature", "properties": { "内容": "高田光寿園訪問介護事業所【訪問介護】津市大里野田町字宮下1124-1", "url": "https://www.kaigokensaku.mhlw.go.jp/24/index.php?action_kouhyou_detail_004_kani=true&JigyosyoCd=2470500493-00&ServiceCd=110&Type=search", "url2": "http://www.chusei-fukushi.com" }, "geometry": { "type": "Point", "coordinates": [ 136.486392199999955, 34.7815887 ] } },
{ "type": "Feature", "properties": { "内容": "訪問介護事業所　三重まごころ【訪問介護】三重県津市西古河町17番地24", "url": "https://www.kaigokensaku.mhlw.go.jp/24/index.php?action_kouhyou_detail_004_kani=true&JigyosyoCd=2470500576-00&ServiceCd=110&Type=search", "url2": null }, "geometry": { "type": "Point", "coordinates": [ 136.497452399999986, 34.7220552 ] } },
{ "type": "Feature", "properties": { "内容": "訪問介護　たいよう【訪問介護】三重県津市上弁財町20番21号", "url": "https://www.kaigokensaku.mhlw.go.jp/24/index.php?action_kouhyou_detail_004_kani=true&JigyosyoCd=2470503141-00&ServiceCd=110&Type=search", "url2": null }, "geometry": { "type": "Point", "coordinates": [ 136.510053217011006, 34.703854389725706 ] } },
{ "type": "Feature", "properties": { "内容": "心絆ヘルパーステーション【訪問介護】三重県津市一志町大仰５８番地総合支援ファシリティ　おおのき", "url": "https://www.kaigokensaku.mhlw.go.jp/24/index.php?action_kouhyou_detail_004_kani=true&JigyosyoCd=2470505781-00&ServiceCd=110&Type=search", "url2": "http://hp.kaipoke.biz/g2d/" }, "geometry": { "type": "Point", "coordinates": [ 136.413583139881155, 34.648020861553299 ] } },
{ "type": "Feature", "properties": { "内容": "実践　津【訪問介護】三重県津市大倉10番21号", "url": "https://www.kaigokensaku.mhlw.go.jp/24/index.php?action_kouhyou_detail_004_kani=true&JigyosyoCd=2470501442-00&ServiceCd=110&Type=search", "url2": "http://www.kaigo-kango.or.jp" }, "geometry": { "type": "Point", "coordinates": [ 136.506617499999948, 34.7038207 ] } },
{ "type": "Feature", "properties": { "内容": "訪問介護　太陽【訪問介護】三重県津市白塚町2216番地住宅型有料老人ホーム　太陽", "url": "https://www.kaigokensaku.mhlw.go.jp/24/index.php?action_kouhyou_detail_004_kani=true&JigyosyoCd=2470505690-00&ServiceCd=110&Type=search", "url2": "https://kaigo_taiyou.jimdofree.com" }, "geometry": { "type": "Point", "coordinates": [ 136.536209699999972, 34.7672055 ] } },
{ "type": "Feature", "properties": { "内容": "訪問介護事業所大ちゃん【訪問介護】三重県津市一志町片野字南浦223番2", "url": "https://www.kaigokensaku.mhlw.go.jp/24/index.php?action_kouhyou_detail_004_kani=true&JigyosyoCd=2470504388-00&ServiceCd=110&Type=search", "url2": "https://www.daichan-df.com" }, "geometry": { "type": "Point", "coordinates": [ 136.46197729925845, 34.644705417334713 ] } },
{ "type": "Feature", "properties": { "内容": "ヘルパーステーション　明神【訪問介護】三重県津市久居明神町1530番地69", "url": "https://www.kaigokensaku.mhlw.go.jp/24/index.php?action_kouhyou_detail_004_kani=true&JigyosyoCd=2470504933-00&ServiceCd=110&Type=search", "url2": null }, "geometry": { "type": "Point", "coordinates": [ 136.468137764279163, 34.693957075173152 ] } },
{ "type": "Feature", "properties": { "内容": "ヘルパーステーション　青空【訪問介護】三重県津市高茶屋6丁目11-24ウィングパレス　105", "url": "https://www.kaigokensaku.mhlw.go.jp/24/index.php?action_kouhyou_detail_004_kani=true&JigyosyoCd=2470502739-00&ServiceCd=110&Type=search", "url2": null }, "geometry": { "type": "Point", "coordinates": [ 136.499592859962434, 34.673117459021178 ] } },
{ "type": "Feature", "properties": { "内容": "ヘルパーステーション　トマトハウス【訪問介護】久居北口町438番地40", "url": "https://www.kaigokensaku.mhlw.go.jp/24/index.php?action_kouhyou_detail_004_kani=true&JigyosyoCd=2470505914-00&ServiceCd=110&Type=search", "url2": "tomato-h.jp" }, "geometry": { "type": "Point", "coordinates": [ 136.473261141802965, 34.678864597793243 ] } },
{ "type": "Feature", "properties": { "内容": "訪問介護ビッグハート【訪問介護】三重県津市久居明神2133番地1すたいる久居明神", "url": "https://www.kaigokensaku.mhlw.go.jp/24/index.php?action_kouhyou_detail_004_kani=true&JigyosyoCd=2470506649-00&ServiceCd=110&Type=search", "url2": "https://www.style-care.jp/" }, "geometry": { "type": "Point", "coordinates": [ 136.460380278950936, 34.687006098348554 ] } },
{ "type": "Feature", "properties": { "内容": "ヘルパーステーションコーケン【訪問介護】津市寿町11番28号", "url": "https://www.kaigokensaku.mhlw.go.jp/24/index.php?action_kouhyou_detail_004_kani=true&JigyosyoCd=2470501921-00&ServiceCd=110&Type=search", "url2": "http://care-net.biz/24/ko_ken/" }, "geometry": { "type": "Point", "coordinates": [ 136.5189153, 34.7147024 ] } },
{ "type": "Feature", "properties": { "内容": "グリーンヒル訪問介護サービスセンター【訪問介護】三重県津市緑が丘一丁目１－１", "url": "https://www.kaigokensaku.mhlw.go.jp/24/index.php?action_kouhyou_detail_004_kani=true&JigyosyoCd=2470505302-00&ServiceCd=110&Type=search", "url2": "http://www.akeai.or.jp" }, "geometry": { "type": "Point", "coordinates": [ 136.472151560544489, 34.714245925785647 ] } },
{ "type": "Feature", "properties": { "内容": "津市社協訪問介護事業所（白山）【訪問介護】三重県津市白山町川口８９２津市白山保健センター", "url": "https://www.kaigokensaku.mhlw.go.jp/24/index.php?action_kouhyou_detail_004_kani=true&JigyosyoCd=2472500095-00&ServiceCd=110&Type=search", "url2": null }, "geometry": { "type": "Point", "coordinates": [ 136.3401649, 34.6393679 ] } },
{ "type": "Feature", "properties": { "内容": "ケアステーション　あそか【訪問介護】三重県津市寿町7-11", "url": "https://www.kaigokensaku.mhlw.go.jp/24/index.php?action_kouhyou_detail_004_kani=true&JigyosyoCd=2470501350-00&ServiceCd=110&Type=search", "url2": null }, "geometry": { "type": "Point", "coordinates": [ 136.516505323525962, 34.713520159919923 ] } },
{ "type": "Feature", "properties": { "内容": "訪問介護事業所　わが家【訪問介護】津市河芸町上野字楠ノ木3887-1", "url": "https://www.kaigokensaku.mhlw.go.jp/24/index.php?action_kouhyou_detail_004_kani=true&JigyosyoCd=2472400478-00&ServiceCd=110&Type=search", "url2": null }, "geometry": { "type": "Point", "coordinates": [ 136.5385483, 34.785289599999984 ] } },
{ "type": "Feature", "properties": { "内容": "ヘルパーステーションあおい【訪問介護】三重県津市久居野村町329-25", "url": "https://www.kaigokensaku.mhlw.go.jp/24/index.php?action_kouhyou_detail_004_kani=true&JigyosyoCd=2470505419-00&ServiceCd=110&Type=search", "url2": null }, "geometry": { "type": "Point", "coordinates": [ 136.486422100000027, 34.6755846 ] } },
{ "type": "Feature", "properties": { "内容": "ヘルパーステーション　トマト【訪問介護】三重県津市殿村860-2", "url": "https://www.kaigokensaku.mhlw.go.jp/24/index.php?action_kouhyou_detail_004_kani=true&JigyosyoCd=2450580010-00&ServiceCd=110&Type=search", "url2": "http://www.tomato.or.jp/" }, "geometry": { "type": "Point", "coordinates": [ 136.463139100000035, 34.7262632 ] } },
{ "type": "Feature", "properties": { "内容": "ヘルパーステーションだんだん【訪問介護】一志町石橋239番地1", "url": "https://www.kaigokensaku.mhlw.go.jp/24/index.php?action_kouhyou_detail_004_kani=true&JigyosyoCd=2470503059-00&ServiceCd=110&Type=search", "url2": null }, "geometry": { "type": "Point", "coordinates": [ 136.4073366, 34.6590574 ] } },
{ "type": "Feature", "properties": { "内容": "あったか介護　おひさま【訪問介護】三重県津市高茶屋2丁目35-4", "url": "https://www.kaigokensaku.mhlw.go.jp/24/index.php?action_kouhyou_detail_004_kani=true&JigyosyoCd=2470503711-00&ServiceCd=110&Type=search", "url2": null }, "geometry": { "type": "Point", "coordinates": [ 136.51119264438023, 34.676728707896103 ] } },
{ "type": "Feature", "properties": { "内容": "ヘルパーステーション　花のん【訪問介護】三重県津市一志町高野160-657", "url": "https://www.kaigokensaku.mhlw.go.jp/24/index.php?action_kouhyou_detail_004_kani=true&JigyosyoCd=2470504057-00&ServiceCd=110&Type=search", "url2": null }, "geometry": { "type": "Point", "coordinates": [ 136.428595300000012, 34.6593108 ] } },
{ "type": "Feature", "properties": { "内容": "藤田医科大学訪問介護ななくり【訪問介護】津市東丸之内4-21", "url": "https://www.kaigokensaku.mhlw.go.jp/24/index.php?action_kouhyou_detail_004_kani=true&JigyosyoCd=2470505955-00&ServiceCd=110&Type=search", "url2": "https://nanakuri.fujita-hu.ac.jp" }, "geometry": { "type": "Point", "coordinates": [ 136.510209107700717, 34.716048757613166 ] } },
{ "type": "Feature", "properties": { "内容": "ケアスタジオ　Hauska【訪問介護】三重県津市藤方2138番地６", "url": "https://www.kaigokensaku.mhlw.go.jp/24/index.php?action_kouhyou_detail_004_kani=true&JigyosyoCd=2470505963-00&ServiceCd=110&Type=search", "url2": "https：//hauska-tsu.com" }, "geometry": { "type": "Point", "coordinates": [ 136.514748399999974, 34.6945937 ] } },
{ "type": "Feature", "properties": { "内容": "あいけあセンター【訪問介護】三重県津市白山町728-1", "url": "https://www.kaigokensaku.mhlw.go.jp/24/index.php?action_kouhyou_detail_004_kani=true&JigyosyoCd=2470506151-00&ServiceCd=110&Type=search", "url2": null }, "geometry": { "type": "Point", "coordinates": [ 136.3664238, 34.663384749101873 ] } },
{ "type": "Feature", "properties": { "内容": "津中央ヘルパーステーションシルバーケア豊壽園【訪問介護】三重県津市本町26-13", "url": "https://www.kaigokensaku.mhlw.go.jp/24/index.php?action_kouhyou_detail_004_kani=true&JigyosyoCd=2470501087-00&ServiceCd=110&Type=search", "url2": "http://www.sensin.or.jp/" }, "geometry": { "type": "Point", "coordinates": [ 136.508850199999983, 34.7120249 ] } },
{ "type": "Feature", "properties": { "内容": "セントケア津【訪問介護】三重県津市栄町1-855", "url": "https://www.kaigokensaku.mhlw.go.jp/24/index.php?action_kouhyou_detail_004_kani=true&JigyosyoCd=2470502507-00&ServiceCd=110&Type=search", "url2": "https://saint-care-mie.com" }, "geometry": { "type": "Point", "coordinates": [ 136.510996500000033, 34.7274529 ] } },
{ "type": "Feature", "properties": { "内容": "ヘルパーステーションあんじゅ【訪問介護】三重県津市久居中町134-46", "url": "https://www.kaigokensaku.mhlw.go.jp/24/index.php?action_kouhyou_detail_004_kani=true&JigyosyoCd=2470502895-00&ServiceCd=110&Type=search", "url2": "https://anjyu-hisai.com" }, "geometry": { "type": "Point", "coordinates": [ 136.46562670000003, 34.6793946 ] } },
{ "type": "Feature", "properties": { "内容": "訪問介護ハート3【訪問介護】一志町田尻107番地", "url": "https://www.kaigokensaku.mhlw.go.jp/24/index.php?action_kouhyou_detail_004_kani=true&JigyosyoCd=2470505765-00&ServiceCd=110&Type=search", "url2": null }, "geometry": { "type": "Point", "coordinates": [ 136.432514800000035, 34.6563887 ] } },
{ "type": "Feature", "properties": { "内容": "青松園ホームヘルパー事業所【訪問介護】三重県津市高洲町15番43号", "url": "https://www.kaigokensaku.mhlw.go.jp/24/index.php?action_kouhyou_detail_004_kani=true&JigyosyoCd=2470500287-00&ServiceCd=110&Type=search", "url2": "https://seisyouen.org" }, "geometry": { "type": "Point", "coordinates": [ 136.526306, 34.7257784 ] } },
{ "type": "Feature", "properties": { "内容": "三重県看護協会ヘルパーステーション　なでしこ津【訪問介護】三重県津市森町2019番地7", "url": "https://www.kaigokensaku.mhlw.go.jp/24/index.php?action_kouhyou_detail_004_kani=true&JigyosyoCd=2470502184-00&ServiceCd=110&Type=search", "url2": "https://www.mie-nurse.or.jp" }, "geometry": { "type": "Point", "coordinates": [ 136.423941499999955, 34.6846099 ] } },
{ "type": "Feature", "properties": { "内容": "ハーモニーハウス津　訪問介護事業所【訪問介護】津市久居明神町字風早2077番地", "url": "https://www.kaigokensaku.mhlw.go.jp/24/index.php?action_kouhyou_detail_004_kani=true&JigyosyoCd=2470502762-00&ServiceCd=110&Type=search", "url2": "https://www.h-ikkou.co.jp/harmony_tsu/" }, "geometry": { "type": "Point", "coordinates": [ 136.464756036631769, 34.688071091700721 ] } },
{ "type": "Feature", "properties": { "内容": "TENNEヘルパーステーション【訪問介護】津市稲葉町236番地1", "url": "https://www.kaigokensaku.mhlw.go.jp/24/index.php?action_kouhyou_detail_004_kani=true&JigyosyoCd=2470506425-00&ServiceCd=110&Type=search", "url2": null }, "geometry": { "type": "Point", "coordinates": [ 136.4110404, 34.6939336 ] } },
{ "type": "Feature", "properties": { "内容": "津市社協訪問介護事業所（北部）【訪問介護】津市河芸町浜田８６８番地", "url": "https://www.kaigokensaku.mhlw.go.jp/24/index.php?action_kouhyou_detail_004_kani=true&JigyosyoCd=2472400023-00&ServiceCd=110&Type=search", "url2": "kawage@tsu-shakyo.or.jp" }, "geometry": { "type": "Point", "coordinates": [ 136.531873200000064, 34.7876421 ] } },
{ "type": "Feature", "properties": { "内容": "有限会社　ケア－サ－ビス親和【訪問介護】三重県津市栄町一丁目851番地", "url": "https://www.kaigokensaku.mhlw.go.jp/24/index.php?action_kouhyou_detail_004_kani=true&JigyosyoCd=2470500097-00&ServiceCd=110&Type=search", "url2": null }, "geometry": { "type": "Point", "coordinates": [ 136.510827, 34.7270002 ] } },
{ "type": "Feature", "properties": { "内容": "佳香【訪問介護】三重県津市長岡町８００番地１８８", "url": "https://www.kaigokensaku.mhlw.go.jp/24/index.php?action_kouhyou_detail_004_kani=true&JigyosyoCd=2470506953-00&ServiceCd=110&Type=search", "url2": null }, "geometry": { "type": "Point", "coordinates": [ 136.4909777, 34.743083 ] } },
{ "type": "Feature", "properties": { "内容": "津ヘルパーステーション【訪問介護】津市海岸町18-9", "url": "https://www.kaigokensaku.mhlw.go.jp/24/index.php?action_kouhyou_detail_004_kani=true&JigyosyoCd=2470505872-00&ServiceCd=110&Type=search", "url2": null }, "geometry": { "type": "Point", "coordinates": [ 136.52337940000001, 34.7176485 ] } },
{ "type": "Feature", "properties": { "内容": "介護クラーク津【訪問介護】三重県津市上弁財町19-3", "url": "https://www.kaigokensaku.mhlw.go.jp/24/index.php?action_kouhyou_detail_004_kani=true&JigyosyoCd=2470506961-00&ServiceCd=110&Type=search", "url2": "https://cuc-hospice.com/" }, "geometry": { "type": "Point", "coordinates": [ 136.5084406, 34.7017739 ] } },
{ "type": "Feature", "properties": { "内容": "訪問介護事業所　てあみ【訪問介護】雲出本郷町1236-4", "url": "https://www.kaigokensaku.mhlw.go.jp/24/index.php?action_kouhyou_detail_004_kani=true&JigyosyoCd=2470506821-00&ServiceCd=110&Type=search", "url2": "https://www.teami20250401.com" }, "geometry": { "type": "Point", "coordinates": [ 136.5186688, 34.6630476 ] } },
{ "type": "Feature", "properties": { "内容": "訪問介護事業所　萌【訪問介護】三重県津市南新町1番8新町ハイツ205", "url": "https://www.kaigokensaku.mhlw.go.jp/24/index.php?action_kouhyou_detail_004_kani=true&JigyosyoCd=2470506375-00&ServiceCd=110&Type=search", "url2": null }, "geometry": { "type": "Point", "coordinates": [ 136.4994493, 34.7122371 ] } },
{ "type": "Feature", "properties": { "内容": "ケアステーション　月のあかり【訪問介護】三重県津市藤方1865-1アカツキマンション102", "url": "https://www.kaigokensaku.mhlw.go.jp/24/index.php?action_kouhyou_detail_004_kani=true&JigyosyoCd=2470506672-00&ServiceCd=110&Type=search", "url2": null }, "geometry": { "type": "Point", "coordinates": [ 136.5170147, 34.6934758 ] } },
{ "type": "Feature", "properties": { "内容": "訪問介護事業所サンヒルズ【訪問介護】三重県津市一身田上津部田１４２４", "url": "https://www.kaigokensaku.mhlw.go.jp/24/index.php?action_kouhyou_detail_004_kani=true&JigyosyoCd=2470503273-00&ServiceCd=110&Type=search", "url2": null }, "geometry": { "type": "Point", "coordinates": [ 136.498866799999973, 34.7427864 ] } },
{ "type": "Feature", "properties": { "内容": "ヘルパーステーション　ニャンコの手【訪問介護】三重県津市久居小野辺町字畑山新田1702-1エバーグリーン久居A棟102号", "url": "https://www.kaigokensaku.mhlw.go.jp/24/index.php?action_kouhyou_detail_004_kani=true&JigyosyoCd=2470506995-00&ServiceCd=110&Type=search", "url2": "https://mangetsu-kaigo.jp" }, "geometry": { "type": "Point", "coordinates": [ 136.498214499999989, 34.6798178 ] } },
{ "type": "Feature", "properties": { "内容": "訪問介護事業所　レモンの里【訪問介護】三重県津市神納５０－８MSカノン１０２", "url": "https://www.kaigokensaku.mhlw.go.jp/24/index.php?action_kouhyou_detail_004_kani=true&JigyosyoCd=2470505161-00&ServiceCd=110&Type=search", "url2": null }, "geometry": { "type": "Point", "coordinates": [ 136.487034613491829, 34.717256641580846 ] } },
{ "type": "Feature", "properties": { "内容": "おたすけ工房訪問介護事業所【訪問介護】三重県津市阿漕町津興１１９７", "url": "https://www.kaigokensaku.mhlw.go.jp/24/index.php?action_kouhyou_detail_004_kani=true&JigyosyoCd=2470505484-00&ServiceCd=110&Type=search", "url2": null }, "geometry": { "type": "Point", "coordinates": [ 136.51308610000001, 34.7021905 ] } },
{ "type": "Feature", "properties": { "内容": "すまいるはうす藤方ヘルパーステーション【訪問介護】三重県津市藤方1529番地", "url": "https://www.kaigokensaku.mhlw.go.jp/24/index.php?action_kouhyou_detail_004_kani=true&JigyosyoCd=2470505625-00&ServiceCd=110&Type=search", "url2": "http://www.smile-house.jp" }, "geometry": { "type": "Point", "coordinates": [ 136.509529983367884, 34.688205151670083 ] } },
{ "type": "Feature", "properties": { "内容": "株式会社スウィートナース【訪問介護】三重県津市中河原西興2051", "url": "https://www.kaigokensaku.mhlw.go.jp/24/index.php?action_kouhyou_detail_004_kani=true&JigyosyoCd=2470505997-00&ServiceCd=110&Type=search", "url2": "https://www.sweet-nurse.ne.jp" }, "geometry": { "type": "Point", "coordinates": [ 136.518283952778631, 34.724903471979914 ] } },
{ "type": "Feature", "properties": { "内容": "ヘルパーステーション心むすび【訪問介護】三重県津市栗真町屋町1741-3サニーライフ栗真A-103", "url": "https://www.kaigokensaku.mhlw.go.jp/24/index.php?action_kouhyou_detail_004_kani=true&JigyosyoCd=2470503489-00&ServiceCd=110&Type=search", "url2": null }, "geometry": { "type": "Point", "coordinates": [ 136.518086600000061, 34.7461915 ] } },
{ "type": "Feature", "properties": { "内容": "特定非営利活動法人　在宅支援サービス青空【訪問介護】三重県津市半田212-1", "url": "https://www.kaigokensaku.mhlw.go.jp/24/index.php?action_kouhyou_detail_004_kani=true&JigyosyoCd=2470501111-00&ServiceCd=110&Type=search", "url2": null }, "geometry": { "type": "Point", "coordinates": [ 136.488806271094518, 34.709272354876575 ] } },
{ "type": "Feature", "properties": { "内容": "訪問介護　すみれ【訪問介護】津市末広町30番地", "url": "https://www.kaigokensaku.mhlw.go.jp/24/index.php?action_kouhyou_detail_004_kani=true&JigyosyoCd=2470503497-00&ServiceCd=110&Type=search", "url2": null }, "geometry": { "type": "Point", "coordinates": [ 136.52402103914801, 34.723671052893017 ] } },
{ "type": "Feature", "properties": { "内容": "訪問介護　チアフル【訪問介護】三重県津市末広町1039番地２", "url": "https://www.kaigokensaku.mhlw.go.jp/24/index.php?action_kouhyou_detail_004_kani=true&JigyosyoCd=2470505641-00&ServiceCd=110&Type=search", "url2": null }, "geometry": { "type": "Point", "coordinates": [ 136.524750600000061, 34.7232566 ] } },
{ "type": "Feature", "properties": { "内容": "ナーシングホーム悠ライフ津新町【訪問介護】新町2丁目5番31号", "url": "https://www.kaigokensaku.mhlw.go.jp/24/index.php?action_kouhyou_detail_004_kani=true&JigyosyoCd=2470506755-00&ServiceCd=110&Type=search", "url2": "https：//www.kaigo.kind-life-japan.com/" }, "geometry": { "type": "Point", "coordinates": [ 135.4928622, 34.6769355 ] } },
{ "type": "Feature", "properties": { "内容": "訪問介護事業所　カトレア【訪問介護】津市久居小野辺町925-3", "url": "https://www.kaigokensaku.mhlw.go.jp/24/index.php?action_kouhyou_detail_004_kani=true&JigyosyoCd=2470501228-00&ServiceCd=110&Type=search", "url2": "https://cattleya-care.com/" }, "geometry": { "type": "Point", "coordinates": [ 136.4957081492783, 34.6789081752082 ] } },
{ "type": "Feature", "properties": { "内容": "訪問介護ねこの手【訪問介護】三重県津市豊が丘5丁目19-2", "url": "https://www.kaigokensaku.mhlw.go.jp/24/index.php?action_kouhyou_detail_004_kani=true&JigyosyoCd=2470506318-00&ServiceCd=110&Type=search", "url2": null }, "geometry": { "type": "Point", "coordinates": [ 136.462308400000012, 34.8093241 ] } },
{ "type": "Feature", "properties": { "内容": "訪問介護ステーションかなでの杜【訪問介護】三重県津市藤方2138番地24", "url": "https://www.kaigokensaku.mhlw.go.jp/24/index.php?action_kouhyou_detail_004_kani=true&JigyosyoCd=2470507019-00&ServiceCd=110&Type=search", "url2": null }, "geometry": { "type": "Point", "coordinates": [ 136.5152278, 34.6943061 ] } },
{ "type": "Feature", "properties": { "内容": "ケアステーションたきび【訪問介護】三重県津市殿村332-1", "url": "https://www.kaigokensaku.mhlw.go.jp/24/index.php?action_kouhyou_detail_004_kani=true&JigyosyoCd=2470500568-00&ServiceCd=110&Type=search", "url2": "http://www.cs-takibi.jp" }, "geometry": { "type": "Point", "coordinates": [ 136.4665999, 34.7205475 ] } },
{ "type": "Feature", "properties": { "内容": "訪問介護ステーション妙【訪問介護】三重県津市南中央２－３１", "url": "https://www.kaigokensaku.mhlw.go.jp/24/index.php?action_kouhyou_detail_004_kani=true&JigyosyoCd=2470505674-00&ServiceCd=110&Type=search", "url2": null }, "geometry": { "type": "Point", "coordinates": [ 136.509427599999981, 34.7044328 ] } },
{ "type": "Feature", "properties": { "内容": "グリーンヘルパー【訪問介護】三重県津市一志町井関１441-2", "url": "https://www.kaigokensaku.mhlw.go.jp/24/index.php?action_kouhyou_detail_004_kani=true&JigyosyoCd=2470504792-00&ServiceCd=110&Type=search", "url2": null }, "geometry": { "type": "Point", "coordinates": [ 136.418018348510401, 34.643923938452325 ] } },
{ "type": "Feature", "properties": { "内容": "訪問介護徳人【訪問介護】三重県津市白塚町4608-12メゾンエバンジェルB107号室", "url": "https://www.kaigokensaku.mhlw.go.jp/24/index.php?action_kouhyou_detail_004_kani=true&JigyosyoCd=2470506839-00&ServiceCd=110&Type=search", "url2": null }, "geometry": { "type": "Point", "coordinates": [ 136.5312083, 34.7608431 ] } },
{ "type": "Feature", "properties": { "内容": "株式会社訪問介護事業所ONE【訪問介護】美里町家所8-212", "url": "https://www.kaigokensaku.mhlw.go.jp/24/index.php?action_kouhyou_detail_004_kani=true&JigyosyoCd=2470506607-00&ServiceCd=110&Type=search", "url2": null }, "geometry": { "type": "Point", "coordinates": [ 136.4265222, 34.7296078 ] } },
{ "type": "Feature", "properties": { "内容": "訪問介護ステーション　サクラス【訪問介護】末広町19番地17", "url": "https://www.kaigokensaku.mhlw.go.jp/24/index.php?action_kouhyou_detail_004_kani=true&JigyosyoCd=2470506698-00&ServiceCd=110&Type=search", "url2": null }, "geometry": { "type": "Point", "coordinates": [ 136.522105097518789, 34.722180259429322 ] } },
{ "type": "Feature", "properties": { "内容": "ヘルパーステーションリボーン津【訪問介護】三重県津市栄町4丁目271-1", "url": "https://www.kaigokensaku.mhlw.go.jp/24/index.php?action_kouhyou_detail_004_kani=true&JigyosyoCd=2470506763-00&ServiceCd=110&Type=search", "url2": "https://reborn-corp.com/" }, "geometry": { "type": "Point", "coordinates": [ 136.5141749, 34.7354053 ] } },
{ "type": "Feature", "properties": { "内容": "ヘルパーステーション彩り【訪問介護】三重県津市末広町994番地", "url": "https://www.kaigokensaku.mhlw.go.jp/24/index.php?action_kouhyou_detail_004_kani=true&JigyosyoCd=2470506029-00&ServiceCd=110&Type=search", "url2": null }, "geometry": { "type": "Point", "coordinates": [ 136.5246864, 34.7207829 ] } },
{ "type": "Feature", "properties": { "内容": "アルファメイク【訪問介護】三重県津市雲出長常町1548番地", "url": "https://www.kaigokensaku.mhlw.go.jp/24/index.php?action_kouhyou_detail_004_kani=true&JigyosyoCd=2470506300-00&ServiceCd=110&Type=search", "url2": null }, "geometry": { "type": "Point", "coordinates": [ 136.526714700000014, 34.664556800000014 ] } },
{ "type": "Feature", "properties": { "内容": "ヘルパーステーションくれいん【訪問介護】三重県津市久居東鷹跡町243クレインプラザ", "url": "https://www.kaigokensaku.mhlw.go.jp/24/index.php?action_kouhyou_detail_004_kani=true&JigyosyoCd=2470506482-00&ServiceCd=110&Type=search", "url2": "http://crainplaza.com/" }, "geometry": { "type": "Point", "coordinates": [ 136.4702916, 34.6753826 ] } },
{ "type": "Feature", "properties": { "内容": "芹の里訪問介護事業【訪問介護】津市久居井戸山町707番地の3", "url": "https://www.kaigokensaku.mhlw.go.jp/24/index.php?action_kouhyou_detail_004_kani=true&JigyosyoCd=2470600129-00&ServiceCd=110&Type=search", "url2": "https://seri-clinic.jp" }, "geometry": { "type": "Point", "coordinates": [ 136.483017229360939, 34.668508680069323 ] } },
{ "type": "Feature", "properties": { "内容": "ヘルパーステーション　はなの音【訪問介護】津市高茶屋小森町1511-1T＆M205号室", "url": "https://www.kaigokensaku.mhlw.go.jp/24/index.php?action_kouhyou_detail_004_kani=true&JigyosyoCd=2470506722-00&ServiceCd=110&Type=search", "url2": "https://www.sakura-atra.com/" }, "geometry": { "type": "Point", "coordinates": [ 136.5031703, 34.6621832 ] } },
{ "type": "Feature", "properties": { "内容": "ヘルパーステーション　笑みたす２nd【訪問介護】三重県津市大倉4-23", "url": "https://www.kaigokensaku.mhlw.go.jp/24/index.php?action_kouhyou_detail_004_kani=true&JigyosyoCd=2470506219-00&ServiceCd=110&Type=search", "url2": null }, "geometry": { "type": "Point", "coordinates": [ 136.507401, 34.7010509 ] } },
{ "type": "Feature", "properties": { "内容": "ヘルパーステーション　笑みたす【訪問介護】三重県津市高茶屋小森町5番地", "url": "https://www.kaigokensaku.mhlw.go.jp/24/index.php?action_kouhyou_detail_004_kani=true&JigyosyoCd=2470505245-00&ServiceCd=110&Type=search", "url2": "https://emitas.net" }, "geometry": { "type": "Point", "coordinates": [ 136.511785504368618, 34.66437474999757 ] } },
{ "type": "Feature", "properties": { "内容": "訪問介護ステーション　スリースマイル【訪問介護】三重県津市岩田３番５号", "url": "https://www.kaigokensaku.mhlw.go.jp/24/index.php?action_kouhyou_detail_004_kani=true&JigyosyoCd=2470504784-00&ServiceCd=110&Type=search", "url2": null }, "geometry": { "type": "Point", "coordinates": [ 136.505459100000053, 34.7090003 ] } },
{ "type": "Feature", "properties": { "内容": "ヘルパーステーション　あんしん【訪問介護】三重県津市庄田町3561-1", "url": "https://www.kaigokensaku.mhlw.go.jp/24/index.php?action_kouhyou_detail_004_kani=true&JigyosyoCd=2470501046-00&ServiceCd=110&Type=search", "url2": "http://www.anshin-shouda.jp" }, "geometry": { "type": "Point", "coordinates": [ 136.427044427985606, 34.678460164796675 ] } },
{ "type": "Feature", "properties": { "内容": "合同会社すいーとぴぃ【訪問介護】三重県四日市市野田二丁目5番21号", "url": "https://www.kaigokensaku.mhlw.go.jp/24/index.php?action_kouhyou_detail_004_kani=true&JigyosyoCd=2470206299-00&ServiceCd=110&Type=search", "url2": null }, "geometry": { "type": "Point", "coordinates": [ 136.6067272, 34.9829787 ] } },
{ "type": "Feature", "properties": { "内容": "介護センターつくし【訪問介護】三重県四日市市楠町北五味塚1948番地の1", "url": "https://www.kaigokensaku.mhlw.go.jp/24/index.php?action_kouhyou_detail_004_kani=true&JigyosyoCd=2472200324-00&ServiceCd=110&Type=search", "url2": null }, "geometry": { "type": "Point", "coordinates": [ 136.627916599999907, 34.918353 ] } },
{ "type": "Feature", "properties": { "内容": "ヘルパーステーション　すこやか【訪問介護】三重県四日市市生桑町654-1すこやかレジデンス", "url": "https://www.kaigokensaku.mhlw.go.jp/24/index.php?action_kouhyou_detail_004_kani=true&JigyosyoCd=2470205036-00&ServiceCd=110&Type=search", "url2": "http://sukoyaka-residence.com/" }, "geometry": { "type": "Point", "coordinates": [ 136.597745716448657, 34.983101285278394 ] } },
{ "type": "Feature", "properties": { "内容": "医療法人富田浜病院　訪問介護事業所【訪問介護】三重県四日市市東茂福町3番19号", "url": "https://www.kaigokensaku.mhlw.go.jp/24/index.php?action_kouhyou_detail_004_kani=true&JigyosyoCd=2470206190-00&ServiceCd=110&Type=search", "url2": null }, "geometry": { "type": "Point", "coordinates": [ 136.6480565, 34.9973723 ] } },
{ "type": "Feature", "properties": { "内容": "フレアスヘルパーステーション四日市あさけ【訪問介護】三重県四日市市大矢知町1007-2グリーンハイツ201号室", "url": "https://www.kaigokensaku.mhlw.go.jp/24/index.php?action_kouhyou_detail_004_kani=true&JigyosyoCd=2470206539-00&ServiceCd=110&Type=search", "url2": null }, "geometry": { "type": "Point", "coordinates": [ 136.6390269, 35.0200182 ] } },
{ "type": "Feature", "properties": { "内容": "訪問介護ステーション　ラーゴム【訪問介護】三重県四日市市富田一色町30番58号", "url": "https://www.kaigokensaku.mhlw.go.jp/24/index.php?action_kouhyou_detail_004_kani=true&JigyosyoCd=2470206554-00&ServiceCd=110&Type=search", "url2": null }, "geometry": { "type": "Point", "coordinates": [ 136.6637704, 35.006951799999968 ] } },
{ "type": "Feature", "properties": { "内容": "ケア工房ゑまふ【訪問介護】三重県四日市市西松本町4番22号", "url": "https://www.kaigokensaku.mhlw.go.jp/24/index.php?action_kouhyou_detail_004_kani=true&JigyosyoCd=2470205572-00&ServiceCd=110&Type=search", "url2": "http://emau.jp" }, "geometry": { "type": "Point", "coordinates": [ 136.587167118058431, 34.970612174022875 ] } },
{ "type": "Feature", "properties": { "内容": "訪問介護ステーション富田ひまわり【訪問介護】三重県四日市市富田一色町9-15", "url": "https://www.kaigokensaku.mhlw.go.jp/24/index.php?action_kouhyou_detail_004_kani=true&JigyosyoCd=2470205861-00&ServiceCd=110&Type=search", "url2": null }, "geometry": { "type": "Point", "coordinates": [ 136.661371800000012, 35.0045292 ] } },
{ "type": "Feature", "properties": { "内容": "稲穂【訪問介護】山田町４４０５番地３", "url": "https://www.kaigokensaku.mhlw.go.jp/24/index.php?action_kouhyou_detail_004_kani=true&JigyosyoCd=2470206349-00&ServiceCd=110&Type=search", "url2": null }, "geometry": { "type": "Point", "coordinates": [ 136.541575, 34.946747 ] } },
{ "type": "Feature", "properties": { "内容": "訪問介護ステーション　四日市ひまわり【訪問介護】三重県四日市市新正5丁目4-35", "url": "https://www.kaigokensaku.mhlw.go.jp/24/index.php?action_kouhyou_detail_004_kani=true&JigyosyoCd=2470205085-00&ServiceCd=110&Type=search", "url2": null }, "geometry": { "type": "Point", "coordinates": [ 136.613345507270878, 34.956466130824339 ] } },
{ "type": "Feature", "properties": { "内容": "ニチイケアセンター四日市【訪問介護】三重県四日市市城西町１３－２８第二大誠ビル１階", "url": "https://www.kaigokensaku.mhlw.go.jp/24/index.php?action_kouhyou_detail_004_kani=true&JigyosyoCd=2470200292-00&ServiceCd=110&Type=search", "url2": "http://www.nichiigakkan.co.jp" }, "geometry": { "type": "Point", "coordinates": [ 136.600178899999946, 34.9666863 ] } },
{ "type": "Feature", "properties": { "内容": "訪問介護しらゆりケア【訪問介護】三重県四日市市日永西2-9-10ナーシングホームしらゆりケア", "url": "https://www.kaigokensaku.mhlw.go.jp/24/index.php?action_kouhyou_detail_004_kani=true&JigyosyoCd=2470205655-00&ServiceCd=110&Type=search", "url2": "http://planb-shirayuri.com/" }, "geometry": { "type": "Point", "coordinates": [ 136.598814767137668, 34.953411331355554 ] } },
{ "type": "Feature", "properties": { "内容": "ヘルパーステーション杉の木【訪問介護】四日市市東日野町３５４番地６", "url": "https://www.kaigokensaku.mhlw.go.jp/24/index.php?action_kouhyou_detail_004_kani=true&JigyosyoCd=2470202827-00&ServiceCd=110&Type=search", "url2": null }, "geometry": { "type": "Point", "coordinates": [ 136.596282200000019, 34.9588453 ] } },
{ "type": "Feature", "properties": { "内容": "訪問介護きろろ【訪問介護】三重県四日市市三重1丁目105", "url": "https://www.kaigokensaku.mhlw.go.jp/24/index.php?action_kouhyou_detail_004_kani=true&JigyosyoCd=2470205580-00&ServiceCd=110&Type=search", "url2": null }, "geometry": { "type": "Point", "coordinates": [ 136.629294399999907, 34.9987471 ] } },
{ "type": "Feature", "properties": { "内容": "公益社団法人四日市市シルバー人材センター【訪問介護】三重県四日市市十七軒町９番１０号", "url": "https://www.kaigokensaku.mhlw.go.jp/24/index.php?action_kouhyou_detail_004_kani=true&JigyosyoCd=2470201621-00&ServiceCd=110&Type=search", "url2": "https://www.yokkaiti-sjc.or.jp" }, "geometry": { "type": "Point", "coordinates": [ 136.624579499999982, 34.9576493 ] } },
{ "type": "Feature", "properties": { "内容": "ケアサービス菜の花【訪問介護】三重県四日市市八千代台３－１－６７", "url": "https://www.kaigokensaku.mhlw.go.jp/24/index.php?action_kouhyou_detail_004_kani=true&JigyosyoCd=2470201795-00&ServiceCd=110&Type=search", "url2": "http://care-net.biz/nanohano/" }, "geometry": { "type": "Point", "coordinates": [ 136.580526299999974, 35.0311396 ] } },
{ "type": "Feature", "properties": { "内容": "訪問介護事業所ケアヒルズ四日市【訪問介護】三重県四日市市大字日永5380-157", "url": "https://www.kaigokensaku.mhlw.go.jp/24/index.php?action_kouhyou_detail_004_kani=true&JigyosyoCd=2470205416-00&ServiceCd=110&Type=search", "url2": "https://care-hills.com/" }, "geometry": { "type": "Point", "coordinates": [ 136.586747800220252, 34.944607472829695 ] } },
{ "type": "Feature", "properties": { "内容": "訪問介護ステーション　まめ助【訪問介護】三重県四日市市尾平町195番1", "url": "https://www.kaigokensaku.mhlw.go.jp/24/index.php?action_kouhyou_detail_004_kani=true&JigyosyoCd=2470205325-00&ServiceCd=110&Type=search", "url2": "https://process-care.co.jp/mamesuke/index.html" }, "geometry": { "type": "Point", "coordinates": [ 136.587516598921894, 34.974563374209069 ] } },
{ "type": "Feature", "properties": { "内容": "ヘルパーステーション　まめ蔵【訪問介護】釆女町１７１６番地１サービス付き高齢者向け住宅　まめ蔵", "url": "https://www.kaigokensaku.mhlw.go.jp/24/index.php?action_kouhyou_detail_004_kani=true&JigyosyoCd=2470205648-00&ServiceCd=110&Type=search", "url2": null }, "geometry": { "type": "Point", "coordinates": [ 136.57671449999998, 34.9250869 ] } },
{ "type": "Feature", "properties": { "内容": "ヘルパーステーション傳々【訪問介護】三重県四日市市室山町1655番17", "url": "https://www.kaigokensaku.mhlw.go.jp/24/index.php?action_kouhyou_detail_004_kani=true&JigyosyoCd=2470206331-00&ServiceCd=110&Type=search", "url2": "https://process-care.co.jp" }, "geometry": { "type": "Point", "coordinates": [ 136.5799189, 34.95329862609654 ] } },
{ "type": "Feature", "properties": { "内容": "ヘルパーステーションこまち【訪問介護】三重県四日市市久保田二丁目10-13TOYOTAactionBuild,オフィス棟2階", "url": "https://www.kaigokensaku.mhlw.go.jp/24/index.php?action_kouhyou_detail_004_kani=true&JigyosyoCd=2470206588-00&ServiceCd=110&Type=search", "url2": "https://luise.jp" }, "geometry": { "type": "Point", "coordinates": [ 136.608327, 34.9745154 ] } },
{ "type": "Feature", "properties": { "内容": "ヘルプサービスまる　四日市【訪問介護】三重県四日市市川島町736番2", "url": "https://www.kaigokensaku.mhlw.go.jp/24/index.php?action_kouhyou_detail_004_kani=true&JigyosyoCd=2470204120-00&ServiceCd=110&Type=search", "url2": null }, "geometry": { "type": "Point", "coordinates": [ 136.5708479, 34.9721243 ] } },
{ "type": "Feature", "properties": { "内容": "訪問介護リベル　四日市【訪問介護】三重県四日市市赤堀南町2-25", "url": "https://www.kaigokensaku.mhlw.go.jp/24/index.php?action_kouhyou_detail_004_kani=true&JigyosyoCd=2470206661-00&ServiceCd=110&Type=search", "url2": "https://www.libercare.jp/location/hospice/yokkaichi/" }, "geometry": { "type": "Point", "coordinates": [ 136.611369621426434, 34.9570618 ] } },
{ "type": "Feature", "properties": { "内容": "訪問介護リベル　四日市あさけ【訪問介護】三重県四日市市下さざらい町11-8", "url": "https://www.kaigokensaku.mhlw.go.jp/24/index.php?action_kouhyou_detail_004_kani=true&JigyosyoCd=2470206679-00&ServiceCd=110&Type=search", "url2": "https://www.libercare.jp/location/hospice/yokkaichi-asake/" }, "geometry": { "type": "Point", "coordinates": [ 136.641489960713187, 35.019998100000024 ] } },
{ "type": "Feature", "properties": { "内容": "ケアサービスまる北【訪問介護】四日市市伊坂町1636－4", "url": "https://www.kaigokensaku.mhlw.go.jp/24/index.php?action_kouhyou_detail_004_kani=true&JigyosyoCd=2470204385-00&ServiceCd=110&Type=search", "url2": "www.isism.jp/" }, "geometry": { "type": "Point", "coordinates": [ 136.631115499999964, 35.031643100000018 ] } },
{ "type": "Feature", "properties": { "内容": "訪問介護ステーションよいかん四日市北【訪問介護】松寺二丁目５番１８号アシステッドナーシングよい館四日市北", "url": "https://www.kaigokensaku.mhlw.go.jp/24/index.php?action_kouhyou_detail_004_kani=true&JigyosyoCd=2470205283-00&ServiceCd=110&Type=search", "url2": "http://www.bond-ym.co.jp" }, "geometry": { "type": "Point", "coordinates": [ 136.659111105032366, 35.021989349466814 ] } },
{ "type": "Feature", "properties": { "内容": "合同会社あじさい【訪問介護】四日市市阿倉川町4番3号", "url": "https://www.kaigokensaku.mhlw.go.jp/24/index.php?action_kouhyou_detail_004_kani=true&JigyosyoCd=2470206711-00&ServiceCd=110&Type=search", "url2": null }, "geometry": { "type": "Point", "coordinates": [ 136.6250423, 34.9848281 ] } },
{ "type": "Feature", "properties": { "内容": "有限会社　ライフサービス　翔【訪問介護】三重県四日市市室山町２２６番地", "url": "https://www.kaigokensaku.mhlw.go.jp/24/index.php?action_kouhyou_detail_004_kani=true&JigyosyoCd=2470201761-00&ServiceCd=110&Type=search", "url2": null }, "geometry": { "type": "Point", "coordinates": [ 136.579828678847093, 34.953780649194435 ] } },
{ "type": "Feature", "properties": { "内容": "あみーごライフ四日市【訪問介護】三重県四日市市波木町2040-6", "url": "https://www.kaigokensaku.mhlw.go.jp/24/index.php?action_kouhyou_detail_004_kani=true&JigyosyoCd=2470205267-00&ServiceCd=110&Type=search", "url2": "http://amigo-net.jp/" }, "geometry": { "type": "Point", "coordinates": [ 136.574517872352516, 34.937054113419237 ] } },
{ "type": "Feature", "properties": { "内容": "ヘルパーステイションぴーす【訪問介護】三重県四日市市南松本町９番地１１", "url": "https://www.kaigokensaku.mhlw.go.jp/24/index.php?action_kouhyou_detail_004_kani=true&JigyosyoCd=2470205291-00&ServiceCd=110&Type=search", "url2": "https://www.kaigo-peace.com" }, "geometry": { "type": "Point", "coordinates": [ 136.581139, 34.9666332 ] } },
{ "type": "Feature", "properties": { "内容": "ひまわりケアサービス富田【訪問介護】三重県四日市市下之宮町字位田222番1", "url": "https://www.kaigokensaku.mhlw.go.jp/24/index.php?action_kouhyou_detail_004_kani=true&JigyosyoCd=2470206083-00&ServiceCd=110&Type=search", "url2": "https://himawari-care-s.com/" }, "geometry": { "type": "Point", "coordinates": [ 136.642778, 35.0156383 ] } },
{ "type": "Feature", "properties": { "内容": "ハピネスやさと訪問介護事業所【訪問介護】四日市市千代田町３２５－１", "url": "https://www.kaigokensaku.mhlw.go.jp/24/index.php?action_kouhyou_detail_004_kani=true&JigyosyoCd=2470200557-00&ServiceCd=110&Type=search", "url2": "http://www.apatheia.jp" }, "geometry": { "type": "Point", "coordinates": [ 136.624915900000019, 35.0310238 ] } },
{ "type": "Feature", "properties": { "内容": "アースサポート四日市【訪問介護】三重県四日市市鵜の森二丁目2番1号", "url": "https://www.kaigokensaku.mhlw.go.jp/24/index.php?action_kouhyou_detail_004_kani=true&JigyosyoCd=2470203411-00&ServiceCd=110&Type=search", "url2": "http://www.earthsupport.co.jp" }, "geometry": { "type": "Point", "coordinates": [ 136.61264970000002, 34.9677144 ] } },
{ "type": "Feature", "properties": { "内容": "ヘルパーステーション　まほろば【訪問介護】三重県四日市市東日野町１８番地3", "url": "https://www.kaigokensaku.mhlw.go.jp/24/index.php?action_kouhyou_detail_004_kani=true&JigyosyoCd=2470206315-00&ServiceCd=110&Type=search", "url2": "http://www.mahorobakaigo.com" }, "geometry": { "type": "Point", "coordinates": [ 136.59459988096134, 34.954055331158358 ] } },
{ "type": "Feature", "properties": { "内容": "指定訪問介護サービスぶどうの家【訪問介護】三重県四日市市あかつき台二丁目１－１5", "url": "https://www.kaigokensaku.mhlw.go.jp/24/index.php?action_kouhyou_detail_004_kani=true&JigyosyoCd=2470201696-00&ServiceCd=110&Type=search", "url2": "https://www.budouno-ie.com" }, "geometry": { "type": "Point", "coordinates": [ 136.602078857672154, 35.02748479099747 ] } },
{ "type": "Feature", "properties": { "内容": "LTS訪問介護サービスセンター【訪問介護】三重県四日市市大治田2丁目18-19", "url": "https://www.kaigokensaku.mhlw.go.jp/24/index.php?action_kouhyou_detail_004_kani=true&JigyosyoCd=2470202769-00&ServiceCd=110&Type=search", "url2": "http://www.life-techno.jp/index-ikoi-obata.htm" }, "geometry": { "type": "Point", "coordinates": [ 136.600076899999976, 34.931312 ] } },
{ "type": "Feature", "properties": { "内容": "みえ医療福祉生協ヘルパーステーションいくわ【訪問介護】四日市市生桑町１４５５番地", "url": "https://www.kaigokensaku.mhlw.go.jp/24/index.php?action_kouhyou_detail_004_kani=true&JigyosyoCd=2470203429-00&ServiceCd=110&Type=search", "url2": "http://www.y-medico.com" }, "geometry": { "type": "Point", "coordinates": [ 136.596395700000016, 34.9797794 ] } },
{ "type": "Feature", "properties": { "内容": "陽　光　苑【訪問介護】三重県四日市市西坂部町1127番地", "url": "https://www.kaigokensaku.mhlw.go.jp/24/index.php?action_kouhyou_detail_004_kani=true&JigyosyoCd=2470200417-00&ServiceCd=110&Type=search", "url2": "http://www.miefukusikai.jp/" }, "geometry": { "type": "Point", "coordinates": [ 136.586632, 35.0074542 ] } },
{ "type": "Feature", "properties": { "内容": "社会福祉法人四日市市社会福祉協議会訪問介護事業所【訪問介護】三重県四日市市本町9番8号本町プラザ４階", "url": "https://www.kaigokensaku.mhlw.go.jp/24/index.php?action_kouhyou_detail_004_kani=true&JigyosyoCd=2470200136-00&ServiceCd=110&Type=search", "url2": "http://yokkaichi-shakyo.or.jp/" }, "geometry": { "type": "Point", "coordinates": [ 136.629075821981786, 34.965442464084923 ] } },
{ "type": "Feature", "properties": { "内容": "アクア大治田訪問介護【訪問介護】三重県四日市市大治田3丁目1番32号", "url": "https://www.kaigokensaku.mhlw.go.jp/24/index.php?action_kouhyou_detail_004_kani=true&JigyosyoCd=2470206471-00&ServiceCd=110&Type=search", "url2": null }, "geometry": { "type": "Point", "coordinates": [ 136.5990722, 34.9283526 ] } },
{ "type": "Feature", "properties": { "内容": "訪問介護キョウユウサービス【訪問介護】三重県四日市市浮橋二丁目２３番地１１", "url": "https://www.kaigokensaku.mhlw.go.jp/24/index.php?action_kouhyou_detail_004_kani=true&JigyosyoCd=2470203296-00&ServiceCd=110&Type=search", "url2": null }, "geometry": { "type": "Point", "coordinates": [ 136.572906200000034, 34.9694746 ] } },
{ "type": "Feature", "properties": { "内容": "ゴールドエイジ四日市営業所【訪問介護】三重県四日市市城西町７－３２", "url": "https://www.kaigokensaku.mhlw.go.jp/24/index.php?action_kouhyou_detail_004_kani=true&JigyosyoCd=2470203304-00&ServiceCd=110&Type=search", "url2": "http://www.goldage.jp" }, "geometry": { "type": "Point", "coordinates": [ 136.603439699999967, 34.9642172 ] } },
{ "type": "Feature", "properties": { "内容": "ヘルパーステーション花びより【訪問介護】笹川3丁目21番1号", "url": "https://www.kaigokensaku.mhlw.go.jp/24/index.php?action_kouhyou_detail_004_kani=true&JigyosyoCd=2470205101-00&ServiceCd=110&Type=search", "url2": "hanbiyori.net" }, "geometry": { "type": "Point", "coordinates": [ 136.572927543389369, 34.952845774749044 ] } },
{ "type": "Feature", "properties": { "内容": "ゴールドエイジ三重営業所【訪問介護】三重県四日市市城西町7-32", "url": "https://www.kaigokensaku.mhlw.go.jp/24/index.php?action_kouhyou_detail_004_kani=true&JigyosyoCd=2470206075-00&ServiceCd=110&Type=search", "url2": "http://www.goldage.jp" }, "geometry": { "type": "Point", "coordinates": [ 136.6034979, 34.9642365 ] } },
{ "type": "Feature", "properties": { "内容": "ヘルパーステーション晴れる家【訪問介護】三重県四日市市東日野町1288番地70", "url": "https://www.kaigokensaku.mhlw.go.jp/24/index.php?action_kouhyou_detail_004_kani=true&JigyosyoCd=2470206703-00&ServiceCd=110&Type=search", "url2": null }, "geometry": { "type": "Point", "coordinates": [ 136.590923299999986, 34.9592896 ] } },
{ "type": "Feature", "properties": { "内容": "セントケア四日市【訪問介護】三重県四日市市新正4丁目7-5", "url": "https://www.kaigokensaku.mhlw.go.jp/24/index.php?action_kouhyou_detail_004_kani=true&JigyosyoCd=2470202538-00&ServiceCd=110&Type=search", "url2": "https://saint-care-mie.com" }, "geometry": { "type": "Point", "coordinates": [ 136.616716499999939, 34.9556298 ] } },
{ "type": "Feature", "properties": { "内容": "セントケア北四日市【訪問介護】三重県四日市市下さざらい町5-17", "url": "https://www.kaigokensaku.mhlw.go.jp/24/index.php?action_kouhyou_detail_004_kani=true&JigyosyoCd=2470202603-00&ServiceCd=110&Type=search", "url2": "https://saint-care-mie.com" }, "geometry": { "type": "Point", "coordinates": [ 136.64392620000001, 35.0199723 ] } },
{ "type": "Feature", "properties": { "内容": "ヘルパーステーション　よつば【訪問介護】三重県四日市市小林町字小林新田3019-263", "url": "https://www.kaigokensaku.mhlw.go.jp/24/index.php?action_kouhyou_detail_004_kani=true&JigyosyoCd=2470206091-00&ServiceCd=110&Type=search", "url2": "http://shiawase-senior.co.jp/wp-login.php" }, "geometry": { "type": "Point", "coordinates": [ 136.548052477177237, 34.954845872453873 ] } },
{ "type": "Feature", "properties": { "内容": "からふるサポート日永【訪問介護】三重県四日市市日永5450番40からふる庭園日永", "url": "https://www.kaigokensaku.mhlw.go.jp/24/index.php?action_kouhyou_detail_004_kani=true&JigyosyoCd=2470206133-00&ServiceCd=110&Type=search", "url2": "https://colofulgarden.jp" }, "geometry": { "type": "Point", "coordinates": [ 136.591049100000021, 34.943665300000021 ] } },
{ "type": "Feature", "properties": { "内容": "みたき在宅ケアセンター【訪問介護】四日市市生桑町菰池４５８－１", "url": "https://www.kaigokensaku.mhlw.go.jp/24/index.php?action_kouhyou_detail_004_kani=true&JigyosyoCd=2470201753-00&ServiceCd=110&Type=search", "url2": "https://mitaki.or.jp" }, "geometry": { "type": "Point", "coordinates": [ 136.603543740397612, 34.98057823649453 ] } },
{ "type": "Feature", "properties": { "内容": "英水苑　ホームヘルプサービス【訪問介護】九の城町9-17", "url": "https://www.kaigokensaku.mhlw.go.jp/24/index.php?action_kouhyou_detail_004_kani=true&JigyosyoCd=2470204922-00&ServiceCd=110&Type=search", "url2": "http://www.eisuikai.jp/" }, "geometry": { "type": "Point", "coordinates": [ 136.614034303811337, 34.963640741144154 ] } },
{ "type": "Feature", "properties": { "内容": "訪問介護　ティーダアパラギ【訪問介護】四日市市桜台本町62番地", "url": "https://www.kaigokensaku.mhlw.go.jp/24/index.php?action_kouhyou_detail_004_kani=true&JigyosyoCd=2470205135-00&ServiceCd=110&Type=search", "url2": null }, "geometry": { "type": "Point", "coordinates": [ 136.53970819999995, 34.9896667 ] } },
{ "type": "Feature", "properties": { "内容": "株式会社安心　介護サービスセンター【訪問介護】三重県四日市市八王子町2474-4パルネット笹川102号", "url": "https://www.kaigokensaku.mhlw.go.jp/24/index.php?action_kouhyou_detail_004_kani=true&JigyosyoCd=2470206208-00&ServiceCd=110&Type=search", "url2": null }, "geometry": { "type": "Point", "coordinates": [ 136.56848057755451, 34.950787654946765 ] } },
{ "type": "Feature", "properties": { "内容": "エース【訪問介護】三重県四日市市生桑町７７－１プロスパいくわ", "url": "https://www.kaigokensaku.mhlw.go.jp/24/index.php?action_kouhyou_detail_004_kani=true&JigyosyoCd=2470206463-00&ServiceCd=110&Type=search", "url2": "http://ace-basemie.com" }, "geometry": { "type": "Point", "coordinates": [ 136.599022364714045, 34.98806449418305 ] } },
{ "type": "Feature", "properties": { "内容": "特定非営利活動法人　さわやか【訪問介護】四日市市西町8番2号", "url": "https://www.kaigokensaku.mhlw.go.jp/24/index.php?action_kouhyou_detail_004_kani=true&JigyosyoCd=2470201340-00&ServiceCd=110&Type=search", "url2": null }, "geometry": { "type": "Point", "coordinates": [ 136.620859600000017, 34.9720947 ] } },
{ "type": "Feature", "properties": { "内容": "訪問介護　なないろ【訪問介護】四日市市あかつき台五丁目2番地5", "url": "https://www.kaigokensaku.mhlw.go.jp/24/index.php?action_kouhyou_detail_004_kani=true&JigyosyoCd=2470205374-00&ServiceCd=110&Type=search", "url2": null }, "geometry": { "type": "Point", "coordinates": [ 136.595168652427049, 35.028910625317479 ] } },
{ "type": "Feature", "properties": { "内容": "YMCA在宅介護サービスセンター・訪問介護事業所【訪問介護】三重県四日市市羽津山町１番１９号", "url": "https://www.kaigokensaku.mhlw.go.jp/24/index.php?action_kouhyou_detail_004_kani=true&JigyosyoCd=2470201068-00&ServiceCd=110&Type=search", "url2": "https://ymca-fukushi.jp/" }, "geometry": { "type": "Point", "coordinates": [ 136.628930706705688, 34.986663362209683 ] } },
{ "type": "Feature", "properties": { "内容": "訪問介護事業所ライフサポート【訪問介護】三重県四日市市大矢知町930番地3", "url": "https://www.kaigokensaku.mhlw.go.jp/24/index.php?action_kouhyou_detail_004_kani=true&JigyosyoCd=2470205457-00&ServiceCd=110&Type=search", "url2": "https://danran-kaigo.com/" }, "geometry": { "type": "Point", "coordinates": [ 136.63955031534428, 35.018563900873872 ] } },
{ "type": "Feature", "properties": { "内容": "四郷在宅介護サービスセンター【訪問介護】三重県四日市市西日野町小溝野4015", "url": "https://www.kaigokensaku.mhlw.go.jp/24/index.php?action_kouhyou_detail_004_kani=true&JigyosyoCd=2470200151-00&ServiceCd=110&Type=search", "url2": "http://www.normari.jp" }, "geometry": { "type": "Point", "coordinates": [ 136.58841910000001, 34.9599227 ] } },
{ "type": "Feature", "properties": { "内容": "訪問介護事業所　福ちゃん【訪問介護】三重県四日市市小杉町299-1", "url": "https://www.kaigokensaku.mhlw.go.jp/24/index.php?action_kouhyou_detail_004_kani=true&JigyosyoCd=2470205358-00&ServiceCd=110&Type=search", "url2": "http://taxi29chan.jimdo.com/" }, "geometry": { "type": "Point", "coordinates": [ 136.605305899999962, 34.9719637 ] } },
{ "type": "Feature", "properties": { "内容": "訪問介護事業ハッピーランプ【訪問介護】四日市市西日野町２８０６ー１", "url": "https://www.kaigokensaku.mhlw.go.jp/24/index.php?action_kouhyou_detail_004_kani=true&JigyosyoCd=2470202124-00&ServiceCd=110&Type=search", "url2": "http://www.shikinosato.or.jp" }, "geometry": { "type": "Point", "coordinates": [ 136.589313070301387, 34.958436803633866 ] } },
{ "type": "Feature", "properties": { "内容": "介護予防訪問介護　織りがみ・南ステーション【訪問介護】四日市市川島町６６５９", "url": "https://www.kaigokensaku.mhlw.go.jp/24/index.php?action_kouhyou_detail_004_kani=true&JigyosyoCd=2470201944-00&ServiceCd=110&Type=search", "url2": "http://origami-kaigo.com/" }, "geometry": { "type": "Point", "coordinates": [ 136.564857330789579, 34.978360304416526 ] } },
{ "type": "Feature", "properties": { "内容": "ヘルパーステーションくるみ【訪問介護】三重県四日市市笹川三丁目141-3", "url": "https://www.kaigokensaku.mhlw.go.jp/24/index.php?action_kouhyou_detail_004_kani=true&JigyosyoCd=2470205960-00&ServiceCd=110&Type=search", "url2": null }, "geometry": { "type": "Point", "coordinates": [ 136.5705696, 34.9514325 ] } },
{ "type": "Feature", "properties": { "内容": "介護予防・訪問介護　織りがみ・北ステーション【訪問介護】四日市市川北１－１１－１１", "url": "https://www.kaigokensaku.mhlw.go.jp/24/index.php?action_kouhyou_detail_004_kani=true&JigyosyoCd=2470204609-00&ServiceCd=110&Type=search", "url2": null }, "geometry": { "type": "Point", "coordinates": [ 136.64660379999998, 35.0190502 ] } },
{ "type": "Feature", "properties": { "内容": "ヴィラ四日市在宅介護サービスセンター（訪問介護事業）【訪問介護】三重県四日市市垂坂町8番地の2", "url": "https://www.kaigokensaku.mhlw.go.jp/24/index.php?action_kouhyou_detail_004_kani=true&JigyosyoCd=2470203007-00&ServiceCd=110&Type=search", "url2": "http//yokkaichi.tokuyou.jp/index.html" }, "geometry": { "type": "Point", "coordinates": [ 136.627655399999981, 35.0053741 ] } },
{ "type": "Feature", "properties": { "内容": "ヘルパーステーション　オリーブ【訪問介護】三重県四日市市小林町字小林新田3018-23", "url": "https://www.kaigokensaku.mhlw.go.jp/24/index.php?action_kouhyou_detail_004_kani=true&JigyosyoCd=2470203783-00&ServiceCd=110&Type=search", "url2": null }, "geometry": { "type": "Point", "coordinates": [ 136.537883299999976, 34.9571948 ] } },
{ "type": "Feature", "properties": { "内容": "訪問介護ステーションよいかん四日市南【訪問介護】三重県四日市市大治田３丁目２番38-6号", "url": "https://www.kaigokensaku.mhlw.go.jp/24/index.php?action_kouhyou_detail_004_kani=true&JigyosyoCd=2470206232-00&ServiceCd=110&Type=search", "url2": null }, "geometry": { "type": "Point", "coordinates": [ 136.6005546, 34.9277237 ] } },
{ "type": "Feature", "properties": { "内容": "すまいる介護　かなで【訪問介護】三重県四日市市河原田町228番地1", "url": "https://www.kaigokensaku.mhlw.go.jp/24/index.php?action_kouhyou_detail_004_kani=true&JigyosyoCd=2470206034-00&ServiceCd=110&Type=search", "url2": "http://hp.kaipoke.biz/vz4" }, "geometry": { "type": "Point", "coordinates": [ 136.600752690213, 34.914885136073515 ] } },
{ "type": "Feature", "properties": { "内容": "ヘルパーステーションつくし【訪問介護】三重県四日市市楠町本郷1692２階", "url": "https://www.kaigokensaku.mhlw.go.jp/24/index.php?action_kouhyou_detail_004_kani=true&JigyosyoCd=2470206422-00&ServiceCd=110&Type=search", "url2": null }, "geometry": { "type": "Point", "coordinates": [ 136.618842300000011, 34.9124771 ] } },
{ "type": "Feature", "properties": { "内容": "訪問介護事業所　るぴなす【訪問介護】三重県四日市市日永西三丁目２２番２４号", "url": "https://www.kaigokensaku.mhlw.go.jp/24/index.php?action_kouhyou_detail_004_kani=true&JigyosyoCd=2470205119-00&ServiceCd=110&Type=search", "url2": "http://lupinus-happy.com" }, "geometry": { "type": "Point", "coordinates": [ 136.5954269, 34.9484824 ] } },
{ "type": "Feature", "properties": { "内容": "ホームケアサービスポノポノ【訪問介護】三重県四日市市小生町229-1863B", "url": "https://www.kaigokensaku.mhlw.go.jp/24/index.php?action_kouhyou_detail_004_kani=true&JigyosyoCd=2470206737-00&ServiceCd=110&Type=search", "url2": null }, "geometry": { "type": "Point", "coordinates": [ 136.5806365, 34.9731544 ] } },
{ "type": "Feature", "properties": { "内容": "訪問介護　須美【訪問介護】三重県四日市市小古曽二丁目22番3号", "url": "https://www.kaigokensaku.mhlw.go.jp/24/index.php?action_kouhyou_detail_004_kani=true&JigyosyoCd=2470205937-00&ServiceCd=110&Type=search", "url2": "https://www.houmonkaigo-sumi.com/" }, "geometry": { "type": "Point", "coordinates": [ 136.5904193, 34.9289744 ] } },
{ "type": "Feature", "properties": { "内容": "訪問介護えいむ【訪問介護】南松本町2番地1", "url": "https://www.kaigokensaku.mhlw.go.jp/24/index.php?action_kouhyou_detail_004_kani=true&JigyosyoCd=2460290493-00&ServiceCd=110&Type=search", "url2": "https://aim-mie.com/" }, "geometry": { "type": "Point", "coordinates": [ 136.580254200000013, 34.9687702 ] } },
{ "type": "Feature", "properties": { "内容": "トラスト介護センター【訪問介護】三重県四日市市南浜田町8-18", "url": "https://www.kaigokensaku.mhlw.go.jp/24/index.php?action_kouhyou_detail_004_kani=true&JigyosyoCd=2470200797-00&ServiceCd=110&Type=search", "url2": null }, "geometry": { "type": "Point", "coordinates": [ 136.614505300000019, 34.9600959 ] } },
{ "type": "Feature", "properties": { "内容": "有限会社ジョイフル・ケア【訪問介護】四日市市東阿倉川410-1", "url": "https://www.kaigokensaku.mhlw.go.jp/24/index.php?action_kouhyou_detail_004_kani=true&JigyosyoCd=2470202272-00&ServiceCd=110&Type=search", "url2": null }, "geometry": { "type": "Point", "coordinates": [ 136.621731322476194, 34.986880764376394 ] } },
{ "type": "Feature", "properties": { "内容": "ヘルパーステーション　紫【訪問介護】三重県四日市市川原町22-19", "url": "https://www.kaigokensaku.mhlw.go.jp/24/index.php?action_kouhyou_detail_004_kani=true&JigyosyoCd=2470205614-00&ServiceCd=110&Type=search", "url2": null }, "geometry": { "type": "Point", "coordinates": [ 136.627561799999967, 34.9746807 ] } },
{ "type": "Feature", "properties": { "内容": "訪問介護　未来予想図製作所【訪問介護】三重県四日市市九の城町5-12　うの森ビル２C", "url": "https://www.kaigokensaku.mhlw.go.jp/24/index.php?action_kouhyou_detail_004_kani=true&JigyosyoCd=2470205994-00&ServiceCd=110&Type=search", "url2": "https://mirai-seisaku.co.jp/" }, "geometry": { "type": "Point", "coordinates": [ 136.6279824, 34.9627549 ] } },
{ "type": "Feature", "properties": { "内容": "あみーごライフ四日市日永【訪問介護】三重県四日市市日永五丁目1番21号有料老人ホーム　あみーご倶楽部四日市日永", "url": "https://www.kaigokensaku.mhlw.go.jp/24/index.php?action_kouhyou_detail_004_kani=true&JigyosyoCd=2470205622-00&ServiceCd=110&Type=search", "url2": "http://www.amigo-net.jp/" }, "geometry": { "type": "Point", "coordinates": [ 136.602946706148714, 34.945265253231788 ] } },
{ "type": "Feature", "properties": { "内容": "医心館訪問介護ステーション四日市Ⅱ【訪問介護】三重県四日市市芝田一丁目1番20号", "url": "https://www.kaigokensaku.mhlw.go.jp/24/index.php?action_kouhyou_detail_004_kani=true&JigyosyoCd=2470205986-00&ServiceCd=110&Type=search", "url2": null }, "geometry": { "type": "Point", "coordinates": [ 136.6085568, 34.9675058 ] } },
{ "type": "Feature", "properties": { "内容": "ヘルパーステーション　にっこり山城【訪問介護】三重県四日市市山城町1014サービス付き高齢者向け住宅にっこり山城", "url": "https://www.kaigokensaku.mhlw.go.jp/24/index.php?action_kouhyou_detail_004_kani=true&JigyosyoCd=2470205051-00&ServiceCd=110&Type=search", "url2": "http://nikkoriyamajou.com/" }, "geometry": { "type": "Point", "coordinates": [ 136.585790747955457, 35.035147300000077 ] } },
{ "type": "Feature", "properties": { "内容": "いのうえサポート合同会社【訪問介護】四日市市小杉町1892-1", "url": "https://www.kaigokensaku.mhlw.go.jp/24/index.php?action_kouhyou_detail_004_kani=true&JigyosyoCd=2470206026-00&ServiceCd=110&Type=search", "url2": null }, "geometry": { "type": "Point", "coordinates": [ 136.6138882, 34.9946319 ] } },
{ "type": "Feature", "properties": { "内容": "ヘルパーステーション四日市楠館【訪問介護】三重県四日市市楠町小倉764-1", "url": "https://www.kaigokensaku.mhlw.go.jp/24/index.php?action_kouhyou_detail_004_kani=true&JigyosyoCd=2470206505-00&ServiceCd=110&Type=search", "url2": "https://www.prestige-care-tokai.co.jp/institutions/kusunoyakata/" }, "geometry": { "type": "Point", "coordinates": [ 136.626047400000033, 34.921832700000017 ] } },
{ "type": "Feature", "properties": { "内容": "アバンセ介護センターよっかいち【訪問介護】四日市市日永４丁目5－57号", "url": "https://www.kaigokensaku.mhlw.go.jp/24/index.php?action_kouhyou_detail_004_kani=true&JigyosyoCd=2470203924-00&ServiceCd=110&Type=search", "url2": "http://a-lifesupport.co.jp/" }, "geometry": { "type": "Point", "coordinates": [ 136.602043, 34.949977 ] } },
{ "type": "Feature", "properties": { "内容": "ケアサービスまる【訪問介護】四日市市芝田二丁目4-20ナーシングホーム四日市にじ（新館）", "url": "https://www.kaigokensaku.mhlw.go.jp/24/index.php?action_kouhyou_detail_004_kani=true&JigyosyoCd=2470203544-00&ServiceCd=110&Type=search", "url2": "www.isism.jp/" }, "geometry": { "type": "Point", "coordinates": [ 136.60572428434989, 34.970215272186678 ] } },
{ "type": "Feature", "properties": { "内容": "ヘルパーステーションねこの手【訪問介護】三重県四日市市泊山崎町9-37", "url": "https://www.kaigokensaku.mhlw.go.jp/24/index.php?action_kouhyou_detail_004_kani=true&JigyosyoCd=2470205879-00&ServiceCd=110&Type=search", "url2": "http://hp.kaipoke.biz/g3r/" }, "geometry": { "type": "Point", "coordinates": [ 136.596138949504251, 34.942205976651806 ] } },
{ "type": "Feature", "properties": { "内容": "マーベラス介護事業所【訪問介護】室山町225番地1", "url": "https://www.kaigokensaku.mhlw.go.jp/24/index.php?action_kouhyou_detail_004_kani=true&JigyosyoCd=2470206117-00&ServiceCd=110&Type=search", "url2": null }, "geometry": { "type": "Point", "coordinates": [ 133.2775518, 33.95398860000001 ] } },
{ "type": "Feature", "properties": { "内容": "ケアステーション想桜【訪問介護】三重県四日市市笹川3丁目48番地", "url": "https://www.kaigokensaku.mhlw.go.jp/24/index.php?action_kouhyou_detail_004_kani=true&JigyosyoCd=2470206042-00&ServiceCd=110&Type=search", "url2": null }, "geometry": { "type": "Point", "coordinates": [ 136.574503099999987, 34.9518903 ] } },
{ "type": "Feature", "properties": { "内容": "そふとけあいせてん【訪問介護】三重県伊勢市小俣町明野４０９番２号サンライフ明野２０３号室", "url": "https://www.kaigokensaku.mhlw.go.jp/24/index.php?action_kouhyou_detail_004_kani=true&JigyosyoCd=2470802691-00&ServiceCd=110&Type=search", "url2": null }, "geometry": { "type": "Point", "coordinates": [ 136.660379199999966, 34.52784340000003 ] } },
{ "type": "Feature", "properties": { "内容": "藍ちゃんの家　訪問介護【訪問介護】三重県伊勢市常磐2-10-12", "url": "https://www.kaigokensaku.mhlw.go.jp/24/index.php?action_kouhyou_detail_004_kani=true&JigyosyoCd=2470802360-00&ServiceCd=110&Type=search", "url2": null }, "geometry": { "type": "Point", "coordinates": [ 136.69762030000004, 34.4911745 ] } },
{ "type": "Feature", "properties": { "内容": "訪問介護つくし【訪問介護】三重県伊勢市小俣町明野５５９番地４０", "url": "https://www.kaigokensaku.mhlw.go.jp/24/index.php?action_kouhyou_detail_004_kani=true&JigyosyoCd=2470803111-00&ServiceCd=110&Type=search", "url2": null }, "geometry": { "type": "Point", "coordinates": [ 136.664572, 34.5329182 ] } },
{ "type": "Feature", "properties": { "内容": "ヘルパーステーション・こはる【訪問介護】伊勢市小木町490番地1", "url": "https://www.kaigokensaku.mhlw.go.jp/24/index.php?action_kouhyou_detail_004_kani=true&JigyosyoCd=2470801966-00&ServiceCd=110&Type=search", "url2": null }, "geometry": { "type": "Point", "coordinates": [ 136.721073599999954, 34.5068236 ] } },
{ "type": "Feature", "properties": { "内容": "ヘルパーステーション鹿海【訪問介護】伊勢市鹿海町1621番地1", "url": "https://www.kaigokensaku.mhlw.go.jp/24/index.php?action_kouhyou_detail_004_kani=true&JigyosyoCd=2470802386-00&ServiceCd=110&Type=search", "url2": null }, "geometry": { "type": "Point", "coordinates": [ 136.742958983436552, 34.491337889891504 ] } },
{ "type": "Feature", "properties": { "内容": "あいはーと訪問介護事業所【訪問介護】三重県伊勢市尾上町１番２１号エステートヤマキ　101", "url": "https://www.kaigokensaku.mhlw.go.jp/24/index.php?action_kouhyou_detail_004_kani=true&JigyosyoCd=2470800810-00&ServiceCd=110&Type=search", "url2": null }, "geometry": { "type": "Point", "coordinates": [ 136.716465800000094, 34.4858594 ] } },
{ "type": "Feature", "properties": { "内容": "ヘルパーステーション　ピースフル【訪問介護】三重県伊勢市中島2丁目22番22号", "url": "https://www.kaigokensaku.mhlw.go.jp/24/index.php?action_kouhyou_detail_004_kani=true&JigyosyoCd=2470802535-00&ServiceCd=110&Type=search", "url2": "http://peaceful-ise.com" }, "geometry": { "type": "Point", "coordinates": [ 136.689411993917787, 34.49041370424559 ] } },
{ "type": "Feature", "properties": { "内容": "訪問介護ステーション　かがせお【訪問介護】三重県伊勢市藤里町338-1", "url": "https://www.kaigokensaku.mhlw.go.jp/24/index.php?action_kouhyou_detail_004_kani=true&JigyosyoCd=2470802048-00&ServiceCd=110&Type=search", "url2": null }, "geometry": { "type": "Point", "coordinates": [ 136.701749715595469, 34.4728466712425 ] } },
{ "type": "Feature", "properties": { "内容": "ふたみ訪問介護ステーションシルバーケア豊壽園【訪問介護】伊勢市二見町三津855", "url": "https://www.kaigokensaku.mhlw.go.jp/24/index.php?action_kouhyou_detail_004_kani=true&JigyosyoCd=2472800495-00&ServiceCd=110&Type=search", "url2": "http://www.sensin.or.jp/" }, "geometry": { "type": "Point", "coordinates": [ 136.773046900000054, 34.5002002 ] } },
{ "type": "Feature", "properties": { "内容": "ヘルパーステーション　ゆかり【訪問介護】三重県伊勢市小俣町新村字休坂117", "url": "https://www.kaigokensaku.mhlw.go.jp/24/index.php?action_kouhyou_detail_004_kani=true&JigyosyoCd=2470802121-00&ServiceCd=110&Type=search", "url2": "http://peaceful-ise.com" }, "geometry": { "type": "Point", "coordinates": [ 136.642952098750357, 34.515277085734795 ] } },
{ "type": "Feature", "properties": { "内容": "いちの木ホームステーション【訪問介護】三重県伊勢市一之木4-11-33神都の杜内", "url": "https://www.kaigokensaku.mhlw.go.jp/24/index.php?action_kouhyou_detail_004_kani=true&JigyosyoCd=2470800976-00&ServiceCd=110&Type=search", "url2": null }, "geometry": { "type": "Point", "coordinates": [ 136.706690772359906, 34.502342933253637 ] } },
{ "type": "Feature", "properties": { "内容": "指定訪問介護事業所　正邦苑中須【訪問介護】伊勢市中須町402番地グループホーム正邦苑城田", "url": "https://www.kaigokensaku.mhlw.go.jp/24/index.php?action_kouhyou_detail_004_kani=true&JigyosyoCd=2470801883-00&ServiceCd=110&Type=search", "url2": "ｗｗｗ.jikeikai-ise.or.jp" }, "geometry": { "type": "Point", "coordinates": [ 136.677981181052075, 34.488117149615199 ] } },
{ "type": "Feature", "properties": { "内容": "訪問介護　ちからもち【訪問介護】三重県伊勢市中島2-24-24", "url": "https://www.kaigokensaku.mhlw.go.jp/24/index.php?action_kouhyou_detail_004_kani=true&JigyosyoCd=2470801479-00&ServiceCd=110&Type=search", "url2": "http://www.isewatarai-iryoseikyo.com/" }, "geometry": { "type": "Point", "coordinates": [ 136.687898274518858, 34.490015942627025 ] } },
{ "type": "Feature", "properties": { "内容": "生活サポートえがおの木【訪問介護】三重県伊勢市小俣町宮前６４１番地１", "url": "https://www.kaigokensaku.mhlw.go.jp/24/index.php?action_kouhyou_detail_004_kani=true&JigyosyoCd=2470802410-00&ServiceCd=110&Type=search", "url2": "http://www.care-fit.com/" }, "geometry": { "type": "Point", "coordinates": [ 136.671618204788501, 34.496220212193535 ] } },
{ "type": "Feature", "properties": { "内容": "訪問介護ステーションくれよん【訪問介護】三重県伊勢市上地町5019-3", "url": "https://www.kaigokensaku.mhlw.go.jp/24/index.php?action_kouhyou_detail_004_kani=true&JigyosyoCd=2470801156-00&ServiceCd=110&Type=search", "url2": null }, "geometry": { "type": "Point", "coordinates": [ 136.6488048, 34.4879984 ] } },
{ "type": "Feature", "properties": { "内容": "ヘルパーステーションあんず【訪問介護】三重県伊勢市大世古4-7-57", "url": "https://www.kaigokensaku.mhlw.go.jp/24/index.php?action_kouhyou_detail_004_kani=true&JigyosyoCd=2470802113-00&ServiceCd=110&Type=search", "url2": "https://matsumotoclinic-iseshi.com" }, "geometry": { "type": "Point", "coordinates": [ 136.703544200138822, 34.501064733562835 ] } },
{ "type": "Feature", "properties": { "内容": "ヘルパーステーション　ささえ愛い【訪問介護】三重県伊勢市通町210番地3", "url": "https://www.kaigokensaku.mhlw.go.jp/24/index.php?action_kouhyou_detail_004_kani=true&JigyosyoCd=2470802790-00&ServiceCd=110&Type=search", "url2": null }, "geometry": { "type": "Point", "coordinates": [ 136.7429947, 34.4989133 ] } },
{ "type": "Feature", "properties": { "内容": "みどりの森介護サービス伊勢【訪問介護】三重県伊勢市御薗町新開893番地2", "url": "https://www.kaigokensaku.mhlw.go.jp/24/index.php?action_kouhyou_detail_004_kani=true&JigyosyoCd=2470803012-00&ServiceCd=110&Type=search", "url2": "http://www.midori-nomori.com" }, "geometry": { "type": "Point", "coordinates": [ 136.725005900000042, 34.5103828 ] } },
{ "type": "Feature", "properties": { "内容": "医療法人全心会　伊勢ひかりヘルパーステーション【訪問介護】三重県伊勢市御薗町高向810-1", "url": "https://www.kaigokensaku.mhlw.go.jp/24/index.php?action_kouhyou_detail_004_kani=true&JigyosyoCd=2470801339-00&ServiceCd=110&Type=search", "url2": "http://www.isekeiyu.com" }, "geometry": { "type": "Point", "coordinates": [ 136.698678500000028, 34.4931604 ] } },
{ "type": "Feature", "properties": { "内容": "社会福祉法人　伊勢市社会福祉協議会　訪問介護事業所【訪問介護】三重県伊勢市御薗町長屋2767番地ハートプラザみその北側駐車場事務所棟", "url": "https://www.kaigokensaku.mhlw.go.jp/24/index.php?action_kouhyou_detail_004_kani=true&JigyosyoCd=2470800356-00&ServiceCd=110&Type=search", "url2": null }, "geometry": { "type": "Point", "coordinates": [ 136.707624799999962, 34.509978 ] } },
{ "type": "Feature", "properties": { "内容": "JA伊勢介護センター「ひまわり」【訪問介護】三重県伊勢市上地町1810", "url": "https://www.kaigokensaku.mhlw.go.jp/24/index.php?action_kouhyou_detail_004_kani=true&JigyosyoCd=2470800679-00&ServiceCd=110&Type=search", "url2": "http://www.jaise.jp" }, "geometry": { "type": "Point", "coordinates": [ 136.661767700000041, 34.4914787 ] } },
{ "type": "Feature", "properties": { "内容": "ひかりの橋ヘルパーステーション【訪問介護】常磐2丁目4番35号", "url": "https://www.kaigokensaku.mhlw.go.jp/24/index.php?action_kouhyou_detail_004_kani=true&JigyosyoCd=2470802626-00&ServiceCd=110&Type=search", "url2": "http://hikarinohashi.jp/" }, "geometry": { "type": "Point", "coordinates": [ 138.381345900000042, 34.9712375 ] } },
{ "type": "Feature", "properties": { "内容": "ヘルパーステーション音彩【訪問介護】三重県伊勢市津村町791番地1", "url": "https://www.kaigokensaku.mhlw.go.jp/24/index.php?action_kouhyou_detail_004_kani=true&JigyosyoCd=2470803087-00&ServiceCd=110&Type=search", "url2": null }, "geometry": { "type": "Point", "coordinates": [ 136.6578515, 34.4529311 ] } },
{ "type": "Feature", "properties": { "内容": "楽寿苑指定訪問介護事業所【訪問介護】三重県伊勢市馬瀬町1065番地", "url": "https://www.kaigokensaku.mhlw.go.jp/24/index.php?action_kouhyou_detail_004_kani=true&JigyosyoCd=2470800588-00&ServiceCd=110&Type=search", "url2": "http://www.hoeikai.or.jp" }, "geometry": { "type": "Point", "coordinates": [ 136.724637, 34.5136921 ] } },
{ "type": "Feature", "properties": { "内容": "ナーシング伊勢【訪問介護】藤里町166-10", "url": "https://www.kaigokensaku.mhlw.go.jp/24/index.php?action_kouhyou_detail_004_kani=true&JigyosyoCd=2470802592-00&ServiceCd=110&Type=search", "url2": "http://www.technocare-mie.com/index.html" }, "geometry": { "type": "Point", "coordinates": [ 136.698784299999943, 34.4647308 ] } },
{ "type": "Feature", "properties": { "内容": "ヘルパーステーション有明の里伊勢【訪問介護】三重県伊勢市中村町７３３番地４", "url": "https://www.kaigokensaku.mhlw.go.jp/24/index.php?action_kouhyou_detail_004_kani=true&JigyosyoCd=2470801552-00&ServiceCd=110&Type=search", "url2": "http://www.ariakenosato.com/" }, "geometry": { "type": "Point", "coordinates": [ 136.727126588581484, 34.471277120921691 ] } },
{ "type": "Feature", "properties": { "内容": "スマイルケア訪問介護事業所【訪問介護】三重県伊勢市御薗町高向3508番地", "url": "https://www.kaigokensaku.mhlw.go.jp/24/index.php?action_kouhyou_detail_004_kani=true&JigyosyoCd=2470802840-00&ServiceCd=110&Type=search", "url2": null }, "geometry": { "type": "Point", "coordinates": [ 136.699941200000012, 34.5096141 ] } },
{ "type": "Feature", "properties": { "内容": "ヘルパーステーションぶーけ【訪問介護】三重県伊勢市辻久留町５３７番地２", "url": "https://www.kaigokensaku.mhlw.go.jp/24/index.php?action_kouhyou_detail_004_kani=true&JigyosyoCd=2470803137-00&ServiceCd=110&Type=search", "url2": null }, "geometry": { "type": "Point", "coordinates": [ 136.680581600000011, 34.4744767 ] } },
{ "type": "Feature", "properties": { "内容": "訪問介護ひこばえ【訪問介護】伊勢市上地町2564-1", "url": "https://www.kaigokensaku.mhlw.go.jp/24/index.php?action_kouhyou_detail_004_kani=true&JigyosyoCd=2470801735-00&ServiceCd=110&Type=search", "url2": "eminoie.com" }, "geometry": { "type": "Point", "coordinates": [ 136.66287890000001, 34.4993165 ] } },
{ "type": "Feature", "properties": { "内容": "訪問介護ステーションユニーク【訪問介護】三重県伊勢市御園町高向400番地1", "url": "https://www.kaigokensaku.mhlw.go.jp/24/index.php?action_kouhyou_detail_004_kani=true&JigyosyoCd=2470801008-00&ServiceCd=110&Type=search", "url2": null }, "geometry": { "type": "Point", "coordinates": [ 136.703229709704829, 34.50628484874494 ] } },
{ "type": "Feature", "properties": { "内容": "アロハサポート【訪問介護】勢田町590勢田パークマンションB棟105号", "url": "https://www.kaigokensaku.mhlw.go.jp/24/index.php?action_kouhyou_detail_004_kani=true&JigyosyoCd=2470801651-00&ServiceCd=110&Type=search", "url2": "http://parkhills-aloha.com" }, "geometry": { "type": "Point", "coordinates": [ 136.710795810836743, 34.479278296077162 ] } },
{ "type": "Feature", "properties": { "内容": "ポピーヘルパーステーション小俣【訪問介護】三重県伊勢市小俣町湯田44番地", "url": "https://www.kaigokensaku.mhlw.go.jp/24/index.php?action_kouhyou_detail_004_kani=true&JigyosyoCd=2472800362-00&ServiceCd=110&Type=search", "url2": "https://mk-corporation-ise.com" }, "geometry": { "type": "Point", "coordinates": [ 136.6567107, 34.510765100000015 ] } },
{ "type": "Feature", "properties": { "内容": "ケアサ-ビス　なごやか【訪問介護】伊勢市小木町128番地1", "url": "https://www.kaigokensaku.mhlw.go.jp/24/index.php?action_kouhyou_detail_004_kani=true&JigyosyoCd=2470800737-00&ServiceCd=110&Type=search", "url2": null }, "geometry": { "type": "Point", "coordinates": [ 136.72801759999993, 34.5034575 ] } },
{ "type": "Feature", "properties": { "内容": "ニチイケアセンターみその三重【訪問介護】三重県伊勢市御薗町王中島773　ジョイタウン1F", "url": "https://www.kaigokensaku.mhlw.go.jp/24/index.php?action_kouhyou_detail_004_kani=true&JigyosyoCd=2472800693-00&ServiceCd=110&Type=search", "url2": "http://www.nichiigakkan.co.jp" }, "geometry": { "type": "Point", "coordinates": [ 136.717765900000018, 34.5082085 ] } },
{ "type": "Feature", "properties": { "内容": "訪問介護　かがやき伊勢【訪問介護】三重県伊勢市黒瀬町680-1", "url": "https://www.kaigokensaku.mhlw.go.jp/24/index.php?action_kouhyou_detail_004_kani=true&JigyosyoCd=2472800735-00&ServiceCd=110&Type=search", "url2": null }, "geometry": { "type": "Point", "coordinates": [ 136.736022983979296, 34.498552579427326 ] } },
{ "type": "Feature", "properties": { "内容": "アドニス介護ステーション【訪問介護】三重県伊勢市東大淀町2番地33", "url": "https://www.kaigokensaku.mhlw.go.jp/24/index.php?action_kouhyou_detail_004_kani=true&JigyosyoCd=2470802030-00&ServiceCd=110&Type=search", "url2": null }, "geometry": { "type": "Point", "coordinates": [ 136.6674918, 34.5571596 ] } },
{ "type": "Feature", "properties": { "内容": "訪問介護ステーション　なごみ【訪問介護】三重県伊勢市東大淀町字里中242番地", "url": "https://www.kaigokensaku.mhlw.go.jp/24/index.php?action_kouhyou_detail_004_kani=true&JigyosyoCd=2470802527-00&ServiceCd=110&Type=search", "url2": null }, "geometry": { "type": "Point", "coordinates": [ 136.661287882272973, 34.556774506081723 ] } },
{ "type": "Feature", "properties": { "内容": "田中ヘルパーステーション【訪問介護】伊勢市曽祢1丁目6-1", "url": "https://www.kaigokensaku.mhlw.go.jp/24/index.php?action_kouhyou_detail_004_kani=true&JigyosyoCd=2470800802-00&ServiceCd=110&Type=search", "url2": "https://www.isetanaka.jp/helper.php" }, "geometry": { "type": "Point", "coordinates": [ 136.701531750926193, 34.492511731022248 ] } },
{ "type": "Feature", "properties": { "内容": "スマイルホーム伊勢訪問介護事業所【訪問介護】三重県伊勢市本町16-5", "url": "https://www.kaigokensaku.mhlw.go.jp/24/index.php?action_kouhyou_detail_004_kani=true&JigyosyoCd=2470802998-00&ServiceCd=110&Type=search", "url2": "https://alive-grp.co.jp" }, "geometry": { "type": "Point", "coordinates": [ 136.7048759, 34.4891026 ] } },
{ "type": "Feature", "properties": { "内容": "訪問介護　あさひ【訪問介護】三重県伊勢市小俣町宮前７５７番地", "url": "https://www.kaigokensaku.mhlw.go.jp/24/index.php?action_kouhyou_detail_004_kani=true&JigyosyoCd=2470801149-00&ServiceCd=110&Type=search", "url2": "http://asahi‐ise.net" }, "geometry": { "type": "Point", "coordinates": [ 136.675497301852346, 34.492117736653377 ] } },
{ "type": "Feature", "properties": { "内容": "ハートフルケア【訪問介護】三重県伊勢市川端町301番2", "url": "https://www.kaigokensaku.mhlw.go.jp/24/index.php?action_kouhyou_detail_004_kani=true&JigyosyoCd=2470801842-00&ServiceCd=110&Type=search", "url2": null }, "geometry": { "type": "Point", "coordinates": [ 136.681141199999956, 34.4918154 ] } },
{ "type": "Feature", "properties": { "内容": "ヘルパーステーションエイド【訪問介護】三重県伊勢市前山町503-9", "url": "https://www.kaigokensaku.mhlw.go.jp/24/index.php?action_kouhyou_detail_004_kani=true&JigyosyoCd=2470803004-00&ServiceCd=110&Type=search", "url2": null }, "geometry": { "type": "Point", "coordinates": [ 136.6891535, 34.463012 ] } },
{ "type": "Feature", "properties": { "内容": "訪問介護事業所　ボヌール【訪問介護】三重県伊勢市朝熊町1364番地3", "url": "https://www.kaigokensaku.mhlw.go.jp/24/index.php?action_kouhyou_detail_004_kani=true&JigyosyoCd=2470802915-00&ServiceCd=110&Type=search", "url2": null }, "geometry": { "type": "Point", "coordinates": [ 136.7590107, 34.4729666 ] } },
{ "type": "Feature", "properties": { "内容": "ヘルパーステーションMare【訪問介護】松阪市白粉町378番地1", "url": "https://www.kaigokensaku.mhlw.go.jp/24/index.php?action_kouhyou_detail_004_kani=true&JigyosyoCd=2470704111-00&ServiceCd=110&Type=search", "url2": null }, "geometry": { "type": "Point", "coordinates": [ 136.5305166, 34.5697842 ] } },
{ "type": "Feature", "properties": { "内容": "ヘルパーステーションハートケアなんせい【訪問介護】三重県松阪市光町1063番地1パーク光町　101", "url": "https://www.kaigokensaku.mhlw.go.jp/24/index.php?action_kouhyou_detail_004_kani=true&JigyosyoCd=2470704160-00&ServiceCd=110&Type=search", "url2": null }, "geometry": { "type": "Point", "coordinates": [ 136.5191289, 34.5501853 ] } },
{ "type": "Feature", "properties": { "内容": "訪問介護ステーションMOMO【訪問介護】三重県松阪市郷津町22ー1アルカンシエル１０３号", "url": "https://www.kaigokensaku.mhlw.go.jp/24/index.php?action_kouhyou_detail_004_kani=true&JigyosyoCd=2470703071-00&ServiceCd=110&Type=search", "url2": "作成中" }, "geometry": { "type": "Point", "coordinates": [ 136.550319626506621, 34.589215442987104 ] } },
{ "type": "Feature", "properties": { "内容": "信ヘルプステーション【訪問介護】垣鼻町1790－42", "url": "https://www.kaigokensaku.mhlw.go.jp/24/index.php?action_kouhyou_detail_004_kani=true&JigyosyoCd=2470701992-00&ServiceCd=110&Type=search", "url2": null }, "geometry": { "type": "Point", "coordinates": [ 136.53615149999996, 34.563618300000016 ] } },
{ "type": "Feature", "properties": { "内容": "介護支援センター宝塚【訪問介護】三重県松阪市光町1025－5", "url": "https://www.kaigokensaku.mhlw.go.jp/24/index.php?action_kouhyou_detail_004_kani=true&JigyosyoCd=2470700747-00&ServiceCd=110&Type=search", "url2": null }, "geometry": { "type": "Point", "coordinates": [ 136.521071900000038, 34.5494515 ] } },
{ "type": "Feature", "properties": { "内容": "リールヘルパーステーション松阪【訪問介護】三重県松阪市垣鼻町1023-10リールヘルパーステーション松阪", "url": "https://www.kaigokensaku.mhlw.go.jp/24/index.php?action_kouhyou_detail_004_kani=true&JigyosyoCd=2470703717-00&ServiceCd=110&Type=search", "url2": null }, "geometry": { "type": "Point", "coordinates": [ 136.5444113, 34.5724449 ] } },
{ "type": "Feature", "properties": { "内容": "ヘルパーステーションひばり【訪問介護】三重県松阪市久保町1379-53", "url": "https://www.kaigokensaku.mhlw.go.jp/24/index.php?action_kouhyou_detail_004_kani=true&JigyosyoCd=2470704061-00&ServiceCd=110&Type=search", "url2": null }, "geometry": { "type": "Point", "coordinates": [ 136.5351916, 34.5455423 ] } },
{ "type": "Feature", "properties": { "内容": "トータルサポート　わらいふ【訪問介護】松阪市小片野町2586-4", "url": "https://www.kaigokensaku.mhlw.go.jp/24/index.php?action_kouhyou_detail_004_kani=true&JigyosyoCd=2470704327-00&ServiceCd=110&Type=search", "url2": "https://brushwoodys.wixsite.com/website" }, "geometry": { "type": "Point", "coordinates": [ 136.4374981, 34.4817358 ] } },
{ "type": "Feature", "properties": { "内容": "はあとヘルパーステーション【訪問介護】山室町2051-9", "url": "https://www.kaigokensaku.mhlw.go.jp/24/index.php?action_kouhyou_detail_004_kani=true&JigyosyoCd=2470702701-00&ServiceCd=110&Type=search", "url2": null }, "geometry": { "type": "Point", "coordinates": [ 136.524493157672168, 34.547480160367002 ] } },
{ "type": "Feature", "properties": { "内容": "訪問介護　ヒルズ【訪問介護】三重県松阪市山室町2419番地15", "url": "https://www.kaigokensaku.mhlw.go.jp/24/index.php?action_kouhyou_detail_004_kani=true&JigyosyoCd=2470704368-00&ServiceCd=110&Type=search", "url2": null }, "geometry": { "type": "Point", "coordinates": [ 136.532612, 34.5389691 ] } },
{ "type": "Feature", "properties": { "内容": "訪問介護事業所あん【訪問介護】三重県松阪市小野江町64番地3", "url": "https://www.kaigokensaku.mhlw.go.jp/24/index.php?action_kouhyou_detail_004_kani=true&JigyosyoCd=2470704434-00&ServiceCd=110&Type=search", "url2": null }, "geometry": { "type": "Point", "coordinates": [ 136.517277299999989, 34.644549 ] } },
{ "type": "Feature", "properties": { "内容": "ヘルパーステーション　えいじ【訪問介護】三重県松阪市五反田町２丁目１３１７番地４", "url": "https://www.kaigokensaku.mhlw.go.jp/24/index.php?action_kouhyou_detail_004_kani=true&JigyosyoCd=2470703063-00&ServiceCd=110&Type=search", "url2": null }, "geometry": { "type": "Point", "coordinates": [ 136.520979799999964, 34.5660523 ] } },
{ "type": "Feature", "properties": { "内容": "訪問介護　いつみ【訪問介護】三重県松阪市東町542番2", "url": "https://www.kaigokensaku.mhlw.go.jp/24/index.php?action_kouhyou_detail_004_kani=true&JigyosyoCd=2470702024-00&ServiceCd=110&Type=search", "url2": "itsumidenki@ksf.biglobe.nejp" }, "geometry": { "type": "Point", "coordinates": [ 136.553223590717494, 34.575233044546891 ] } },
{ "type": "Feature", "properties": { "内容": "ヘルパーステーション輝【訪問介護】三重県松阪市嬉野須賀町1332-9", "url": "https://www.kaigokensaku.mhlw.go.jp/24/index.php?action_kouhyou_detail_004_kani=true&JigyosyoCd=2470702628-00&ServiceCd=110&Type=search", "url2": null }, "geometry": { "type": "Point", "coordinates": [ 136.483438622508032, 34.623285232956569 ] } },
{ "type": "Feature", "properties": { "内容": "ヘルパーステーションさくらの杜【訪問介護】三重県松阪市宮町318-20さくらの杜（サービス付き高齢者向け住宅）", "url": "https://www.kaigokensaku.mhlw.go.jp/24/index.php?action_kouhyou_detail_004_kani=true&JigyosyoCd=2470703345-00&ServiceCd=110&Type=search", "url2": "http://www.sakuraen.com/sakuranomori/" }, "geometry": { "type": "Point", "coordinates": [ 136.537380073324812, 34.573155308526445 ] } },
{ "type": "Feature", "properties": { "内容": "サービス付高齢者向け住宅　訪問ﾍﾙﾊﾟｰｽﾃｰｼｮﾝいぶき【訪問介護】三重県松阪市市場庄町1098番地", "url": "https://www.kaigokensaku.mhlw.go.jp/24/index.php?action_kouhyou_detail_004_kani=true&JigyosyoCd=2470701984-00&ServiceCd=110&Type=search", "url2": "http://www.kirakudo.jp/ibuki/" }, "geometry": { "type": "Point", "coordinates": [ 136.515768200000025, 34.6015627 ] } },
{ "type": "Feature", "properties": { "内容": "桜木記念病院ホームヘルパーステーション【訪問介護】三重県松阪市垣鼻町４５８", "url": "https://www.kaigokensaku.mhlw.go.jp/24/index.php?action_kouhyou_detail_004_kani=true&JigyosyoCd=2470700036-00&ServiceCd=110&Type=search", "url2": "www.sakuragi-hp.com" }, "geometry": { "type": "Point", "coordinates": [ 136.535774896434077, 34.566023153761634 ] } },
{ "type": "Feature", "properties": { "内容": "訪問介護事業所　きずな【訪問介護】三重県松阪市大黒田町914-3エスポワールN202号室", "url": "https://www.kaigokensaku.mhlw.go.jp/24/index.php?action_kouhyou_detail_004_kani=true&JigyosyoCd=2470701968-00&ServiceCd=110&Type=search", "url2": "http://www.kokoro16.co.jp/" }, "geometry": { "type": "Point", "coordinates": [ 136.517883127736837, 34.561590871002672 ] } },
{ "type": "Feature", "properties": { "内容": "訪問介護事業所　スマイルサン【訪問介護】三重県松阪市立野町788", "url": "https://www.kaigokensaku.mhlw.go.jp/24/index.php?action_kouhyou_detail_004_kani=true&JigyosyoCd=2470704129-00&ServiceCd=110&Type=search", "url2": null }, "geometry": { "type": "Point", "coordinates": [ 136.50135370000001, 34.5446878 ] } },
{ "type": "Feature", "properties": { "内容": "ホームヘルパーステーション　緑風苑【訪問介護】三重県松阪市久保町1927-6", "url": "https://www.kaigokensaku.mhlw.go.jp/24/index.php?action_kouhyou_detail_004_kani=true&JigyosyoCd=2450780024-00&ServiceCd=110&Type=search", "url2": "https://aikeikai.or.jp/" }, "geometry": { "type": "Point", "coordinates": [ 136.526649600000042, 34.5373837 ] } },
{ "type": "Feature", "properties": { "内容": "ヘルパーステーションあおい【訪問介護】三重県松阪市嬉野権現前町８０２番地１", "url": "https://www.kaigokensaku.mhlw.go.jp/24/index.php?action_kouhyou_detail_004_kani=true&JigyosyoCd=2470703683-00&ServiceCd=110&Type=search", "url2": null }, "geometry": { "type": "Point", "coordinates": [ 136.481169499999965, 34.6206387 ] } },
{ "type": "Feature", "properties": { "内容": "大福【訪問介護】三重県松阪市西町２４７１番地", "url": "https://www.kaigokensaku.mhlw.go.jp/24/index.php?action_kouhyou_detail_004_kani=true&JigyosyoCd=2470704236-00&ServiceCd=110&Type=search", "url2": null }, "geometry": { "type": "Point", "coordinates": [ 136.528278656483451, 34.581164616112275 ] } },
{ "type": "Feature", "properties": { "内容": "訪問介護さとり【訪問介護】小黒田町487-5", "url": "https://www.kaigokensaku.mhlw.go.jp/24/index.php?action_kouhyou_detail_004_kani=true&JigyosyoCd=2470703493-00&ServiceCd=110&Type=search", "url2": null }, "geometry": { "type": "Point", "coordinates": [ 136.519891548161098, 34.558180874332685 ] } },
{ "type": "Feature", "properties": { "内容": "第二吉祥苑ホームヘルプサービス【訪問介護】三重県松阪市五主町391-1", "url": "https://www.kaigokensaku.mhlw.go.jp/24/index.php?action_kouhyou_detail_004_kani=true&JigyosyoCd=2472500392-00&ServiceCd=110&Type=search", "url2": "www.sumire-kai.or.jp" }, "geometry": { "type": "Point", "coordinates": [ 136.537599, 34.6270802 ] } },
{ "type": "Feature", "properties": { "内容": "ごえんヘルパーステーション【訪問介護】三重県松阪市小津町874番地", "url": "https://www.kaigokensaku.mhlw.go.jp/24/index.php?action_kouhyou_detail_004_kani=true&JigyosyoCd=2470702123-00&ServiceCd=110&Type=search", "url2": null }, "geometry": { "type": "Point", "coordinates": [ 136.5169627, 34.6139233 ] } },
{ "type": "Feature", "properties": { "内容": "ニチイケアセンター松阪【訪問介護】三重県松阪市大黒田町821-12", "url": "https://www.kaigokensaku.mhlw.go.jp/24/index.php?action_kouhyou_detail_004_kani=true&JigyosyoCd=2470700390-00&ServiceCd=110&Type=search", "url2": "http://www.nichiigakkan.co.jp" }, "geometry": { "type": "Point", "coordinates": [ 136.5209827, 34.5607863 ] } },
{ "type": "Feature", "properties": { "内容": "老人ホームヘルプセンター青葉【訪問介護】三重県松阪市駅部田町207番地", "url": "https://www.kaigokensaku.mhlw.go.jp/24/index.php?action_kouhyou_detail_004_kani=true&JigyosyoCd=2470700440-00&ServiceCd=110&Type=search", "url2": "http://www.ma.mctv.ne.jp/~biha_ra/index.html" }, "geometry": { "type": "Point", "coordinates": [ 136.528701500000011, 34.5604395 ] } },
{ "type": "Feature", "properties": { "内容": "ヘルパーステーションアクア【訪問介護】三重県松阪市川井町872-6", "url": "https://www.kaigokensaku.mhlw.go.jp/24/index.php?action_kouhyou_detail_004_kani=true&JigyosyoCd=2470703782-00&ServiceCd=110&Type=search", "url2": "https://keyaki-medical.co.jp" }, "geometry": { "type": "Point", "coordinates": [ 136.5115267, 34.5782442 ] } },
{ "type": "Feature", "properties": { "内容": "ヘルパーステーションアクア2【訪問介護】三重県松阪市川井町872-6", "url": "https://www.kaigokensaku.mhlw.go.jp/24/index.php?action_kouhyou_detail_004_kani=true&JigyosyoCd=2470703857-00&ServiceCd=110&Type=search", "url2": null }, "geometry": { "type": "Point", "coordinates": [ 136.520142968294351, 34.584544893089081 ] } },
{ "type": "Feature", "properties": { "内容": "アサヒビハーラ訪問介護事業所【訪問介護】三重県松阪市駅部田町２０８番地", "url": "https://www.kaigokensaku.mhlw.go.jp/24/index.php?action_kouhyou_detail_004_kani=true&JigyosyoCd=2470700259-00&ServiceCd=110&Type=search", "url2": "http://www.ma.mctv.ne.jp/~biha_ra/topimage.html" }, "geometry": { "type": "Point", "coordinates": [ 136.529057, 34.5604617 ] } },
{ "type": "Feature", "properties": { "内容": "やまゆりの里　訪問介護サービスセンター【訪問介護】三重県松阪市嬉野中川町1528-101", "url": "https://www.kaigokensaku.mhlw.go.jp/24/index.php?action_kouhyou_detail_004_kani=true&JigyosyoCd=2470701331-00&ServiceCd=110&Type=search", "url2": "https://www.akeai.or.jp/" }, "geometry": { "type": "Point", "coordinates": [ 136.476538487033082, 34.6248536289418 ] } },
{ "type": "Feature", "properties": { "内容": "嘉祥苑訪問介護事業所【訪問介護】三重県松阪市鎌田町２３４番地の１０", "url": "https://www.kaigokensaku.mhlw.go.jp/24/index.php?action_kouhyou_detail_004_kani=true&JigyosyoCd=2470700184-00&ServiceCd=110&Type=search", "url2": "http://www.kasyouen.or.jp" }, "geometry": { "type": "Point", "coordinates": [ 136.536150099999986, 34.5820793 ] } },
{ "type": "Feature", "properties": { "内容": "みどりの森　介護サービス【訪問介護】下村町1963-2", "url": "https://www.kaigokensaku.mhlw.go.jp/24/index.php?action_kouhyou_detail_004_kani=true&JigyosyoCd=2470701927-00&ServiceCd=110&Type=search", "url2": "https://www.midori-nomori.com" }, "geometry": { "type": "Point", "coordinates": [ 136.546859890414652, 34.547042973315094 ] } },
{ "type": "Feature", "properties": { "内容": "松阪社協松阪支所訪問介護事業所【訪問介護】三重県松阪市鎌田町213－1社会福祉法人松阪社協松阪支所", "url": "https://www.kaigokensaku.mhlw.go.jp/24/index.php?action_kouhyou_detail_004_kani=true&JigyosyoCd=2470700150-00&ServiceCd=110&Type=search", "url2": "http://www.matsusakawel.com" }, "geometry": { "type": "Point", "coordinates": [ 136.533732313311361, 34.580195370850483 ] } },
{ "type": "Feature", "properties": { "内容": "ヘルパーステーション　西井【訪問介護】松阪市曽原町８１１－１", "url": "https://www.kaigokensaku.mhlw.go.jp/24/index.php?action_kouhyou_detail_004_kani=true&JigyosyoCd=2472500327-00&ServiceCd=110&Type=search", "url2": "nishii@iaa.itkeeper.ne.jp" }, "geometry": { "type": "Point", "coordinates": [ 136.51735835634463, 34.631260083526314 ] } },
{ "type": "Feature", "properties": { "内容": "ヘルパーステーション亀楽堂【訪問介護】三重県松阪市大黒田町1741-1", "url": "https://www.kaigokensaku.mhlw.go.jp/24/index.php?action_kouhyou_detail_004_kani=true&JigyosyoCd=2470700762-00&ServiceCd=110&Type=search", "url2": "http://wwwkirakudo.jp/" }, "geometry": { "type": "Point", "coordinates": [ 136.523826699999972, 34.5668662 ] } },
{ "type": "Feature", "properties": { "内容": "ヘルパーステーション　さわやか【訪問介護】松阪市若葉町８０－５", "url": "https://www.kaigokensaku.mhlw.go.jp/24/index.php?action_kouhyou_detail_004_kani=true&JigyosyoCd=2470701380-00&ServiceCd=110&Type=search", "url2": "http://www.sawayaka-well.jp/hps-index.html" }, "geometry": { "type": "Point", "coordinates": [ 136.544744846432536, 34.580011021537118 ] } },
{ "type": "Feature", "properties": { "内容": "訪問介護空【訪問介護】三重県松阪市大黒田町字沖川1492番地レジデンス枝28号", "url": "https://www.kaigokensaku.mhlw.go.jp/24/index.php?action_kouhyou_detail_004_kani=true&JigyosyoCd=2470702958-00&ServiceCd=110&Type=search", "url2": null }, "geometry": { "type": "Point", "coordinates": [ 136.5165346, 34.5698753 ] } },
{ "type": "Feature", "properties": { "内容": "訪問介護ステーションこなつ【訪問介護】三重県松阪市下村町1065サンハイムナカムラ31号", "url": "https://www.kaigokensaku.mhlw.go.jp/24/index.php?action_kouhyou_detail_004_kani=true&JigyosyoCd=2470704038-00&ServiceCd=110&Type=search", "url2": null }, "geometry": { "type": "Point", "coordinates": [ 136.5490462, 34.5569379 ] } },
{ "type": "Feature", "properties": { "内容": "松阪社協飯高支所訪問介護事業所【訪問介護】三重県松阪市飯高町宮前180", "url": "https://www.kaigokensaku.mhlw.go.jp/24/index.php?action_kouhyou_detail_004_kani=true&JigyosyoCd=2472600028-00&ServiceCd=110&Type=search", "url2": "http://www.matusakawel.com" }, "geometry": { "type": "Point", "coordinates": [ 136.328101431961159, 34.426429048834592 ] } },
{ "type": "Feature", "properties": { "内容": "三重県健康福祉生活協同組合【訪問介護】三重県松阪市春日町2丁目88-2", "url": "https://www.kaigokensaku.mhlw.go.jp/24/index.php?action_kouhyou_detail_004_kani=true&JigyosyoCd=2470700051-00&ServiceCd=110&Type=search", "url2": "https://fukushicoop.jimdo.com/" }, "geometry": { "type": "Point", "coordinates": [ 136.531536389093162, 34.5646398249703 ] } },
{ "type": "Feature", "properties": { "内容": "ヘルパーステーションおあしす【訪問介護】三重県松阪市大塚町２７番５", "url": "https://www.kaigokensaku.mhlw.go.jp/24/index.php?action_kouhyou_detail_004_kani=true&JigyosyoCd=2470702859-00&ServiceCd=110&Type=search", "url2": null }, "geometry": { "type": "Point", "coordinates": [ 136.529257969130839, 34.588384407703913 ] } },
{ "type": "Feature", "properties": { "内容": "訪問介護事業所グリーンピアみくも【訪問介護】三重県松阪市中林町431", "url": "https://www.kaigokensaku.mhlw.go.jp/24/index.php?action_kouhyou_detail_004_kani=true&JigyosyoCd=2470704293-00&ServiceCd=110&Type=search", "url2": "www.midori-nomori.com/" }, "geometry": { "type": "Point", "coordinates": [ 136.5118075, 34.6320993 ] } },
{ "type": "Feature", "properties": { "内容": "松阪地区医師会ホームヘルパーステーション【訪問介護】三重県松阪市白粉町３６３番地松阪地区医師会館　１階", "url": "https://www.kaigokensaku.mhlw.go.jp/24/index.php?action_kouhyou_detail_004_kani=true&JigyosyoCd=2470700317-00&ServiceCd=110&Type=search", "url2": "http://med.matsusaka.or.jp/" }, "geometry": { "type": "Point", "coordinates": [ 136.531085734987613, 34.570485139212543 ] } },
{ "type": "Feature", "properties": { "内容": "訪問介護　せせらぎ嬉野【訪問介護】三重県松阪市嬉野平生町112", "url": "https://www.kaigokensaku.mhlw.go.jp/24/index.php?action_kouhyou_detail_004_kani=true&JigyosyoCd=2470703642-00&ServiceCd=110&Type=search", "url2": "yamaiti-g.com" }, "geometry": { "type": "Point", "coordinates": [ 136.467040155041786, 34.642585256168843 ] } },
{ "type": "Feature", "properties": { "内容": "訪問介護事業所スマイルムーン【訪問介護】三重県松阪市垣鼻町746イルコリーヌⅡ105号", "url": "https://www.kaigokensaku.mhlw.go.jp/24/index.php?action_kouhyou_detail_004_kani=true&JigyosyoCd=2470703766-00&ServiceCd=110&Type=search", "url2": "https://smile-town.org/" }, "geometry": { "type": "Point", "coordinates": [ 136.537595100289451, 34.569062489321595 ] } },
{ "type": "Feature", "properties": { "内容": "南勢カトリック老人ホームヘルプサービス【訪問介護】三重県松阪市小阿坂町1988-6", "url": "https://www.kaigokensaku.mhlw.go.jp/24/index.php?action_kouhyou_detail_004_kani=true&JigyosyoCd=2470700267-00&ServiceCd=110&Type=search", "url2": "http://nankato.or.jp/" }, "geometry": { "type": "Point", "coordinates": [ 136.473370753372933, 34.578002653598745 ] } },
{ "type": "Feature", "properties": { "内容": "セントケア松阪【訪問介護】三重県松阪市大黒田町344", "url": "https://www.kaigokensaku.mhlw.go.jp/24/index.php?action_kouhyou_detail_004_kani=true&JigyosyoCd=2470701844-00&ServiceCd=110&Type=search", "url2": "https://saint-care-mie.com" }, "geometry": { "type": "Point", "coordinates": [ 136.526602243218804, 34.563378308389673 ] } },
{ "type": "Feature", "properties": { "内容": "飯南シルバー【訪問介護】三重県松阪市飯南町深野585-4", "url": "https://www.kaigokensaku.mhlw.go.jp/24/index.php?action_kouhyou_detail_004_kani=true&JigyosyoCd=2470703964-00&ServiceCd=110&Type=search", "url2": "http://www.ja-mienaka.or.jp/" }, "geometry": { "type": "Point", "coordinates": [ 136.411921569557393, 34.475594097082009 ] } },
{ "type": "Feature", "properties": { "内容": "ヘルパーステーション　アリス【訪問介護】三重県松阪市駅部田町６７６番地1", "url": "https://www.kaigokensaku.mhlw.go.jp/24/index.php?action_kouhyou_detail_004_kani=true&JigyosyoCd=2470702651-00&ServiceCd=110&Type=search", "url2": null }, "geometry": { "type": "Point", "coordinates": [ 136.532095782819084, 34.554212606505772 ] } },
{ "type": "Feature", "properties": { "内容": "訪問介護事業所　たすけあい【訪問介護】三重県松阪市久保町1752-1ナイスセブンあつみ1-B", "url": "https://www.kaigokensaku.mhlw.go.jp/24/index.php?action_kouhyou_detail_004_kani=true&JigyosyoCd=2470702768-00&ServiceCd=110&Type=search", "url2": null }, "geometry": { "type": "Point", "coordinates": [ 136.534323722770011, 34.55172003688881 ] } },
{ "type": "Feature", "properties": { "内容": "合同会社ループホール【訪問介護】三重県松阪市大塚町３７０", "url": "https://www.kaigokensaku.mhlw.go.jp/24/index.php?action_kouhyou_detail_004_kani=true&JigyosyoCd=2470702917-00&ServiceCd=110&Type=search", "url2": null }, "geometry": { "type": "Point", "coordinates": [ 136.527772899999945, 34.5879561 ] } },
{ "type": "Feature", "properties": { "内容": "訪問介護ステーション　六花【訪問介護】三重県松阪市久保町1823-2ハイツユートピア102号室", "url": "https://www.kaigokensaku.mhlw.go.jp/24/index.php?action_kouhyou_detail_004_kani=true&JigyosyoCd=2470704442-00&ServiceCd=110&Type=search", "url2": null }, "geometry": { "type": "Point", "coordinates": [ 136.533940800000011, 34.5480813 ] } },
{ "type": "Feature", "properties": { "内容": "ヘルパーステーションほてい【訪問介護】三重県松阪市市場庄町字長井１３７３", "url": "https://www.kaigokensaku.mhlw.go.jp/24/index.php?action_kouhyou_detail_004_kani=true&JigyosyoCd=2470702248-00&ServiceCd=110&Type=search", "url2": null }, "geometry": { "type": "Point", "coordinates": [ 136.512652, 34.6052847 ] } },
{ "type": "Feature", "properties": { "内容": "みえ親孝行訪問介護事業所【訪問介護】三重県松阪市田村町４４７番地1シルバーハウス松阪Ⅱ", "url": "https://www.kaigokensaku.mhlw.go.jp/24/index.php?action_kouhyou_detail_004_kani=true&JigyosyoCd=2470703014-00&ServiceCd=110&Type=search", "url2": "http://mieoyakhoko.net/" }, "geometry": { "type": "Point", "coordinates": [ 136.51257540000006, 34.5512288 ] } },
{ "type": "Feature", "properties": { "内容": "ヘルパーステーション　えん【訪問介護】三重県松阪市春日町3丁目33番地", "url": "https://www.kaigokensaku.mhlw.go.jp/24/index.php?action_kouhyou_detail_004_kani=true&JigyosyoCd=2470701745-00&ServiceCd=110&Type=search", "url2": "takotakogogo@crux.ocn.ne.jp" }, "geometry": { "type": "Point", "coordinates": [ 136.535309099999949, 34.5641255 ] } },
{ "type": "Feature", "properties": { "内容": "ヘルパーステーション　ももの樹【訪問介護】川井町242番地7", "url": "https://www.kaigokensaku.mhlw.go.jp/24/index.php?action_kouhyou_detail_004_kani=true&JigyosyoCd=2470700812-00&ServiceCd=110&Type=search", "url2": null }, "geometry": { "type": "Point", "coordinates": [ 136.516712264731041, 34.584013146120334 ] } },
{ "type": "Feature", "properties": { "内容": "ヘルパーステーションだんろ【訪問介護】三重県松阪市塚本町592-2塚本ハイツA号室", "url": "https://www.kaigokensaku.mhlw.go.jp/24/index.php?action_kouhyou_detail_004_kani=true&JigyosyoCd=2470703469-00&ServiceCd=110&Type=search", "url2": null }, "geometry": { "type": "Point", "coordinates": [ 136.519815200000039, 34.5939608 ] } },
{ "type": "Feature", "properties": { "内容": "特定非営利活動法人　おたすけＢＩＬＬＹ【訪問介護】三重県松阪市大黒田町1582番地5", "url": "https://www.kaigokensaku.mhlw.go.jp/24/index.php?action_kouhyou_detail_004_kani=true&JigyosyoCd=2470703543-00&ServiceCd=110&Type=search", "url2": "otasuke@mctv.ne.jp" }, "geometry": { "type": "Point", "coordinates": [ 136.5197124, 34.5711252 ] } },
{ "type": "Feature", "properties": { "内容": "ケアサポートみつば【訪問介護】三重県松阪市久保町746-16", "url": "https://www.kaigokensaku.mhlw.go.jp/24/index.php?action_kouhyou_detail_004_kani=true&JigyosyoCd=2470704020-00&ServiceCd=110&Type=search", "url2": null }, "geometry": { "type": "Point", "coordinates": [ 136.539761700000042, 34.5563196 ] } },
{ "type": "Feature", "properties": { "内容": "訪問介護事業所「ハッピー」【訪問介護】三重県松阪市山室町690-2", "url": "https://www.kaigokensaku.mhlw.go.jp/24/index.php?action_kouhyou_detail_004_kani=true&JigyosyoCd=2470701596-00&ServiceCd=110&Type=search", "url2": "https://lomalinda.jp" }, "geometry": { "type": "Point", "coordinates": [ 136.502296500000057, 34.5299505 ] } },
{ "type": "Feature", "properties": { "内容": "ケアリー松阪垣鼻【訪問介護】垣鼻町５７３", "url": "https://www.kaigokensaku.mhlw.go.jp/24/index.php?action_kouhyou_detail_004_kani=true&JigyosyoCd=2470704335-00&ServiceCd=110&Type=search", "url2": "https://matsusaka-kaibana.carely-home.com/" }, "geometry": { "type": "Point", "coordinates": [ 136.54025266336825, 34.565560371537551 ] } },
{ "type": "Feature", "properties": { "内容": "訪問介護ひさみ【訪問介護】三重県松阪市上川町3754-3カーサ・サンシャイン102号室", "url": "https://www.kaigokensaku.mhlw.go.jp/24/index.php?action_kouhyou_detail_004_kani=true&JigyosyoCd=2470700648-00&ServiceCd=110&Type=search", "url2": null }, "geometry": { "type": "Point", "coordinates": [ 136.479950143445052, 34.629672652783135 ] } },
{ "type": "Feature", "properties": { "内容": "ひまわりヘルパーステーション【訪問介護】三重県松阪市久保町1855番地1654", "url": "https://www.kaigokensaku.mhlw.go.jp/24/index.php?action_kouhyou_detail_004_kani=true&JigyosyoCd=2470703576-00&ServiceCd=110&Type=search", "url2": null }, "geometry": { "type": "Point", "coordinates": [ 136.532023799999934, 34.5462384 ] } },
{ "type": "Feature", "properties": { "内容": "介護ステーションでんでんむし【訪問介護】美濃田町535番地", "url": "https://www.kaigokensaku.mhlw.go.jp/24/index.php?action_kouhyou_detail_004_kani=true&JigyosyoCd=2470701935-00&ServiceCd=110&Type=search", "url2": "http:/kawabata-hukushi.sakuraweb.com" }, "geometry": { "type": "Point", "coordinates": [ 136.5022672, 34.59037720000002 ] } },
{ "type": "Feature", "properties": { "内容": "訪問介護事業所アシスト【訪問介護】三重県松阪市川井町157番地1", "url": "https://www.kaigokensaku.mhlw.go.jp/24/index.php?action_kouhyou_detail_004_kani=true&JigyosyoCd=2470703295-00&ServiceCd=110&Type=search", "url2": null }, "geometry": { "type": "Point", "coordinates": [ 136.5126862, 34.583173 ] } },
{ "type": "Feature", "properties": { "内容": "ヘルパーステーションそよ風【訪問介護】三重県松阪市小野江町544", "url": "https://www.kaigokensaku.mhlw.go.jp/24/index.php?action_kouhyou_detail_004_kani=true&JigyosyoCd=2470703691-00&ServiceCd=110&Type=search", "url2": null }, "geometry": { "type": "Point", "coordinates": [ 136.5140997, 34.6434381 ] } },
{ "type": "Feature", "properties": { "内容": "訪問介護事業所　晴【訪問介護】三重県松阪市東久保町857", "url": "https://www.kaigokensaku.mhlw.go.jp/24/index.php?action_kouhyou_detail_004_kani=true&JigyosyoCd=2470703675-00&ServiceCd=110&Type=search", "url2": null }, "geometry": { "type": "Point", "coordinates": [ 136.590868533204656, 34.583192834602286 ] } },
{ "type": "Feature", "properties": { "内容": "ヘルパーステーションまざーサポート【訪問介護】三重県松阪市塚本長573番地2", "url": "https://www.kaigokensaku.mhlw.go.jp/24/index.php?action_kouhyou_detail_004_kani=true&JigyosyoCd=2470703527-00&ServiceCd=110&Type=search", "url2": null }, "geometry": { "type": "Point", "coordinates": [ 136.518970205810689, 34.593812027416327 ] } },
{ "type": "Feature", "properties": { "内容": "ヘルパーステーション一花【訪問介護】三重県松阪市大黒田町1799-3第3三恵ビル202", "url": "https://www.kaigokensaku.mhlw.go.jp/24/index.php?action_kouhyou_detail_004_kani=true&JigyosyoCd=2470704467-00&ServiceCd=110&Type=search", "url2": "https://www.ichica.help" }, "geometry": { "type": "Point", "coordinates": [ 136.5244118, 34.569089 ] } },
{ "type": "Feature", "properties": { "内容": "コープみえ　訪問介護事業所【訪問介護】三重県松阪市大黒田町847番7", "url": "https://www.kaigokensaku.mhlw.go.jp/24/index.php?action_kouhyou_detail_004_kani=true&JigyosyoCd=2470703204-00&ServiceCd=110&Type=search", "url2": null }, "geometry": { "type": "Point", "coordinates": [ 136.520174399999974, 34.5611862 ] } },
{ "type": "Feature", "properties": { "内容": "アクア松阪訪問介護【訪問介護】三重県松阪市駅部田町319アクアホーム松阪山室", "url": "https://www.kaigokensaku.mhlw.go.jp/24/index.php?action_kouhyou_detail_004_kani=true&JigyosyoCd=2470704350-00&ServiceCd=110&Type=search", "url2": null }, "geometry": { "type": "Point", "coordinates": [ 136.522911099999988, 34.5526314 ] } },
{ "type": "Feature", "properties": { "内容": "笑顔の街　訪問介護ステーション【訪問介護】三重県松阪市鎌田町403番地9松相ハイツ102号室", "url": "https://www.kaigokensaku.mhlw.go.jp/24/index.php?action_kouhyou_detail_004_kani=true&JigyosyoCd=2470704103-00&ServiceCd=110&Type=search", "url2": null }, "geometry": { "type": "Point", "coordinates": [ 136.537829282975281, 34.583658691282665 ] } },
{ "type": "Feature", "properties": { "内容": "ヘルパーステーションみらい【訪問介護】大黒田町405-4", "url": "https://www.kaigokensaku.mhlw.go.jp/24/index.php?action_kouhyou_detail_004_kani=true&JigyosyoCd=2470704400-00&ServiceCd=110&Type=search", "url2": null }, "geometry": { "type": "Point", "coordinates": [ 136.529754176057423, 34.565753284342392 ] } },
{ "type": "Feature", "properties": { "内容": "訪問介護メディカルガーデン松阪【訪問介護】三重県松阪市大津町849番地メディカルガーデン松阪", "url": "https://www.kaigokensaku.mhlw.go.jp/24/index.php?action_kouhyou_detail_004_kani=true&JigyosyoCd=2470702438-00&ServiceCd=110&Type=search", "url2": "https://m.mg-shima.jp" }, "geometry": { "type": "Point", "coordinates": [ 136.549601553997803, 34.566636962532272 ] } },
{ "type": "Feature", "properties": { "内容": "訪問介護事業所　おりがみさん【訪問介護】三重県松阪市垣鼻町1034番地5", "url": "https://www.kaigokensaku.mhlw.go.jp/24/index.php?action_kouhyou_detail_004_kani=true&JigyosyoCd=2470703808-00&ServiceCd=110&Type=search", "url2": "origamisan.matusaka@gmail.com" }, "geometry": { "type": "Point", "coordinates": [ 136.5447471, 34.5734568 ] } },
{ "type": "Feature", "properties": { "内容": "株式会社アルバ【訪問介護】三重県松阪市下村町869-54", "url": "https://www.kaigokensaku.mhlw.go.jp/24/index.php?action_kouhyou_detail_004_kani=true&JigyosyoCd=2470703568-00&ServiceCd=110&Type=search", "url2": "https://esperanza-kaigo.com/" }, "geometry": { "type": "Point", "coordinates": [ 136.541018241664119, 34.549998049949274 ] } },
{ "type": "Feature", "properties": { "内容": "訪問介護　喜心【訪問介護】三重県松阪市曽原町326番地2スターブライトC棟103", "url": "https://www.kaigokensaku.mhlw.go.jp/24/index.php?action_kouhyou_detail_004_kani=true&JigyosyoCd=2470704202-00&ServiceCd=110&Type=search", "url2": null }, "geometry": { "type": "Point", "coordinates": [ 136.5157326, 34.6256398 ] } },
{ "type": "Feature", "properties": { "内容": "訪問介護事業所　のろま倶楽部【訪問介護】小片野406-1", "url": "https://www.kaigokensaku.mhlw.go.jp/24/index.php?action_kouhyou_detail_004_kani=true&JigyosyoCd=2470703444-00&ServiceCd=110&Type=search", "url2": "http://www.noroma-c.com/" }, "geometry": { "type": "Point", "coordinates": [ 136.447016800000029, 34.4796859 ] } },
{ "type": "Feature", "properties": { "内容": "訪問介護事業所　えみあす【訪問介護】上蛸路町715-2有料老人ホーム　笑明日", "url": "https://www.kaigokensaku.mhlw.go.jp/24/index.php?action_kouhyou_detail_004_kani=true&JigyosyoCd=2470702008-00&ServiceCd=110&Type=search", "url2": null }, "geometry": { "type": "Point", "coordinates": [ 136.52281799372804, 34.525549461136514 ] } },
{ "type": "Feature", "properties": { "内容": "訪問介護ミソラ【訪問介護】松阪市久保町1855番地1494", "url": "https://www.kaigokensaku.mhlw.go.jp/24/index.php?action_kouhyou_detail_004_kani=true&JigyosyoCd=2470702586-00&ServiceCd=110&Type=search", "url2": null }, "geometry": { "type": "Point", "coordinates": [ 136.53578712888725, 34.545727062662259 ] } },
{ "type": "Feature", "properties": { "内容": "訪問介護事業所うさぎ【訪問介護】松阪市久保町1796-8", "url": "https://www.kaigokensaku.mhlw.go.jp/24/index.php?action_kouhyou_detail_004_kani=true&JigyosyoCd=2470702669-00&ServiceCd=110&Type=search", "url2": "www.usagi-matsusaka.com" }, "geometry": { "type": "Point", "coordinates": [ 136.535613763527664, 34.550280308347375 ] } },
{ "type": "Feature", "properties": { "内容": "訪問介護ステーション　虹星【訪問介護】三重県松阪市東町59-6", "url": "https://www.kaigokensaku.mhlw.go.jp/24/index.php?action_kouhyou_detail_004_kani=true&JigyosyoCd=2470703253-00&ServiceCd=110&Type=search", "url2": "https://diaman.co.jp/" }, "geometry": { "type": "Point", "coordinates": [ 136.550110806082102, 34.577245310149124 ] } },
{ "type": "Feature", "properties": { "内容": "ケアスタッフ指定訪問介護事業所【訪問介護】松阪市下村町898-1", "url": "https://www.kaigokensaku.mhlw.go.jp/24/index.php?action_kouhyou_detail_004_kani=true&JigyosyoCd=2470700192-00&ServiceCd=110&Type=search", "url2": null }, "geometry": { "type": "Point", "coordinates": [ 136.543150500000024, 34.5503829 ] } },
{ "type": "Feature", "properties": { "内容": "桑名ヘルパーステーション【訪問介護】三重県桑名市蓮花寺825－33", "url": "https://www.kaigokensaku.mhlw.go.jp/24/index.php?action_kouhyou_detail_004_kani=true&JigyosyoCd=2470102654-00&ServiceCd=110&Type=search", "url2": null }, "geometry": { "type": "Point", "coordinates": [ 136.649923, 35.0631113 ] } },
{ "type": "Feature", "properties": { "内容": "ぶりす【訪問介護】野田3丁目８番地1サービス付き高齢者向け住宅　至福の郷", "url": "https://www.kaigokensaku.mhlw.go.jp/24/index.php?action_kouhyou_detail_004_kani=true&JigyosyoCd=2470102480-00&ServiceCd=110&Type=search", "url2": null }, "geometry": { "type": "Point", "coordinates": [ 136.631343, 35.0819377 ] } },
{ "type": "Feature", "properties": { "内容": "アクティブ訪問介護ステーション【訪問介護】桑名市大仲新田２５２番地1", "url": "https://www.kaigokensaku.mhlw.go.jp/24/index.php?action_kouhyou_detail_004_kani=true&JigyosyoCd=2470102522-00&ServiceCd=110&Type=search", "url2": null }, "geometry": { "type": "Point", "coordinates": [ 136.610356200000069, 35.083476 ] } },
{ "type": "Feature", "properties": { "内容": "訪問介護ステーション　みどりのもり【訪問介護】三重県桑名市中央町1-16", "url": "https://www.kaigokensaku.mhlw.go.jp/24/index.php?action_kouhyou_detail_004_kani=true&JigyosyoCd=2470102712-00&ServiceCd=110&Type=search", "url2": null }, "geometry": { "type": "Point", "coordinates": [ 136.6856913, 35.0641331 ] } },
{ "type": "Feature", "properties": { "内容": "合同会社ﾂﾙﾏﾙｻｰﾋﾞｽ訪問介護【訪問介護】三重県桑名市大字下深谷部4689番地5", "url": "https://www.kaigokensaku.mhlw.go.jp/24/index.php?action_kouhyou_detail_004_kani=true&JigyosyoCd=2470102787-00&ServiceCd=110&Type=search", "url2": null }, "geometry": { "type": "Point", "coordinates": [ 136.6677992, 35.0994853 ] } },
{ "type": "Feature", "properties": { "内容": "訪問介護しらゆりケア桑名能部【訪問介護】三重県桑名市大字能部字北貝戸602-4", "url": "https://www.kaigokensaku.mhlw.go.jp/24/index.php?action_kouhyou_detail_004_kani=true&JigyosyoCd=2470102779-00&ServiceCd=110&Type=search", "url2": "https://planb-shirayuri.com/" }, "geometry": { "type": "Point", "coordinates": [ 136.598738200000014, 34.95369070000001 ] } },
{ "type": "Feature", "properties": { "内容": "訪問介護ステーション　からふるサポート桑名【訪問介護】三重県桑名市繫松新田73-1", "url": "https://www.kaigokensaku.mhlw.go.jp/24/index.php?action_kouhyou_detail_004_kani=true&JigyosyoCd=2470102803-00&ServiceCd=110&Type=search", "url2": null }, "geometry": { "type": "Point", "coordinates": [ 136.68179520000001, 35.0430664 ] } },
{ "type": "Feature", "properties": { "内容": "介護「まほうの杖」【訪問介護】三重県桑名市東方556番地", "url": "https://www.kaigokensaku.mhlw.go.jp/24/index.php?action_kouhyou_detail_004_kani=true&JigyosyoCd=2470100534-00&ServiceCd=110&Type=search", "url2": "http://maho-no-tue.jp" }, "geometry": { "type": "Point", "coordinates": [ 136.681055900000047, 35.073937099999974 ] } },
{ "type": "Feature", "properties": { "内容": "訪問介護事業所　ひまわりケアサービス　はりま【訪問介護】三重県桑名市播磨2505-2大和ビル１F1号", "url": "https://www.kaigokensaku.mhlw.go.jp/24/index.php?action_kouhyou_detail_004_kani=true&JigyosyoCd=2470102670-00&ServiceCd=110&Type=search", "url2": null }, "geometry": { "type": "Point", "coordinates": [ 136.668205199999989, 35.0798995 ] } },
{ "type": "Feature", "properties": { "内容": "ホームヘルプサービス　ひまわり【訪問介護】三重県桑名市長島町福吉268番地１サービス付高齢者向け住宅　シニアレジデンス・スパながしま内", "url": "https://www.kaigokensaku.mhlw.go.jp/24/index.php?action_kouhyou_detail_004_kani=true&JigyosyoCd=2470102175-00&ServiceCd=110&Type=search", "url2": "http://www.sato-group.jp" }, "geometry": { "type": "Point", "coordinates": [ 136.7171030104507, 35.057341691193287 ] } },
{ "type": "Feature", "properties": { "内容": "三交ウェルフェア桑名事業所【訪問介護】三重県桑名市明正町77番地１", "url": "https://www.kaigokensaku.mhlw.go.jp/24/index.php?action_kouhyou_detail_004_kani=true&JigyosyoCd=2470102183-00&ServiceCd=110&Type=search", "url2": "http://www.sanco-welfare.co.jp" }, "geometry": { "type": "Point", "coordinates": [ 136.677083178022372, 35.058520785516151 ] } },
{ "type": "Feature", "properties": { "内容": "介護ネットグリーン【訪問介護】三重県桑名市大字矢田413-1", "url": "https://www.kaigokensaku.mhlw.go.jp/24/index.php?action_kouhyou_detail_004_kani=true&JigyosyoCd=2470100328-00&ServiceCd=110&Type=search", "url2": null }, "geometry": { "type": "Point", "coordinates": [ 136.67160130000002, 35.058355 ] } },
{ "type": "Feature", "properties": { "内容": "桑名市社協ホームヘルパーステーション【訪問介護】三重県桑名市長島町松ヶ島６６番地", "url": "https://www.kaigokensaku.mhlw.go.jp/24/index.php?action_kouhyou_detail_004_kani=true&JigyosyoCd=2472000047-00&ServiceCd=110&Type=search", "url2": "http://www.kuwana-shakyo.com" }, "geometry": { "type": "Point", "coordinates": [ 136.699834199999941, 35.087389 ] } },
{ "type": "Feature", "properties": { "内容": "ヒューマン・ケア指定訪問介護事業所【訪問介護】三重県桑名市星見ヶ丘６丁目９１９番地", "url": "https://www.kaigokensaku.mhlw.go.jp/24/index.php?action_kouhyou_detail_004_kani=true&JigyosyoCd=2470100146-00&ServiceCd=110&Type=search", "url2": "https://humancarestationmie.com/" }, "geometry": { "type": "Point", "coordinates": [ 136.632709699999964, 35.0658199 ] } },
{ "type": "Feature", "properties": { "内容": "ヘルパーステーション桑名陽だまりの丘【訪問介護】三重県桑名市陽だまりの丘2丁目303-1", "url": "https://www.kaigokensaku.mhlw.go.jp/24/index.php?action_kouhyou_detail_004_kani=true&JigyosyoCd=2470102720-00&ServiceCd=110&Type=search", "url2": "https://www.prestige-care-tokai.co.jp/institutions/kuwanahidamarinooka/" }, "geometry": { "type": "Point", "coordinates": [ 136.645486, 35.088023 ] } },
{ "type": "Feature", "properties": { "内容": "有限会社　訪問介護　ほほえみ【訪問介護】三重県桑名市桑部山ヶ鼻１４５６番地２", "url": "https://www.kaigokensaku.mhlw.go.jp/24/index.php?action_kouhyou_detail_004_kani=true&JigyosyoCd=2470101029-00&ServiceCd=110&Type=search", "url2": null }, "geometry": { "type": "Point", "coordinates": [ 136.647544899999957, 35.0515939 ] } },
{ "type": "Feature", "properties": { "内容": "にじのさと桑名サービスセンター【訪問介護】三重県桑名市東方1529-1ハイツアザレア302", "url": "https://www.kaigokensaku.mhlw.go.jp/24/index.php?action_kouhyou_detail_004_kani=true&JigyosyoCd=2470102563-00&ServiceCd=110&Type=search", "url2": "http://www.elderly.jp/" }, "geometry": { "type": "Point", "coordinates": [ 136.677532, 35.0644659 ] } },
{ "type": "Feature", "properties": { "内容": "ナーシング桑名【訪問介護】三重県桑名市大仲新田252番25", "url": "https://www.kaigokensaku.mhlw.go.jp/24/index.php?action_kouhyou_detail_004_kani=true&JigyosyoCd=2470102688-00&ServiceCd=110&Type=search", "url2": null }, "geometry": { "type": "Point", "coordinates": [ 136.6101016, 35.0831859 ] } },
{ "type": "Feature", "properties": { "内容": "へるぱーステーション　れんげの里【訪問介護】桑名市新西方2丁目1番地", "url": "https://www.kaigokensaku.mhlw.go.jp/24/index.php?action_kouhyou_detail_004_kani=true&JigyosyoCd=2470101227-00&ServiceCd=110&Type=search", "url2": "http://rennge-sato.jp" }, "geometry": { "type": "Point", "coordinates": [ 136.658281874059412, 35.075382903676363 ] } },
{ "type": "Feature", "properties": { "内容": "訪問介護ステーションわかば【訪問介護】三重県桑名市星見ヶ丘9丁目807マ・ファミーユわかば", "url": "https://www.kaigokensaku.mhlw.go.jp/24/index.php?action_kouhyou_detail_004_kani=true&JigyosyoCd=2470102159-00&ServiceCd=110&Type=search", "url2": "http://wakaba.hp4u.jp/homecare" }, "geometry": { "type": "Point", "coordinates": [ 136.63560685690004, 35.072361642562377 ] } },
{ "type": "Feature", "properties": { "内容": "すずらん【訪問介護】三重県桑名市大字下深谷部447番地1", "url": "https://www.kaigokensaku.mhlw.go.jp/24/index.php?action_kouhyou_detail_004_kani=true&JigyosyoCd=2470100211-00&ServiceCd=110&Type=search", "url2": null }, "geometry": { "type": "Point", "coordinates": [ 136.670742300000029, 35.0934348 ] } },
{ "type": "Feature", "properties": { "内容": "ケアリール訪問介護事業所　額田【訪問介護】三重県桑名市額田546ザ・クイーンビクトリア　E号室", "url": "https://www.kaigokensaku.mhlw.go.jp/24/index.php?action_kouhyou_detail_004_kani=true&JigyosyoCd=2470102852-00&ServiceCd=110&Type=search", "url2": "https://niceman-care.jp/" }, "geometry": { "type": "Point", "coordinates": [ 136.63899330000001, 35.0620675 ] } },
{ "type": "Feature", "properties": { "内容": "ニチイケアセンター桑名【訪問介護】桑名市大字東方細貝道3139", "url": "https://www.kaigokensaku.mhlw.go.jp/24/index.php?action_kouhyou_detail_004_kani=true&JigyosyoCd=2470100393-00&ServiceCd=110&Type=search", "url2": "http://www.nichiigakkann.co.jp" }, "geometry": { "type": "Point", "coordinates": [ 136.677375274591071, 35.07446055965061 ] } },
{ "type": "Feature", "properties": { "内容": "ヘルパーステーション　アトラ桑名【訪問介護】三重県桑名市大字蓮華寺902　ハッピー2000稲場　３A", "url": "https://www.kaigokensaku.mhlw.go.jp/24/index.php?action_kouhyou_detail_004_kani=true&JigyosyoCd=2470102845-00&ServiceCd=110&Type=search", "url2": "https://care-support-atra.com/" }, "geometry": { "type": "Point", "coordinates": [ 136.683793, 35.0621467 ] } },
{ "type": "Feature", "properties": { "内容": "ケアサービスたんぽぽ【訪問介護】桑名市外堀45番地", "url": "https://www.kaigokensaku.mhlw.go.jp/24/index.php?action_kouhyou_detail_004_kani=true&JigyosyoCd=2470101409-00&ServiceCd=110&Type=search", "url2": null }, "geometry": { "type": "Point", "coordinates": [ 136.6935353, 35.0601333 ] } },
{ "type": "Feature", "properties": { "内容": "桑名の杜　訪問介護事業所【訪問介護】大字桑部1464-1", "url": "https://www.kaigokensaku.mhlw.go.jp/24/index.php?action_kouhyou_detail_004_kani=true&JigyosyoCd=2470102035-00&ServiceCd=110&Type=search", "url2": null }, "geometry": { "type": "Point", "coordinates": [ 136.643509422695956, 35.051064531197525 ] } },
{ "type": "Feature", "properties": { "内容": "つきのこみちヘルパーステーション【訪問介護】三重県桑名市福島853番1ケアガーデンつきのこみち内", "url": "https://www.kaigokensaku.mhlw.go.jp/24/index.php?action_kouhyou_detail_004_kani=true&JigyosyoCd=2470102472-00&ServiceCd=110&Type=search", "url2": "http://www.kobayaku.com/" }, "geometry": { "type": "Point", "coordinates": [ 136.68735, 35.078968 ] } },
{ "type": "Feature", "properties": { "内容": "ホームヘルプいがまち【訪問介護】桑名市伊賀町55-2", "url": "https://www.kaigokensaku.mhlw.go.jp/24/index.php?action_kouhyou_detail_004_kani=true&JigyosyoCd=2470101581-00&ServiceCd=110&Type=search", "url2": "http://www.hhelp-iga@k-hewcoop.jp" }, "geometry": { "type": "Point", "coordinates": [ 136.698407, 35.0599807 ] } },
{ "type": "Feature", "properties": { "内容": "ヘルパーステーション「よなは」【訪問介護】桑名市星見ヶ丘7丁目121ヨナハ在宅ケアセンター星見ヶ丘", "url": "https://www.kaigokensaku.mhlw.go.jp/24/index.php?action_kouhyou_detail_004_kani=true&JigyosyoCd=2470100708-00&ServiceCd=110&Type=search", "url2": "https://yonaha.or.jp/zc/helper.html" }, "geometry": { "type": "Point", "coordinates": [ 136.635548400000062, 35.0666476 ] } },
{ "type": "Feature", "properties": { "内容": "さぽーとぷろ【訪問介護】三重県鈴鹿市寺家8丁目19番7号", "url": "https://www.kaigokensaku.mhlw.go.jp/24/index.php?action_kouhyou_detail_004_kani=true&JigyosyoCd=2470303708-00&ServiceCd=110&Type=search", "url2": null }, "geometry": { "type": "Point", "coordinates": [ 136.5726838, 34.8230394 ] } },
{ "type": "Feature", "properties": { "内容": "エポック介護サービス（えぽっくかいごさーびす）【訪問介護】三重県鈴鹿市高岡町２６６５番地２", "url": "https://www.kaigokensaku.mhlw.go.jp/24/index.php?action_kouhyou_detail_004_kani=true&JigyosyoCd=2470302692-00&ServiceCd=110&Type=search", "url2": null }, "geometry": { "type": "Point", "coordinates": [ 136.592569799999978, 34.894259200000015 ] } },
{ "type": "Feature", "properties": { "内容": "おおえのき接骨院ホームヘルパーステーション【訪問介護】三重県鈴鹿市白子町２９３２－１", "url": "https://www.kaigokensaku.mhlw.go.jp/24/index.php?action_kouhyou_detail_004_kani=true&JigyosyoCd=2470303054-00&ServiceCd=110&Type=search", "url2": "www.ohenoki.com" }, "geometry": { "type": "Point", "coordinates": [ 136.5867869, 34.8376735 ] } },
{ "type": "Feature", "properties": { "内容": "まごのてヘルパーステーション【訪問介護】三重県鈴鹿市末広南2丁目9-11", "url": "https://www.kaigokensaku.mhlw.go.jp/24/index.php?action_kouhyou_detail_004_kani=true&JigyosyoCd=2470303534-00&ServiceCd=110&Type=search", "url2": null }, "geometry": { "type": "Point", "coordinates": [ 136.559518849335461, 34.859723005173208 ] } },
{ "type": "Feature", "properties": { "内容": "訪問介護事業所ウィズ【訪問介護】三重県鈴鹿市須賀2丁目16番13号", "url": "https://www.kaigokensaku.mhlw.go.jp/24/index.php?action_kouhyou_detail_004_kani=true&JigyosyoCd=2470303815-00&ServiceCd=110&Type=search", "url2": null }, "geometry": { "type": "Point", "coordinates": [ 136.5900145, 34.8875686 ] } },
{ "type": "Feature", "properties": { "内容": "希望の里たんぽぽ　訪問介護【訪問介護】三重県鈴鹿市道伯町2403", "url": "https://www.kaigokensaku.mhlw.go.jp/24/index.php?action_kouhyou_detail_004_kani=true&JigyosyoCd=2470301843-00&ServiceCd=110&Type=search", "url2": "http://kibou-tanpopo.jindo.com/" }, "geometry": { "type": "Point", "coordinates": [ 136.554757621626351, 34.858289734481978 ] } },
{ "type": "Feature", "properties": { "内容": "アクア鈴鹿訪問介護【訪問介護】三重県鈴鹿市末広北3丁目2-16", "url": "https://www.kaigokensaku.mhlw.go.jp/24/index.php?action_kouhyou_detail_004_kani=true&JigyosyoCd=2470303872-00&ServiceCd=110&Type=search", "url2": null }, "geometry": { "type": "Point", "coordinates": [ 136.5600543, 34.8615449 ] } },
{ "type": "Feature", "properties": { "内容": "訪問介護ステーション　めいぷる【訪問介護】三重県鈴鹿市柳町１６７２番地有料老人ホーム万寿内", "url": "https://www.kaigokensaku.mhlw.go.jp/24/index.php?action_kouhyou_detail_004_kani=true&JigyosyoCd=2470302585-00&ServiceCd=110&Type=search", "url2": null }, "geometry": { "type": "Point", "coordinates": [ 136.598735933729614, 34.874871816744857 ] } },
{ "type": "Feature", "properties": { "内容": "訪問介護ステーションanchor【訪問介護】三重県鈴鹿市三宅町1700番地", "url": "https://www.kaigokensaku.mhlw.go.jp/24/index.php?action_kouhyou_detail_004_kani=true&JigyosyoCd=2470303880-00&ServiceCd=110&Type=search", "url2": "https://www.magocoro.group" }, "geometry": { "type": "Point", "coordinates": [ 136.5066171, 34.8184203 ] } },
{ "type": "Feature", "properties": { "内容": "訪問介護（ヘルパーステーション）えみの里【訪問介護】住吉5丁目7-1", "url": "https://www.kaigokensaku.mhlw.go.jp/24/index.php?action_kouhyou_detail_004_kani=true&JigyosyoCd=2470302049-00&ServiceCd=110&Type=search", "url2": null }, "geometry": { "type": "Point", "coordinates": [ 130.415864599999964, 33.5822529 ] } },
{ "type": "Feature", "properties": { "内容": "ゴールドエイジ　伊船営業所【訪問介護】三重県鈴鹿市伊船町2940－1ゴールドエイジ伊船", "url": "https://www.kaigokensaku.mhlw.go.jp/24/index.php?action_kouhyou_detail_004_kani=true&JigyosyoCd=2470303864-00&ServiceCd=110&Type=search", "url2": "http://goldage.co.jp" }, "geometry": { "type": "Point", "coordinates": [ 136.48011, 34.9246395 ] } },
{ "type": "Feature", "properties": { "内容": "訪問介護事業所　鈴鹿聖十字の家【訪問介護】三重県鈴鹿市木田町1961", "url": "https://www.kaigokensaku.mhlw.go.jp/24/index.php?action_kouhyou_detail_004_kani=true&JigyosyoCd=2470300035-00&ServiceCd=110&Type=search", "url2": "http://www.suzukaseijujikai.jp/" }, "geometry": { "type": "Point", "coordinates": [ 136.563073600000052, 34.9049943 ] } },
{ "type": "Feature", "properties": { "内容": "ヘルパーステーション　なごみ【訪問介護】三重県鈴鹿市南若松町４８８番地", "url": "https://www.kaigokensaku.mhlw.go.jp/24/index.php?action_kouhyou_detail_004_kani=true&JigyosyoCd=2470300845-00&ServiceCd=110&Type=search", "url2": null }, "geometry": { "type": "Point", "coordinates": [ 136.611679500000037, 34.8508438 ] } },
{ "type": "Feature", "properties": { "内容": "訪問介護事業所「社協」【訪問介護】三重県鈴鹿市神戸地子町383-1", "url": "https://www.kaigokensaku.mhlw.go.jp/24/index.php?action_kouhyou_detail_004_kani=true&JigyosyoCd=2470300027-00&ServiceCd=110&Type=search", "url2": null }, "geometry": { "type": "Point", "coordinates": [ 136.57392649999997, 34.8755577 ] } },
{ "type": "Feature", "properties": { "内容": "ゴールドエイジ白子営業所【訪問介護】鈴鹿市中江島町18-3ゴールドエイジ白子", "url": "https://www.kaigokensaku.mhlw.go.jp/24/index.php?action_kouhyou_detail_004_kani=true&JigyosyoCd=2470303930-00&ServiceCd=110&Type=search", "url2": "http//www.goldage.co.jp" }, "geometry": { "type": "Point", "coordinates": [ 136.5927696, 34.8407677 ] } },
{ "type": "Feature", "properties": { "内容": "訪問介護　えにし【訪問介護】三重県鈴鹿市下箕田1-12-3ベイサイド　105号", "url": "https://www.kaigokensaku.mhlw.go.jp/24/index.php?action_kouhyou_detail_004_kani=true&JigyosyoCd=2470302908-00&ServiceCd=110&Type=search", "url2": null }, "geometry": { "type": "Point", "coordinates": [ 136.6300804, 34.8783083 ] } },
{ "type": "Feature", "properties": { "内容": "ホームヘルパーステーション　アルテハイム鈴鹿【訪問介護】三重県鈴鹿市平田1丁目３番５号", "url": "https://www.kaigokensaku.mhlw.go.jp/24/index.php?action_kouhyou_detail_004_kani=true&JigyosyoCd=2470300019-00&ServiceCd=110&Type=search", "url2": "http://seijinkai.shiokawa-hp.jp" }, "geometry": { "type": "Point", "coordinates": [ 136.539801736631716, 34.874527868070565 ] } },
{ "type": "Feature", "properties": { "内容": "訪問介護事業所　ふるさと【訪問介護】三重県鈴鹿市算所3丁目21-23", "url": "https://www.kaigokensaku.mhlw.go.jp/24/index.php?action_kouhyou_detail_004_kani=true&JigyosyoCd=2470302981-00&ServiceCd=110&Type=search", "url2": "https://furusatonoie.jimdosite.com/" }, "geometry": { "type": "Point", "coordinates": [ 136.548135950848405, 34.876330442302574 ] } },
{ "type": "Feature", "properties": { "内容": "訪問介護はるかぜ【訪問介護】三重県鈴鹿市野町中２丁目１９番８号トリニダード・トバコＥ棟101", "url": "https://www.kaigokensaku.mhlw.go.jp/24/index.php?action_kouhyou_detail_004_kani=true&JigyosyoCd=2470303252-00&ServiceCd=110&Type=search", "url2": null }, "geometry": { "type": "Point", "coordinates": [ 136.564888600000018, 34.850288 ] } },
{ "type": "Feature", "properties": { "内容": "ヘルパーますだや【訪問介護】三重県鈴鹿市算所1丁目18番14号", "url": "https://www.kaigokensaku.mhlw.go.jp/24/index.php?action_kouhyou_detail_004_kani=true&JigyosyoCd=2470302882-00&ServiceCd=110&Type=search", "url2": null }, "geometry": { "type": "Point", "coordinates": [ 136.543603362669728, 34.870544367171433 ] } },
{ "type": "Feature", "properties": { "内容": "訪問介護ステ－ションらくらく【訪問介護】三重県鈴鹿市三日市１－１９－２７", "url": "https://www.kaigokensaku.mhlw.go.jp/24/index.php?action_kouhyou_detail_004_kani=true&JigyosyoCd=2470301777-00&ServiceCd=110&Type=search", "url2": null }, "geometry": { "type": "Point", "coordinates": [ 136.554691100000014, 34.879658100000015 ] } },
{ "type": "Feature", "properties": { "内容": "ヘルパーステーション　あおぞら【訪問介護】三重県鈴鹿市稲生四丁目4878番2", "url": "https://www.kaigokensaku.mhlw.go.jp/24/index.php?action_kouhyou_detail_004_kani=true&JigyosyoCd=2470303260-00&ServiceCd=110&Type=search", "url2": "https://tamada-group.jp/" }, "geometry": { "type": "Point", "coordinates": [ 136.562950699999988, 34.8408775 ] } },
{ "type": "Feature", "properties": { "内容": "訪問介護センター鈴鹿清寿苑【訪問介護】鈴鹿市石薬師町字西裏２０８１番地１鈴鹿清寿苑", "url": "https://www.kaigokensaku.mhlw.go.jp/24/index.php?action_kouhyou_detail_004_kani=true&JigyosyoCd=2470301934-00&ServiceCd=110&Type=search", "url2": "http://www.keyakien.jp" }, "geometry": { "type": "Point", "coordinates": [ 136.545090883853163, 34.904839796821378 ] } },
{ "type": "Feature", "properties": { "内容": "訪問介護ステーション鈴鹿シルバーケア豊壽園【訪問介護】三重県鈴鹿市東磯山２丁目5-1", "url": "https://www.kaigokensaku.mhlw.go.jp/24/index.php?action_kouhyou_detail_004_kani=true&JigyosyoCd=2470302346-00&ServiceCd=110&Type=search", "url2": "http://www.sensin.or.jp" }, "geometry": { "type": "Point", "coordinates": [ 136.57249198374484, 34.812419108172115 ] } },
{ "type": "Feature", "properties": { "内容": "訪問介護事業所ヒーリング【訪問介護】三重県鈴鹿市国府町4922-437", "url": "https://www.kaigokensaku.mhlw.go.jp/24/index.php?action_kouhyou_detail_004_kani=true&JigyosyoCd=2470303385-00&ServiceCd=110&Type=search", "url2": "https://healing-llc.amebaownd.com/" }, "geometry": { "type": "Point", "coordinates": [ 136.508228199999962, 34.8433932 ] } },
{ "type": "Feature", "properties": { "内容": "ヘルパーステーション愛すみよし苑【訪問介護】鈴鹿市神戸9丁目26-14", "url": "https://www.kaigokensaku.mhlw.go.jp/24/index.php?action_kouhyou_detail_004_kani=true&JigyosyoCd=2470303484-00&ServiceCd=110&Type=search", "url2": null }, "geometry": { "type": "Point", "coordinates": [ 136.585805, 34.8846261 ] } },
{ "type": "Feature", "properties": { "内容": "ヘルパーステーション国府の里【訪問介護】国府町936-1", "url": "https://www.kaigokensaku.mhlw.go.jp/24/index.php?action_kouhyou_detail_004_kani=true&JigyosyoCd=2470303583-00&ServiceCd=110&Type=search", "url2": "mamemame.co.jp" }, "geometry": { "type": "Point", "coordinates": [ 136.4974608, 34.8580341 ] } },
{ "type": "Feature", "properties": { "内容": "あいさんさん【訪問介護】算所三丁目3-15サンコートスズカ202", "url": "https://www.kaigokensaku.mhlw.go.jp/24/index.php?action_kouhyou_detail_004_kani=true&JigyosyoCd=2470303781-00&ServiceCd=110&Type=search", "url2": "https://www.aisansan.net" }, "geometry": { "type": "Point", "coordinates": [ 136.543985099999986, 34.8760398 ] } },
{ "type": "Feature", "properties": { "内容": "ヘルパーステーション陽だまり長屋鈴鹿【訪問介護】三重県鈴鹿市秋永町大門２０７９番地", "url": "https://www.kaigokensaku.mhlw.go.jp/24/index.php?action_kouhyou_detail_004_kani=true&JigyosyoCd=2470302072-00&ServiceCd=110&Type=search", "url2": "http://hidamari.in/" }, "geometry": { "type": "Point", "coordinates": [ 136.54980665833591, 34.812488405828844 ] } },
{ "type": "Feature", "properties": { "内容": "ヘルパーST「はなやか」【訪問介護】高岡町２６８７", "url": "https://www.kaigokensaku.mhlw.go.jp/24/index.php?action_kouhyou_detail_004_kani=true&JigyosyoCd=2470302718-00&ServiceCd=110&Type=search", "url2": null }, "geometry": { "type": "Point", "coordinates": [ 133.427791599999978, 33.4973551 ] } },
{ "type": "Feature", "properties": { "内容": "訪問介護事業所　にじいろ【訪問介護】三重県鈴鹿市若松北二丁目5-40ファミールマルショウ101", "url": "https://www.kaigokensaku.mhlw.go.jp/24/index.php?action_kouhyou_detail_004_kani=true&JigyosyoCd=2470303773-00&ServiceCd=110&Type=search", "url2": "https://key-26.jimdosite.com" }, "geometry": { "type": "Point", "coordinates": [ 136.6181085, 34.8687651 ] } },
{ "type": "Feature", "properties": { "内容": "訪問介護　すみれ【訪問介護】三重県鈴鹿市秋永町989-4", "url": "https://www.kaigokensaku.mhlw.go.jp/24/index.php?action_kouhyou_detail_004_kani=true&JigyosyoCd=2470301272-00&ServiceCd=110&Type=search", "url2": "h-sumire@inetmie.or.jp" }, "geometry": { "type": "Point", "coordinates": [ 136.5515739, 34.8179666 ] } },
{ "type": "Feature", "properties": { "内容": "ヘルパーステーション　鈴の丘【訪問介護】三重県鈴鹿市庄野町2550番地", "url": "https://www.kaigokensaku.mhlw.go.jp/24/index.php?action_kouhyou_detail_004_kani=true&JigyosyoCd=2450380031-00&ServiceCd=110&Type=search", "url2": "http://www.mecha.ne.jp/~suzu-oka/" }, "geometry": { "type": "Point", "coordinates": [ 136.508545199999958, 34.8881729 ] } },
{ "type": "Feature", "properties": { "内容": "伊勢マリンホーム訪問介護事業【訪問介護】三重県鈴鹿市南若松町字南新田2番地１", "url": "https://www.kaigokensaku.mhlw.go.jp/24/index.php?action_kouhyou_detail_004_kani=true&JigyosyoCd=2470300209-00&ServiceCd=110&Type=search", "url2": "https://isemarin.jp" }, "geometry": { "type": "Point", "coordinates": [ 136.600336551016255, 34.839091595714315 ] } },
{ "type": "Feature", "properties": { "内容": "ヘルパーらいふ西条【訪問介護】三重県鈴鹿市西条3-5-18ビッグレジデンス102", "url": "https://www.kaigokensaku.mhlw.go.jp/24/index.php?action_kouhyou_detail_004_kani=true&JigyosyoCd=2470303294-00&ServiceCd=110&Type=search", "url2": "https://sites.google.com/view/helperspt/%E3%83%9B%E3%83%BC%E3%83%A0" }, "geometry": { "type": "Point", "coordinates": [ 136.567823, 34.880435800000015 ] } },
{ "type": "Feature", "properties": { "内容": "ヘルパーステーションTSUGUMI【訪問介護】三重県鈴鹿市若松東1丁目12-19", "url": "https://www.kaigokensaku.mhlw.go.jp/24/index.php?action_kouhyou_detail_004_kani=true&JigyosyoCd=2470303948-00&ServiceCd=110&Type=search", "url2": null }, "geometry": { "type": "Point", "coordinates": [ 136.615983188360588, 34.857291969244905 ] } },
{ "type": "Feature", "properties": { "内容": "有限会社　イトーファーマシー　ヘルパーステーション沙羅【訪問介護】三重県鈴鹿市安塚町638-16", "url": "https://www.kaigokensaku.mhlw.go.jp/24/index.php?action_kouhyou_detail_004_kani=true&JigyosyoCd=2470300043-00&ServiceCd=110&Type=search", "url2": "http://www.ito-pharmacy.jp" }, "geometry": { "type": "Point", "coordinates": [ 136.5711212, 34.8671861 ] } },
{ "type": "Feature", "properties": { "内容": "くすのき園訪問介護事業所【訪問介護】三重県鈴鹿市上箕田町字近田2639-2", "url": "https://www.kaigokensaku.mhlw.go.jp/24/index.php?action_kouhyou_detail_004_kani=true&JigyosyoCd=2470300365-00&ServiceCd=110&Type=search", "url2": "https://jidoukai-kusunokien.com" }, "geometry": { "type": "Point", "coordinates": [ 136.612554100000011, 34.8774636 ] } },
{ "type": "Feature", "properties": { "内容": "有限会社ハート・ケア中七指定居宅サービス事業所【訪問介護】三重県鈴鹿市寺家四丁目17番20号", "url": "https://www.kaigokensaku.mhlw.go.jp/24/index.php?action_kouhyou_detail_004_kani=true&JigyosyoCd=2470300373-00&ServiceCd=110&Type=search", "url2": null }, "geometry": { "type": "Point", "coordinates": [ 136.58154049999996, 34.8252745 ] } },
{ "type": "Feature", "properties": { "内容": "よろこび指定訪問介護事業所【訪問介護】三重県鈴鹿市池田町１３３５番地の７", "url": "https://www.kaigokensaku.mhlw.go.jp/24/index.php?action_kouhyou_detail_004_kani=true&JigyosyoCd=2470300480-00&ServiceCd=110&Type=search", "url2": null }, "geometry": { "type": "Point", "coordinates": [ 136.609129755225354, 34.90135038588577 ] } },
{ "type": "Feature", "properties": { "内容": "ヘルパーステーションひかり【訪問介護】三重県鈴鹿市自由ヶ丘一丁目18番21号ﾛｲﾔﾙｼｬﾙﾏﾝ201号", "url": "https://www.kaigokensaku.mhlw.go.jp/24/index.php?action_kouhyou_detail_004_kani=true&JigyosyoCd=2470303286-00&ServiceCd=110&Type=search", "url2": null }, "geometry": { "type": "Point", "coordinates": [ 136.549762855680939, 34.911706365669993 ] } },
{ "type": "Feature", "properties": { "内容": "ヘルパーぬくもり【訪問介護】三重県鈴鹿市加佐登四丁目２３番２６号", "url": "https://www.kaigokensaku.mhlw.go.jp/24/index.php?action_kouhyou_detail_004_kani=true&JigyosyoCd=2470303690-00&ServiceCd=110&Type=search", "url2": null }, "geometry": { "type": "Point", "coordinates": [ 136.522311511045103, 34.896308696232964 ] } },
{ "type": "Feature", "properties": { "内容": "訪問介護しましま【訪問介護】三重県鈴鹿市野町中2-22-12", "url": "https://www.kaigokensaku.mhlw.go.jp/24/index.php?action_kouhyou_detail_004_kani=true&JigyosyoCd=2470303666-00&ServiceCd=110&Type=search", "url2": "https://www.anjyu.co.jp" }, "geometry": { "type": "Point", "coordinates": [ 136.565531099999987, 34.84950929999998 ] } },
{ "type": "Feature", "properties": { "内容": "訪問介護ステーション　からふるサポート　寺家【訪問介護】寺家八丁目16-6", "url": "https://www.kaigokensaku.mhlw.go.jp/24/index.php?action_kouhyou_detail_004_kani=true&JigyosyoCd=2470303716-00&ServiceCd=110&Type=search", "url2": null }, "geometry": { "type": "Point", "coordinates": [ 136.573982699999988, 34.8217735 ] } },
{ "type": "Feature", "properties": { "内容": "富士ライフケアネット株式会社玉垣あんしん館【訪問介護】三重県鈴鹿市南玉垣町5520番地", "url": "https://www.kaigokensaku.mhlw.go.jp/24/index.php?action_kouhyou_detail_004_kani=true&JigyosyoCd=2470300977-00&ServiceCd=110&Type=search", "url2": "http://www.fujielectric.co.jp/flcn/" }, "geometry": { "type": "Point", "coordinates": [ 136.580248500000039, 34.8601095 ] } },
{ "type": "Feature", "properties": { "内容": "ゴールドエイジ　鈴鹿営業所【訪問介護】三日市町1978番地1ゴールドエイジ　三日市", "url": "https://www.kaigokensaku.mhlw.go.jp/24/index.php?action_kouhyou_detail_004_kani=true&JigyosyoCd=2470302791-00&ServiceCd=110&Type=search", "url2": "http://goldage.co.jp" }, "geometry": { "type": "Point", "coordinates": [ 136.55654973722946, 34.866021325991397 ] } },
{ "type": "Feature", "properties": { "内容": "訪問介護まはろ【訪問介護】三重県鈴鹿市高塚町１０８３番地の６", "url": "https://www.kaigokensaku.mhlw.go.jp/24/index.php?action_kouhyou_detail_004_kani=true&JigyosyoCd=2470303955-00&ServiceCd=110&Type=search", "url2": null }, "geometry": { "type": "Point", "coordinates": [ 136.514824299999987, 34.8979636 ] } },
{ "type": "Feature", "properties": { "内容": "訪問介護サービスおり鶴【訪問介護】三重県鈴鹿市加佐登四丁目２３番２６号", "url": "https://www.kaigokensaku.mhlw.go.jp/24/index.php?action_kouhyou_detail_004_kani=true&JigyosyoCd=2470303963-00&ServiceCd=110&Type=search", "url2": null }, "geometry": { "type": "Point", "coordinates": [ 136.522313828836047, 34.896338795433891 ] } },
{ "type": "Feature", "properties": { "内容": "ヘルパーステーション　アヌエ【訪問介護】三重県鈴鹿市国府町943-1", "url": "https://www.kaigokensaku.mhlw.go.jp/24/index.php?action_kouhyou_detail_004_kani=true&JigyosyoCd=2470303807-00&ServiceCd=110&Type=search", "url2": null }, "geometry": { "type": "Point", "coordinates": [ 136.4981684, 34.8575928 ] } },
{ "type": "Feature", "properties": { "内容": "医心館訪問介護ステーション鈴鹿【訪問介護】三重県鈴鹿市末広東５番21号059-383-8510", "url": "https://www.kaigokensaku.mhlw.go.jp/24/index.php?action_kouhyou_detail_004_kani=true&JigyosyoCd=2470303971-00&ServiceCd=110&Type=search", "url2": null }, "geometry": { "type": "Point", "coordinates": [ 136.5690885, 34.8599452 ] } },
{ "type": "Feature", "properties": { "内容": "ニチイケアセンター鈴鹿【訪問介護】三重県鈴鹿市南江島町12番20号", "url": "https://www.kaigokensaku.mhlw.go.jp/24/index.php?action_kouhyou_detail_004_kani=true&JigyosyoCd=2470300357-00&ServiceCd=110&Type=search", "url2": "http://www.nichiigakkan.co.jp" }, "geometry": { "type": "Point", "coordinates": [ 136.59175879999998, 34.839556500000015 ] } },
{ "type": "Feature", "properties": { "内容": "ゴールドエイジ　末広営業所【訪問介護】三重県鈴鹿市末広東5-1ゴールドエイジ末広", "url": "https://www.kaigokensaku.mhlw.go.jp/24/index.php?action_kouhyou_detail_004_kani=true&JigyosyoCd=2470303922-00&ServiceCd=110&Type=search", "url2": null }, "geometry": { "type": "Point", "coordinates": [ 136.5694045, 34.8603569 ] } },
{ "type": "Feature", "properties": { "内容": "Ｒesora訪問ヘルパーステーション【訪問介護】三重県鈴鹿市一ノ宮町1901番14号", "url": "https://www.kaigokensaku.mhlw.go.jp/24/index.php?action_kouhyou_detail_004_kani=true&JigyosyoCd=2470303146-00&ServiceCd=110&Type=search", "url2": "http://www.resora-net.com" }, "geometry": { "type": "Point", "coordinates": [ 136.596613117791009, 34.896798933576008 ] } },
{ "type": "Feature", "properties": { "内容": "ヘルパーステーション　ライム【訪問介護】鈴鹿市白子本町11-25六本木ホームズ2Ｃ", "url": "https://www.kaigokensaku.mhlw.go.jp/24/index.php?action_kouhyou_detail_004_kani=true&JigyosyoCd=2470301058-00&ServiceCd=110&Type=search", "url2": null }, "geometry": { "type": "Point", "coordinates": [ 136.5891775, 34.8332998 ] } },
{ "type": "Feature", "properties": { "内容": "ホームヘルプサービスゆーゆ【訪問介護】西原町２６２２", "url": "https://www.kaigokensaku.mhlw.go.jp/24/index.php?action_kouhyou_detail_004_kani=true&JigyosyoCd=2471301131-00&ServiceCd=110&Type=search", "url2": "http://www.n-ikuseien.jp/" }, "geometry": { "type": "Point", "coordinates": [ 139.529689800000028, 35.7389638 ] } },
{ "type": "Feature", "properties": { "内容": "さくら・介護ステーション名張【訪問介護】三重県名張市づづじが丘北5番町269-7", "url": "https://www.kaigokensaku.mhlw.go.jp/24/index.php?action_kouhyou_detail_004_kani=true&JigyosyoCd=2471300992-00&ServiceCd=110&Type=search", "url2": null }, "geometry": { "type": "Point", "coordinates": [ 136.13321940000003, 34.6060755 ] } },
{ "type": "Feature", "properties": { "内容": "ヘルパステーションほっとライフサービス【訪問介護】三重県名張市桔梗が丘五番町九街区1812番地11", "url": "https://www.kaigokensaku.mhlw.go.jp/24/index.php?action_kouhyou_detail_004_kani=true&JigyosyoCd=2471301545-00&ServiceCd=110&Type=search", "url2": null }, "geometry": { "type": "Point", "coordinates": [ 136.1267081, 34.6394463 ] } },
{ "type": "Feature", "properties": { "内容": "ニチイケアセンター桔梗が丘【訪問介護】三重県名張市桔梗が丘5番町2街区1番地永尾ビル103号室", "url": "https://www.kaigokensaku.mhlw.go.jp/24/index.php?action_kouhyou_detail_004_kani=true&JigyosyoCd=2471301404-00&ServiceCd=110&Type=search", "url2": null }, "geometry": { "type": "Point", "coordinates": [ 136.126096, 34.641347 ] } },
{ "type": "Feature", "properties": { "内容": "ヘルパーステーション　ゆり【訪問介護】三重県名張市百合ヶ丘西５番町2番地第4はなの里百合ヒルズ", "url": "https://www.kaigokensaku.mhlw.go.jp/24/index.php?action_kouhyou_detail_004_kani=true&JigyosyoCd=2471301420-00&ServiceCd=110&Type=search", "url2": "http://www.hananosato-nabari.com" }, "geometry": { "type": "Point", "coordinates": [ 136.09538569999998, 34.6047374 ] } },
{ "type": "Feature", "properties": { "内容": "医心館訪問介護ステーション名張【訪問介護】三重県名張市東町1901-1医心館名張Ⅰ,Ⅱ", "url": "https://www.kaigokensaku.mhlw.go.jp/24/index.php?action_kouhyou_detail_004_kani=true&JigyosyoCd=2471301032-00&ServiceCd=110&Type=search", "url2": null }, "geometry": { "type": "Point", "coordinates": [ 136.100398887033094, 34.631648258108406 ] } },
{ "type": "Feature", "properties": { "内容": "ヘルパーステーション紫陽花【訪問介護】百合が丘西３番町６３番地", "url": "https://www.kaigokensaku.mhlw.go.jp/24/index.php?action_kouhyou_detail_004_kani=true&JigyosyoCd=2471300687-00&ServiceCd=110&Type=search", "url2": null }, "geometry": { "type": "Point", "coordinates": [ 136.1012141, 34.60445 ] } },
{ "type": "Feature", "properties": { "内容": "近鉄スマイル桔梗が丘ケアセンター【訪問介護】三重県名張市桔梗が丘西３番町１街区１０番地", "url": "https://www.kaigokensaku.mhlw.go.jp/24/index.php?action_kouhyou_detail_004_kani=true&JigyosyoCd=2471300406-00&ServiceCd=110&Type=search", "url2": "http://www.k-smile.com" }, "geometry": { "type": "Point", "coordinates": [ 136.111383700000033, 34.6438355 ] } },
{ "type": "Feature", "properties": { "内容": "ヘルパーステーションワイズケア【訪問介護】三重県名張市桔梗が丘4番町5-7-10　2階", "url": "https://www.kaigokensaku.mhlw.go.jp/24/index.php?action_kouhyou_detail_004_kani=true&JigyosyoCd=2471301594-00&ServiceCd=110&Type=search", "url2": null }, "geometry": { "type": "Point", "coordinates": [ 136.1244404, 34.6487084 ] } },
{ "type": "Feature", "properties": { "内容": "セントケア名張【訪問介護】三重県名張市鴻之台1-156ファーストステップ1Ｆ", "url": "https://www.kaigokensaku.mhlw.go.jp/24/index.php?action_kouhyou_detail_004_kani=true&JigyosyoCd=2471300604-00&ServiceCd=110&Type=search", "url2": "https://saint-care-mie.com" }, "geometry": { "type": "Point", "coordinates": [ 136.109148399999981, 34.6287588 ] } },
{ "type": "Feature", "properties": { "内容": "有限会社　福笑み【訪問介護】三重県名張市富貴ヶ丘5番町3番地", "url": "https://www.kaigokensaku.mhlw.go.jp/24/index.php?action_kouhyou_detail_004_kani=true&JigyosyoCd=2471300521-00&ServiceCd=110&Type=search", "url2": null }, "geometry": { "type": "Point", "coordinates": [ 136.1204808, 34.6209436 ] } },
{ "type": "Feature", "properties": { "内容": "伊賀福祉訪問介護事業所【訪問介護】三重県名張市下比奈知2872番地2", "url": "https://www.kaigokensaku.mhlw.go.jp/24/index.php?action_kouhyou_detail_004_kani=true&JigyosyoCd=2471300349-00&ServiceCd=110&Type=search", "url2": null }, "geometry": { "type": "Point", "coordinates": [ 136.119305599999961, 34.6272208 ] } },
{ "type": "Feature", "properties": { "内容": "訪問介護事業所ハートアーク【訪問介護】三重県名張市桔梗が丘3番町1街区1番地睦ビル2F-2", "url": "https://www.kaigokensaku.mhlw.go.jp/24/index.php?action_kouhyou_detail_004_kani=true&JigyosyoCd=2471301347-00&ServiceCd=110&Type=search", "url2": null }, "geometry": { "type": "Point", "coordinates": [ 136.115386400000034, 34.6422448 ] } },
{ "type": "Feature", "properties": { "内容": "訪問介護ステーションてらだ【訪問介護】三重県名張市夏見３２６０番地１", "url": "https://www.kaigokensaku.mhlw.go.jp/24/index.php?action_kouhyou_detail_004_kani=true&JigyosyoCd=2471300224-00&ServiceCd=110&Type=search", "url2": "http://www.terada-hp.or.jp" }, "geometry": { "type": "Point", "coordinates": [ 136.105829474205052, 34.620163833234635 ] } },
{ "type": "Feature", "properties": { "内容": "ヘルパーステーションポケットハウス【訪問介護】三重県名張市青蓮寺字北浦１４５４番地１８", "url": "https://www.kaigokensaku.mhlw.go.jp/24/index.php?action_kouhyou_detail_004_kani=true&JigyosyoCd=2471301305-00&ServiceCd=110&Type=search", "url2": "https://www.sawayakaen.or.jp" }, "geometry": { "type": "Point", "coordinates": [ 136.1088035, 34.5809983 ] } },
{ "type": "Feature", "properties": { "内容": "訪問介護事業所　笑夢【訪問介護】三重県名張市東町1827-5マルトマンション402", "url": "https://www.kaigokensaku.mhlw.go.jp/24/index.php?action_kouhyou_detail_004_kani=true&JigyosyoCd=2471301511-00&ServiceCd=110&Type=search", "url2": null }, "geometry": { "type": "Point", "coordinates": [ 136.0971317, 34.6301658 ] } },
{ "type": "Feature", "properties": { "内容": "さくらんぼ名張【訪問介護】三重県名張市桔梗が丘４番町１街区33", "url": "https://www.kaigokensaku.mhlw.go.jp/24/index.php?action_kouhyou_detail_004_kani=true&JigyosyoCd=2471301438-00&ServiceCd=110&Type=search", "url2": "https://sakuranbo-igakaigo.com/" }, "geometry": { "type": "Point", "coordinates": [ 136.1225298, 34.6493237 ] } },
{ "type": "Feature", "properties": { "内容": "ハートケア居宅介護看護ステーション【訪問介護】三重県名張市中知山字下出897-25", "url": "https://www.kaigokensaku.mhlw.go.jp/24/index.php?action_kouhyou_detail_004_kani=true&JigyosyoCd=2471300166-00&ServiceCd=110&Type=search", "url2": null }, "geometry": { "type": "Point", "coordinates": [ 136.120850550123578, 34.601547140124062 ] } },
{ "type": "Feature", "properties": { "内容": "訪問介護ステーションゆたか【訪問介護】三重県名張市梅が丘南2番町261番地", "url": "https://www.kaigokensaku.mhlw.go.jp/24/index.php?action_kouhyou_detail_004_kani=true&JigyosyoCd=2471301412-00&ServiceCd=110&Type=search", "url2": null }, "geometry": { "type": "Point", "coordinates": [ 136.087840528836068, 34.636513871956659 ] } },
{ "type": "Feature", "properties": { "内容": "ニチイケアセンター名張【訪問介護】三重県名張市松崎町1330-1アイエムビル名張3階", "url": "https://www.kaigokensaku.mhlw.go.jp/24/index.php?action_kouhyou_detail_004_kani=true&JigyosyoCd=2471300182-00&ServiceCd=110&Type=search", "url2": "http://www.nichiigakkan.co.jp" }, "geometry": { "type": "Point", "coordinates": [ 136.089004100000011, 34.625178400000017 ] } },
{ "type": "Feature", "properties": { "内容": "訪問介護ステーション　結明の丘【訪問介護】三重県名張市夏見2639番地", "url": "https://www.kaigokensaku.mhlw.go.jp/24/index.php?action_kouhyou_detail_004_kani=true&JigyosyoCd=2471301529-00&ServiceCd=110&Type=search", "url2": "https://kenkoukai.co.jp" }, "geometry": { "type": "Point", "coordinates": [ 136.1081431, 34.6225153 ] } },
{ "type": "Feature", "properties": { "内容": "イヤシス【訪問介護】三重県名張市つつじが丘南6番町125", "url": "https://www.kaigokensaku.mhlw.go.jp/24/index.php?action_kouhyou_detail_004_kani=true&JigyosyoCd=2471301644-00&ServiceCd=110&Type=search", "url2": null }, "geometry": { "type": "Point", "coordinates": [ 136.1342582, 34.5990307 ] } },
{ "type": "Feature", "properties": { "内容": "訪問介護ステーションかけはし【訪問介護】三重県名張市西原町2588-5", "url": "https://www.kaigokensaku.mhlw.go.jp/24/index.php?action_kouhyou_detail_004_kani=true&JigyosyoCd=2471301271-00&ServiceCd=110&Type=search", "url2": "happywellnes.jp" }, "geometry": { "type": "Point", "coordinates": [ 136.11500781433233, 34.655430364434039 ] } },
{ "type": "Feature", "properties": { "内容": "有限会社　ネオ・アシスト【訪問介護】三重県名張市美旗中村771番地1", "url": "https://www.kaigokensaku.mhlw.go.jp/24/index.php?action_kouhyou_detail_004_kani=true&JigyosyoCd=2471300398-00&ServiceCd=110&Type=search", "url2": null }, "geometry": { "type": "Point", "coordinates": [ 136.129823499999986, 34.6572395 ] } },
{ "type": "Feature", "properties": { "内容": "介護すまいる館　たむろ【訪問介護】三重県尾鷲市野地町４－１６", "url": "https://www.kaigokensaku.mhlw.go.jp/24/index.php?action_kouhyou_detail_004_kani=true&JigyosyoCd=2471000519-00&ServiceCd=110&Type=search", "url2": null }, "geometry": { "type": "Point", "coordinates": [ 136.191970099999907, 34.0760179 ] } },
{ "type": "Feature", "properties": { "内容": "NPO法人居宅支援システムまごの手訪問介護事業所【訪問介護】三重県尾鷲市栄町２番2号", "url": "https://www.kaigokensaku.mhlw.go.jp/24/index.php?action_kouhyou_detail_004_kani=true&JigyosyoCd=2471000220-00&ServiceCd=110&Type=search", "url2": null }, "geometry": { "type": "Point", "coordinates": [ 136.19608089999997, 34.074237600000018 ] } },
{ "type": "Feature", "properties": { "内容": "尾鷲社協介護事業所【訪問介護】三重県尾鷲市中村町１番５号", "url": "https://www.kaigokensaku.mhlw.go.jp/24/index.php?action_kouhyou_detail_004_kani=true&JigyosyoCd=2471000030-00&ServiceCd=110&Type=search", "url2": "http://owasewel.com/" }, "geometry": { "type": "Point", "coordinates": [ 136.196078100000022, 34.0736099 ] } },
{ "type": "Feature", "properties": { "内容": "ホームヘルプサービス　長寿園【訪問介護】三重県尾鷲市大字南浦4599-3", "url": "https://www.kaigokensaku.mhlw.go.jp/24/index.php?action_kouhyou_detail_004_kani=true&JigyosyoCd=2471000071-00&ServiceCd=110&Type=search", "url2": "http://www.owasechojuen.or.jp" }, "geometry": { "type": "Point", "coordinates": [ 136.20940615640103, 34.082003398856486 ] } },
{ "type": "Feature", "properties": { "内容": "訪問介護事業所　はまゆう【訪問介護】三重県尾鷲市三木里町２９２", "url": "https://www.kaigokensaku.mhlw.go.jp/24/index.php?action_kouhyou_detail_004_kani=true&JigyosyoCd=2471000626-00&ServiceCd=110&Type=search", "url2": "hamayuu@za.ztv.ne.jp" }, "geometry": { "type": "Point", "coordinates": [ 136.209300942852792, 34.000796761926495 ] } },
{ "type": "Feature", "properties": { "内容": "有限会社尾鷲介護サービスライト【訪問介護】三重県尾鷲市矢浜１丁目３１番１１号", "url": "https://www.kaigokensaku.mhlw.go.jp/24/index.php?action_kouhyou_detail_004_kani=true&JigyosyoCd=2471000154-00&ServiceCd=110&Type=search", "url2": null }, "geometry": { "type": "Point", "coordinates": [ 136.2002056, 34.0604726 ] } },
{ "type": "Feature", "properties": { "内容": "在宅ケアグループ　あいあい【訪問介護】三重県尾鷲市矢浜一丁目15番45号", "url": "https://www.kaigokensaku.mhlw.go.jp/24/index.php?action_kouhyou_detail_004_kani=true&JigyosyoCd=2471000535-00&ServiceCd=110&Type=search", "url2": null }, "geometry": { "type": "Point", "coordinates": [ 136.20157770000003, 34.0629501 ] } },
{ "type": "Feature", "properties": { "内容": "訪問介護事業所あゆむ【訪問介護】三重県尾鷲市光ヶ丘11番44号", "url": "https://www.kaigokensaku.mhlw.go.jp/24/index.php?action_kouhyou_detail_004_kani=true&JigyosyoCd=2471000600-00&ServiceCd=110&Type=search", "url2": null }, "geometry": { "type": "Point", "coordinates": [ 136.180924, 34.0649439 ] } },
{ "type": "Feature", "properties": { "内容": "介護サービス　海岸通り【訪問介護】三重県尾鷲市三木里町293-10", "url": "https://www.kaigokensaku.mhlw.go.jp/24/index.php?action_kouhyou_detail_004_kani=true&JigyosyoCd=2471000147-00&ServiceCd=110&Type=search", "url2": null }, "geometry": { "type": "Point", "coordinates": [ 136.209797799999933, 34.0009238 ] } },
{ "type": "Feature", "properties": { "内容": "サクラサクラ【訪問介護】三重県亀山市川合町１０３番地", "url": "https://www.kaigokensaku.mhlw.go.jp/24/index.php?action_kouhyou_detail_004_kani=true&JigyosyoCd=2470401023-00&ServiceCd=110&Type=search", "url2": null }, "geometry": { "type": "Point", "coordinates": [ 136.4875302, 34.8654259 ] } },
{ "type": "Feature", "properties": { "内容": "ヘルパーステーション　エイド【訪問介護】三重県亀山市関町木崎864番地1", "url": "https://www.kaigokensaku.mhlw.go.jp/24/index.php?action_kouhyou_detail_004_kani=true&JigyosyoCd=2470401098-00&ServiceCd=110&Type=search", "url2": "https://helper-s-eid.com" }, "geometry": { "type": "Point", "coordinates": [ 136.391680900000011, 34.856169600000023 ] } },
{ "type": "Feature", "properties": { "内容": "樹楽にじむすび蒼空【訪問介護】三重県亀山市田村町705-20", "url": "https://www.kaigokensaku.mhlw.go.jp/24/index.php?action_kouhyou_detail_004_kani=true&JigyosyoCd=2470401007-00&ServiceCd=110&Type=search", "url2": null }, "geometry": { "type": "Point", "coordinates": [ 136.489268342327875, 34.873256791450615 ] } },
{ "type": "Feature", "properties": { "内容": "訪問介護ステーション結び【訪問介護】三重県亀山市川崎町４７８２番地メディケアホーム結び心", "url": "https://www.kaigokensaku.mhlw.go.jp/24/index.php?action_kouhyou_detail_004_kani=true&JigyosyoCd=2470401114-00&ServiceCd=110&Type=search", "url2": "https://www.musubi-care.com/" }, "geometry": { "type": "Point", "coordinates": [ 136.4750622, 34.8994916 ] } },
{ "type": "Feature", "properties": { "内容": "k＆kサポート株式会社【訪問介護】三重県亀山市川合町1119番地38", "url": "https://www.kaigokensaku.mhlw.go.jp/24/index.php?action_kouhyou_detail_004_kani=true&JigyosyoCd=2470400827-00&ServiceCd=110&Type=search", "url2": null }, "geometry": { "type": "Point", "coordinates": [ 136.474646367597984, 34.870346916226779 ] } },
{ "type": "Feature", "properties": { "内容": "ナーシング三重【訪問介護】三重県亀山市川崎町4855番地", "url": "https://www.kaigokensaku.mhlw.go.jp/24/index.php?action_kouhyou_detail_004_kani=true&JigyosyoCd=2470400850-00&ServiceCd=110&Type=search", "url2": "http://www.nursing-mie.jp/" }, "geometry": { "type": "Point", "coordinates": [ 136.470651357116708, 34.903119206986055 ] } },
{ "type": "Feature", "properties": { "内容": "訪問介護ステーション　みえ【訪問介護】三重県亀山市アイリス町14-7", "url": "https://www.kaigokensaku.mhlw.go.jp/24/index.php?action_kouhyou_detail_004_kani=true&JigyosyoCd=2470400421-00&ServiceCd=110&Type=search", "url2": "http://www．mie-enge.jp/" }, "geometry": { "type": "Point", "coordinates": [ 136.460588, 34.8671154 ] } },
{ "type": "Feature", "properties": { "内容": "亀山市社会福祉協議会　訪問介護事業所【訪問介護】亀山市若山町７番１号", "url": "https://www.kaigokensaku.mhlw.go.jp/24/index.php?action_kouhyou_detail_004_kani=true&JigyosyoCd=2470400058-00&ServiceCd=110&Type=search", "url2": "http://www.kameyama-syakyo.or.jp" }, "geometry": { "type": "Point", "coordinates": [ 136.446786973649637, 34.860392449099656 ] } },
{ "type": "Feature", "properties": { "内容": "ヘルパーステーション　いちごいちえ【訪問介護】三重県亀山市住山町５４４", "url": "https://www.kaigokensaku.mhlw.go.jp/24/index.php?action_kouhyou_detail_004_kani=true&JigyosyoCd=2470400496-00&ServiceCd=110&Type=search", "url2": null }, "geometry": { "type": "Point", "coordinates": [ 136.436286328616148, 34.868683521917355 ] } },
{ "type": "Feature", "properties": { "内容": "訪問介護優亀山【訪問介護】三重県亀山市椿世町201-1", "url": "https://www.kaigokensaku.mhlw.go.jp/24/index.php?action_kouhyou_detail_004_kani=true&JigyosyoCd=2470400116-00&ServiceCd=110&Type=search", "url2": null }, "geometry": { "type": "Point", "coordinates": [ 136.465354471398541, 34.862292162314311 ] } },
{ "type": "Feature", "properties": { "内容": "訪問介護ステーションTomoneel【訪問介護】三重県亀山市東御幸町９７番地１", "url": "https://www.kaigokensaku.mhlw.go.jp/24/index.php?action_kouhyou_detail_004_kani=true&JigyosyoCd=2470401031-00&ServiceCd=110&Type=search", "url2": "https://tomoneel.co.jp" }, "geometry": { "type": "Point", "coordinates": [ 136.45300744695021, 34.850421259359351 ] } },
{ "type": "Feature", "properties": { "内容": "からふるサポート川崎【訪問介護】三重県亀山市川崎町1656-1からふる庭園川崎", "url": "https://www.kaigokensaku.mhlw.go.jp/24/index.php?action_kouhyou_detail_004_kani=true&JigyosyoCd=2470401072-00&ServiceCd=110&Type=search", "url2": "http://colofulgarden.jp" }, "geometry": { "type": "Point", "coordinates": [ 136.4729592, 34.8963943 ] } },
{ "type": "Feature", "properties": { "内容": "さと和亀山訪問介護事業所【訪問介護】亀山市布気町字道野６３４番地１０サービス付き高齢者向け住宅さと和の家", "url": "https://www.kaigokensaku.mhlw.go.jp/24/index.php?action_kouhyou_detail_004_kani=true&JigyosyoCd=2470400520-00&ServiceCd=110&Type=search", "url2": "http://anjyu.co.jp" }, "geometry": { "type": "Point", "coordinates": [ 136.42829977363283, 34.865248171578799 ] } },
{ "type": "Feature", "properties": { "内容": "ヘルパーステーションみずほ【訪問介護】小下町１３番地４号", "url": "https://www.kaigokensaku.mhlw.go.jp/24/index.php?action_kouhyou_detail_004_kani=true&JigyosyoCd=2470400371-00&ServiceCd=110&Type=search", "url2": null }, "geometry": { "type": "Point", "coordinates": [ 136.47256333174002, 34.85279162493952 ] } },
{ "type": "Feature", "properties": { "内容": "ニチイケアセンター亀山【訪問介護】三重県亀山市みずほ台14番地292シリウス29Ⅱ103", "url": "https://www.kaigokensaku.mhlw.go.jp/24/index.php?action_kouhyou_detail_004_kani=true&JigyosyoCd=2470400983-00&ServiceCd=110&Type=search", "url2": "https://www.nichiigakkan.co.jp/" }, "geometry": { "type": "Point", "coordinates": [ 136.47697960000005, 34.8718078 ] } },
{ "type": "Feature", "properties": { "内容": "ヘルパーステーションおかだ【訪問介護】三重県亀山市和賀町14-20", "url": "https://www.kaigokensaku.mhlw.go.jp/24/index.php?action_kouhyou_detail_004_kani=true&JigyosyoCd=2470401064-00&ServiceCd=110&Type=search", "url2": null }, "geometry": { "type": "Point", "coordinates": [ 136.4470313, 34.8414604 ] } },
{ "type": "Feature", "properties": { "内容": "指定訪問介護事業所ハート【訪問介護】三重県亀山市みどり町6番地の9", "url": "https://www.kaigokensaku.mhlw.go.jp/24/index.php?action_kouhyou_detail_004_kani=true&JigyosyoCd=2470400322-00&ServiceCd=110&Type=search", "url2": null }, "geometry": { "type": "Point", "coordinates": [ 136.485584099999983, 34.8695464 ] } },
{ "type": "Feature", "properties": { "内容": "株式会社未来予想図製作所　鳥羽営業所【訪問介護】三重県鳥羽市松尾町186-1", "url": "https://www.kaigokensaku.mhlw.go.jp/24/index.php?action_kouhyou_detail_004_kani=true&JigyosyoCd=2470900446-00&ServiceCd=110&Type=search", "url2": null }, "geometry": { "type": "Point", "coordinates": [ 136.8409998, 34.43489 ] } },
{ "type": "Feature", "properties": { "内容": "訪問介護事業所はだし【訪問介護】三重県鳥羽市堅神町1018番地19", "url": "https://www.kaigokensaku.mhlw.go.jp/24/index.php?action_kouhyou_detail_004_kani=true&JigyosyoCd=2470900420-00&ServiceCd=110&Type=search", "url2": "https://toba-hadashi.com/" }, "geometry": { "type": "Point", "coordinates": [ 136.816130724344617, 34.484257677490035 ] } },
{ "type": "Feature", "properties": { "内容": "ニチイケアセンター鳥羽【訪問介護】三重県鳥羽市大明東町1-6開発公社管理棟2階", "url": "https://www.kaigokensaku.mhlw.go.jp/24/index.php?action_kouhyou_detail_004_kani=true&JigyosyoCd=2470900404-00&ServiceCd=110&Type=search", "url2": null }, "geometry": { "type": "Point", "coordinates": [ 136.8498851, 34.469619 ] } },
{ "type": "Feature", "properties": { "内容": "特定非営利活動法人　よりあい【訪問介護】三重県熊野市五郷町寺谷１０６５番地４", "url": "https://www.kaigokensaku.mhlw.go.jp/24/index.php?action_kouhyou_detail_004_kani=true&JigyosyoCd=2471100335-00&ServiceCd=110&Type=search", "url2": null }, "geometry": { "type": "Point", "coordinates": [ 136.048259, 33.9842138 ] } },
{ "type": "Feature", "properties": { "内容": "介護サポートなないろ【訪問介護】三重県熊野市井戸町758-2", "url": "https://www.kaigokensaku.mhlw.go.jp/24/index.php?action_kouhyou_detail_004_kani=true&JigyosyoCd=2471100509-00&ServiceCd=110&Type=search", "url2": null }, "geometry": { "type": "Point", "coordinates": [ 136.096438400000011, 33.8908142 ] } },
{ "type": "Feature", "properties": { "内容": "特定非営利活動法人思いやり支援センターくまの【訪問介護】三重県熊野市井戸町３３１番地の５", "url": "https://www.kaigokensaku.mhlw.go.jp/24/index.php?action_kouhyou_detail_004_kani=true&JigyosyoCd=2471100061-00&ServiceCd=110&Type=search", "url2": null }, "geometry": { "type": "Point", "coordinates": [ 136.092470700000035, 33.886948 ] } },
{ "type": "Feature", "properties": { "内容": "株式会社光輝会【訪問介護】熊野市二木島町７５１－１", "url": "https://www.kaigokensaku.mhlw.go.jp/24/index.php?action_kouhyou_detail_004_kani=true&JigyosyoCd=2471100368-00&ServiceCd=110&Type=search", "url2": "http://care-koukikai.net" }, "geometry": { "type": "Point", "coordinates": [ 136.181905912143748, 33.940077502796235 ] } },
{ "type": "Feature", "properties": { "内容": "訪問介護事業所ささえあい【訪問介護】三重県熊野市木本町710番地７", "url": "https://www.kaigokensaku.mhlw.go.jp/24/index.php?action_kouhyou_detail_004_kani=true&JigyosyoCd=2471100418-00&ServiceCd=110&Type=search", "url2": "https://kumanonoki.wixsite.com/kumanonoki" }, "geometry": { "type": "Point", "coordinates": [ 136.0992923, 33.8910979 ] } },
{ "type": "Feature", "properties": { "内容": "熊社協紀和訪問介護事業所【訪問介護】三重県熊野市紀和町板屋135－1高齢者生活福祉センター", "url": "https://www.kaigokensaku.mhlw.go.jp/24/index.php?action_kouhyou_detail_004_kani=true&JigyosyoCd=2473100044-00&ServiceCd=110&Type=search", "url2": "http://www.k-shakyo.com/" }, "geometry": { "type": "Point", "coordinates": [ 135.912863, 33.8747032 ] } },
{ "type": "Feature", "properties": { "内容": "熊社協井戸訪問介護事業所【訪問介護】三重県熊野市井戸町1150熊野市保健福祉センター1F", "url": "https://www.kaigokensaku.mhlw.go.jp/24/index.php?action_kouhyou_detail_004_kani=true&JigyosyoCd=2471100020-00&ServiceCd=110&Type=search", "url2": "http://www.k-shakyo.com/" }, "geometry": { "type": "Point", "coordinates": [ 136.088468, 33.8937556 ] } },
{ "type": "Feature", "properties": { "内容": "熊野市社会福祉協議会飛鳥訪問介護事業所【訪問介護】三重県熊野市飛鳥町野口678番地", "url": "https://www.kaigokensaku.mhlw.go.jp/24/index.php?action_kouhyou_detail_004_kani=true&JigyosyoCd=2471100087-00&ServiceCd=110&Type=search", "url2": "http://k-shakyo.com/" }, "geometry": { "type": "Point", "coordinates": [ 136.075690099999946, 33.9482407 ] } },
{ "type": "Feature", "properties": { "内容": "株式会社　だいち【訪問介護】三重県熊野市木本町696-57", "url": "https://www.kaigokensaku.mhlw.go.jp/24/index.php?action_kouhyou_detail_004_kani=true&JigyosyoCd=2471100269-00&ServiceCd=110&Type=search", "url2": null }, "geometry": { "type": "Point", "coordinates": [ 136.100045, 33.8905785 ] } },
{ "type": "Feature", "properties": { "内容": "訪問介護事業所ケアプランおかざき【訪問介護】三重県熊野市久生屋町１２５３番地", "url": "https://www.kaigokensaku.mhlw.go.jp/24/index.php?action_kouhyou_detail_004_kani=true&JigyosyoCd=2471100426-00&ServiceCd=110&Type=search", "url2": null }, "geometry": { "type": "Point", "coordinates": [ 136.0647619, 33.8584313 ] } },
{ "type": "Feature", "properties": { "内容": "たいせつ【訪問介護】三重県熊野市飛鳥町大又５４番地６", "url": "https://www.kaigokensaku.mhlw.go.jp/24/index.php?action_kouhyou_detail_004_kani=true&JigyosyoCd=2471100491-00&ServiceCd=110&Type=search", "url2": null }, "geometry": { "type": "Point", "coordinates": [ 136.10341061891242, 33.957532782856475 ] } },
{ "type": "Feature", "properties": { "内容": "有限会社　ゆうき介護【訪問介護】三重県熊野市遊木町461番地", "url": "https://www.kaigokensaku.mhlw.go.jp/24/index.php?action_kouhyou_detail_004_kani=true&JigyosyoCd=2471100186-00&ServiceCd=110&Type=search", "url2": "amcb5zza@za.ztv.ne.jp" }, "geometry": { "type": "Point", "coordinates": [ 136.172161, 33.9243921 ] } },
{ "type": "Feature", "properties": { "内容": "特定非営利活動法人たんぽぽ【訪問介護】三重県熊野有馬町字山崎前4520-345", "url": "https://www.kaigokensaku.mhlw.go.jp/24/index.php?action_kouhyou_detail_004_kani=true&JigyosyoCd=2471100129-00&ServiceCd=110&Type=search", "url2": null }, "geometry": { "type": "Point", "coordinates": [ 136.08662419999996, 33.8741324 ] } },
{ "type": "Feature", "properties": { "内容": "株式会社ＡＩＤＣＡＲＥ【訪問介護】員弁町東一色９３９番地2", "url": "https://www.kaigokensaku.mhlw.go.jp/24/index.php?action_kouhyou_detail_004_kani=true&JigyosyoCd=2471400842-00&ServiceCd=110&Type=search", "url2": null }, "geometry": { "type": "Point", "coordinates": [ 136.571159, 35.0957448 ] } },
{ "type": "Feature", "properties": { "内容": "北勢コアラ【訪問介護】藤原町大貝戸５６７番地", "url": "https://www.kaigokensaku.mhlw.go.jp/24/index.php?action_kouhyou_detail_004_kani=true&JigyosyoCd=2471400644-00&ServiceCd=110&Type=search", "url2": "http://helpertaxi.com/hokuseikoala/" }, "geometry": { "type": "Point", "coordinates": [ 136.481984540367165, 35.168849183908705 ] } },
{ "type": "Feature", "properties": { "内容": "訪問介護事業所えんむすび【訪問介護】三重県いなべ市藤原町本郷836番地", "url": "https://www.kaigokensaku.mhlw.go.jp/24/index.php?action_kouhyou_detail_004_kani=true&JigyosyoCd=2471400834-00&ServiceCd=110&Type=search", "url2": "https://www.enmusubi.or.jp/" }, "geometry": { "type": "Point", "coordinates": [ 136.47971, 35.1845134 ] } },
{ "type": "Feature", "properties": { "内容": "じねんケアサービス【訪問介護】員弁町御薗193番地55", "url": "https://www.kaigokensaku.mhlw.go.jp/24/index.php?action_kouhyou_detail_004_kani=true&JigyosyoCd=2471400818-00&ServiceCd=110&Type=search", "url2": "https://www.jinen-c.com" }, "geometry": { "type": "Point", "coordinates": [ 136.555933, 35.108394599999976 ] } },
{ "type": "Feature", "properties": { "内容": "訪問介護ステーション　大安ひまわり【訪問介護】三重県いなべ市大安町平塚１７６１番地２", "url": "https://www.kaigokensaku.mhlw.go.jp/24/index.php?action_kouhyou_detail_004_kani=true&JigyosyoCd=2471400677-00&ServiceCd=110&Type=search", "url2": null }, "geometry": { "type": "Point", "coordinates": [ 136.544955524636862, 35.098658490468061 ] } },
{ "type": "Feature", "properties": { "内容": "いなべ市社協ホームヘルパーステーション【訪問介護】三重県いなべ市北勢町阿下喜2624番地2", "url": "https://www.kaigokensaku.mhlw.go.jp/24/index.php?action_kouhyou_detail_004_kani=true&JigyosyoCd=2471400065-00&ServiceCd=110&Type=search", "url2": null }, "geometry": { "type": "Point", "coordinates": [ 136.524320399999965, 35.153154600000022 ] } },
{ "type": "Feature", "properties": { "内容": "ナーシングホームもも【訪問介護】三重県いなべ市北勢町阿下喜３５１４", "url": "https://www.kaigokensaku.mhlw.go.jp/24/index.php?action_kouhyou_detail_004_kani=true&JigyosyoCd=2471400925-00&ServiceCd=110&Type=search", "url2": "https://www.momo3.net" }, "geometry": { "type": "Point", "coordinates": [ 136.511655499999989, 35.1478332 ] } },
{ "type": "Feature", "properties": { "内容": "ヘルプサービスまる【訪問介護】いなべ市大安町大井田字北代336-1", "url": "https://www.kaigokensaku.mhlw.go.jp/24/index.php?action_kouhyou_detail_004_kani=true&JigyosyoCd=2471400586-00&ServiceCd=110&Type=search", "url2": "http://www.isism.jp" }, "geometry": { "type": "Point", "coordinates": [ 136.549535399999968, 35.0965894 ] } },
{ "type": "Feature", "properties": { "内容": "ヘルパーステーション優愛【訪問介護】三重県いなべ市北勢町麻生田3887-2ホクセイドリーム1D", "url": "https://www.kaigokensaku.mhlw.go.jp/24/index.php?action_kouhyou_detail_004_kani=true&JigyosyoCd=2471400933-00&ServiceCd=110&Type=search", "url2": null }, "geometry": { "type": "Point", "coordinates": [ 136.537927599999989, 35.13364 ] } },
{ "type": "Feature", "properties": { "内容": "訪問介護事業所　丸善福祉タクシー【訪問介護】三重県志摩市志摩町和具２８４０－７", "url": "https://www.kaigokensaku.mhlw.go.jp/24/index.php?action_kouhyou_detail_004_kani=true&JigyosyoCd=2472901863-00&ServiceCd=110&Type=search", "url2": null }, "geometry": { "type": "Point", "coordinates": [ 136.8050911, 34.2656909 ] } },
{ "type": "Feature", "properties": { "内容": "スマイルホーム志摩訪問介護事業所【訪問介護】三重県志摩市阿児町鵜方2850-126　赤松ヶ谷テナントC号室", "url": "https://www.kaigokensaku.mhlw.go.jp/24/index.php?action_kouhyou_detail_004_kani=true&JigyosyoCd=2472901921-00&ServiceCd=110&Type=search", "url2": "ftp.alive-grp.co.jp" }, "geometry": { "type": "Point", "coordinates": [ 136.848075200000011, 34.32365 ] } },
{ "type": "Feature", "properties": { "内容": "ルクスト介護ステーション【訪問介護】三重県志摩市阿児町鵜方4919", "url": "https://www.kaigokensaku.mhlw.go.jp/24/index.php?action_kouhyou_detail_004_kani=true&JigyosyoCd=2472901947-00&ServiceCd=110&Type=search", "url2": null }, "geometry": { "type": "Point", "coordinates": [ 136.8118438, 34.3272735 ] } },
{ "type": "Feature", "properties": { "内容": "ニチイケアセンター鵜方【訪問介護】三重県志摩市阿児町鵜方4053　ボナール駅前館1F", "url": "https://www.kaigokensaku.mhlw.go.jp/24/index.php?action_kouhyou_detail_004_kani=true&JigyosyoCd=2472900170-00&ServiceCd=110&Type=search", "url2": "http://www.nichiigakkan.co.jp" }, "geometry": { "type": "Point", "coordinates": [ 136.8248486, 34.3285744 ] } },
{ "type": "Feature", "properties": { "内容": "訪問介護いろはとほへと【訪問介護】三重県志摩市阿児町国府1115-7", "url": "https://www.kaigokensaku.mhlw.go.jp/24/index.php?action_kouhyou_detail_004_kani=true&JigyosyoCd=2472901327-00&ServiceCd=110&Type=search", "url2": null }, "geometry": { "type": "Point", "coordinates": [ 136.853778883245127, 34.328632465145702 ] } },
{ "type": "Feature", "properties": { "内容": "阿児訪問介護ステーションシルバーケア豊壽園【訪問介護】三重県志摩市阿児町神明字中田８７８－７８", "url": "https://www.kaigokensaku.mhlw.go.jp/24/index.php?action_kouhyou_detail_004_kani=true&JigyosyoCd=2472900295-00&ServiceCd=110&Type=search", "url2": "http://www.sensin.or.jp/" }, "geometry": { "type": "Point", "coordinates": [ 136.819562424692549, 34.321640951735162 ] } },
{ "type": "Feature", "properties": { "内容": "志摩市社会福祉協議会　ヘルパーセンターあんず【訪問介護】三重県志摩市浜島町桧山路3", "url": "https://www.kaigokensaku.mhlw.go.jp/24/index.php?action_kouhyou_detail_004_kani=true&JigyosyoCd=2472900055-00&ServiceCd=110&Type=search", "url2": "https://shima-fukushikyo.or.jp/" }, "geometry": { "type": "Point", "coordinates": [ 136.757878648726773, 34.31454700732295 ] } },
{ "type": "Feature", "properties": { "内容": "訪問介護なぎ【訪問介護】志摩町布施田1680-1", "url": "https://www.kaigokensaku.mhlw.go.jp/24/index.php?action_kouhyou_detail_004_kani=true&JigyosyoCd=2472901954-00&ServiceCd=110&Type=search", "url2": null }, "geometry": { "type": "Point", "coordinates": [ 136.8228622, 34.2599184 ] } },
{ "type": "Feature", "properties": { "内容": "ひかり【訪問介護】志摩市大王町波切3236-3", "url": "https://www.kaigokensaku.mhlw.go.jp/24/index.php?action_kouhyou_detail_004_kani=true&JigyosyoCd=2472901145-00&ServiceCd=110&Type=search", "url2": "http://hp.kaipoke.biz/re5/" }, "geometry": { "type": "Point", "coordinates": [ 136.884791132432639, 34.280957876978619 ] } },
{ "type": "Feature", "properties": { "内容": "ケアサービス　有明の里　志摩【訪問介護】三重県志摩市阿児町鵜方4059東ビル1F", "url": "https://www.kaigokensaku.mhlw.go.jp/24/index.php?action_kouhyou_detail_004_kani=true&JigyosyoCd=2472900535-00&ServiceCd=110&Type=search", "url2": null }, "geometry": { "type": "Point", "coordinates": [ 136.825113500000043, 34.3285841 ] } },
{ "type": "Feature", "properties": { "内容": "訪問介護メディカルガーデン志摩【訪問介護】志摩市阿児町鵜方2682番地323", "url": "https://www.kaigokensaku.mhlw.go.jp/24/index.php?action_kouhyou_detail_004_kani=true&JigyosyoCd=2472901202-00&ServiceCd=110&Type=search", "url2": "http://www.medical-garden.jp" }, "geometry": { "type": "Point", "coordinates": [ 136.839992, 34.3429634 ] } },
{ "type": "Feature", "properties": { "内容": "訪問介護ステーション・はまみ【訪問介護】大王町船越540番地14", "url": "https://www.kaigokensaku.mhlw.go.jp/24/index.php?action_kouhyou_detail_004_kani=true&JigyosyoCd=2472901517-00&ServiceCd=110&Type=search", "url2": "info@magocoro.or.jp" }, "geometry": { "type": "Point", "coordinates": [ 136.866130699999985, 34.2656102 ] } },
{ "type": "Feature", "properties": { "内容": "訪問介護　うみがめ【訪問介護】三重県志摩市阿児町国府3665-70", "url": "https://www.kaigokensaku.mhlw.go.jp/24/index.php?action_kouhyou_detail_004_kani=true&JigyosyoCd=2472901608-00&ServiceCd=110&Type=search", "url2": "http://anori-hiyori.com/" }, "geometry": { "type": "Point", "coordinates": [ 136.887319778485931, 34.351306962536327 ] } },
{ "type": "Feature", "properties": { "内容": "うさぎ介護【訪問介護】三重県志摩市阿児町国府3517番地24", "url": "https://www.kaigokensaku.mhlw.go.jp/24/index.php?action_kouhyou_detail_004_kani=true&JigyosyoCd=2472901871-00&ServiceCd=110&Type=search", "url2": null }, "geometry": { "type": "Point", "coordinates": [ 136.8859396, 34.347707400000012 ] } },
{ "type": "Feature", "properties": { "内容": "ヘルパーステーション元気【訪問介護】三重県志摩市磯部町穴川１３２３番地", "url": "https://www.kaigokensaku.mhlw.go.jp/24/index.php?action_kouhyou_detail_004_kani=true&JigyosyoCd=2472901004-00&ServiceCd=110&Type=search", "url2": null }, "geometry": { "type": "Point", "coordinates": [ 136.819624500000032, 34.3567835 ] } },
{ "type": "Feature", "properties": { "内容": "たいよう介護サービス【訪問介護】志摩市志摩町和具2039-4", "url": "https://www.kaigokensaku.mhlw.go.jp/24/index.php?action_kouhyou_detail_004_kani=true&JigyosyoCd=2472900220-00&ServiceCd=110&Type=search", "url2": "https://taiyoukaigo.com" }, "geometry": { "type": "Point", "coordinates": [ 136.807179, 34.2606814 ] } },
{ "type": "Feature", "properties": { "内容": "楽【訪問介護】三重県志摩市阿児町鵜方5218", "url": "https://www.kaigokensaku.mhlw.go.jp/24/index.php?action_kouhyou_detail_004_kani=true&JigyosyoCd=2472901822-00&ServiceCd=110&Type=search", "url2": "www.danran-shima.com" }, "geometry": { "type": "Point", "coordinates": [ 136.8155935, 34.3254856 ] } },
{ "type": "Feature", "properties": { "内容": "だんらん【訪問介護】三重県志摩市阿児町鵜方3394-26", "url": "https://www.kaigokensaku.mhlw.go.jp/24/index.php?action_kouhyou_detail_004_kani=true&JigyosyoCd=2472900469-00&ServiceCd=110&Type=search", "url2": "https://danran-shima.co.jp/" }, "geometry": { "type": "Point", "coordinates": [ 136.821986900000013, 34.325928500000025 ] } },
{ "type": "Feature", "properties": { "内容": "訪問介護　なのはな【訪問介護】三重県志摩市志摩町越賀１５８－１", "url": "https://www.kaigokensaku.mhlw.go.jp/24/index.php?action_kouhyou_detail_004_kani=true&JigyosyoCd=2472900733-00&ServiceCd=110&Type=search", "url2": null }, "geometry": { "type": "Point", "coordinates": [ 136.797955, 34.2610505 ] } },
{ "type": "Feature", "properties": { "内容": "ヘルパーステーションへいあんケア【訪問介護】志摩市大王町波切1694番地の1", "url": "https://www.kaigokensaku.mhlw.go.jp/24/index.php?action_kouhyou_detail_004_kani=true&JigyosyoCd=2472901061-00&ServiceCd=110&Type=search", "url2": "https://heiancare.co.jp" }, "geometry": { "type": "Point", "coordinates": [ 136.880259600000045, 34.2796113 ] } },
{ "type": "Feature", "properties": { "内容": "訪問介護ゆらり【訪問介護】三重県志摩市磯部町渡鹿野４８０－２デイサービスセンターりゅうぐう", "url": "https://www.kaigokensaku.mhlw.go.jp/24/index.php?action_kouhyou_detail_004_kani=true&JigyosyoCd=2472900287-00&ServiceCd=110&Type=search", "url2": null }, "geometry": { "type": "Point", "coordinates": [ 136.875545, 34.3605456 ] } },
{ "type": "Feature", "properties": { "内容": "訪問介護オオタ【訪問介護】三重県志摩市志摩町御座1150-1", "url": "https://www.kaigokensaku.mhlw.go.jp/24/index.php?action_kouhyou_detail_004_kani=true&JigyosyoCd=2472901889-00&ServiceCd=110&Type=search", "url2": null }, "geometry": { "type": "Point", "coordinates": [ 136.7661372, 34.270626 ] } },
{ "type": "Feature", "properties": { "内容": "はんどいんはんど【訪問介護】三重県伊賀市伊勢路６番地の１", "url": "https://www.kaigokensaku.mhlw.go.jp/24/index.php?action_kouhyou_detail_004_kani=true&JigyosyoCd=2471201455-00&ServiceCd=110&Type=search", "url2": null }, "geometry": { "type": "Point", "coordinates": [ 136.2046919, 34.6808249 ] } },
{ "type": "Feature", "properties": { "内容": "訪問介護ステーションみやま【訪問介護】三重県伊賀市長田3480－1", "url": "https://www.kaigokensaku.mhlw.go.jp/24/index.php?action_kouhyou_detail_004_kani=true&JigyosyoCd=2471200275-00&ServiceCd=110&Type=search", "url2": "http://www.miyamakanko.co.jp" }, "geometry": { "type": "Point", "coordinates": [ 136.08812, 34.7603513 ] } },
{ "type": "Feature", "properties": { "内容": "ケアステーション伊賀【訪問介護】三重県伊賀市上野忍町2473-5201号", "url": "https://www.kaigokensaku.mhlw.go.jp/24/index.php?action_kouhyou_detail_004_kani=true&JigyosyoCd=2471201406-00&ServiceCd=110&Type=search", "url2": "http://care-station.jp/" }, "geometry": { "type": "Point", "coordinates": [ 136.128704200000016, 34.7636301 ] } },
{ "type": "Feature", "properties": { "内容": "訪問介護ステーション　とんとん【訪問介護】三重県伊賀市四十九町1784番地の25", "url": "https://www.kaigokensaku.mhlw.go.jp/24/index.php?action_kouhyou_detail_004_kani=true&JigyosyoCd=2471201281-00&ServiceCd=110&Type=search", "url2": null }, "geometry": { "type": "Point", "coordinates": [ 136.1347634, 34.7491225 ] } },
{ "type": "Feature", "properties": { "内容": "訪問介護サービス　エールきたもり【訪問介護】三重県伊賀市古郡５４６－１", "url": "https://www.kaigokensaku.mhlw.go.jp/24/index.php?action_kouhyou_detail_004_kani=true&JigyosyoCd=2473300065-00&ServiceCd=110&Type=search", "url2": "http://www.kitamori.jp/" }, "geometry": { "type": "Point", "coordinates": [ 136.151911700000028, 34.6836823 ] } },
{ "type": "Feature", "properties": { "内容": "さくらんぼ【訪問介護】三重県伊賀市高畑747-1", "url": "https://www.kaigokensaku.mhlw.go.jp/24/index.php?action_kouhyou_detail_004_kani=true&JigyosyoCd=2471200069-00&ServiceCd=110&Type=search", "url2": "https://sakuranbo-igakaigo.com" }, "geometry": { "type": "Point", "coordinates": [ 136.153436599999964, 34.773601 ] } },
{ "type": "Feature", "properties": { "内容": "笑美の里ホ--ムヘルパーステーション【訪問介護】三重県伊賀市阿保２４５－１サービス付き高齢者向け住宅　笑みの森", "url": "https://www.kaigokensaku.mhlw.go.jp/24/index.php?action_kouhyou_detail_004_kani=true&JigyosyoCd=2471201380-00&ServiceCd=110&Type=search", "url2": "https://www.emi-care.info/" }, "geometry": { "type": "Point", "coordinates": [ 136.173996799999941, 34.6698676 ] } },
{ "type": "Feature", "properties": { "内容": "訪問介護事業所　かしの木ひろば【訪問介護】伊賀市上野寺町1184-2", "url": "https://www.kaigokensaku.mhlw.go.jp/24/index.php?action_kouhyou_detail_004_kani=true&JigyosyoCd=2471200515-00&ServiceCd=110&Type=search", "url2": "http://www.iga-sjk.or.jp/" }, "geometry": { "type": "Point", "coordinates": [ 136.134543600000029, 34.7633349 ] } },
{ "type": "Feature", "properties": { "内容": "ヘルパーステーション中部【訪問介護】三重県伊賀市四十九町1929番地46福祉サービス総合センター", "url": "https://www.kaigokensaku.mhlw.go.jp/24/index.php?action_kouhyou_detail_004_kani=true&JigyosyoCd=2471200812-00&ServiceCd=110&Type=search", "url2": null }, "geometry": { "type": "Point", "coordinates": [ 136.134607800000026, 34.7510612 ] } },
{ "type": "Feature", "properties": { "内容": "セントケア伊賀上野【訪問介護】三重県伊賀市西明寺2798-3　西建ビル1Ｆ", "url": "https://www.kaigokensaku.mhlw.go.jp/24/index.php?action_kouhyou_detail_004_kani=true&JigyosyoCd=2471200689-00&ServiceCd=110&Type=search", "url2": "https://saint-care-mie.com" }, "geometry": { "type": "Point", "coordinates": [ 136.149900800000069, 34.756359 ] } },
{ "type": "Feature", "properties": { "内容": "ホームヘルパーステーション　彩四季【訪問介護】三重県伊賀市市部奥山２６１１－５", "url": "https://www.kaigokensaku.mhlw.go.jp/24/index.php?action_kouhyou_detail_004_kani=true&JigyosyoCd=2471200044-00&ServiceCd=110&Type=search", "url2": null }, "geometry": { "type": "Point", "coordinates": [ 136.178790905076539, 34.739030181149822 ] } },
{ "type": "Feature", "properties": { "内容": "ニチイケアセンター上野【訪問介護】三重県伊賀市比土3213-1ディッチポンド・マンション103", "url": "https://www.kaigokensaku.mhlw.go.jp/24/index.php?action_kouhyou_detail_004_kani=true&JigyosyoCd=2471200259-00&ServiceCd=110&Type=search", "url2": null }, "geometry": { "type": "Point", "coordinates": [ 136.14917289999994, 34.676532400000021 ] } },
{ "type": "Feature", "properties": { "内容": "介護サービスふれんど【訪問介護】伊賀市ゆめが丘2丁目1番地4クレマチス102", "url": "https://www.kaigokensaku.mhlw.go.jp/24/index.php?action_kouhyou_detail_004_kani=true&JigyosyoCd=2471200705-00&ServiceCd=110&Type=search", "url2": "https://hmc344.wixsite.com/website" }, "geometry": { "type": "Point", "coordinates": [ 136.160394659524513, 34.739979975424134 ] } },
{ "type": "Feature", "properties": { "内容": "介護支援サービス　さんぽくらぶ【訪問介護】三重県伊賀市生琉里3118番地の1", "url": "https://www.kaigokensaku.mhlw.go.jp/24/index.php?action_kouhyou_detail_004_kani=true&JigyosyoCd=2471200697-00&ServiceCd=110&Type=search", "url2": null }, "geometry": { "type": "Point", "coordinates": [ 136.149720699999989, 34.7540222 ] } },
{ "type": "Feature", "properties": { "内容": "有限会社ヘルパーステーションIGA【訪問介護】三重県伊賀市下柘植７０４番地の１", "url": "https://www.kaigokensaku.mhlw.go.jp/24/index.php?action_kouhyou_detail_004_kani=true&JigyosyoCd=2473200240-00&ServiceCd=110&Type=search", "url2": "helper-iga@ict.jp" }, "geometry": { "type": "Point", "coordinates": [ 136.214280700000018, 34.8254815 ] } },
{ "type": "Feature", "properties": { "内容": "訪問介護サービス八起【訪問介護】三重県伊賀市東高倉2340番地の7", "url": "https://www.kaigokensaku.mhlw.go.jp/24/index.php?action_kouhyou_detail_004_kani=true&JigyosyoCd=2471201349-00&ServiceCd=110&Type=search", "url2": "http://yaoki-care.com" }, "geometry": { "type": "Point", "coordinates": [ 136.1072312, 34.7887152 ] } },
{ "type": "Feature", "properties": { "内容": "Ls【訪問介護】三重県伊賀市ゆめが丘６丁目21-14グリーンみやび105号室", "url": "https://www.kaigokensaku.mhlw.go.jp/24/index.php?action_kouhyou_detail_004_kani=true&JigyosyoCd=2471201471-00&ServiceCd=110&Type=search", "url2": null }, "geometry": { "type": "Point", "coordinates": [ 136.163592982334904, 34.732246914842591 ] } },
{ "type": "Feature", "properties": { "内容": "社会福祉法人　木曽岬町社会福祉協議会【訪問介護】桑名郡木曽岬町大字三崎666ふれあいの里", "url": "https://www.kaigokensaku.mhlw.go.jp/24/index.php?action_kouhyou_detail_004_kani=true&JigyosyoCd=2472000096-00&ServiceCd=110&Type=search", "url2": "http://care-net.biz/24/kisosaki/" }, "geometry": { "type": "Point", "coordinates": [ 136.746134742347294, 35.06375566917491 ] } },
{ "type": "Feature", "properties": { "内容": "訪問介護りぼん【訪問介護】三重県員弁郡東員町笹尾西2-13-1", "url": "https://www.kaigokensaku.mhlw.go.jp/24/index.php?action_kouhyou_detail_004_kani=true&JigyosyoCd=2472100680-00&ServiceCd=110&Type=search", "url2": null }, "geometry": { "type": "Point", "coordinates": [ 136.595594099999971, 35.0979748 ] } },
{ "type": "Feature", "properties": { "内容": "東員町ホームヘルパーステーションふれあい【訪問介護】三重県員弁郡東員町大字山田２０１３番地東員町ふれあいセンター", "url": "https://www.kaigokensaku.mhlw.go.jp/24/index.php?action_kouhyou_detail_004_kani=true&JigyosyoCd=2472100094-00&ServiceCd=110&Type=search", "url2": "http://www.toinshakyo.or.jp" }, "geometry": { "type": "Point", "coordinates": [ 136.584964600000035, 35.0751178 ] } },
{ "type": "Feature", "properties": { "内容": "訪問介護事業所　みどり【訪問介護】三重県員弁郡東員町穴太2400", "url": "https://www.kaigokensaku.mhlw.go.jp/24/index.php?action_kouhyou_detail_004_kani=true&JigyosyoCd=2472100623-00&ServiceCd=110&Type=search", "url2": "http://www.toin-hosp.jp" }, "geometry": { "type": "Point", "coordinates": [ 136.604601300000013, 35.086384 ] } },
{ "type": "Feature", "properties": { "内容": "とういん・ヘルパーステーション【訪問介護】三重県員弁郡東員町六把野新田２５３－６", "url": "https://www.kaigokensaku.mhlw.go.jp/24/index.php?action_kouhyou_detail_004_kani=true&JigyosyoCd=2472100755-00&ServiceCd=110&Type=search", "url2": "https://touin-seniorhouse.net" }, "geometry": { "type": "Point", "coordinates": [ 136.597273308281672, 35.079015970671854 ] } },
{ "type": "Feature", "properties": { "内容": "なでしこの家【訪問介護】三重県員弁郡東員町穴太2578－4", "url": "https://www.kaigokensaku.mhlw.go.jp/24/index.php?action_kouhyou_detail_004_kani=true&JigyosyoCd=2472100706-00&ServiceCd=110&Type=search", "url2": "https://rainin0723.wixsite.com/care-home" }, "geometry": { "type": "Point", "coordinates": [ 136.6181219, 35.0932364 ] } },
{ "type": "Feature", "properties": { "内容": "訪問介護　紫苑【訪問介護】三重県員弁郡東員町大字六把野新田字藪之内140番地7", "url": "https://www.kaigokensaku.mhlw.go.jp/24/index.php?action_kouhyou_detail_004_kani=true&JigyosyoCd=2472100748-00&ServiceCd=110&Type=search", "url2": "http://www.sion-toin.com/" }, "geometry": { "type": "Point", "coordinates": [ 136.593767468049236, 35.080246107737359 ] } },
{ "type": "Feature", "properties": { "内容": "株式会社ジェイエイあいけあセンター【訪問介護】三重県三重郡菰野町大字田光字宮川原4821番地", "url": "https://www.kaigokensaku.mhlw.go.jp/24/index.php?action_kouhyou_detail_004_kani=true&JigyosyoCd=2472200340-00&ServiceCd=110&Type=search", "url2": "https://www.ja-miekita.or.jp/service/icare/" }, "geometry": { "type": "Point", "coordinates": [ 136.511463473046888, 35.063382018675043 ] } },
{ "type": "Feature", "properties": { "内容": "菰野町ホームヘルパーステーションけやき【訪問介護】三重県三重郡菰野町潤田1281菰野町保健福祉センターけやき", "url": "https://www.kaigokensaku.mhlw.go.jp/24/index.php?action_kouhyou_detail_004_kani=true&JigyosyoCd=2472200019-00&ServiceCd=110&Type=search", "url2": "http://komonovc.sakura.ne.jp/syakyo/index.html" }, "geometry": { "type": "Point", "coordinates": [ 136.5060737, 35.0200681 ] } },
{ "type": "Feature", "properties": { "内容": "社会福祉法人　朝日町社会福祉協議会　訪問介護事業所【訪問介護】三重県三重郡朝日町大字小向891番地5朝日町保健福祉センター　『さわやか村』", "url": "https://www.kaigokensaku.mhlw.go.jp/24/index.php?action_kouhyou_detail_004_kani=true&JigyosyoCd=2472200050-00&ServiceCd=110&Type=search", "url2": "http://asahi-shakyo.com/" }, "geometry": { "type": "Point", "coordinates": [ 136.664271500000041, 35.0346264 ] } },
{ "type": "Feature", "properties": { "内容": "訪問介護ヘルパーステーション・アルコバレーノ【訪問介護】三重県三重郡川越町大字豊田４２６番地", "url": "https://www.kaigokensaku.mhlw.go.jp/24/index.php?action_kouhyou_detail_004_kani=true&JigyosyoCd=2472200803-00&ServiceCd=110&Type=search", "url2": null }, "geometry": { "type": "Point", "coordinates": [ 136.6619623, 35.0123109 ] } },
{ "type": "Feature", "properties": { "内容": "介護サービス　ふぁみりー【訪問介護】三重県三重郡川越町大字北福崎482番地1", "url": "https://www.kaigokensaku.mhlw.go.jp/24/index.php?action_kouhyou_detail_004_kani=true&JigyosyoCd=2472200498-00&ServiceCd=110&Type=search", "url2": null }, "geometry": { "type": "Point", "coordinates": [ 136.680317400000035, 35.030083 ] } },
{ "type": "Feature", "properties": { "内容": "訪問介護センター川越　サフラン【訪問介護】三重県三重郡川越町大字豊田598番地", "url": "https://www.kaigokensaku.mhlw.go.jp/24/index.php?action_kouhyou_detail_004_kani=true&JigyosyoCd=2472200316-00&ServiceCd=110&Type=search", "url2": null }, "geometry": { "type": "Point", "coordinates": [ 136.658244700000068, 35.0197919 ] } },
{ "type": "Feature", "properties": { "内容": "川越町訪問介護ステーション【訪問介護】三重県三重郡川越町豊田一色３１４", "url": "https://www.kaigokensaku.mhlw.go.jp/24/index.php?action_kouhyou_detail_004_kani=true&JigyosyoCd=2472200068-00&ServiceCd=110&Type=search", "url2": "http://www.kawagoe-shakyo.com/" }, "geometry": { "type": "Point", "coordinates": [ 136.670315599999981, 35.0263609 ] } },
{ "type": "Feature", "properties": { "内容": "アクア川越訪問介護【訪問介護】三重県三重郡川越町高松字乾227", "url": "https://www.kaigokensaku.mhlw.go.jp/24/index.php?action_kouhyou_detail_004_kani=true&JigyosyoCd=2472200837-00&ServiceCd=110&Type=search", "url2": null }, "geometry": { "type": "Point", "coordinates": [ 136.667496942117026, 35.019825908041419 ] } },
{ "type": "Feature", "properties": { "内容": "訪問介護　笑【訪問介護】三重県多気郡多気町丹生2280番地2", "url": "https://www.kaigokensaku.mhlw.go.jp/24/index.php?action_kouhyou_detail_004_kani=true&JigyosyoCd=2472801055-00&ServiceCd=110&Type=search", "url2": null }, "geometry": { "type": "Point", "coordinates": [ 136.490768600000024, 34.4784925 ] } },
{ "type": "Feature", "properties": { "内容": "訪問介護事業所　みや【訪問介護】三重県多気郡多気町相可396番地2", "url": "https://www.kaigokensaku.mhlw.go.jp/24/index.php?action_kouhyou_detail_004_kani=true&JigyosyoCd=2472701222-00&ServiceCd=110&Type=search", "url2": "https://office-miya.net/" }, "geometry": { "type": "Point", "coordinates": [ 136.543347959524539, 34.504851282802285 ] } },
{ "type": "Feature", "properties": { "内容": "太陽ヘルパーステーション【訪問介護】三重県多気郡多気町河田406", "url": "https://www.kaigokensaku.mhlw.go.jp/24/index.php?action_kouhyou_detail_004_kani=true&JigyosyoCd=2472701248-00&ServiceCd=110&Type=search", "url2": "http://hp.kaipoke.biz/rtr/" }, "geometry": { "type": "Point", "coordinates": [ 136.584056, 34.521729 ] } },
{ "type": "Feature", "properties": { "内容": "ヘルパステーションばなな【訪問介護】三重県多気郡多気町相可372番地", "url": "https://www.kaigokensaku.mhlw.go.jp/24/index.php?action_kouhyou_detail_004_kani=true&JigyosyoCd=2472701404-00&ServiceCd=110&Type=search", "url2": null }, "geometry": { "type": "Point", "coordinates": [ 136.543891149073801, 34.505969288994258 ] } },
{ "type": "Feature", "properties": { "内容": "優心ホームヘルプサービス【訪問介護】三重県多気郡多気町相可３６４番地1", "url": "https://www.kaigokensaku.mhlw.go.jp/24/index.php?action_kouhyou_detail_004_kani=true&JigyosyoCd=2472700687-00&ServiceCd=110&Type=search", "url2": null }, "geometry": { "type": "Point", "coordinates": [ 136.54445439999995, 34.5060574 ] } },
{ "type": "Feature", "properties": { "内容": "訪問介護はまなす指定訪問介護事業所【訪問介護】三重県多気郡明和町大淀2231-1", "url": "https://www.kaigokensaku.mhlw.go.jp/24/index.php?action_kouhyou_detail_004_kani=true&JigyosyoCd=2472700554-00&ServiceCd=110&Type=search", "url2": "http://www.home-kagayaki.com/" }, "geometry": { "type": "Point", "coordinates": [ 136.64806550000003, 34.5626696 ] } },
{ "type": "Feature", "properties": { "内容": "訪問ヘルパーステーション桜木さん・明和【訪問介護】三重県多気郡明和町大字佐田2055番地サービス付き高齢者向け住宅桜木さん・明和", "url": "https://www.kaigokensaku.mhlw.go.jp/24/index.php?action_kouhyou_detail_004_kani=true&JigyosyoCd=2472700992-00&ServiceCd=110&Type=search", "url2": "https://sakuragi-hp.com" }, "geometry": { "type": "Point", "coordinates": [ 136.6332691, 34.5655442 ] } },
{ "type": "Feature", "properties": { "内容": "訪問介護かりん明和【訪問介護】三重県多気郡明和町平尾499-15", "url": "https://www.kaigokensaku.mhlw.go.jp/24/index.php?action_kouhyou_detail_004_kani=true&JigyosyoCd=2472701164-00&ServiceCd=110&Type=search", "url2": "https://karin2.sakura.ne.jp/website_meiwa/" }, "geometry": { "type": "Point", "coordinates": [ 136.640673685319484, 34.545109094743317 ] } },
{ "type": "Feature", "properties": { "内容": "ヘルパーステーション　いなほの里【訪問介護】多気郡明和町大字佐田2473-1", "url": "https://www.kaigokensaku.mhlw.go.jp/24/index.php?action_kouhyou_detail_004_kani=true&JigyosyoCd=2472700778-00&ServiceCd=110&Type=search", "url2": "http://www.inahonosato.co.jp/" }, "geometry": { "type": "Point", "coordinates": [ 136.6289696, 34.5608224 ] } },
{ "type": "Feature", "properties": { "内容": "訪問介護の希望の丘【訪問介護】三重県多気郡明和町大字上村字松本　101－5ナーシングホーム希望の丘", "url": "https://www.kaigokensaku.mhlw.go.jp/24/index.php?action_kouhyou_detail_004_kani=true&JigyosyoCd=2472701305-00&ServiceCd=110&Type=search", "url2": "http//kibou-home.jp" }, "geometry": { "type": "Point", "coordinates": [ 136.605594200000041, 34.5272145 ] } },
{ "type": "Feature", "properties": { "内容": "特定非営利活動法人ｓｋｙ【訪問介護】多気郡明和町大字明星字水池3513", "url": "https://www.kaigokensaku.mhlw.go.jp/24/index.php?action_kouhyou_detail_004_kani=true&JigyosyoCd=2472701099-00&ServiceCd=110&Type=search", "url2": "http://npo-sky.org" }, "geometry": { "type": "Point", "coordinates": [ 136.633275097192382, 34.531743134858843 ] } },
{ "type": "Feature", "properties": { "内容": "ニチイケアセンター斎宮【訪問介護】三重県多気郡明和町金剛坂776-24", "url": "https://www.kaigokensaku.mhlw.go.jp/24/index.php?action_kouhyou_detail_004_kani=true&JigyosyoCd=2472701297-00&ServiceCd=110&Type=search", "url2": "hstar4@nichiigakkan.co.jp" }, "geometry": { "type": "Point", "coordinates": [ 136.60621249999997, 34.5315368 ] } },
{ "type": "Feature", "properties": { "内容": "かしわももTaXi【訪問介護】三重県多気郡明和町大字北藤原２４番地", "url": "https://www.kaigokensaku.mhlw.go.jp/24/index.php?action_kouhyou_detail_004_kani=true&JigyosyoCd=2472701370-00&ServiceCd=110&Type=search", "url2": null }, "geometry": { "type": "Point", "coordinates": [ 136.620036260713221, 34.593443856268046 ] } },
{ "type": "Feature", "properties": { "内容": "訪問介護ながしびな【訪問介護】三重県多気郡大台町菅合2629", "url": "https://www.kaigokensaku.mhlw.go.jp/24/index.php?action_kouhyou_detail_004_kani=true&JigyosyoCd=2472700935-00&ServiceCd=110&Type=search", "url2": null }, "geometry": { "type": "Point", "coordinates": [ 136.405198137434354, 34.385788168455797 ] } },
{ "type": "Feature", "properties": { "内容": "社会福祉法人　大台町社会福祉協議会　訪問介護事業所【訪問介護】三重県多気郡大台町江馬１２２番地", "url": "https://www.kaigokensaku.mhlw.go.jp/24/index.php?action_kouhyou_detail_004_kani=true&JigyosyoCd=2472700091-00&ServiceCd=110&Type=search", "url2": "http://www.ma.mctv.ne.jp/~syakyou/indexhtml" }, "geometry": { "type": "Point", "coordinates": [ 136.338594, 34.3637231 ] } },
{ "type": "Feature", "properties": { "内容": "大樹の里ヘルパーステーション【訪問介護】三重県多気郡大台町新田８１２番地", "url": "https://www.kaigokensaku.mhlw.go.jp/24/index.php?action_kouhyou_detail_004_kani=true&JigyosyoCd=2472700919-00&ServiceCd=110&Type=search", "url2": null }, "geometry": { "type": "Point", "coordinates": [ 136.515357928727781, 34.432995513896074 ] } },
{ "type": "Feature", "properties": { "内容": "ここあ在宅介護支援サービス【訪問介護】清滝５４２番地１", "url": "https://www.kaigokensaku.mhlw.go.jp/24/index.php?action_kouhyou_detail_004_kani=true&JigyosyoCd=2472701321-00&ServiceCd=110&Type=search", "url2": null }, "geometry": { "type": "Point", "coordinates": [ 136.360475, 34.366586 ] } },
{ "type": "Feature", "properties": { "内容": "ヘルパーステーションねむの樹【訪問介護】三重県多気郡大台町弥起井536-2", "url": "https://www.kaigokensaku.mhlw.go.jp/24/index.php?action_kouhyou_detail_004_kani=true&JigyosyoCd=2472700737-00&ServiceCd=110&Type=search", "url2": null }, "geometry": { "type": "Point", "coordinates": [ 136.400826, 34.3917456 ] } },
{ "type": "Feature", "properties": { "内容": "社会福祉法人　　玉城町社会福祉協議会【訪問介護】三重県度会郡玉城町勝田4876番地1", "url": "https://www.kaigokensaku.mhlw.go.jp/24/index.php?action_kouhyou_detail_004_kani=true&JigyosyoCd=2472800024-00&ServiceCd=110&Type=search", "url2": "http://www2.mie-net.ne.jp/tamasya/" }, "geometry": { "type": "Point", "coordinates": [ 136.6284872, 34.4871649 ] } },
{ "type": "Feature", "properties": { "内容": "玉城町生活支援ステーションたまき【訪問介護】三重県度会郡玉城町佐田８８１番地", "url": "https://www.kaigokensaku.mhlw.go.jp/24/index.php?action_kouhyou_detail_004_kani=true&JigyosyoCd=2472800552-00&ServiceCd=110&Type=search", "url2": "http://www.tamaki-hsp.jp/care/index.html" }, "geometry": { "type": "Point", "coordinates": [ 136.638868429624836, 34.489666752829017 ] } },
{ "type": "Feature", "properties": { "内容": "たのホームヘルプサービス【訪問介護】田丸139番地8", "url": "https://www.kaigokensaku.mhlw.go.jp/24/index.php?action_kouhyou_detail_004_kani=true&JigyosyoCd=2472801857-00&ServiceCd=110&Type=search", "url2": null }, "geometry": { "type": "Point", "coordinates": [ 136.631492, 34.489714 ] } },
{ "type": "Feature", "properties": { "内容": "ネクスト【訪問介護】度会郡玉城町妙法寺398-1", "url": "https://www.kaigokensaku.mhlw.go.jp/24/index.php?action_kouhyou_detail_004_kani=true&JigyosyoCd=2472800305-00&ServiceCd=110&Type=search", "url2": "https://www.all-kaigo.net/" }, "geometry": { "type": "Point", "coordinates": [ 136.638025671347918, 34.493352623680245 ] } },
{ "type": "Feature", "properties": { "内容": "介護ステーションよつば【訪問介護】三重県度会郡玉城町妙法寺375", "url": "https://www.kaigokensaku.mhlw.go.jp/24/index.php?action_kouhyou_detail_004_kani=true&JigyosyoCd=2472801782-00&ServiceCd=110&Type=search", "url2": null }, "geometry": { "type": "Point", "coordinates": [ 136.638330812800461, 34.49178845045342 ] } },
{ "type": "Feature", "properties": { "内容": "度会町指定訪問介護事業所【訪問介護】三重県度会郡度会町棚橋１２０２番地", "url": "https://www.kaigokensaku.mhlw.go.jp/24/index.php?action_kouhyou_detail_004_kani=true&JigyosyoCd=2472800180-00&ServiceCd=110&Type=search", "url2": "http://www.watarai-syakyo.com/" }, "geometry": { "type": "Point", "coordinates": [ 136.6216882, 34.438428 ] } },
{ "type": "Feature", "properties": { "内容": "介護ステーション　みらい【訪問介護】三重県度会郡度会町大野木1750-1", "url": "https://www.kaigokensaku.mhlw.go.jp/24/index.php?action_kouhyou_detail_004_kani=true&JigyosyoCd=2472801741-00&ServiceCd=110&Type=search", "url2": null }, "geometry": { "type": "Point", "coordinates": [ 136.6312044, 34.437912899999986 ] } },
{ "type": "Feature", "properties": { "内容": "訪問介護事業所　ソレイル【訪問介護】三重県度会郡大紀町大内山2956-3", "url": "https://www.kaigokensaku.mhlw.go.jp/24/index.php?action_kouhyou_detail_004_kani=true&JigyosyoCd=2472801196-00&ServiceCd=110&Type=search", "url2": null }, "geometry": { "type": "Point", "coordinates": [ 136.360192500000039, 34.2780601 ] } },
{ "type": "Feature", "properties": { "内容": "訪問介護いいひ【訪問介護】阿曽2621番地12みんなの家いいひ", "url": "https://www.kaigokensaku.mhlw.go.jp/24/index.php?action_kouhyou_detail_004_kani=true&JigyosyoCd=2472801485-00&ServiceCd=110&Type=search", "url2": null }, "geometry": { "type": "Point", "coordinates": [ 136.4030692, 34.3326972 ] } },
{ "type": "Feature", "properties": { "内容": "大紀町ホームヘルパーステーション【訪問介護】三重県度会郡大紀町崎１８０－９", "url": "https://www.kaigokensaku.mhlw.go.jp/24/index.php?action_kouhyou_detail_004_kani=true&JigyosyoCd=2472800743-00&ServiceCd=110&Type=search", "url2": null }, "geometry": { "type": "Point", "coordinates": [ 136.39646289999996, 34.2993593 ] } },
{ "type": "Feature", "properties": { "内容": "ヘルパーステーション　さくら【訪問介護】三重県度会郡南伊勢町斎田９１－１７サービス付き高齢者向け住宅　さくら並木", "url": "https://www.kaigokensaku.mhlw.go.jp/24/index.php?action_kouhyou_detail_004_kani=true&JigyosyoCd=2472801600-00&ServiceCd=110&Type=search", "url2": "https://minamiise-sakuraen.jp/" }, "geometry": { "type": "Point", "coordinates": [ 136.630884348802141, 34.335727113249661 ] } },
{ "type": "Feature", "properties": { "内容": "訪問介護「かなで」【訪問介護】三重県度会郡南伊勢町神津佐1367番地1", "url": "https://www.kaigokensaku.mhlw.go.jp/24/index.php?action_kouhyou_detail_004_kani=true&JigyosyoCd=2472801261-00&ServiceCd=110&Type=search", "url2": "https://fukushikurashi.com" }, "geometry": { "type": "Point", "coordinates": [ 136.726230923634347, 34.34401820824278 ] } },
{ "type": "Feature", "properties": { "内容": "ケアサービス　すけっと【訪問介護】三重県度会郡南伊勢町河内535番地", "url": "https://www.kaigokensaku.mhlw.go.jp/24/index.php?action_kouhyou_detail_004_kani=true&JigyosyoCd=2472801147-00&ServiceCd=110&Type=search", "url2": "http://www.amigo2.ne.jp/~lsuketto/" }, "geometry": { "type": "Point", "coordinates": [ 136.51229330000001, 34.2919766 ] } },
{ "type": "Feature", "properties": { "内容": "訪問看護・介護ステーション　福寿【訪問介護】南伊勢町斎田３１６番地４５", "url": "https://www.kaigokensaku.mhlw.go.jp/24/index.php?action_kouhyou_detail_004_kani=true&JigyosyoCd=2472801030-00&ServiceCd=110&Type=search", "url2": null }, "geometry": { "type": "Point", "coordinates": [ 136.636730700000044, 34.3388886 ] } },
{ "type": "Feature", "properties": { "内容": "在宅ケアグループ　ゆうあい【訪問介護】三重県北牟婁郡紀北町東長島1307-1", "url": "https://www.kaigokensaku.mhlw.go.jp/24/index.php?action_kouhyou_detail_004_kani=true&JigyosyoCd=2473000137-00&ServiceCd=110&Type=search", "url2": "yuai2002.com" }, "geometry": { "type": "Point", "coordinates": [ 136.327185889440898, 34.219595928277158 ] } },
{ "type": "Feature", "properties": { "内容": "社会福祉法人　慈徳会　菖蒲園訪問介護事業所【訪問介護】三重県北牟婁郡紀北町上里245-2", "url": "https://www.kaigokensaku.mhlw.go.jp/24/index.php?action_kouhyou_detail_004_kani=true&JigyosyoCd=2473000525-00&ServiceCd=110&Type=search", "url2": null }, "geometry": { "type": "Point", "coordinates": [ 136.2334148, 34.143311 ] } },
{ "type": "Feature", "properties": { "内容": "紀北町社協ホームヘルパー『長島』【訪問介護】三重県北牟婁郡紀北町東長島２０９番地９紀北町社会福祉会館内", "url": "https://www.kaigokensaku.mhlw.go.jp/24/index.php?action_kouhyou_detail_004_kani=true&JigyosyoCd=2473000061-00&ServiceCd=110&Type=search", "url2": "http://kihoku-shakyo.com/" }, "geometry": { "type": "Point", "coordinates": [ 136.338301900000033, 34.210419700000024 ] } },
{ "type": "Feature", "properties": { "内容": "紀北町社協ホームヘルパー『海山』【訪問介護】三重県北牟婁郡紀北町引本浦239-2紀北町社会福祉協議会　海山支所内", "url": "https://www.kaigokensaku.mhlw.go.jp/24/index.php?action_kouhyou_detail_004_kani=true&JigyosyoCd=2473000053-00&ServiceCd=110&Type=search", "url2": "http://www.kihoku-shakyou.com/" }, "geometry": { "type": "Point", "coordinates": [ 136.237618158093255, 34.106221060271544 ] } },
{ "type": "Feature", "properties": { "内容": "ヘルパーステーションゆりかご【訪問介護】三重県北牟婁郡紀北町船津430番地3シルバーハウスゆりかご", "url": "https://www.kaigokensaku.mhlw.go.jp/24/index.php?action_kouhyou_detail_004_kani=true&JigyosyoCd=2473000467-00&ServiceCd=110&Type=search", "url2": null }, "geometry": { "type": "Point", "coordinates": [ 136.216019436384641, 34.12527611159603 ] } },
{ "type": "Feature", "properties": { "内容": "訪問介護　たいき【訪問介護】三重県北牟婁郡紀北町三浦７０９番地１", "url": "https://www.kaigokensaku.mhlw.go.jp/24/index.php?action_kouhyou_detail_004_kani=true&JigyosyoCd=2473000194-00&ServiceCd=110&Type=search", "url2": "http://www.za.ztv.ne.jp/taiki/" }, "geometry": { "type": "Point", "coordinates": [ 136.277072500000031, 34.1646072 ] } },
{ "type": "Feature", "properties": { "内容": "ヘルパーステーションすまいる【訪問介護】三重県北牟婁郡紀北町上里377番地2", "url": "https://www.kaigokensaku.mhlw.go.jp/24/index.php?action_kouhyou_detail_004_kani=true&JigyosyoCd=2473000541-00&ServiceCd=110&Type=search", "url2": "http://www.zb.ztv.ne.jp/suncare-center/" }, "geometry": { "type": "Point", "coordinates": [ 136.2311556, 34.1438946 ] } },
{ "type": "Feature", "properties": { "内容": "訪問介護事業所であい【訪問介護】三重県南牟婁郡御浜町大字志原９２２番地１２１", "url": "https://www.kaigokensaku.mhlw.go.jp/24/index.php?action_kouhyou_detail_004_kani=true&JigyosyoCd=2473100341-00&ServiceCd=110&Type=search", "url2": null }, "geometry": { "type": "Point", "coordinates": [ 136.055669755217565, 33.851306578579361 ] } },
{ "type": "Feature", "properties": { "内容": "NPO法人　つどい【訪問介護】三重県南牟婁郡御浜町大字志原字赤崎平１８１９番地３３", "url": "https://www.kaigokensaku.mhlw.go.jp/24/index.php?action_kouhyou_detail_004_kani=true&JigyosyoCd=2463190013-00&ServiceCd=110&Type=search", "url2": "http://npo-tsudoi.com" }, "geometry": { "type": "Point", "coordinates": [ 136.048724, 33.8144776 ] } },
{ "type": "Feature", "properties": { "内容": "御浜町ヘルパーステーション【訪問介護】三重県南牟婁郡御浜町大字下市木2040番地御浜町福祉健康センター", "url": "https://www.kaigokensaku.mhlw.go.jp/24/index.php?action_kouhyou_detail_004_kani=true&JigyosyoCd=2473100010-00&ServiceCd=110&Type=search", "url2": "http://www.mihama-fukushi.com/" }, "geometry": { "type": "Point", "coordinates": [ 136.046996199999967, 33.8340673 ] } },
{ "type": "Feature", "properties": { "内容": "訪問介護事業所　あゆみ【訪問介護】三重県南牟婁郡御浜町大字志原１９１２－４", "url": "https://www.kaigokensaku.mhlw.go.jp/24/index.php?action_kouhyou_detail_004_kani=true&JigyosyoCd=2473100291-00&ServiceCd=110&Type=search", "url2": null }, "geometry": { "type": "Point", "coordinates": [ 136.053270800000064, 33.8431387 ] } },
{ "type": "Feature", "properties": { "内容": "株式会社　ひまわり介護サービス【訪問介護】三重県南牟婁郡御浜町大字阿田和４２２７番地", "url": "https://www.kaigokensaku.mhlw.go.jp/24/index.php?action_kouhyou_detail_004_kani=true&JigyosyoCd=2473100382-00&ServiceCd=110&Type=search", "url2": null }, "geometry": { "type": "Point", "coordinates": [ 136.0398027, 33.7974098 ] } },
{ "type": "Feature", "properties": { "内容": "訪問介護　ハートフル【訪問介護】三重県南牟婁郡紀宝町鮒田８６２－５", "url": "https://www.kaigokensaku.mhlw.go.jp/24/index.php?action_kouhyou_detail_004_kani=true&JigyosyoCd=2473100705-00&ServiceCd=110&Type=search", "url2": null }, "geometry": { "type": "Point", "coordinates": [ 135.976269900000034, 33.7437497 ] } },
{ "type": "Feature", "properties": { "内容": "紀宝町社協ホームヘルプサービス【訪問介護】三重県南牟婁郡紀宝町神内277-2神内福祉センター", "url": "https://www.kaigokensaku.mhlw.go.jp/24/index.php?action_kouhyou_detail_004_kani=true&JigyosyoCd=2473100036-00&ServiceCd=110&Type=search", "url2": "http://kiho-shakyo.sub.jp/" }, "geometry": { "type": "Point", "coordinates": [ 136.0129918, 33.7487213 ] } },
{ "type": "Feature", "properties": { "内容": "訪問介護事業所　紀宝の丘【訪問介護】井田２３８９番１", "url": "https://www.kaigokensaku.mhlw.go.jp/24/index.php?action_kouhyou_detail_004_kani=true&JigyosyoCd=2473100689-00&ServiceCd=110&Type=search", "url2": null }, "geometry": { "type": "Point", "coordinates": [ 136.018491400000016, 33.74577450000001 ] } },
{ "type": "Feature", "properties": { "内容": "株式会社ハート・ハート紀宝２４時間介護サービス【訪問介護】三重県南牟婁郡紀宝町井田2417番地24", "url": "https://www.kaigokensaku.mhlw.go.jp/24/index.php?action_kouhyou_detail_004_kani=true&JigyosyoCd=2473100416-00&ServiceCd=110&Type=search", "url2": null }, "geometry": { "type": "Point", "coordinates": [ 136.018938599999956, 33.7428359 ] } },
{ "type": "Feature", "properties": { "内容": "訪問介護きほう【訪問介護】三重県南牟婁郡紀宝町成川４４－２０", "url": "https://www.kaigokensaku.mhlw.go.jp/24/index.php?action_kouhyou_detail_004_kani=true&JigyosyoCd=2473100747-00&ServiceCd=110&Type=search", "url2": null }, "geometry": { "type": "Point", "coordinates": [ 136.004423299999985, 33.7411195 ] } },
{ "type": "Feature", "properties": { "内容": "ＮＰＯ法人　てとて【訪問介護】南牟婁郡紀宝町井内409-5", "url": "https://www.kaigokensaku.mhlw.go.jp/24/index.php?action_kouhyou_detail_004_kani=true&JigyosyoCd=2473100408-00&ServiceCd=110&Type=search", "url2": null }, "geometry": { "type": "Point", "coordinates": [ 135.992579290160421, 33.788347465582483 ] } }
]
}
