{
"type": "FeatureCollection",
"name": "geo_24_地域密着型通所介護",
"crs": { "type": "name", "properties": { "name": "urn:ogc:def:crs:OGC:1.3:CRS84" } },
"features": [
{ "type": "Feature", "properties": { "内容": "合同会社梅田【地域密着型通所介護】三重県津市鳥居町５１", "url": "https://www.kaigokensaku.mhlw.go.jp/24/index.php?action_kouhyou_detail_004_kani=true&JigyosyoCd=2490500481-00&ServiceCd=780&Type=search", "url2": null }, "geometry": { "type": "Point", "coordinates": [ 136.5055155, 34.7247451 ] } },
{ "type": "Feature", "properties": { "内容": "せせらぎシルバーサービス(有)【地域密着型通所介護】津市榊原町10844番地1", "url": "https://www.kaigokensaku.mhlw.go.jp/24/index.php?action_kouhyou_detail_004_kani=true&JigyosyoCd=2470600277-00&ServiceCd=780&Type=search", "url2": "http://www.ztv.ne.jp/web/tamanegi" }, "geometry": { "type": "Point", "coordinates": [ 136.3359964, 34.6922968 ] } },
{ "type": "Feature", "properties": { "内容": "デイサービス　あこぎ苑【地域密着型通所介護】柳山津興363-26", "url": "https://www.kaigokensaku.mhlw.go.jp/24/index.php?action_kouhyou_detail_004_kani=true&JigyosyoCd=2470503521-00&ServiceCd=780&Type=search", "url2": "http://www.mie-hewcoop.jp/" }, "geometry": { "type": "Point", "coordinates": [ 136.519043300000021, 34.7069094 ] } },
{ "type": "Feature", "properties": { "内容": "デイサービスあんじゅ【地域密着型通所介護】三重県津市久居中町134-46", "url": "https://www.kaigokensaku.mhlw.go.jp/24/index.php?action_kouhyou_detail_004_kani=true&JigyosyoCd=2490500655-00&ServiceCd=780&Type=search", "url2": "http://anjyu-hisai.com" }, "geometry": { "type": "Point", "coordinates": [ 136.465535, 34.6793678 ] } },
{ "type": "Feature", "properties": { "内容": "デイサービスセンター　つくしんぼ【地域密着型通所介護】三重県津市一色町240番地", "url": "https://www.kaigokensaku.mhlw.go.jp/24/index.php?action_kouhyou_detail_004_kani=true&JigyosyoCd=2470501608-00&ServiceCd=780&Type=search", "url2": null }, "geometry": { "type": "Point", "coordinates": [ 136.4755983, 34.7296048 ] } },
{ "type": "Feature", "properties": { "内容": "デイサービス久居桜の里【地域密着型通所介護】三重県津市久居桜が丘町1900-68", "url": "https://www.kaigokensaku.mhlw.go.jp/24/index.php?action_kouhyou_detail_004_kani=true&JigyosyoCd=2470504701-00&ServiceCd=780&Type=search", "url2": "http://tsu-dayservice-sakuranosato.info" }, "geometry": { "type": "Point", "coordinates": [ 136.4903713, 34.6815673 ] } },
{ "type": "Feature", "properties": { "内容": "ヒラックス久居【地域密着型通所介護】三重県津市久居新町3002-4", "url": "https://www.kaigokensaku.mhlw.go.jp/24/index.php?action_kouhyou_detail_004_kani=true&JigyosyoCd=2490500812-00&ServiceCd=780&Type=search", "url2": "r.hisai@spskaigo.com" }, "geometry": { "type": "Point", "coordinates": [ 136.4767636, 34.6756697 ] } },
{ "type": "Feature", "properties": { "内容": "デイサービスのぞみ【地域密着型通所介護】三重県津市芸濃町椋本6215-1", "url": "https://www.kaigokensaku.mhlw.go.jp/24/index.php?action_kouhyou_detail_004_kani=true&JigyosyoCd=2490500408-00&ServiceCd=780&Type=search", "url2": null }, "geometry": { "type": "Point", "coordinates": [ 136.433379100000025, 34.814448 ] } },
{ "type": "Feature", "properties": { "内容": "デイサービスいやさか【地域密着型通所介護】三重県津市半田987-1", "url": "https://www.kaigokensaku.mhlw.go.jp/24/index.php?action_kouhyou_detail_004_kani=true&JigyosyoCd=2490500424-00&ServiceCd=780&Type=search", "url2": null }, "geometry": { "type": "Point", "coordinates": [ 136.501974033604881, 34.701712374483286 ] } },
{ "type": "Feature", "properties": { "内容": "デイサービス太陽２【地域密着型通所介護】白塚町２４３０", "url": "https://www.kaigokensaku.mhlw.go.jp/24/index.php?action_kouhyou_detail_004_kani=true&JigyosyoCd=2490500796-00&ServiceCd=780&Type=search", "url2": null }, "geometry": { "type": "Point", "coordinates": [ 136.5341288, 34.7673462 ] } },
{ "type": "Feature", "properties": { "内容": "デイサービス　のぞみ【地域密着型通所介護】三重県津市芸濃町椋本6215-1", "url": "https://www.kaigokensaku.mhlw.go.jp/24/index.php?action_kouhyou_detail_004_kani=true&JigyosyoCd=2490500838-00&ServiceCd=780&Type=search", "url2": null }, "geometry": { "type": "Point", "coordinates": [ 136.4334108, 34.8144089 ] } },
{ "type": "Feature", "properties": { "内容": "デイサービス　五色の雲【地域密着型通所介護】三重県津市榊原町6066-1メゾン榊原", "url": "https://www.kaigokensaku.mhlw.go.jp/24/index.php?action_kouhyou_detail_004_kani=true&JigyosyoCd=2490500820-00&ServiceCd=780&Type=search", "url2": null }, "geometry": { "type": "Point", "coordinates": [ 136.3764351, 34.7024415 ] } },
{ "type": "Feature", "properties": { "内容": "機能訓練型　伝書鳩デイサービス【地域密着型通所介護】三重県津市一身田豊野1406-499", "url": "https://www.kaigokensaku.mhlw.go.jp/24/index.php?action_kouhyou_detail_004_kani=true&JigyosyoCd=2490500598-00&ServiceCd=780&Type=search", "url2": null }, "geometry": { "type": "Point", "coordinates": [ 136.517070499999988, 34.7711533 ] } },
{ "type": "Feature", "properties": { "内容": "デイサービスセンター　音色【地域密着型通所介護】観音寺町64－7", "url": "https://www.kaigokensaku.mhlw.go.jp/24/index.php?action_kouhyou_detail_004_kani=true&JigyosyoCd=2470502994-00&ServiceCd=780&Type=search", "url2": null }, "geometry": { "type": "Point", "coordinates": [ 136.4962568, 34.727492600000026 ] } },
{ "type": "Feature", "properties": { "内容": "デイハウス　ひょうたん池【地域密着型通所介護】津市上浜町6丁目224-15", "url": "https://www.kaigokensaku.mhlw.go.jp/24/index.php?action_kouhyou_detail_004_kani=true&JigyosyoCd=2470503083-00&ServiceCd=780&Type=search", "url2": "https://wellcare.or.jp" }, "geometry": { "type": "Point", "coordinates": [ 136.504221799999982, 34.7405257 ] } },
{ "type": "Feature", "properties": { "内容": "レッツ倶楽部栗真【地域密着型通所介護】三重県津市栗真小川町620", "url": "https://www.kaigokensaku.mhlw.go.jp/24/index.php?action_kouhyou_detail_004_kani=true&JigyosyoCd=2470504826-00&ServiceCd=780&Type=search", "url2": "http://www.lets-club.jp/shop/kurima/" }, "geometry": { "type": "Point", "coordinates": [ 136.527012900000045, 34.7717685 ] } },
{ "type": "Feature", "properties": { "内容": "陽だまりカフェ片田【地域密着型通所介護】三重県津市片田井戸町268番地", "url": "https://www.kaigokensaku.mhlw.go.jp/24/index.php?action_kouhyou_detail_004_kani=true&JigyosyoCd=2490500762-00&ServiceCd=780&Type=search", "url2": "https://hidamari.in" }, "geometry": { "type": "Point", "coordinates": [ 136.4374061, 34.7083318 ] } },
{ "type": "Feature", "properties": { "内容": "デイサービスセンター花しょうぶ【地域密着型通所介護】三重県津市安濃町川西1372-5", "url": "https://www.kaigokensaku.mhlw.go.jp/24/index.php?action_kouhyou_detail_004_kani=true&JigyosyoCd=2472400429-00&ServiceCd=780&Type=search", "url2": "http://www.akeai.or.jp/" }, "geometry": { "type": "Point", "coordinates": [ 136.444868199999974, 34.7571277 ] } },
{ "type": "Feature", "properties": { "内容": "デイステーションみのりヶ丘【地域密着型通所介護】三重県津市一志町みのりヶ丘115-327", "url": "https://www.kaigokensaku.mhlw.go.jp/24/index.php?action_kouhyou_detail_004_kani=true&JigyosyoCd=2470504271-00&ServiceCd=780&Type=search", "url2": "http://www.akeai.or.jp/" }, "geometry": { "type": "Point", "coordinates": [ 136.44410396712388, 34.644595361507122 ] } },
{ "type": "Feature", "properties": { "内容": "デイステーション上ノ村【地域密着型通所介護】三重県津市白山町上ノ村132-10", "url": "https://www.kaigokensaku.mhlw.go.jp/24/index.php?action_kouhyou_detail_004_kani=true&JigyosyoCd=2472500301-00&ServiceCd=780&Type=search", "url2": "http://www.akeai.or.jp" }, "geometry": { "type": "Point", "coordinates": [ 136.330767899999955, 34.6644951 ] } },
{ "type": "Feature", "properties": { "内容": "倉本病院デイサービスセンター津デイ【地域密着型通所介護】三重県津市下弁財町津興3040番地", "url": "https://www.kaigokensaku.mhlw.go.jp/24/index.php?action_kouhyou_detail_004_kani=true&JigyosyoCd=2490500432-00&ServiceCd=780&Type=search", "url2": "https://www.kuramotohospital.net/" }, "geometry": { "type": "Point", "coordinates": [ 136.511001126427573, 34.704794613163138 ] } },
{ "type": "Feature", "properties": { "内容": "ルミナスビレッジ曽根　デイサービスセンター【地域密着型通所介護】三重県津市安濃町曽根833-6", "url": "https://www.kaigokensaku.mhlw.go.jp/24/index.php?action_kouhyou_detail_004_kani=true&JigyosyoCd=2470503513-00&ServiceCd=780&Type=search", "url2": "http://www.akeai.or.jp" }, "geometry": { "type": "Point", "coordinates": [ 136.461316300000021, 34.7534757 ] } },
{ "type": "Feature", "properties": { "内容": "通所介護　津の家【地域密着型通所介護】長岡町233番地7", "url": "https://www.kaigokensaku.mhlw.go.jp/24/index.php?action_kouhyou_detail_004_kani=true&JigyosyoCd=2470500998-00&ServiceCd=780&Type=search", "url2": null }, "geometry": { "type": "Point", "coordinates": [ 136.489479, 34.7363612 ] } },
{ "type": "Feature", "properties": { "内容": "社会福祉法人　寿泉会　泉園デイサービスセンター【地域密着型通所介護】三重県津市野田2059", "url": "https://www.kaigokensaku.mhlw.go.jp/24/index.php?action_kouhyou_detail_004_kani=true&JigyosyoCd=2490500523-00&ServiceCd=780&Type=search", "url2": "http://www.pmc.or.jp" }, "geometry": { "type": "Point", "coordinates": [ 136.461274499999945, 34.7103351 ] } },
{ "type": "Feature", "properties": { "内容": "やさしさクラブはる子の家【地域密着型通所介護】津市白塚町３３９４", "url": "https://www.kaigokensaku.mhlw.go.jp/24/index.php?action_kouhyou_detail_004_kani=true&JigyosyoCd=2470500881-00&ServiceCd=780&Type=search", "url2": "http://www.geocities.co.jp/HeartLand-Tachibana/9988/" }, "geometry": { "type": "Point", "coordinates": [ 136.530107300000026, 34.7652389 ] } },
{ "type": "Feature", "properties": { "内容": "デイサービス　太陽【地域密着型通所介護】三重県津市白塚町２２１６番地住宅型有料老人ホーム　太陽", "url": "https://www.kaigokensaku.mhlw.go.jp/24/index.php?action_kouhyou_detail_004_kani=true&JigyosyoCd=2490500440-00&ServiceCd=780&Type=search", "url2": "http://kaigo-taiyou.jimdofree.com" }, "geometry": { "type": "Point", "coordinates": [ 136.536209699999972, 34.7672055 ] } },
{ "type": "Feature", "properties": { "内容": "デイサービスセンター明神【地域密着型通所介護】三重県津市久居明神町1530番地69", "url": "https://www.kaigokensaku.mhlw.go.jp/24/index.php?action_kouhyou_detail_004_kani=true&JigyosyoCd=2470504933-00&ServiceCd=780&Type=search", "url2": null }, "geometry": { "type": "Point", "coordinates": [ 136.468920200000014, 34.6923766 ] } },
{ "type": "Feature", "properties": { "内容": "デイサービス小春【地域密着型通所介護】三重県津市高茶屋6丁目10番14号ケアポート津高茶屋", "url": "https://www.kaigokensaku.mhlw.go.jp/24/index.php?action_kouhyou_detail_004_kani=true&JigyosyoCd=2470504560-00&ServiceCd=780&Type=search", "url2": null }, "geometry": { "type": "Point", "coordinates": [ 136.499675900000057, 34.672982200000014 ] } },
{ "type": "Feature", "properties": { "内容": "デイサービス　はまかぜ【地域密着型通所介護】白塚町3568-4", "url": "https://www.kaigokensaku.mhlw.go.jp/24/index.php?action_kouhyou_detail_004_kani=true&JigyosyoCd=2470503539-00&ServiceCd=780&Type=search", "url2": "http://www.mie-hewcoop.jp/" }, "geometry": { "type": "Point", "coordinates": [ 136.5302352, 34.7624699 ] } },
{ "type": "Feature", "properties": { "内容": "青松園デイサービスセンター【地域密着型通所介護】三重県津市高洲町15-43", "url": "https://www.kaigokensaku.mhlw.go.jp/24/index.php?action_kouhyou_detail_004_kani=true&JigyosyoCd=2490500689-00&ServiceCd=780&Type=search", "url2": "https://seisyouen.org" }, "geometry": { "type": "Point", "coordinates": [ 136.5261552, 34.7256805 ] } },
{ "type": "Feature", "properties": { "内容": "デイサービスなずな【地域密着型通所介護】高茶屋5丁目11-4", "url": "https://www.kaigokensaku.mhlw.go.jp/24/index.php?action_kouhyou_detail_004_kani=true&JigyosyoCd=2490500754-00&ServiceCd=780&Type=search", "url2": null }, "geometry": { "type": "Point", "coordinates": [ 136.501222, 34.669354 ] } },
{ "type": "Feature", "properties": { "内容": "デイサービス青い鳥【地域密着型通所介護】三重県津市豊が丘二丁目38番6号", "url": "https://www.kaigokensaku.mhlw.go.jp/24/index.php?action_kouhyou_detail_004_kani=true&JigyosyoCd=2470501640-00&ServiceCd=780&Type=search", "url2": "http://www.zc.ztv.ne.jp/aoitori/dayservice.htm" }, "geometry": { "type": "Point", "coordinates": [ 136.470602099999951, 34.807883 ] } },
{ "type": "Feature", "properties": { "内容": "だんらんの家　栗真【地域密着型通所介護】三重県津市栗真町屋町608-7", "url": "https://www.kaigokensaku.mhlw.go.jp/24/index.php?action_kouhyou_detail_004_kani=true&JigyosyoCd=2490500549-00&ServiceCd=780&Type=search", "url2": "www.danrannoie.com" }, "geometry": { "type": "Point", "coordinates": [ 136.525495, 34.7512779 ] } },
{ "type": "Feature", "properties": { "内容": "リハビリデイほっとすまいる【地域密着型通所介護】三重県津市垂水298番地2", "url": "https://www.kaigokensaku.mhlw.go.jp/24/index.php?action_kouhyou_detail_004_kani=true&JigyosyoCd=2470504289-00&ServiceCd=780&Type=search", "url2": null }, "geometry": { "type": "Point", "coordinates": [ 136.506842157672025, 34.696383584593889 ] } },
{ "type": "Feature", "properties": { "内容": "憩いの汀Ⅰ【地域密着型通所介護】三重県津市海岸町14-20", "url": "https://www.kaigokensaku.mhlw.go.jp/24/index.php?action_kouhyou_detail_004_kani=true&JigyosyoCd=2490500606-00&ServiceCd=780&Type=search", "url2": "http://www.za.ztv.ne.jp/ikoinomigiwa/" }, "geometry": { "type": "Point", "coordinates": [ 136.5227658, 34.7176559 ] } },
{ "type": "Feature", "properties": { "内容": "憩いの汀Ⅱ【地域密着型通所介護】三重県津市末広町5番45号", "url": "https://www.kaigokensaku.mhlw.go.jp/24/index.php?action_kouhyou_detail_004_kani=true&JigyosyoCd=2490500614-00&ServiceCd=780&Type=search", "url2": "http://www.za.ztv.ne.jp/ikoinomigiwa/" }, "geometry": { "type": "Point", "coordinates": [ 136.523032199999989, 34.7195693 ] } },
{ "type": "Feature", "properties": { "内容": "特別養護老人ホームみえ愛の里デイサービス愛の里【地域密着型通所介護】三重県津市雲出本郷町字連方前２１２８番", "url": "https://www.kaigokensaku.mhlw.go.jp/24/index.php?action_kouhyou_detail_004_kani=true&JigyosyoCd=2470502663-00&ServiceCd=780&Type=search", "url2": "http://www.ainosato-mie.jp" }, "geometry": { "type": "Point", "coordinates": [ 136.522934, 34.6671635 ] } },
{ "type": "Feature", "properties": { "内容": "デイサービスだんだん【地域密着型通所介護】三重県津市一志町石橋239番地1", "url": "https://www.kaigokensaku.mhlw.go.jp/24/index.php?action_kouhyou_detail_004_kani=true&JigyosyoCd=2470503059-00&ServiceCd=780&Type=search", "url2": null }, "geometry": { "type": "Point", "coordinates": [ 136.4073366, 34.6590574 ] } },
{ "type": "Feature", "properties": { "内容": "デイサービス　花のん【地域密着型通所介護】白山町岡31-1", "url": "https://www.kaigokensaku.mhlw.go.jp/24/index.php?action_kouhyou_detail_004_kani=true&JigyosyoCd=2470503547-00&ServiceCd=780&Type=search", "url2": null }, "geometry": { "type": "Point", "coordinates": [ 136.352170399999977, 34.663432 ] } },
{ "type": "Feature", "properties": { "内容": "デイサービス　花のん　いちし【地域密着型通所介護】三重県津市一志町高野160-657", "url": "https://www.kaigokensaku.mhlw.go.jp/24/index.php?action_kouhyou_detail_004_kani=true&JigyosyoCd=2470504057-00&ServiceCd=780&Type=search", "url2": null }, "geometry": { "type": "Point", "coordinates": [ 136.428591066587245, 34.659377627803465 ] } },
{ "type": "Feature", "properties": { "内容": "あいけあセンター【地域密着型通所介護】三重県津市白山町二本木728-1", "url": "https://www.kaigokensaku.mhlw.go.jp/24/index.php?action_kouhyou_detail_004_kani=true&JigyosyoCd=2490500648-00&ServiceCd=780&Type=search", "url2": null }, "geometry": { "type": "Point", "coordinates": [ 136.3664238, 34.663406810473944 ] } },
{ "type": "Feature", "properties": { "内容": "ハーモニーハウス津　通所介護事業所【地域密着型通所介護】津市久居明神町字風早2077番地", "url": "https://www.kaigokensaku.mhlw.go.jp/24/index.php?action_kouhyou_detail_004_kani=true&JigyosyoCd=2470502754-00&ServiceCd=780&Type=search", "url2": "https://www.h-ikkou.co.jp/harmony_tsu/index.html" }, "geometry": { "type": "Point", "coordinates": [ 136.464798951976007, 34.687991694382184 ] } },
{ "type": "Feature", "properties": { "内容": "機能訓練特化型デイサービス☆リハトレ【地域密着型通所介護】三重県津市渋見町572-3", "url": "https://www.kaigokensaku.mhlw.go.jp/24/index.php?action_kouhyou_detail_004_kani=true&JigyosyoCd=2490500382-00&ServiceCd=780&Type=search", "url2": "http://ozaki-s.net/" }, "geometry": { "type": "Point", "coordinates": [ 136.493228696367538, 34.735795559029981 ] } },
{ "type": "Feature", "properties": { "内容": "あゆみ野デイサービスセンター【地域密着型通所介護】三重県津市一身田大古曽１４５３番地3", "url": "https://www.kaigokensaku.mhlw.go.jp/24/index.php?action_kouhyou_detail_004_kani=true&JigyosyoCd=2490500630-00&ServiceCd=780&Type=search", "url2": "https://tight-tosu-2842.sub.jp/ayumino/wordpress/" }, "geometry": { "type": "Point", "coordinates": [ 136.493101899999971, 34.755664700000018 ] } },
{ "type": "Feature", "properties": { "内容": "地域密着型通所介護事業所　デイサービス　なごみ【地域密着型通所介護】三重県津市安濃町田端上野874番地88", "url": "https://www.kaigokensaku.mhlw.go.jp/24/index.php?action_kouhyou_detail_004_kani=true&JigyosyoCd=2470501970-00&ServiceCd=780&Type=search", "url2": "http://www.kaigonagomi.com/" }, "geometry": { "type": "Point", "coordinates": [ 136.43857980000007, 34.7659264 ] } },
{ "type": "Feature", "properties": { "内容": "通所介護四天王庵【地域密着型通所介護】三重県津市栄町1-892", "url": "https://www.kaigokensaku.mhlw.go.jp/24/index.php?action_kouhyou_detail_004_kani=true&JigyosyoCd=2490500663-00&ServiceCd=780&Type=search", "url2": "https://www.polaris.care/office/detail.php?no=MTE1" }, "geometry": { "type": "Point", "coordinates": [ 136.509858327647407, 34.72813033596951 ] } },
{ "type": "Feature", "properties": { "内容": "デイサービス　笑みたす高松山【地域密着型通所介護】三重県津市半田1225番地１", "url": "https://www.kaigokensaku.mhlw.go.jp/24/index.php?action_kouhyou_detail_004_kani=true&JigyosyoCd=2490500853-00&ServiceCd=780&Type=search", "url2": "https://emitas.net" }, "geometry": { "type": "Point", "coordinates": [ 136.499107076057442, 34.702169342839909 ] } },
{ "type": "Feature", "properties": { "内容": "歩行訓練特化型デイサービス　結【地域密着型通所介護】三重県津市一身田平野606－6", "url": "https://www.kaigokensaku.mhlw.go.jp/24/index.php?action_kouhyou_detail_004_kani=true&JigyosyoCd=2490500671-00&ServiceCd=780&Type=search", "url2": null }, "geometry": { "type": "Point", "coordinates": [ 136.515596840586596, 34.751426368842658 ] } },
{ "type": "Feature", "properties": { "内容": "地域密着型通所介護事業所Plus【地域密着型通所介護】三重県津市久居東鷹跡町243番地クレインプラザ１階", "url": "https://www.kaigokensaku.mhlw.go.jp/24/index.php?action_kouhyou_detail_004_kani=true&JigyosyoCd=2490500861-00&ServiceCd=780&Type=search", "url2": null }, "geometry": { "type": "Point", "coordinates": [ 136.470291600000024, 34.6753826 ] } },
{ "type": "Feature", "properties": { "内容": "デイサービス・リハトレ　高茶屋【地域密着型通所介護】三重県津市小森町4077-1", "url": "https://www.kaigokensaku.mhlw.go.jp/24/index.php?action_kouhyou_detail_004_kani=true&JigyosyoCd=2490500721-00&ServiceCd=780&Type=search", "url2": "https://ozaki-s.net" }, "geometry": { "type": "Point", "coordinates": [ 136.422487100000012, 34.687701 ] } },
{ "type": "Feature", "properties": { "内容": "リハビリデイサービス・リハトレ新町【地域密着型通所介護】三重県津市新町1丁目1-16", "url": "https://www.kaigokensaku.mhlw.go.jp/24/index.php?action_kouhyou_detail_004_kani=true&JigyosyoCd=2490500531-00&ServiceCd=780&Type=search", "url2": "http://ozaki-s.net/" }, "geometry": { "type": "Point", "coordinates": [ 136.498340216785635, 34.714814134024962 ] } },
{ "type": "Feature", "properties": { "内容": "デイサービス　RRBクラブ【地域密着型通所介護】三重県津市豊が丘１丁目41-12", "url": "https://www.kaigokensaku.mhlw.go.jp/24/index.php?action_kouhyou_detail_004_kani=true&JigyosyoCd=2470504883-00&ServiceCd=780&Type=search", "url2": null }, "geometry": { "type": "Point", "coordinates": [ 136.4709355, 34.8053361 ] } },
{ "type": "Feature", "properties": { "内容": "Sinceriteデイサービスセンター【地域密着型通所介護】三重県津市雲出本郷町1523-4ラ・サンセリテ雲出", "url": "https://www.kaigokensaku.mhlw.go.jp/24/index.php?action_kouhyou_detail_004_kani=true&JigyosyoCd=2490500705-00&ServiceCd=780&Type=search", "url2": "https://www.lasincerite0401.com/" }, "geometry": { "type": "Point", "coordinates": [ 136.5194745, 34.6651126 ] } },
{ "type": "Feature", "properties": { "内容": "デイサービスセンターはせやま【地域密着型通所介護】三重県津市片田長谷町167-1", "url": "https://www.kaigokensaku.mhlw.go.jp/24/index.php?action_kouhyou_detail_004_kani=true&JigyosyoCd=2470500048-00&ServiceCd=780&Type=search", "url2": "http://www.mie-keiaikai.or.jp/" }, "geometry": { "type": "Point", "coordinates": [ 136.42567889999998, 34.7272064 ] } },
{ "type": "Feature", "properties": { "内容": "特定非営利活動法人在宅支援サービス青空【地域密着型通所介護】三重県津市半田212-1", "url": "https://www.kaigokensaku.mhlw.go.jp/24/index.php?action_kouhyou_detail_004_kani=true&JigyosyoCd=2470501145-00&ServiceCd=780&Type=search", "url2": null }, "geometry": { "type": "Point", "coordinates": [ 136.488834434289174, 34.709289994195963 ] } },
{ "type": "Feature", "properties": { "内容": "デイサービス凪【地域密着型通所介護】三重県津市白塚町4571番地", "url": "https://www.kaigokensaku.mhlw.go.jp/24/index.php?action_kouhyou_detail_004_kani=true&JigyosyoCd=2490500515-00&ServiceCd=780&Type=search", "url2": null }, "geometry": { "type": "Point", "coordinates": [ 136.530383700000016, 34.7600739 ] } },
{ "type": "Feature", "properties": { "内容": "デイサービス　ひよこの家【地域密着型通所介護】津市美杉町太郎生６２６番地", "url": "https://www.kaigokensaku.mhlw.go.jp/24/index.php?action_kouhyou_detail_004_kani=true&JigyosyoCd=2470502119-00&ServiceCd=780&Type=search", "url2": null }, "geometry": { "type": "Point", "coordinates": [ 136.190020900000036, 34.5256263 ] } },
{ "type": "Feature", "properties": { "内容": "デイサービス百花【地域密着型通所介護】津市中河原546", "url": "https://www.kaigokensaku.mhlw.go.jp/24/index.php?action_kouhyou_detail_004_kani=true&JigyosyoCd=2470504362-00&ServiceCd=780&Type=search", "url2": null }, "geometry": { "type": "Point", "coordinates": [ 136.470651500000031, 34.6719623 ] } },
{ "type": "Feature", "properties": { "内容": "デイサービス　幸の里【地域密着型通所介護】津市河辺町２６９２", "url": "https://www.kaigokensaku.mhlw.go.jp/24/index.php?action_kouhyou_detail_004_kani=true&JigyosyoCd=2470503364-00&ServiceCd=780&Type=search", "url2": null }, "geometry": { "type": "Point", "coordinates": [ 136.4822302, 34.7404338 ] } },
{ "type": "Feature", "properties": { "内容": "株式会社　クラッセ【地域密着型通所介護】三重県津市白山町二本木3897-1住宅型有料老人ホーム　結の里", "url": "https://www.kaigokensaku.mhlw.go.jp/24/index.php?action_kouhyou_detail_004_kani=true&JigyosyoCd=2470502234-00&ServiceCd=780&Type=search", "url2": null }, "geometry": { "type": "Point", "coordinates": [ 136.36709129999997, 34.6560799 ] } },
{ "type": "Feature", "properties": { "内容": "中央リハビリステーション　エボルブ津【地域密着型通所介護】津市藤方2522-1", "url": "https://www.kaigokensaku.mhlw.go.jp/24/index.php?action_kouhyou_detail_004_kani=true&JigyosyoCd=2490500804-00&ServiceCd=780&Type=search", "url2": "https://a-line.jpn.com/evolve/" }, "geometry": { "type": "Point", "coordinates": [ 136.5164906, 34.6993383 ] } },
{ "type": "Feature", "properties": { "内容": "デイサービスセンターうららか【地域密着型通所介護】三重県津市白山町八対野1676番地", "url": "https://www.kaigokensaku.mhlw.go.jp/24/index.php?action_kouhyou_detail_004_kani=true&JigyosyoCd=2470503752-00&ServiceCd=780&Type=search", "url2": null }, "geometry": { "type": "Point", "coordinates": [ 136.32917980000002, 34.6486775 ] } },
{ "type": "Feature", "properties": { "内容": "デイサービスいちし【地域密着型通所介護】津市一志町井関１３２番地９　エレボールⅠ1階", "url": "https://www.kaigokensaku.mhlw.go.jp/24/index.php?action_kouhyou_detail_004_kani=true&JigyosyoCd=2470504719-00&ServiceCd=780&Type=search", "url2": "http://ichishinosato.hp4u.jp/" }, "geometry": { "type": "Point", "coordinates": [ 136.425861785319483, 34.653748922133659 ] } },
{ "type": "Feature", "properties": { "内容": "療養通所介護いちし【地域密着型通所介護】三重県津市一志町日置４６番地", "url": "https://www.kaigokensaku.mhlw.go.jp/24/index.php?action_kouhyou_detail_004_kani=true&JigyosyoCd=2490500580-00&ServiceCd=780&Type=search", "url2": null }, "geometry": { "type": "Point", "coordinates": [ 136.445200600000021, 34.6576276 ] } },
{ "type": "Feature", "properties": { "内容": "実践第一夢窓苑【地域密着型通所介護】三重県津市大倉11番4号", "url": "https://www.kaigokensaku.mhlw.go.jp/24/index.php?action_kouhyou_detail_004_kani=true&JigyosyoCd=2470501459-00&ServiceCd=780&Type=search", "url2": "www.kaigo-kango.or.jp" }, "geometry": { "type": "Point", "coordinates": [ 136.505328800000029, 34.7033096 ] } },
{ "type": "Feature", "properties": { "内容": "デイサービスセンター　おり鶴【地域密着型通所介護】四日市市南小松町629", "url": "https://www.kaigokensaku.mhlw.go.jp/24/index.php?action_kouhyou_detail_004_kani=true&JigyosyoCd=2470204112-00&ServiceCd=780&Type=search", "url2": "http://www6.cty-net.ne.jp/~orizuru/" }, "geometry": { "type": "Point", "coordinates": [ 136.566473299999984, 34.9246703 ] } },
{ "type": "Feature", "properties": { "内容": "デイサービスセンター石塚ひまわり【地域密着型通所介護】三重県四日市市石塚町10-23", "url": "https://www.kaigokensaku.mhlw.go.jp/24/index.php?action_kouhyou_detail_004_kani=true&JigyosyoCd=2490200355-00&ServiceCd=780&Type=search", "url2": null }, "geometry": { "type": "Point", "coordinates": [ 136.600986707897079, 34.961502400554274 ] } },
{ "type": "Feature", "properties": { "内容": "デイサービスセンター松本ひまわり【地域密着型通所介護】三重県四日市市大字松本３番地１", "url": "https://www.kaigokensaku.mhlw.go.jp/24/index.php?action_kouhyou_detail_004_kani=true&JigyosyoCd=2470205093-00&ServiceCd=780&Type=search", "url2": null }, "geometry": { "type": "Point", "coordinates": [ 136.591252364418096, 34.963191792500169 ] } },
{ "type": "Feature", "properties": { "内容": "機能訓練型デイサービス　デイウォークまつもと【地域密着型通所介護】三重県四日市市松本３丁目１０番地２４", "url": "https://www.kaigokensaku.mhlw.go.jp/24/index.php?action_kouhyou_detail_004_kani=true&JigyosyoCd=2490200470-00&ServiceCd=780&Type=search", "url2": "https://www.mie-heiankaku.co.jp/daywalk_matsumoto/" }, "geometry": { "type": "Point", "coordinates": [ 136.58921650000002, 34.9692901 ] } },
{ "type": "Feature", "properties": { "内容": "社会福祉法人　永甲会　地域密着型通所介護事業所　かすみの里【地域密着型通所介護】三重県四日市市白須賀一丁目12番８号総合福祉施設　かすみの里　１F", "url": "https://www.kaigokensaku.mhlw.go.jp/24/index.php?action_kouhyou_detail_004_kani=true&JigyosyoCd=2470204302-00&ServiceCd=780&Type=search", "url2": "http/www.eiko-kai.jp" }, "geometry": { "type": "Point", "coordinates": [ 136.642693799999961, 34.9898678 ] } },
{ "type": "Feature", "properties": { "内容": "デイサービスセンター四日市北にじ【地域密着型通所介護】四日市市伊坂町1636番地4", "url": "https://www.kaigokensaku.mhlw.go.jp/24/index.php?action_kouhyou_detail_004_kani=true&JigyosyoCd=2470203981-00&ServiceCd=780&Type=search", "url2": "ｈｔｔｐｓ：//ｗｗｗ.isism.jp/" }, "geometry": { "type": "Point", "coordinates": [ 136.630379400000038, 35.0316598 ] } },
{ "type": "Feature", "properties": { "内容": "デイサービス　フィジオ【地域密着型通所介護】新町4-2", "url": "https://www.kaigokensaku.mhlw.go.jp/24/index.php?action_kouhyou_detail_004_kani=true&JigyosyoCd=2470204344-00&ServiceCd=780&Type=search", "url2": "physio2013@xj.commufa.jp" }, "geometry": { "type": "Point", "coordinates": [ 136.631051190200765, 34.965616358942448 ] } },
{ "type": "Feature", "properties": { "内容": "リハビリデイこころゆたか【地域密着型通所介護】大矢知町1076-3", "url": "https://www.kaigokensaku.mhlw.go.jp/24/index.php?action_kouhyou_detail_004_kani=true&JigyosyoCd=2470204518-00&ServiceCd=780&Type=search", "url2": "https://www.stepby-step.co.jp/" }, "geometry": { "type": "Point", "coordinates": [ 136.636230461971309, 35.018364703356241 ] } },
{ "type": "Feature", "properties": { "内容": "クラナ　ひまわり【地域密着型通所介護】三重県四日市市采女町1115番地1", "url": "https://www.kaigokensaku.mhlw.go.jp/24/index.php?action_kouhyou_detail_004_kani=true&JigyosyoCd=2470204179-00&ServiceCd=780&Type=search", "url2": "http://kurana-himawari.com" }, "geometry": { "type": "Point", "coordinates": [ 136.5782372, 34.9186037 ] } },
{ "type": "Feature", "properties": { "内容": "デイサービスつばめ【地域密着型通所介護】笹川８丁目６７番地１１号", "url": "https://www.kaigokensaku.mhlw.go.jp/24/index.php?action_kouhyou_detail_004_kani=true&JigyosyoCd=2470203585-00&ServiceCd=780&Type=search", "url2": "https://sites.google.com/view/for-kyouyuu" }, "geometry": { "type": "Point", "coordinates": [ 136.575924640564466, 34.94196288512655 ] } },
{ "type": "Feature", "properties": { "内容": "みのりの里デイサービスセンター【地域密着型通所介護】四日市市楠町本郷1139-1番地", "url": "https://www.kaigokensaku.mhlw.go.jp/24/index.php?action_kouhyou_detail_004_kani=true&JigyosyoCd=2472200191-00&ServiceCd=780&Type=search", "url2": "tokujukai.com" }, "geometry": { "type": "Point", "coordinates": [ 136.618520200000034, 34.9103254 ] } },
{ "type": "Feature", "properties": { "内容": "ゴールドエイジ株式会社デイサービスオリーブ【地域密着型通所介護】芝田２丁目３－３５ゴールドエイジオリーブ", "url": "https://www.kaigokensaku.mhlw.go.jp/24/index.php?action_kouhyou_detail_004_kani=true&JigyosyoCd=2470203494-00&ServiceCd=780&Type=search", "url2": "http://goldage.co.jp/" }, "geometry": { "type": "Point", "coordinates": [ 136.607614, 34.9708084 ] } },
{ "type": "Feature", "properties": { "内容": "デイサービスクラス　四日市南【地域密着型通所介護】三重県四日市市日永東3-15-21", "url": "https://www.kaigokensaku.mhlw.go.jp/24/index.php?action_kouhyou_detail_004_kani=true&JigyosyoCd=2490200546-00&ServiceCd=780&Type=search", "url2": "https://kaigojapan.co.jp/" }, "geometry": { "type": "Point", "coordinates": [ 136.6087264, 34.9415892 ] } },
{ "type": "Feature", "properties": { "内容": "デイサービスエクラ【地域密着型通所介護】三重県四日市市ときわ２丁目１２－８ゴールドエイジ　エクラ", "url": "https://www.kaigokensaku.mhlw.go.jp/24/index.php?action_kouhyou_detail_004_kani=true&JigyosyoCd=2470203361-00&ServiceCd=780&Type=search", "url2": "https://goldage.co.jp" }, "geometry": { "type": "Point", "coordinates": [ 136.59449619999998, 34.9668417 ] } },
{ "type": "Feature", "properties": { "内容": "デイサービス渚園四日市【地域密着型通所介護】三重県四日市市生桑町1863-1", "url": "https://www.kaigokensaku.mhlw.go.jp/24/index.php?action_kouhyou_detail_004_kani=true&JigyosyoCd=2470204542-00&ServiceCd=780&Type=search", "url2": null }, "geometry": { "type": "Point", "coordinates": [ 136.592412572985808, 34.989394767119883 ] } },
{ "type": "Feature", "properties": { "内容": "リハビリデイサービス　みんなの家　四日市日永【地域密着型通所介護】三重県四日市市日永四丁目１番４９号日永カヨー北駐車場", "url": "https://www.kaigokensaku.mhlw.go.jp/24/index.php?action_kouhyou_detail_004_kani=true&JigyosyoCd=2470203866-00&ServiceCd=780&Type=search", "url2": "http://care-pro.co.jp/" }, "geometry": { "type": "Point", "coordinates": [ 136.603762831738322, 34.948203343348062 ] } },
{ "type": "Feature", "properties": { "内容": "ＡＱＵＡデイサービス【地域密着型通所介護】芝田二丁目３－１グローバルビル１Ｆ", "url": "https://www.kaigokensaku.mhlw.go.jp/24/index.php?action_kouhyou_detail_004_kani=true&JigyosyoCd=2470204146-00&ServiceCd=780&Type=search", "url2": "http://aqua-ds.jp/" }, "geometry": { "type": "Point", "coordinates": [ 136.6086444, 34.9710028 ] } },
{ "type": "Feature", "properties": { "内容": "デイサービス夏詩【地域密着型通所介護】三重県四日市市東坂部町1693-4", "url": "https://www.kaigokensaku.mhlw.go.jp/24/index.php?action_kouhyou_detail_004_kani=true&JigyosyoCd=2470204484-00&ServiceCd=780&Type=search", "url2": "http://natsuuta.com" }, "geometry": { "type": "Point", "coordinates": [ 136.600686200000041, 35.0008579 ] } },
{ "type": "Feature", "properties": { "内容": "リハビリデイサービス　みんなの家＠one　四日市日永【地域密着型通所介護】三重県四日市市日永4丁目1番49号", "url": "https://www.kaigokensaku.mhlw.go.jp/24/index.php?action_kouhyou_detail_004_kani=true&JigyosyoCd=2490200447-00&ServiceCd=780&Type=search", "url2": "http://care-pro.co.jp/" }, "geometry": { "type": "Point", "coordinates": [ 136.603798086444471, 34.948385180053457 ] } },
{ "type": "Feature", "properties": { "内容": "認知症・一般通所介護　織りがみの郷【地域密着型通所介護】三重県四日市市茂福町１－２１", "url": "https://www.kaigokensaku.mhlw.go.jp/24/index.php?action_kouhyou_detail_004_kani=true&JigyosyoCd=2470201969-00&ServiceCd=780&Type=search", "url2": null }, "geometry": { "type": "Point", "coordinates": [ 136.646062799999982, 34.997339 ] } },
{ "type": "Feature", "properties": { "内容": "デイサービスリハビリレストランKicori（きこり）【地域密着型通所介護】四日市市桜台本町51-1", "url": "https://www.kaigokensaku.mhlw.go.jp/24/index.php?action_kouhyou_detail_004_kani=true&JigyosyoCd=2470203973-00&ServiceCd=780&Type=search", "url2": "http://www.toytree-kicori.com/" }, "geometry": { "type": "Point", "coordinates": [ 136.538602699999956, 34.9897917 ] } },
{ "type": "Feature", "properties": { "内容": "楽しく鍛えるリハビリデイサービス　たのきん倶楽部【地域密着型通所介護】堀木1丁目3-1林ビル１Ｆ", "url": "https://www.kaigokensaku.mhlw.go.jp/24/index.php?action_kouhyou_detail_004_kani=true&JigyosyoCd=2470204229-00&ServiceCd=780&Type=search", "url2": "http://www4.hp-ez.com/hp/t-naka2013" }, "geometry": { "type": "Point", "coordinates": [ 136.614221499999985, 34.9716251 ] } },
{ "type": "Feature", "properties": { "内容": "リハビリテーションスタジオあすか【地域密着型通所介護】三重県四日市市赤堀南町６－７", "url": "https://www.kaigokensaku.mhlw.go.jp/24/index.php?action_kouhyou_detail_004_kani=true&JigyosyoCd=2470204799-00&ServiceCd=780&Type=search", "url2": "http://aska-kaigo.jp/" }, "geometry": { "type": "Point", "coordinates": [ 136.610535252114943, 34.957958270286923 ] } },
{ "type": "Feature", "properties": { "内容": "デイサービスセンター　ニコニコ【地域密着型通所介護】三重県四日市市松寺３丁目６番２９号", "url": "https://www.kaigokensaku.mhlw.go.jp/24/index.php?action_kouhyou_detail_004_kani=true&JigyosyoCd=2470201464-00&ServiceCd=780&Type=search", "url2": null }, "geometry": { "type": "Point", "coordinates": [ 136.652636600000051, 35.0243496 ] } },
{ "type": "Feature", "properties": { "内容": "北勢デイサービス【地域密着型通所介護】三重県四日市市塩浜1014番地", "url": "https://www.kaigokensaku.mhlw.go.jp/24/index.php?action_kouhyou_detail_004_kani=true&JigyosyoCd=2470203890-00&ServiceCd=780&Type=search", "url2": null }, "geometry": { "type": "Point", "coordinates": [ 136.620489512411496, 34.930261130227585 ] } },
{ "type": "Feature", "properties": { "内容": "侘助デイサービス【地域密着型通所介護】広永町592-1", "url": "https://www.kaigokensaku.mhlw.go.jp/24/index.php?action_kouhyou_detail_004_kani=true&JigyosyoCd=2470204963-00&ServiceCd=780&Type=search", "url2": null }, "geometry": { "type": "Point", "coordinates": [ 136.6393789, 35.031196 ] } },
{ "type": "Feature", "properties": { "内容": "デイサービス四日市楠館【地域密着型通所介護】三重県四日市市楠町小倉764-1", "url": "https://www.kaigokensaku.mhlw.go.jp/24/index.php?action_kouhyou_detail_004_kani=true&JigyosyoCd=2490200595-00&ServiceCd=780&Type=search", "url2": "https://www.prestige-care-tokai.co.jp/institutions/kusunoyakata/" }, "geometry": { "type": "Point", "coordinates": [ 136.626047400000033, 34.921832700000017 ] } },
{ "type": "Feature", "properties": { "内容": "げんき教室生桑【地域密着型通所介護】三重県四日市市生桑333-4", "url": "https://www.kaigokensaku.mhlw.go.jp/24/index.php?action_kouhyou_detail_004_kani=true&JigyosyoCd=2470204757-00&ServiceCd=780&Type=search", "url2": null }, "geometry": { "type": "Point", "coordinates": [ 136.5964037, 34.9899617 ] } },
{ "type": "Feature", "properties": { "内容": "デイサービス　さくらしんまち【地域密着型通所介護】三重県四日市市桜新町１丁目２１８ゴールドエイジ　さくらしんまち", "url": "https://www.kaigokensaku.mhlw.go.jp/24/index.php?action_kouhyou_detail_004_kani=true&JigyosyoCd=2470203346-00&ServiceCd=780&Type=search", "url2": "http://goldage.co.jp/gold-age/cblossom/" }, "geometry": { "type": "Point", "coordinates": [ 136.522106399999984, 34.9832307 ] } },
{ "type": "Feature", "properties": { "内容": "デイサービス　こころのいえ【地域密着型通所介護】朝熊町1432番地1", "url": "https://www.kaigokensaku.mhlw.go.jp/24/index.php?action_kouhyou_detail_004_kani=true&JigyosyoCd=2470802097-00&ServiceCd=780&Type=search", "url2": null }, "geometry": { "type": "Point", "coordinates": [ 136.758841747272015, 34.475428195681346 ] } },
{ "type": "Feature", "properties": { "内容": "元気ひろばデイサービス【地域密着型通所介護】伊勢市大世古1丁目8番7号", "url": "https://www.kaigokensaku.mhlw.go.jp/24/index.php?action_kouhyou_detail_004_kani=true&JigyosyoCd=2490800303-00&ServiceCd=780&Type=search", "url2": "http://ise-gennkihiroba.com" }, "geometry": { "type": "Point", "coordinates": [ 136.7023838, 34.4923718 ] } },
{ "type": "Feature", "properties": { "内容": "Nursing　Home　MARIMO【地域密着型通所介護】三重県伊勢市小俣町相合1271-1", "url": "https://www.kaigokensaku.mhlw.go.jp/24/index.php?action_kouhyou_detail_004_kani=true&JigyosyoCd=2490800386-00&ServiceCd=780&Type=search", "url2": "http://generous.co.jp" }, "geometry": { "type": "Point", "coordinates": [ 136.6632918, 34.5108282 ] } },
{ "type": "Feature", "properties": { "内容": "通所介護・介護予防通所介護事業所いすずガーデン【地域密着型通所介護】楠部町乙77サービス付き高齢者向け住宅いすずガーデン", "url": "https://www.kaigokensaku.mhlw.go.jp/24/index.php?action_kouhyou_detail_004_kani=true&JigyosyoCd=2470802196-00&ServiceCd=780&Type=search", "url2": "https://isuzukai.or.jp/" }, "geometry": { "type": "Point", "coordinates": [ 136.7293565, 34.4761665 ] } },
{ "type": "Feature", "properties": { "内容": "デイサービスセンター正邦苑【地域密着型通所介護】三重県伊勢市村松町3294-1", "url": "https://www.kaigokensaku.mhlw.go.jp/24/index.php?action_kouhyou_detail_004_kani=true&JigyosyoCd=2490800469-00&ServiceCd=780&Type=search", "url2": "http://www.jikeikai-ise.or.jp/" }, "geometry": { "type": "Point", "coordinates": [ 136.689587499999988, 34.5442187 ] } },
{ "type": "Feature", "properties": { "内容": "デイサービス　えにし【地域密着型通所介護】中島２丁目２１番５号", "url": "https://www.kaigokensaku.mhlw.go.jp/24/index.php?action_kouhyou_detail_004_kani=true&JigyosyoCd=2470801347-00&ServiceCd=780&Type=search", "url2": "http://peaceful-ise.com" }, "geometry": { "type": "Point", "coordinates": [ 136.689456357672157, 34.490649591959432 ] } },
{ "type": "Feature", "properties": { "内容": "デイサービス　ゆかり【地域密着型通所介護】三重県伊勢市小俣町新村字休坂１１７", "url": "https://www.kaigokensaku.mhlw.go.jp/24/index.php?action_kouhyou_detail_004_kani=true&JigyosyoCd=2470802238-00&ServiceCd=780&Type=search", "url2": "http://peaceful-ise.com" }, "geometry": { "type": "Point", "coordinates": [ 136.642976238631491, 34.515058288170152 ] } },
{ "type": "Feature", "properties": { "内容": "デイサービス　ぽかぽか【地域密着型通所介護】三重県伊勢市船江3丁目20番28号", "url": "https://www.kaigokensaku.mhlw.go.jp/24/index.php?action_kouhyou_detail_004_kani=true&JigyosyoCd=2470802006-00&ServiceCd=780&Type=search", "url2": "http://dayservice3.wixsite.com/pokapoka" }, "geometry": { "type": "Point", "coordinates": [ 136.719904400000019, 34.5042962 ] } },
{ "type": "Feature", "properties": { "内容": "小規模デイサービスなかはな【地域密着型通所介護】三重県伊勢市通町534-2", "url": "https://www.kaigokensaku.mhlw.go.jp/24/index.php?action_kouhyou_detail_004_kani=true&JigyosyoCd=2490800329-00&ServiceCd=780&Type=search", "url2": "http://www.za.ztv.ne.jp/nakahana.ds/" }, "geometry": { "type": "Point", "coordinates": [ 136.74298843928679, 34.501245267138302 ] } },
{ "type": "Feature", "properties": { "内容": "デイサービスセンターいそかぜ【地域密着型通所介護】磯町1023番地3", "url": "https://www.kaigokensaku.mhlw.go.jp/24/index.php?action_kouhyou_detail_004_kani=true&JigyosyoCd=2490800451-00&ServiceCd=780&Type=search", "url2": "htpps://isokaze.info" }, "geometry": { "type": "Point", "coordinates": [ 136.7015337, 34.5178072 ] } },
{ "type": "Feature", "properties": { "内容": "デイクラブ森伸伊勢南【地域密着型通所介護】伊勢市前山町355-1ディア・ライフ伊勢南", "url": "https://www.kaigokensaku.mhlw.go.jp/24/index.php?action_kouhyou_detail_004_kani=true&JigyosyoCd=2490800378-00&ServiceCd=780&Type=search", "url2": "https://www.morisin.jp" }, "geometry": { "type": "Point", "coordinates": [ 136.6888074, 34.4669803 ] } },
{ "type": "Feature", "properties": { "内容": "デイサービスぬくもりの郷【地域密着型通所介護】三重県伊勢市小俣町湯田339-1", "url": "https://www.kaigokensaku.mhlw.go.jp/24/index.php?action_kouhyou_detail_004_kani=true&JigyosyoCd=2470802469-00&ServiceCd=780&Type=search", "url2": null }, "geometry": { "type": "Point", "coordinates": [ 136.654668600000036, 34.5090705 ] } },
{ "type": "Feature", "properties": { "内容": "リハビリデイ　レッツオアシス【地域密着型通所介護】伊勢市宮後3丁目7番61号", "url": "https://www.kaigokensaku.mhlw.go.jp/24/index.php?action_kouhyou_detail_004_kani=true&JigyosyoCd=2470801982-00&ServiceCd=780&Type=search", "url2": "http://www.amigo2.ne.jp/~oasis/index.html" }, "geometry": { "type": "Point", "coordinates": [ 136.710666299999957, 34.4981464 ] } },
{ "type": "Feature", "properties": { "内容": "レッツクラブ伊勢【地域密着型通所介護】小俣町元町４５５番地", "url": "https://www.kaigokensaku.mhlw.go.jp/24/index.php?action_kouhyou_detail_004_kani=true&JigyosyoCd=2470802337-00&ServiceCd=780&Type=search", "url2": null }, "geometry": { "type": "Point", "coordinates": [ 136.677446466409265, 34.507547546043618 ] } },
{ "type": "Feature", "properties": { "内容": "デイサービス　フィオーレ【地域密着型通所介護】船江２丁目28-48", "url": "https://www.kaigokensaku.mhlw.go.jp/24/index.php?action_kouhyou_detail_004_kani=true&JigyosyoCd=2490800394-00&ServiceCd=780&Type=search", "url2": null }, "geometry": { "type": "Point", "coordinates": [ 136.723284728172331, 34.499010294161153 ] } },
{ "type": "Feature", "properties": { "内容": "デイサービス　西の沢【地域密着型通所介護】西豊浜町西ノ沢6339番地2", "url": "https://www.kaigokensaku.mhlw.go.jp/24/index.php?action_kouhyou_detail_004_kani=true&JigyosyoCd=2470801891-00&ServiceCd=780&Type=search", "url2": null }, "geometry": { "type": "Point", "coordinates": [ 136.688882, 34.531455 ] } },
{ "type": "Feature", "properties": { "内容": "デイサービス　ふるさと【地域密着型通所介護】三重県伊勢市宇治浦田3丁目59-25", "url": "https://www.kaigokensaku.mhlw.go.jp/24/index.php?action_kouhyou_detail_004_kani=true&JigyosyoCd=2470801016-00&ServiceCd=780&Type=search", "url2": "http://care-net.biz/24/mamiihand/" }, "geometry": { "type": "Point", "coordinates": [ 136.714950106745874, 34.463072914576699 ] } },
{ "type": "Feature", "properties": { "内容": "デイサービスセンター宇治山田【地域密着型通所介護】伊勢市岩渕１丁目１３番４１号ケントハウス", "url": "https://www.kaigokensaku.mhlw.go.jp/24/index.php?action_kouhyou_detail_004_kani=true&JigyosyoCd=2490800428-00&ServiceCd=780&Type=search", "url2": null }, "geometry": { "type": "Point", "coordinates": [ 136.712080899999989, 34.488656 ] } },
{ "type": "Feature", "properties": { "内容": "レコードブック伊勢小俣【地域密着型通所介護】三重県伊勢市小俣町宮前362番地", "url": "https://www.kaigokensaku.mhlw.go.jp/24/index.php?action_kouhyou_detail_004_kani=true&JigyosyoCd=2490800337-00&ServiceCd=780&Type=search", "url2": null }, "geometry": { "type": "Point", "coordinates": [ 136.677079300000059, 34.4973591 ] } },
{ "type": "Feature", "properties": { "内容": "リハビリデイサービス　みんなの家　伊勢明野【地域密着型通所介護】三重県伊勢市村松町1375-6", "url": "https://www.kaigokensaku.mhlw.go.jp/24/index.php?action_kouhyou_detail_004_kani=true&JigyosyoCd=2490800287-00&ServiceCd=780&Type=search", "url2": null }, "geometry": { "type": "Point", "coordinates": [ 136.66951169999993, 34.5386202 ] } },
{ "type": "Feature", "properties": { "内容": "リハビリデイサービス　みんなの家　伊勢御薗【地域密着型通所介護】三重県伊勢市御薗町長屋2146", "url": "https://www.kaigokensaku.mhlw.go.jp/24/index.php?action_kouhyou_detail_004_kani=true&JigyosyoCd=2490800345-00&ServiceCd=780&Type=search", "url2": "http://care-pro.co.jp/" }, "geometry": { "type": "Point", "coordinates": [ 136.7154061, 34.5071534 ] } },
{ "type": "Feature", "properties": { "内容": "古民家デイサービスセンター温【地域密着型通所介護】三重県伊勢市小俣町明野1055-1", "url": "https://www.kaigokensaku.mhlw.go.jp/24/index.php?action_kouhyou_detail_004_kani=true&JigyosyoCd=2490800444-00&ServiceCd=780&Type=search", "url2": null }, "geometry": { "type": "Point", "coordinates": [ 136.667905100000013, 34.5232041 ] } },
{ "type": "Feature", "properties": { "内容": "一般社団法人　笑福会【地域密着型通所介護】三重県伊勢市津村町1063番地3", "url": "https://www.kaigokensaku.mhlw.go.jp/24/index.php?action_kouhyou_detail_004_kani=true&JigyosyoCd=2490800279-00&ServiceCd=780&Type=search", "url2": null }, "geometry": { "type": "Point", "coordinates": [ 136.657957200000027, 34.4550419 ] } },
{ "type": "Feature", "properties": { "内容": "デイサロン　そえる【地域密着型通所介護】三重県伊勢市藤里町1-50", "url": "https://www.kaigokensaku.mhlw.go.jp/24/index.php?action_kouhyou_detail_004_kani=true&JigyosyoCd=2490800360-00&ServiceCd=780&Type=search", "url2": null }, "geometry": { "type": "Point", "coordinates": [ 136.6953049, 34.4673042 ] } },
{ "type": "Feature", "properties": { "内容": "おばたデイサービス【地域密着型通所介護】伊勢市小俣町湯田８５－３", "url": "https://www.kaigokensaku.mhlw.go.jp/24/index.php?action_kouhyou_detail_004_kani=true&JigyosyoCd=2470801768-00&ServiceCd=780&Type=search", "url2": null }, "geometry": { "type": "Point", "coordinates": [ 136.657346100000041, 34.5084095 ] } },
{ "type": "Feature", "properties": { "内容": "デイサービス手をつなごう【地域密着型通所介護】三重県伊勢市大世古3-6-6", "url": "https://www.kaigokensaku.mhlw.go.jp/24/index.php?action_kouhyou_detail_004_kani=true&JigyosyoCd=2470801289-00&ServiceCd=780&Type=search", "url2": "http://social-charm.com/" }, "geometry": { "type": "Point", "coordinates": [ 136.701831, 34.497396 ] } },
{ "type": "Feature", "properties": { "内容": "デイサービスセンター和幸【地域密着型通所介護】三重県伊勢市船江１丁目7番地24号", "url": "https://www.kaigokensaku.mhlw.go.jp/24/index.php?action_kouhyou_detail_004_kani=true&JigyosyoCd=2490800402-00&ServiceCd=780&Type=search", "url2": null }, "geometry": { "type": "Point", "coordinates": [ 136.715632699999986, 34.5001745 ] } },
{ "type": "Feature", "properties": { "内容": "デイサ－ビスきづな【地域密着型通所介護】三重県伊勢市小俣町湯田469番地2", "url": "https://www.kaigokensaku.mhlw.go.jp/24/index.php?action_kouhyou_detail_004_kani=true&JigyosyoCd=2490800311-00&ServiceCd=780&Type=search", "url2": null }, "geometry": { "type": "Point", "coordinates": [ 136.658684900000026, 34.5059071 ] } },
{ "type": "Feature", "properties": { "内容": "デイサービスとあたんち【地域密着型通所介護】三重県松阪市東町59-6スーパーセンタートライアル松阪店内", "url": "https://www.kaigokensaku.mhlw.go.jp/24/index.php?action_kouhyou_detail_004_kani=true&JigyosyoCd=2490700479-00&ServiceCd=780&Type=search", "url2": "www.diaman.co.jp" }, "geometry": { "type": "Point", "coordinates": [ 136.550193900000011, 34.5771253 ] } },
{ "type": "Feature", "properties": { "内容": "レッツ倶楽部松阪【地域密着型通所介護】下村町1054-5", "url": "https://www.kaigokensaku.mhlw.go.jp/24/index.php?action_kouhyou_detail_004_kani=true&JigyosyoCd=2470702693-00&ServiceCd=780&Type=search", "url2": "http://www.lets-club.jp/shop/matsusaka/" }, "geometry": { "type": "Point", "coordinates": [ 136.548422100000039, 34.5552965 ] } },
{ "type": "Feature", "properties": { "内容": "松阪デイサービスセンター　宝塚【地域密着型通所介護】三重県松阪市宝塚町830番地111", "url": "https://www.kaigokensaku.mhlw.go.jp/24/index.php?action_kouhyou_detail_004_kani=true&JigyosyoCd=2470700853-00&ServiceCd=780&Type=search", "url2": "http://www.23-1165.com" }, "geometry": { "type": "Point", "coordinates": [ 136.516691700000024, 34.5526593 ] } },
{ "type": "Feature", "properties": { "内容": "あいデイサービスセンター【地域密着型通所介護】松阪市飯南町下仁柿652番地", "url": "https://www.kaigokensaku.mhlw.go.jp/24/index.php?action_kouhyou_detail_004_kani=true&JigyosyoCd=2472600085-00&ServiceCd=780&Type=search", "url2": null }, "geometry": { "type": "Point", "coordinates": [ 136.384222799999947, 34.479268 ] } },
{ "type": "Feature", "properties": { "内容": "デイサービス　ハートケアなんせい【地域密着型通所介護】松阪市山室町２２９２－４", "url": "https://www.kaigokensaku.mhlw.go.jp/24/index.php?action_kouhyou_detail_004_kani=true&JigyosyoCd=2470701133-00&ServiceCd=780&Type=search", "url2": "http://www.nansei-hospital.jp/hcnansei/" }, "geometry": { "type": "Point", "coordinates": [ 136.527510399999983, 34.5440913 ] } },
{ "type": "Feature", "properties": { "内容": "デイサービスきずな【地域密着型通所介護】三重県松阪市八重田町485-4", "url": "https://www.kaigokensaku.mhlw.go.jp/24/index.php?action_kouhyou_detail_004_kani=true&JigyosyoCd=2470701968-00&ServiceCd=780&Type=search", "url2": "kokoro05@ma.mctv.ne.jp" }, "geometry": { "type": "Point", "coordinates": [ 136.494813019304644, 34.572112434225602 ] } },
{ "type": "Feature", "properties": { "内容": "第二デイサービスセンターなでしこ苑【地域密着型通所介護】松阪市川井町字中道53番地4", "url": "https://www.kaigokensaku.mhlw.go.jp/24/index.php?action_kouhyou_detail_004_kani=true&JigyosyoCd=2490700214-00&ServiceCd=780&Type=search", "url2": "http://www.nadesicoen.com/" }, "geometry": { "type": "Point", "coordinates": [ 136.512652, 34.6210289 ] } },
{ "type": "Feature", "properties": { "内容": "通所介護事業所花みずき【地域密着型通所介護】三重県松阪市久保町１９２６－１", "url": "https://www.kaigokensaku.mhlw.go.jp/24/index.php?action_kouhyou_detail_004_kani=true&JigyosyoCd=2470701513-00&ServiceCd=780&Type=search", "url2": null }, "geometry": { "type": "Point", "coordinates": [ 136.527455, 34.5391308 ] } },
{ "type": "Feature", "properties": { "内容": "フィットネス×デイ　ELIFE【地域密着型通所介護】三重県松阪市嬉野中川新町4-260", "url": "https://www.kaigokensaku.mhlw.go.jp/24/index.php?action_kouhyou_detail_004_kani=true&JigyosyoCd=2490700529-00&ServiceCd=780&Type=search", "url2": "https://elife-story.com/" }, "geometry": { "type": "Point", "coordinates": [ 136.480450499999989, 34.6302061 ] } },
{ "type": "Feature", "properties": { "内容": "デイサービス　あっぷるん【地域密着型通所介護】松阪市下村町１９６５－１０", "url": "https://www.kaigokensaku.mhlw.go.jp/24/index.php?action_kouhyou_detail_004_kani=true&JigyosyoCd=2470702644-00&ServiceCd=780&Type=search", "url2": "aiplus@mctv.ne.jp" }, "geometry": { "type": "Point", "coordinates": [ 136.548313160188286, 34.546789692037592 ] } },
{ "type": "Feature", "properties": { "内容": "リハプライド松阪【地域密着型通所介護】三重県松阪市大黒田町1620", "url": "https://www.kaigokensaku.mhlw.go.jp/24/index.php?action_kouhyou_detail_004_kani=true&JigyosyoCd=2490700347-00&ServiceCd=780&Type=search", "url2": "https://www.rehapride.co.jp/matsusaka/" }, "geometry": { "type": "Point", "coordinates": [ 136.524507699999958, 34.5667446 ] } },
{ "type": "Feature", "properties": { "内容": "三重県健康福祉生活協同組合デイサービス　ベル・はあと【地域密着型通所介護】松阪市春日町二丁目88番地2", "url": "https://www.kaigokensaku.mhlw.go.jp/24/index.php?action_kouhyou_detail_004_kani=true&JigyosyoCd=2470701497-00&ServiceCd=780&Type=search", "url2": "https://fukushicoop.jimdo.com/" }, "geometry": { "type": "Point", "coordinates": [ 136.531566568894959, 34.564604238875432 ] } },
{ "type": "Feature", "properties": { "内容": "イオンスマイル松阪船江店【地域密着型通所介護】三重県松阪市船江町1392ｰ27イオンタウン松阪船江(B棟2階）", "url": "https://www.kaigokensaku.mhlw.go.jp/24/index.php?action_kouhyou_detail_004_kani=true&JigyosyoCd=2490700552-00&ServiceCd=780&Type=search", "url2": "https://www.aeonretail.jp/aeonsmile/store/matuzaka/index.html" }, "geometry": { "type": "Point", "coordinates": [ 136.5227338, 34.5936734 ] } },
{ "type": "Feature", "properties": { "内容": "デイサービス結び【地域密着型通所介護】久保町1753-2", "url": "https://www.kaigokensaku.mhlw.go.jp/24/index.php?action_kouhyou_detail_004_kani=true&JigyosyoCd=2490700560-00&ServiceCd=780&Type=search", "url2": null }, "geometry": { "type": "Point", "coordinates": [ 136.5345544, 34.551898 ] } },
{ "type": "Feature", "properties": { "内容": "かわいけあ【地域密着型通所介護】三重県松阪市射和町565番地１", "url": "https://www.kaigokensaku.mhlw.go.jp/24/index.php?action_kouhyou_detail_004_kani=true&JigyosyoCd=2490700503-00&ServiceCd=780&Type=search", "url2": "https://arigatouace.jimdofree.com" }, "geometry": { "type": "Point", "coordinates": [ 136.54058, 34.5083676 ] } },
{ "type": "Feature", "properties": { "内容": "デイサービスありがとう【地域密着型通所介護】三重県松阪市駅部田町1840番地18", "url": "https://www.kaigokensaku.mhlw.go.jp/24/index.php?action_kouhyou_detail_004_kani=true&JigyosyoCd=2490700404-00&ServiceCd=780&Type=search", "url2": null }, "geometry": { "type": "Point", "coordinates": [ 136.522892664418038, 34.547550941944216 ] } },
{ "type": "Feature", "properties": { "内容": "デイサロン　プラスワン【地域密着型通所介護】三重県松阪市川井町597番地4", "url": "https://www.kaigokensaku.mhlw.go.jp/24/index.php?action_kouhyou_detail_004_kani=true&JigyosyoCd=2490700321-00&ServiceCd=780&Type=search", "url2": null }, "geometry": { "type": "Point", "coordinates": [ 136.51474840000003, 34.5755354 ] } },
{ "type": "Feature", "properties": { "内容": "リハビリデイサービスＳｉｎｍｅ【地域密着型通所介護】三重県松阪市光町1067-1", "url": "https://www.kaigokensaku.mhlw.go.jp/24/index.php?action_kouhyou_detail_004_kani=true&JigyosyoCd=2490700396-00&ServiceCd=780&Type=search", "url2": "https://extend-mie.com" }, "geometry": { "type": "Point", "coordinates": [ 136.518838, 34.550316 ] } },
{ "type": "Feature", "properties": { "内容": "お元気デイサービス　鈴【地域密着型通所介護】三重県松阪市川井町902番地2", "url": "https://www.kaigokensaku.mhlw.go.jp/24/index.php?action_kouhyou_detail_004_kani=true&JigyosyoCd=2470702776-00&ServiceCd=780&Type=search", "url2": "http://www.fukujima.jp/" }, "geometry": { "type": "Point", "coordinates": [ 136.5220458, 34.5834229 ] } },
{ "type": "Feature", "properties": { "内容": "お元気デイサービス　リハ＆スパ松阪【地域密着型通所介護】三重県松阪市鎌田町677-15", "url": "https://www.kaigokensaku.mhlw.go.jp/24/index.php?action_kouhyou_detail_004_kani=true&JigyosyoCd=2470702792-00&ServiceCd=780&Type=search", "url2": "http://www.fukujima.jp/" }, "geometry": { "type": "Point", "coordinates": [ 136.5397719, 34.5852708 ] } },
{ "type": "Feature", "properties": { "内容": "お元気デイサービスフィットリハ【地域密着型通所介護】三重県松阪市鎌田町字天神677番地1", "url": "https://www.kaigokensaku.mhlw.go.jp/24/index.php?action_kouhyou_detail_004_kani=true&JigyosyoCd=2490700388-00&ServiceCd=780&Type=search", "url2": "https://www.fukujima.jp/" }, "geometry": { "type": "Point", "coordinates": [ 136.534316, 34.5833875 ] } },
{ "type": "Feature", "properties": { "内容": "デイサービス満賀里苑【地域密着型通所介護】三重県松阪市曲町340番地の5", "url": "https://www.kaigokensaku.mhlw.go.jp/24/index.php?action_kouhyou_detail_004_kani=true&JigyosyoCd=2470702875-00&ServiceCd=780&Type=search", "url2": null }, "geometry": { "type": "Point", "coordinates": [ 136.504581, 34.5790755 ] } },
{ "type": "Feature", "properties": { "内容": "デイサービス　アンダンテ【地域密着型通所介護】三重県松阪市市場庄町字塔田１１２９ハイタウンソレイユ103号室", "url": "https://www.kaigokensaku.mhlw.go.jp/24/index.php?action_kouhyou_detail_004_kani=true&JigyosyoCd=2470701463-00&ServiceCd=780&Type=search", "url2": null }, "geometry": { "type": "Point", "coordinates": [ 136.516435347360243, 34.60840048760091 ] } },
{ "type": "Feature", "properties": { "内容": "ケアリングセラピーろくろぎ【地域密着型通所介護】三重県松阪市六呂木町801番地３", "url": "https://www.kaigokensaku.mhlw.go.jp/24/index.php?action_kouhyou_detail_004_kani=true&JigyosyoCd=2490700453-00&ServiceCd=780&Type=search", "url2": null }, "geometry": { "type": "Point", "coordinates": [ 136.4497614, 34.50076 ] } },
{ "type": "Feature", "properties": { "内容": "コープみえ　デイサービス松阪【地域密着型通所介護】大黒田町847-7", "url": "https://www.kaigokensaku.mhlw.go.jp/24/index.php?action_kouhyou_detail_004_kani=true&JigyosyoCd=2470702677-00&ServiceCd=780&Type=search", "url2": "http://www.coop-mie.jp/" }, "geometry": { "type": "Point", "coordinates": [ 136.519914256097422, 34.561299560691189 ] } },
{ "type": "Feature", "properties": { "内容": "デイサービスもりの輪【地域密着型通所介護】三重県松阪市小野江町64番地3デイサービスもりの輪", "url": "https://www.kaigokensaku.mhlw.go.jp/24/index.php?action_kouhyou_detail_004_kani=true&JigyosyoCd=2470702826-00&ServiceCd=780&Type=search", "url2": "http://morinowads.wixsite.com/morinowa" }, "geometry": { "type": "Point", "coordinates": [ 136.517319300000054, 34.644564 ] } },
{ "type": "Feature", "properties": { "内容": "デイサービス　あろは【地域密着型通所介護】三重県松阪市田村町1183-1", "url": "https://www.kaigokensaku.mhlw.go.jp/24/index.php?action_kouhyou_detail_004_kani=true&JigyosyoCd=2470701729-00&ServiceCd=780&Type=search", "url2": null }, "geometry": { "type": "Point", "coordinates": [ 136.510428499999989, 34.5486874 ] } },
{ "type": "Feature", "properties": { "内容": "デイサービス　せせらぎ嬉野【地域密着型通所介護】三重県松阪市嬉野平生町112", "url": "https://www.kaigokensaku.mhlw.go.jp/24/index.php?action_kouhyou_detail_004_kani=true&JigyosyoCd=2490700313-00&ServiceCd=780&Type=search", "url2": null }, "geometry": { "type": "Point", "coordinates": [ 136.466856653417011, 34.642418200125114 ] } },
{ "type": "Feature", "properties": { "内容": "グッドリハ松阪【地域密着型通所介護】三重県松阪市広瀬町796", "url": "https://www.kaigokensaku.mhlw.go.jp/24/index.php?action_kouhyou_detail_004_kani=true&JigyosyoCd=2470702313-00&ServiceCd=780&Type=search", "url2": "https://www.goodreha.com/matuzaka" }, "geometry": { "type": "Point", "coordinates": [ 136.486421800000016, 34.503392200000015 ] } },
{ "type": "Feature", "properties": { "内容": "デイサロンひばり【地域密着型通所介護】三重県松阪市山室町2419番地14", "url": "https://www.kaigokensaku.mhlw.go.jp/24/index.php?action_kouhyou_detail_004_kani=true&JigyosyoCd=2490700370-00&ServiceCd=780&Type=search", "url2": null }, "geometry": { "type": "Point", "coordinates": [ 136.5326243, 34.5389639 ] } },
{ "type": "Feature", "properties": { "内容": "デイサービス　こんぺいとう【地域密着型通所介護】三重県桑名市星見ヶ丘6丁目919番地", "url": "https://www.kaigokensaku.mhlw.go.jp/24/index.php?action_kouhyou_detail_004_kani=true&JigyosyoCd=2470100633-00&ServiceCd=780&Type=search", "url2": null }, "geometry": { "type": "Point", "coordinates": [ 136.632709699999964, 35.0658199 ] } },
{ "type": "Feature", "properties": { "内容": "デイサービス　マスカット【地域密着型通所介護】三重県桑名市福江町10", "url": "https://www.kaigokensaku.mhlw.go.jp/24/index.php?action_kouhyou_detail_004_kani=true&JigyosyoCd=2470101771-00&ServiceCd=780&Type=search", "url2": null }, "geometry": { "type": "Point", "coordinates": [ 136.681742100000065, 35.057672 ] } },
{ "type": "Feature", "properties": { "内容": "コミュニティーホーム　だんらん【地域密着型通所介護】三重県桑名市新西方六丁目1番地", "url": "https://www.kaigokensaku.mhlw.go.jp/24/index.php?action_kouhyou_detail_004_kani=true&JigyosyoCd=2470100641-00&ServiceCd=780&Type=search", "url2": "https://kusanone.mie.jp/" }, "geometry": { "type": "Point", "coordinates": [ 136.659988834918181, 35.070466590516482 ] } },
{ "type": "Feature", "properties": { "内容": "デイサービス　ぬくもりラボ【地域密着型通所介護】三重県桑名市野田5-8-1", "url": "https://www.kaigokensaku.mhlw.go.jp/24/index.php?action_kouhyou_detail_004_kani=true&JigyosyoCd=2470102340-00&ServiceCd=780&Type=search", "url2": "ktrust-group.info" }, "geometry": { "type": "Point", "coordinates": [ 136.629318199999943, 35.0808794 ] } },
{ "type": "Feature", "properties": { "内容": "デイサービス「まほうの杖」【地域密着型通所介護】三重県桑名市西方１６７７番地", "url": "https://www.kaigokensaku.mhlw.go.jp/24/index.php?action_kouhyou_detail_004_kani=true&JigyosyoCd=2470101706-00&ServiceCd=780&Type=search", "url2": "http；//maho-no-tue.jp" }, "geometry": { "type": "Point", "coordinates": [ 136.663074100000017, 35.0749837 ] } },
{ "type": "Feature", "properties": { "内容": "すずらん　大山田　デイサービスセンター【地域密着型通所介護】桑名市大山田２丁目７番地１１", "url": "https://www.kaigokensaku.mhlw.go.jp/24/index.php?action_kouhyou_detail_004_kani=true&JigyosyoCd=2470100435-00&ServiceCd=780&Type=search", "url2": null }, "geometry": { "type": "Point", "coordinates": [ 136.6407173, 35.082163 ] } },
{ "type": "Feature", "properties": { "内容": "クオ【地域密着型通所介護】桑名市大福２１４番地", "url": "https://www.kaigokensaku.mhlw.go.jp/24/index.php?action_kouhyou_detail_004_kani=true&JigyosyoCd=2470101052-00&ServiceCd=780&Type=search", "url2": "http://qr-quo.hp4u.jp/" }, "geometry": { "type": "Point", "coordinates": [ 136.681139300000041, 35.0548056 ] } },
{ "type": "Feature", "properties": { "内容": "しあわせデイサービスサンター【地域密着型通所介護】三重県桑名市大字下深谷部345-9", "url": "https://www.kaigokensaku.mhlw.go.jp/24/index.php?action_kouhyou_detail_004_kani=true&JigyosyoCd=2470101391-00&ServiceCd=780&Type=search", "url2": null }, "geometry": { "type": "Point", "coordinates": [ 136.668681399999969, 35.0934986 ] } },
{ "type": "Feature", "properties": { "内容": "デイサービス長寿苑【地域密着型通所介護】三重県桑名市額田１２５６－２", "url": "https://www.kaigokensaku.mhlw.go.jp/24/index.php?action_kouhyou_detail_004_kani=true&JigyosyoCd=2470101433-00&ServiceCd=780&Type=search", "url2": "https://chojuen.org" }, "geometry": { "type": "Point", "coordinates": [ 136.639284738541164, 35.073656741955482 ] } },
{ "type": "Feature", "properties": { "内容": "デイサービスセンター　みかんの花【地域密着型通所介護】三重県桑名市多度町柚井１３７９番地", "url": "https://www.kaigokensaku.mhlw.go.jp/24/index.php?action_kouhyou_detail_004_kani=true&JigyosyoCd=2470101342-00&ServiceCd=780&Type=search", "url2": "https://mikannohana24.jimdofree.com/" }, "geometry": { "type": "Point", "coordinates": [ 136.638279900000043, 35.1399766 ] } },
{ "type": "Feature", "properties": { "内容": "リハビリ専門デイサービス　エバーファイン【地域密着型通所介護】西別所422番地1", "url": "https://www.kaigokensaku.mhlw.go.jp/24/index.php?action_kouhyou_detail_004_kani=true&JigyosyoCd=2470102084-00&ServiceCd=780&Type=search", "url2": "https://www.ever-fine.jp" }, "geometry": { "type": "Point", "coordinates": [ 136.6599635, 35.058624 ] } },
{ "type": "Feature", "properties": { "内容": "リハビリデイサービスじゅん【地域密着型通所介護】桑名市大字小貝須１８２０番１", "url": "https://www.kaigokensaku.mhlw.go.jp/24/index.php?action_kouhyou_detail_004_kani=true&JigyosyoCd=2470101938-00&ServiceCd=780&Type=search", "url2": null }, "geometry": { "type": "Point", "coordinates": [ 136.697182200000043, 35.0545784 ] } },
{ "type": "Feature", "properties": { "内容": "デイサービス福寿草【地域密着型通所介護】桑名市陽だまりの丘２－２３０４", "url": "https://www.kaigokensaku.mhlw.go.jp/24/index.php?action_kouhyou_detail_004_kani=true&JigyosyoCd=2470101599-00&ServiceCd=780&Type=search", "url2": "http://www.mie-hewcoop.jp/index.html" }, "geometry": { "type": "Point", "coordinates": [ 136.636545399999932, 35.0816268 ] } },
{ "type": "Feature", "properties": { "内容": "リハビリ専門デイサービスエバーファインプラス【地域密着型通所介護】西別所422番地1", "url": "https://www.kaigokensaku.mhlw.go.jp/24/index.php?action_kouhyou_detail_004_kani=true&JigyosyoCd=2490100506-00&ServiceCd=780&Type=search", "url2": null }, "geometry": { "type": "Point", "coordinates": [ 136.65996, 35.058597700000043 ] } },
{ "type": "Feature", "properties": { "内容": "シニアデイトレーニング桑名陽だまりの丘【地域密着型通所介護】三重県桑名市陽だまりの丘２丁目303-1", "url": "https://www.kaigokensaku.mhlw.go.jp/24/index.php?action_kouhyou_detail_004_kani=true&JigyosyoCd=2490100456-00&ServiceCd=780&Type=search", "url2": "https://www.prestige-care-tokai.co.jp/institutions/kuwanahidamarinooka/" }, "geometry": { "type": "Point", "coordinates": [ 136.645486, 35.088023 ] } },
{ "type": "Feature", "properties": { "内容": "宅老所　ふるさと【地域密着型通所介護】三重県桑名市大字北別所字蔵金坊1608番地1", "url": "https://www.kaigokensaku.mhlw.go.jp/24/index.php?action_kouhyou_detail_004_kani=true&JigyosyoCd=2470100369-00&ServiceCd=780&Type=search", "url2": "http://www.takurousho-furusato.com/facilities.html" }, "geometry": { "type": "Point", "coordinates": [ 136.683803, 35.062216100000015 ] } },
{ "type": "Feature", "properties": { "内容": "クオプラス【地域密着型通所介護】桑部字城下3100-1", "url": "https://www.kaigokensaku.mhlw.go.jp/24/index.php?action_kouhyou_detail_004_kani=true&JigyosyoCd=2470101912-00&ServiceCd=780&Type=search", "url2": "http://qr-quo.hp4u.jp/" }, "geometry": { "type": "Point", "coordinates": [ 136.656402500000013, 35.0496642 ] } },
{ "type": "Feature", "properties": { "内容": "介護予防デイサービス　プラスナビ【地域密着型通所介護】三重県桑名市江場字寺前599番地1", "url": "https://www.kaigokensaku.mhlw.go.jp/24/index.php?action_kouhyou_detail_004_kani=true&JigyosyoCd=2470102019-00&ServiceCd=780&Type=search", "url2": "https://www.plusnavi.mie.jp/" }, "geometry": { "type": "Point", "coordinates": [ 136.688389821461101, 35.048932266850656 ] } },
{ "type": "Feature", "properties": { "内容": "リハビリデイサービス　みんなの家　桑名【地域密着型通所介護】桑名市野田4丁目7-17", "url": "https://www.kaigokensaku.mhlw.go.jp/24/index.php?action_kouhyou_detail_004_kani=true&JigyosyoCd=2470101953-00&ServiceCd=780&Type=search", "url2": "http://minnanoie-kuwana.com" }, "geometry": { "type": "Point", "coordinates": [ 136.631259893121182, 35.084171136729182 ] } },
{ "type": "Feature", "properties": { "内容": "ゆっくり日向デイサービス【地域密着型通所介護】三重県桑名市播磨２４０９", "url": "https://www.kaigokensaku.mhlw.go.jp/24/index.php?action_kouhyou_detail_004_kani=true&JigyosyoCd=2470101722-00&ServiceCd=780&Type=search", "url2": null }, "geometry": { "type": "Point", "coordinates": [ 136.669307273016329, 35.078711069705797 ] } },
{ "type": "Feature", "properties": { "内容": "けあスペース　れんげの里【地域密着型通所介護】三重県桑名市矢田449", "url": "https://www.kaigokensaku.mhlw.go.jp/24/index.php?action_kouhyou_detail_004_kani=true&JigyosyoCd=2470101045-00&ServiceCd=780&Type=search", "url2": "http://renge-sato.jp/" }, "geometry": { "type": "Point", "coordinates": [ 136.673884836207748, 35.057684270224641 ] } },
{ "type": "Feature", "properties": { "内容": "デイサービスはすの花【地域密着型通所介護】三重県桑名市多度町多度1293-3", "url": "https://www.kaigokensaku.mhlw.go.jp/24/index.php?action_kouhyou_detail_004_kani=true&JigyosyoCd=2490100480-00&ServiceCd=780&Type=search", "url2": null }, "geometry": { "type": "Point", "coordinates": [ 136.623448794323593, 35.131227835446523 ] } },
{ "type": "Feature", "properties": { "内容": "デイサービスはすの花Ⅱ【地域密着型通所介護】三重県桑名市多度町多度1293-3", "url": "https://www.kaigokensaku.mhlw.go.jp/24/index.php?action_kouhyou_detail_004_kani=true&JigyosyoCd=2490100472-00&ServiceCd=780&Type=search", "url2": null }, "geometry": { "type": "Point", "coordinates": [ 136.623556136260646, 35.131498129575895 ] } },
{ "type": "Feature", "properties": { "内容": "デイサービスはすの花【地域密着型通所介護】三重県桑名市多度町多度1293-3", "url": "https://www.kaigokensaku.mhlw.go.jp/24/index.php?action_kouhyou_detail_004_kani=true&JigyosyoCd=2490100399-00&ServiceCd=780&Type=search", "url2": null }, "geometry": { "type": "Point", "coordinates": [ 136.623486226751709, 35.131235420858502 ] } },
{ "type": "Feature", "properties": { "内容": "桑名デイサービスセンター【地域密着型通所介護】三重県桑名市江場777-1", "url": "https://www.kaigokensaku.mhlw.go.jp/24/index.php?action_kouhyou_detail_004_kani=true&JigyosyoCd=2470102332-00&ServiceCd=780&Type=search", "url2": "https://renge-sato.com" }, "geometry": { "type": "Point", "coordinates": [ 136.685828497017724, 35.050022064740567 ] } },
{ "type": "Feature", "properties": { "内容": "デイサービス　楽家生【地域密着型通所介護】三重県鈴鹿市南玉垣町5470番地", "url": "https://www.kaigokensaku.mhlw.go.jp/24/index.php?action_kouhyou_detail_004_kani=true&JigyosyoCd=2470301454-00&ServiceCd=780&Type=search", "url2": "https://www.rakkasei-m.jp" }, "geometry": { "type": "Point", "coordinates": [ 136.584914799999979, 34.8606179 ] } },
{ "type": "Feature", "properties": { "内容": "おおえのき接骨院デイサービスりーふ【地域密着型通所介護】三重県鈴鹿市住吉三丁目３２番１４号", "url": "https://www.kaigokensaku.mhlw.go.jp/24/index.php?action_kouhyou_detail_004_kani=true&JigyosyoCd=2470301405-00&ServiceCd=780&Type=search", "url2": "http://www.ohenoki.com" }, "geometry": { "type": "Point", "coordinates": [ 136.5364571, 34.8586954 ] } },
{ "type": "Feature", "properties": { "内容": "おおえのき接骨院デイサービス白子【地域密着型通所介護】白子町2932番地の１", "url": "https://www.kaigokensaku.mhlw.go.jp/24/index.php?action_kouhyou_detail_004_kani=true&JigyosyoCd=2470302676-00&ServiceCd=780&Type=search", "url2": "https://www.ohenoki.com" }, "geometry": { "type": "Point", "coordinates": [ 136.58681189999993, 34.8376512 ] } },
{ "type": "Feature", "properties": { "内容": "デイサービスらぽーる【地域密着型通所介護】三重県鈴鹿市鈴鹿ハイツ5-27", "url": "https://www.kaigokensaku.mhlw.go.jp/24/index.php?action_kouhyou_detail_004_kani=true&JigyosyoCd=2470302999-00&ServiceCd=780&Type=search", "url2": "https://deisabisuraporu.jimdo.com/" }, "geometry": { "type": "Point", "coordinates": [ 136.555782499999964, 34.8550358 ] } },
{ "type": "Feature", "properties": { "内容": "優の森デイサービスセンター【地域密着型通所介護】三重県鈴鹿市寺家1丁目11-22優の森デイサービスセンター", "url": "https://www.kaigokensaku.mhlw.go.jp/24/index.php?action_kouhyou_detail_004_kani=true&JigyosyoCd=2470302916-00&ServiceCd=780&Type=search", "url2": "care-net.biz/24/Yunomaru/index.php" }, "geometry": { "type": "Point", "coordinates": [ 136.578466100000014, 34.8167364 ] } },
{ "type": "Feature", "properties": { "内容": "通所介護（デイサービス）えみの里【地域密着型通所介護】鈴鹿市住吉5丁目7番1号", "url": "https://www.kaigokensaku.mhlw.go.jp/24/index.php?action_kouhyou_detail_004_kani=true&JigyosyoCd=2470302031-00&ServiceCd=780&Type=search", "url2": null }, "geometry": { "type": "Point", "coordinates": [ 136.527982599999973, 34.8609953 ] } },
{ "type": "Feature", "properties": { "内容": "さくらさくら通所介護事業所【地域密着型通所介護】三重県鈴鹿市石薬師町171-7", "url": "https://www.kaigokensaku.mhlw.go.jp/24/index.php?action_kouhyou_detail_004_kani=true&JigyosyoCd=2470301348-00&ServiceCd=780&Type=search", "url2": "http://sakura2.jp/" }, "geometry": { "type": "Point", "coordinates": [ 136.5496412, 34.8993114 ] } },
{ "type": "Feature", "properties": { "内容": "レッツ倶楽部鈴鹿道伯【地域密着型通所介護】三重県鈴鹿市道伯2丁目7-30", "url": "https://www.kaigokensaku.mhlw.go.jp/24/index.php?action_kouhyou_detail_004_kani=true&JigyosyoCd=2470302841-00&ServiceCd=780&Type=search", "url2": "http://www.lets-club.jp/shop/suzukadohaku/" }, "geometry": { "type": "Point", "coordinates": [ 136.544048, 34.8639891 ] } },
{ "type": "Feature", "properties": { "内容": "リハビリデイサービスヘルシーメルシー【地域密着型通所介護】三重県鈴鹿市西条3丁目3番13号", "url": "https://www.kaigokensaku.mhlw.go.jp/24/index.php?action_kouhyou_detail_004_kani=true&JigyosyoCd=2490300239-00&ServiceCd=780&Type=search", "url2": "http://healthymerci.daikazoku.com" }, "geometry": { "type": "Point", "coordinates": [ 136.566607400000066, 34.8794294 ] } },
{ "type": "Feature", "properties": { "内容": "デイサービスふくろう【地域密着型通所介護】三重県鈴鹿市江島本町１３－３９", "url": "https://www.kaigokensaku.mhlw.go.jp/24/index.php?action_kouhyou_detail_004_kani=true&JigyosyoCd=2470302932-00&ServiceCd=780&Type=search", "url2": "http://hp.kaipoke.biz/nkt/" }, "geometry": { "type": "Point", "coordinates": [ 136.594242099999974, 34.8343043 ] } },
{ "type": "Feature", "properties": { "内容": "長太の寄合所「くじら」【地域密着型通所介護】三重県鈴鹿市長太旭町6丁目3番9号", "url": "https://www.kaigokensaku.mhlw.go.jp/24/index.php?action_kouhyou_detail_004_kani=true&JigyosyoCd=2470301595-00&ServiceCd=780&Type=search", "url2": "http://www.mecha.ne.jp/~kita/" }, "geometry": { "type": "Point", "coordinates": [ 136.63408830000003, 34.8940575 ] } },
{ "type": "Feature", "properties": { "内容": "デイサービス　箕田の北さんち【地域密着型通所介護】三重県鈴鹿市下箕田2丁目5番5号", "url": "https://www.kaigokensaku.mhlw.go.jp/24/index.php?action_kouhyou_detail_004_kani=true&JigyosyoCd=2470300738-00&ServiceCd=780&Type=search", "url2": "http://www.mecha.ne.jp/~kita/" }, "geometry": { "type": "Point", "coordinates": [ 136.6263113, 34.8753195 ] } },
{ "type": "Feature", "properties": { "内容": "デイサービス　悠々【地域密着型通所介護】三重県鈴鹿市伊船町2229-9", "url": "https://www.kaigokensaku.mhlw.go.jp/24/index.php?action_kouhyou_detail_004_kani=true&JigyosyoCd=2490300353-00&ServiceCd=780&Type=search", "url2": "https://suzuka-greenhome.jp" }, "geometry": { "type": "Point", "coordinates": [ 136.4941943, 34.9140503 ] } },
{ "type": "Feature", "properties": { "内容": "デイサービスセンター　ベラコリーナ【地域密着型通所介護】庄野町2550番地", "url": "https://www.kaigokensaku.mhlw.go.jp/24/index.php?action_kouhyou_detail_004_kani=true&JigyosyoCd=2450380031-00&ServiceCd=780&Type=search", "url2": "http://bellacollina.web.fc2.com/" }, "geometry": { "type": "Point", "coordinates": [ 136.509011904368549, 34.887402848972229 ] } },
{ "type": "Feature", "properties": { "内容": "デイサービスセンタールーエハイム椿【地域密着型通所介護】三重県鈴鹿市山本町字中辻748番10", "url": "https://www.kaigokensaku.mhlw.go.jp/24/index.php?action_kouhyou_detail_004_kani=true&JigyosyoCd=2490300270-00&ServiceCd=780&Type=search", "url2": "http://hakuaikai.ruheheim.com/" }, "geometry": { "type": "Point", "coordinates": [ 136.460937300000069, 34.9604951 ] } },
{ "type": "Feature", "properties": { "内容": "ケアヴィレッジすずかデイサービスセンター【地域密着型通所介護】三重県鈴鹿市高岡町187", "url": "https://www.kaigokensaku.mhlw.go.jp/24/index.php?action_kouhyou_detail_004_kani=true&JigyosyoCd=2490300395-00&ServiceCd=780&Type=search", "url2": null }, "geometry": { "type": "Point", "coordinates": [ 136.5874375, 34.8996959 ] } },
{ "type": "Feature", "properties": { "内容": "さくらさくら石薬師【地域密着型通所介護】三重県鈴鹿市山辺町1038番地の1", "url": "https://www.kaigokensaku.mhlw.go.jp/24/index.php?action_kouhyou_detail_004_kani=true&JigyosyoCd=2490300403-00&ServiceCd=780&Type=search", "url2": "https://sakura2525.com/" }, "geometry": { "type": "Point", "coordinates": [ 136.558166171058758, 34.901749471258142 ] } },
{ "type": "Feature", "properties": { "内容": "リフィットプラス千代崎シーサイドストーリーズ【地域密着型通所介護】三重県鈴鹿市南若松町545-12", "url": "https://www.kaigokensaku.mhlw.go.jp/24/index.php?action_kouhyou_detail_004_kani=true&JigyosyoCd=2470302627-00&ServiceCd=780&Type=search", "url2": null }, "geometry": { "type": "Point", "coordinates": [ 136.609009, 34.8480457 ] } },
{ "type": "Feature", "properties": { "内容": "デイサービス　はらから【地域密着型通所介護】三重県鈴鹿市若松東一丁目２０－１７", "url": "https://www.kaigokensaku.mhlw.go.jp/24/index.php?action_kouhyou_detail_004_kani=true&JigyosyoCd=2470301991-00&ServiceCd=780&Type=search", "url2": null }, "geometry": { "type": "Point", "coordinates": [ 136.613165400000071, 34.8553516 ] } },
{ "type": "Feature", "properties": { "内容": "げんき教室　白子【地域密着型通所介護】鈴鹿市南江島町6-32", "url": "https://www.kaigokensaku.mhlw.go.jp/24/index.php?action_kouhyou_detail_004_kani=true&JigyosyoCd=2470302601-00&ServiceCd=780&Type=search", "url2": "www.invess.jp" }, "geometry": { "type": "Point", "coordinates": [ 136.593480900000031, 34.8385844 ] } },
{ "type": "Feature", "properties": { "内容": "デイサービスセンター　アヌエ【地域密着型通所介護】三重県鈴鹿市国府町943-1", "url": "https://www.kaigokensaku.mhlw.go.jp/24/index.php?action_kouhyou_detail_004_kani=true&JigyosyoCd=2490300379-00&ServiceCd=780&Type=search", "url2": "https://anue.xsrv.jp" }, "geometry": { "type": "Point", "coordinates": [ 136.4981684, 34.8575928 ] } },
{ "type": "Feature", "properties": { "内容": "わいわいヒルズれんげの里【地域密着型通所介護】三重県鈴鹿市長太新町一丁目11番13号れんげの里おいな苑すずか内", "url": "https://www.kaigokensaku.mhlw.go.jp/24/index.php?action_kouhyou_detail_004_kani=true&JigyosyoCd=2490300361-00&ServiceCd=780&Type=search", "url2": "https://renge-sato.com" }, "geometry": { "type": "Point", "coordinates": [ 136.6301168, 34.9032967 ] } },
{ "type": "Feature", "properties": { "内容": "デイサービス　つぼみ【地域密着型通所介護】三重県鈴鹿市東玉垣町２６０９－４", "url": "https://www.kaigokensaku.mhlw.go.jp/24/index.php?action_kouhyou_detail_004_kani=true&JigyosyoCd=2470301892-00&ServiceCd=780&Type=search", "url2": null }, "geometry": { "type": "Point", "coordinates": [ 136.59705, 34.8578099 ] } },
{ "type": "Feature", "properties": { "内容": "デイサービスResora鈴鹿【地域密着型通所介護】三重県鈴鹿市岡田１丁目３番１号Resoraケアステーション鈴鹿", "url": "https://www.kaigokensaku.mhlw.go.jp/24/index.php?action_kouhyou_detail_004_kani=true&JigyosyoCd=2490300338-00&ServiceCd=780&Type=search", "url2": "http://www.resora-net.com" }, "geometry": { "type": "Point", "coordinates": [ 136.543985099999986, 34.8796157 ] } },
{ "type": "Feature", "properties": { "内容": "株式会社　秋桜　デイサービス　桔梗亭2【地域密着型通所介護】三重県名張市桔梗が丘４番町7街区40番地", "url": "https://www.kaigokensaku.mhlw.go.jp/24/index.php?action_kouhyou_detail_004_kani=true&JigyosyoCd=2471301008-00&ServiceCd=780&Type=search", "url2": null }, "geometry": { "type": "Point", "coordinates": [ 136.12166830000001, 34.6477936 ] } },
{ "type": "Feature", "properties": { "内容": "株式会社　秋桜　茶話本舗デイサービス　桔梗亭【地域密着型通所介護】三重県名張市桔梗が丘5番町4街区8番地", "url": "https://www.kaigokensaku.mhlw.go.jp/24/index.php?action_kouhyou_detail_004_kani=true&JigyosyoCd=2471300943-00&ServiceCd=780&Type=search", "url2": null }, "geometry": { "type": "Point", "coordinates": [ 136.123785, 34.6387503 ] } },
{ "type": "Feature", "properties": { "内容": "ナツキリハ希央台【地域密着型通所介護】三重県名張市希央台５番町109番地", "url": "https://www.kaigokensaku.mhlw.go.jp/24/index.php?action_kouhyou_detail_004_kani=true&JigyosyoCd=2491300451-00&ServiceCd=780&Type=search", "url2": "https://natsuki-reha.com/" }, "geometry": { "type": "Point", "coordinates": [ 136.0987327, 34.6255899 ] } },
{ "type": "Feature", "properties": { "内容": "デイサービス整骨リハビリなばり【地域密着型通所介護】三重県名張市平尾2556-11", "url": "https://www.kaigokensaku.mhlw.go.jp/24/index.php?action_kouhyou_detail_004_kani=true&JigyosyoCd=2471301057-00&ServiceCd=780&Type=search", "url2": "https://seikoturihabiri.wixsite.com/rihabirinabari" }, "geometry": { "type": "Point", "coordinates": [ 136.0981279, 34.6225705 ] } },
{ "type": "Feature", "properties": { "内容": "百合が丘　げんき村【地域密着型通所介護】三重県名張市百合が丘西2番町60番地", "url": "https://www.kaigokensaku.mhlw.go.jp/24/index.php?action_kouhyou_detail_004_kani=true&JigyosyoCd=2471301073-00&ServiceCd=780&Type=search", "url2": null }, "geometry": { "type": "Point", "coordinates": [ 136.097942099999955, 34.6079468 ] } },
{ "type": "Feature", "properties": { "内容": "デイサービスけんだま【地域密着型通所介護】松崎町1330-1アイエムビル名張105", "url": "https://www.kaigokensaku.mhlw.go.jp/24/index.php?action_kouhyou_detail_004_kani=true&JigyosyoCd=2491300352-00&ServiceCd=780&Type=search", "url2": null }, "geometry": { "type": "Point", "coordinates": [ 136.089080200000012, 34.625055 ] } },
{ "type": "Feature", "properties": { "内容": "デイサービスいとぐるま【地域密着型通所介護】三重県名張市上八町１６４４番地1", "url": "https://www.kaigokensaku.mhlw.go.jp/24/index.php?action_kouhyou_detail_004_kani=true&JigyosyoCd=2491300279-00&ServiceCd=780&Type=search", "url2": null }, "geometry": { "type": "Point", "coordinates": [ 136.092164799999978, 34.6260117 ] } },
{ "type": "Feature", "properties": { "内容": "和の風名張伊賀まる【地域密着型通所介護】三重県名張市梅が丘南1番町213番地の１", "url": "https://www.kaigokensaku.mhlw.go.jp/24/index.php?action_kouhyou_detail_004_kani=true&JigyosyoCd=2491300345-00&ServiceCd=780&Type=search", "url2": "wanokazenabariigamaru.studio.site" }, "geometry": { "type": "Point", "coordinates": [ 136.090895499999988, 34.6344942 ] } },
{ "type": "Feature", "properties": { "内容": "通所介護オルゴール【地域密着型通所介護】安部田2309番地", "url": "https://www.kaigokensaku.mhlw.go.jp/24/index.php?action_kouhyou_detail_004_kani=true&JigyosyoCd=2471300802-00&ServiceCd=780&Type=search", "url2": "奏　名張　　検索" }, "geometry": { "type": "Point", "coordinates": [ 136.062801, 34.5990468 ] } },
{ "type": "Feature", "properties": { "内容": "デイサービス　ひろこの家【地域密着型通所介護】滝之原　1862", "url": "https://www.kaigokensaku.mhlw.go.jp/24/index.php?action_kouhyou_detail_004_kani=true&JigyosyoCd=2471300976-00&ServiceCd=780&Type=search", "url2": "https://dayservicehiroko.wixsite.com/home" }, "geometry": { "type": "Point", "coordinates": [ 136.167929500000014, 34.6293516 ] } },
{ "type": "Feature", "properties": { "内容": "デイサービス望月　友遊【地域密着型通所介護】三重県尾鷲市坂場町3-13", "url": "https://www.kaigokensaku.mhlw.go.jp/24/index.php?action_kouhyou_detail_004_kani=true&JigyosyoCd=2471000105-00&ServiceCd=780&Type=search", "url2": null }, "geometry": { "type": "Point", "coordinates": [ 136.189056299999947, 34.0796508 ] } },
{ "type": "Feature", "properties": { "内容": "デイサービスセンターともに【地域密着型通所介護】三重県尾鷲市光ヶ丘11-44", "url": "https://www.kaigokensaku.mhlw.go.jp/24/index.php?action_kouhyou_detail_004_kani=true&JigyosyoCd=2491000127-00&ServiceCd=780&Type=search", "url2": null }, "geometry": { "type": "Point", "coordinates": [ 136.180611199999987, 34.0647043 ] } },
{ "type": "Feature", "properties": { "内容": "地域密着型通所介護　はまゆう【地域密着型通所介護】三重県尾鷲市三木里町２９９番地３", "url": "https://www.kaigokensaku.mhlw.go.jp/24/index.php?action_kouhyou_detail_004_kani=true&JigyosyoCd=2491000135-00&ServiceCd=780&Type=search", "url2": null }, "geometry": { "type": "Point", "coordinates": [ 136.209659406780617, 34.000347706950201 ] } },
{ "type": "Feature", "properties": { "内容": "デイサービスセンターひまわり【地域密着型通所介護】三重県尾鷲市野地町12-31", "url": "https://www.kaigokensaku.mhlw.go.jp/24/index.php?action_kouhyou_detail_004_kani=true&JigyosyoCd=2491000093-00&ServiceCd=780&Type=search", "url2": "https://www.owasechojuen.or.jp/himawari.html" }, "geometry": { "type": "Point", "coordinates": [ 136.1914064, 34.0760252 ] } },
{ "type": "Feature", "properties": { "内容": "NPO法人まごの手通所介護事業所【地域密着型通所介護】三重県尾鷲市野地町１１－２１", "url": "https://www.kaigokensaku.mhlw.go.jp/24/index.php?action_kouhyou_detail_004_kani=true&JigyosyoCd=2471000238-00&ServiceCd=780&Type=search", "url2": "magonote8note@yahoo.co.jp" }, "geometry": { "type": "Point", "coordinates": [ 136.190909, 34.077015 ] } },
{ "type": "Feature", "properties": { "内容": "在宅ケアグループ　あいあい【地域密着型通所介護】三重県尾鷲市矢浜一丁目15番45号", "url": "https://www.kaigokensaku.mhlw.go.jp/24/index.php?action_kouhyou_detail_004_kani=true&JigyosyoCd=2471000543-00&ServiceCd=780&Type=search", "url2": null }, "geometry": { "type": "Point", "coordinates": [ 136.20157770000003, 34.0629501 ] } },
{ "type": "Feature", "properties": { "内容": "有限会社尾鷲介護サービスライト　ディサービスライト　矢浜【地域密着型通所介護】三重県尾鷲市矢浜一丁目31番2号", "url": "https://www.kaigokensaku.mhlw.go.jp/24/index.php?action_kouhyou_detail_004_kani=true&JigyosyoCd=2491000119-00&ServiceCd=780&Type=search", "url2": null }, "geometry": { "type": "Point", "coordinates": [ 136.200616, 34.060807 ] } },
{ "type": "Feature", "properties": { "内容": "あいあい日向デイサービス【地域密着型通所介護】三重県尾鷲市大字向井133番地の9", "url": "https://www.kaigokensaku.mhlw.go.jp/24/index.php?action_kouhyou_detail_004_kani=true&JigyosyoCd=2471000386-00&ServiceCd=780&Type=search", "url2": null }, "geometry": { "type": "Point", "coordinates": [ 136.215623700000037, 34.0595454 ] } },
{ "type": "Feature", "properties": { "内容": "みえ医療福祉生協　デイサービスふれあい【地域密着型通所介護】三重県尾鷲市小川東町３０番１５号", "url": "https://www.kaigokensaku.mhlw.go.jp/24/index.php?action_kouhyou_detail_004_kani=true&JigyosyoCd=2471000469-00&ServiceCd=780&Type=search", "url2": "http://www.mie-hewcoop.jp/" }, "geometry": { "type": "Point", "coordinates": [ 136.189895400000069, 34.0681547 ] } },
{ "type": "Feature", "properties": { "内容": "デイサービス海岸通り【地域密着型通所介護】三重県尾鷲市三木里町293－10", "url": "https://www.kaigokensaku.mhlw.go.jp/24/index.php?action_kouhyou_detail_004_kani=true&JigyosyoCd=2471000337-00&ServiceCd=780&Type=search", "url2": null }, "geometry": { "type": "Point", "coordinates": [ 136.209797799999933, 34.0009238 ] } },
{ "type": "Feature", "properties": { "内容": "デイサービスセンターみち【地域密着型通所介護】三重県尾鷲市光ヶ丘11番44号", "url": "https://www.kaigokensaku.mhlw.go.jp/24/index.php?action_kouhyou_detail_004_kani=true&JigyosyoCd=2491000101-00&ServiceCd=780&Type=search", "url2": null }, "geometry": { "type": "Point", "coordinates": [ 136.18100462639859, 34.064797399926157 ] } },
{ "type": "Feature", "properties": { "内容": "尾鷲社協介護事業所　デイサービスいきいき【地域密着型通所介護】三重県尾鷲市中村町１番５号", "url": "https://www.kaigokensaku.mhlw.go.jp/24/index.php?action_kouhyou_detail_004_kani=true&JigyosyoCd=2471000360-00&ServiceCd=780&Type=search", "url2": "http://owasewel.com/" }, "geometry": { "type": "Point", "coordinates": [ 136.196078100000022, 34.0736099 ] } },
{ "type": "Feature", "properties": { "内容": "輪内高齢者サービスセンター【地域密着型通所介護】三重県尾鷲市曽根町606番地1", "url": "https://www.kaigokensaku.mhlw.go.jp/24/index.php?action_kouhyou_detail_004_kani=true&JigyosyoCd=2491000085-00&ServiceCd=780&Type=search", "url2": "http://owasewel.com/" }, "geometry": { "type": "Point", "coordinates": [ 136.195683373499719, 33.966684749376817 ] } },
{ "type": "Feature", "properties": { "内容": "楽【地域密着型通所介護】西丸町560-2", "url": "https://www.kaigokensaku.mhlw.go.jp/24/index.php?action_kouhyou_detail_004_kani=true&JigyosyoCd=2490400104-00&ServiceCd=780&Type=search", "url2": null }, "geometry": { "type": "Point", "coordinates": [ 136.449955497374646, 34.855176244131798 ] } },
{ "type": "Feature", "properties": { "内容": "デイサービス　はなの家【地域密着型通所介護】三重県亀山市関町木崎１２３４番地", "url": "https://www.kaigokensaku.mhlw.go.jp/24/index.php?action_kouhyou_detail_004_kani=true&JigyosyoCd=2490400153-00&ServiceCd=780&Type=search", "url2": "http://www.hananoie.co.jp/" }, "geometry": { "type": "Point", "coordinates": [ 136.398606847885134, 34.857138686464765 ] } },
{ "type": "Feature", "properties": { "内容": "指定通所介護事業所ハート【地域密着型通所介護】三重県亀山市みどり町6番地の9", "url": "https://www.kaigokensaku.mhlw.go.jp/24/index.php?action_kouhyou_detail_004_kani=true&JigyosyoCd=2470400322-00&ServiceCd=780&Type=search", "url2": null }, "geometry": { "type": "Point", "coordinates": [ 136.485584099999983, 34.8695464 ] } },
{ "type": "Feature", "properties": { "内容": "デイサービスひまわり【地域密着型通所介護】三重県鳥羽市鳥羽三丁目１５－１２", "url": "https://www.kaigokensaku.mhlw.go.jp/24/index.php?action_kouhyou_detail_004_kani=true&JigyosyoCd=2470900248-00&ServiceCd=780&Type=search", "url2": "http://www4.hp-ez.com/hp/toba-himawari" }, "geometry": { "type": "Point", "coordinates": [ 136.8434393, 34.4802518 ] } },
{ "type": "Feature", "properties": { "内容": "デイサービスセンター　答志島【地域密着型通所介護】三重県鳥羽市答志町大畑895", "url": "https://www.kaigokensaku.mhlw.go.jp/24/index.php?action_kouhyou_detail_004_kani=true&JigyosyoCd=2490900053-00&ServiceCd=780&Type=search", "url2": "http://www.houwakai.or.jp/" }, "geometry": { "type": "Point", "coordinates": [ 136.899019391390453, 34.523487742569536 ] } },
{ "type": "Feature", "properties": { "内容": "特定非営利活動法人よりあい【地域密着型通所介護】三重県熊野市五郷町寺谷1065番地4", "url": "https://www.kaigokensaku.mhlw.go.jp/24/index.php?action_kouhyou_detail_004_kani=true&JigyosyoCd=2471100145-00&ServiceCd=780&Type=search", "url2": null }, "geometry": { "type": "Point", "coordinates": [ 136.048259, 33.9842138 ] } },
{ "type": "Feature", "properties": { "内容": "デイサービス　かいご処さち【地域密着型通所介護】三重県熊野市有馬町3403-26", "url": "https://www.kaigokensaku.mhlw.go.jp/24/index.php?action_kouhyou_detail_004_kani=true&JigyosyoCd=2491100018-00&ServiceCd=780&Type=search", "url2": null }, "geometry": { "type": "Point", "coordinates": [ 136.066814300000033, 33.8751739 ] } },
{ "type": "Feature", "properties": { "内容": "デイサービスみやき【地域密着型通所介護】三重県熊野市久生屋町５４１", "url": "https://www.kaigokensaku.mhlw.go.jp/24/index.php?action_kouhyou_detail_004_kani=true&JigyosyoCd=2471100236-00&ServiceCd=780&Type=search", "url2": "http://www.akane-kai.jp/" }, "geometry": { "type": "Point", "coordinates": [ 136.06913553215486, 33.861820294032945 ] } },
{ "type": "Feature", "properties": { "内容": "熊社協飛鳥・五郷通所介護事業所【地域密着型通所介護】三重県熊野市飛鳥町野口６７８", "url": "https://www.kaigokensaku.mhlw.go.jp/24/index.php?action_kouhyou_detail_004_kani=true&JigyosyoCd=2471100087-00&ServiceCd=780&Type=search", "url2": "http://www.k-shakyo.com/" }, "geometry": { "type": "Point", "coordinates": [ 136.075690099999946, 33.9482407 ] } },
{ "type": "Feature", "properties": { "内容": "通所サービスおおきに【地域密着型通所介護】三重県熊野市新鹿町1185番地", "url": "https://www.kaigokensaku.mhlw.go.jp/24/index.php?action_kouhyou_detail_004_kani=true&JigyosyoCd=2491100026-00&ServiceCd=780&Type=search", "url2": null }, "geometry": { "type": "Point", "coordinates": [ 136.142230899999987, 33.9440506 ] } },
{ "type": "Feature", "properties": { "内容": "わっ！デイサービスⅡ【地域密着型通所介護】三重県いなべ市北勢町畑毛774番地", "url": "https://www.kaigokensaku.mhlw.go.jp/24/index.php?action_kouhyou_detail_004_kani=true&JigyosyoCd=2491400145-00&ServiceCd=780&Type=search", "url2": "https://actice.biz" }, "geometry": { "type": "Point", "coordinates": [ 136.526980800000047, 35.1856165 ] } },
{ "type": "Feature", "properties": { "内容": "わっ！デイサービスⅠ【地域密着型通所介護】三重県いなべ市北勢町畑毛774番地", "url": "https://www.kaigokensaku.mhlw.go.jp/24/index.php?action_kouhyou_detail_004_kani=true&JigyosyoCd=2491400152-00&ServiceCd=780&Type=search", "url2": "https://actice.biz" }, "geometry": { "type": "Point", "coordinates": [ 136.560762, 35.1444344 ] } },
{ "type": "Feature", "properties": { "内容": "デイサービス　ゆかり【地域密着型通所介護】三重県いなべ市北勢町別名709番地１", "url": "https://www.kaigokensaku.mhlw.go.jp/24/index.php?action_kouhyou_detail_004_kani=true&JigyosyoCd=2471400552-00&ServiceCd=780&Type=search", "url2": null }, "geometry": { "type": "Point", "coordinates": [ 136.50682519999998, 35.1384971 ] } },
{ "type": "Feature", "properties": { "内容": "デイサービスセンター　大安ひまわり【地域密着型通所介護】三重県いなべ市大安町平塚１７６１番地２", "url": "https://www.kaigokensaku.mhlw.go.jp/24/index.php?action_kouhyou_detail_004_kani=true&JigyosyoCd=2491400269-00&ServiceCd=780&Type=search", "url2": null }, "geometry": { "type": "Point", "coordinates": [ 136.5400909, 35.0980111 ] } },
{ "type": "Feature", "properties": { "内容": "デイサービスアムール【地域密着型通所介護】三重県いなべ市員弁町笠田新田42-3", "url": "https://www.kaigokensaku.mhlw.go.jp/24/index.php?action_kouhyou_detail_004_kani=true&JigyosyoCd=2491400285-00&ServiceCd=780&Type=search", "url2": "https://www.instagram.com/dayservice.amour?igsh=MXFwb2JuZ252Z2M4cw==" }, "geometry": { "type": "Point", "coordinates": [ 136.561221100000012, 35.1145458 ] } },
{ "type": "Feature", "properties": { "内容": "デイサービスセンターひだまり【地域密着型通所介護】三重県いなべ市大安町石榑下１１３－６", "url": "https://www.kaigokensaku.mhlw.go.jp/24/index.php?action_kouhyou_detail_004_kani=true&JigyosyoCd=2472100482-00&ServiceCd=780&Type=search", "url2": null }, "geometry": { "type": "Point", "coordinates": [ 136.527222676582369, 35.108555561254406 ] } },
{ "type": "Feature", "properties": { "内容": "デイサービス治田の里【地域密着型通所介護】三重県いなべ市北勢町東村４２", "url": "https://www.kaigokensaku.mhlw.go.jp/24/index.php?action_kouhyou_detail_004_kani=true&JigyosyoCd=2471400438-00&ServiceCd=780&Type=search", "url2": null }, "geometry": { "type": "Point", "coordinates": [ 136.512016600000038, 35.131173 ] } },
{ "type": "Feature", "properties": { "内容": "ナーシングホームもも・いなべ【地域密着型通所介護】三重県いなべ市北勢町阿下喜3514", "url": "https://www.kaigokensaku.mhlw.go.jp/24/index.php?action_kouhyou_detail_004_kani=true&JigyosyoCd=2471400388-00&ServiceCd=780&Type=search", "url2": "https://www.momo3.net/" }, "geometry": { "type": "Point", "coordinates": [ 136.511644, 35.1478436 ] } },
{ "type": "Feature", "properties": { "内容": "デイサービスせせらぎ【地域密着型通所介護】三重県いなべ市藤原町本郷６９３番地", "url": "https://www.kaigokensaku.mhlw.go.jp/24/index.php?action_kouhyou_detail_004_kani=true&JigyosyoCd=2471400529-00&ServiceCd=780&Type=search", "url2": null }, "geometry": { "type": "Point", "coordinates": [ 136.483996700000034, 35.184708 ] } },
{ "type": "Feature", "properties": { "内容": "デイサービスセンター　ふくろう【地域密着型通所介護】大安町大井田２４２番地", "url": "https://www.kaigokensaku.mhlw.go.jp/24/index.php?action_kouhyou_detail_004_kani=true&JigyosyoCd=2471400248-00&ServiceCd=780&Type=search", "url2": null }, "geometry": { "type": "Point", "coordinates": [ 136.5516278, 35.0963628 ] } },
{ "type": "Feature", "properties": { "内容": "モモ大安【地域密着型通所介護】三重県いなべ市大安町南金井705番地96", "url": "https://www.kaigokensaku.mhlw.go.jp/24/index.php?action_kouhyou_detail_004_kani=true&JigyosyoCd=2471400669-00&ServiceCd=780&Type=search", "url2": "https://www.momo-daian.or.jp/" }, "geometry": { "type": "Point", "coordinates": [ 136.557169213105823, 35.083565507680994 ] } },
{ "type": "Feature", "properties": { "内容": "あげきデイサービスセンターみんなの家【地域密着型通所介護】三重県いなべ市北勢町阿下喜１９２４－１", "url": "https://www.kaigokensaku.mhlw.go.jp/24/index.php?action_kouhyou_detail_004_kani=true&JigyosyoCd=2491400160-00&ServiceCd=780&Type=search", "url2": null }, "geometry": { "type": "Point", "coordinates": [ 136.518386700000065, 35.1533896 ] } },
{ "type": "Feature", "properties": { "内容": "デイサービスかりん【地域密着型通所介護】三重県いなべ市員弁町下笠田1619-2", "url": "https://www.kaigokensaku.mhlw.go.jp/24/index.php?action_kouhyou_detail_004_kani=true&JigyosyoCd=2491400111-00&ServiceCd=780&Type=search", "url2": "https://rainin0723.wixsite.com/care-home" }, "geometry": { "type": "Point", "coordinates": [ 136.553452921390317, 35.113384607201219 ] } },
{ "type": "Feature", "properties": { "内容": "アイリスデイサービスセンター【地域密着型通所介護】いなべ市北勢町阿下喜３７２８番地２", "url": "https://www.kaigokensaku.mhlw.go.jp/24/index.php?action_kouhyou_detail_004_kani=true&JigyosyoCd=2472100037-00&ServiceCd=780&Type=search", "url2": "http://hokusei-you.net/iris/index.php" }, "geometry": { "type": "Point", "coordinates": [ 136.516918600000054, 35.1451775 ] } },
{ "type": "Feature", "properties": { "内容": "デイサービスえんむすび【地域密着型通所介護】三重県いなべ市藤原町本郷836番地", "url": "https://www.kaigokensaku.mhlw.go.jp/24/index.php?action_kouhyou_detail_004_kani=true&JigyosyoCd=2491400228-00&ServiceCd=780&Type=search", "url2": "https//www.enmusubi.or.jp" }, "geometry": { "type": "Point", "coordinates": [ 136.47971, 35.1845134 ] } },
{ "type": "Feature", "properties": { "内容": "デイサービスアムールケア【地域密着型通所介護】員弁町笠田新田42-3", "url": "https://www.kaigokensaku.mhlw.go.jp/24/index.php?action_kouhyou_detail_004_kani=true&JigyosyoCd=2491400327-00&ServiceCd=780&Type=search", "url2": null }, "geometry": { "type": "Point", "coordinates": [ 136.561221100000012, 35.1145458 ] } },
{ "type": "Feature", "properties": { "内容": "一護一笑【地域密着型通所介護】三重県いなべ市大安町久下1324", "url": "https://www.kaigokensaku.mhlw.go.jp/24/index.php?action_kouhyou_detail_004_kani=true&JigyosyoCd=2491400301-00&ServiceCd=780&Type=search", "url2": null }, "geometry": { "type": "Point", "coordinates": [ 136.524376597917694, 35.121754893419379 ] } },
{ "type": "Feature", "properties": { "内容": "デイサービス　あおい【地域密着型通所介護】三重県いなべ市大安町南金井2608-1", "url": "https://www.kaigokensaku.mhlw.go.jp/24/index.php?action_kouhyou_detail_004_kani=true&JigyosyoCd=2471400511-00&ServiceCd=780&Type=search", "url2": "aoi5@m5.cty-net.ne.jp" }, "geometry": { "type": "Point", "coordinates": [ 136.540163755030306, 35.075298819255913 ] } },
{ "type": "Feature", "properties": { "内容": "てのひらデイサービス【地域密着型通所介護】いなべ市大安町石榑東2841番地５", "url": "https://www.kaigokensaku.mhlw.go.jp/24/index.php?action_kouhyou_detail_004_kani=true&JigyosyoCd=2471400362-00&ServiceCd=780&Type=search", "url2": null }, "geometry": { "type": "Point", "coordinates": [ 136.524580199999946, 35.099983900000019 ] } },
{ "type": "Feature", "properties": { "内容": "たいようデイサービス【地域密着型通所介護】いなべ市大安町石榑東2841番地8", "url": "https://www.kaigokensaku.mhlw.go.jp/24/index.php?action_kouhyou_detail_004_kani=true&JigyosyoCd=2471400420-00&ServiceCd=780&Type=search", "url2": null }, "geometry": { "type": "Point", "coordinates": [ 136.524539900000036, 35.0999845 ] } },
{ "type": "Feature", "properties": { "内容": "ふるさとの家　ひばり　ディサービスセンター【地域密着型通所介護】三重県いなべ市員弁町下笠田1356番地", "url": "https://www.kaigokensaku.mhlw.go.jp/24/index.php?action_kouhyou_detail_004_kani=true&JigyosyoCd=2471400206-00&ServiceCd=780&Type=search", "url2": null }, "geometry": { "type": "Point", "coordinates": [ 136.554246700000022, 35.1109091 ] } },
{ "type": "Feature", "properties": { "内容": "なでしこ【地域密着型通所介護】三重県いなべ市北勢町其原2044番地", "url": "https://www.kaigokensaku.mhlw.go.jp/24/index.php?action_kouhyou_detail_004_kani=true&JigyosyoCd=2471400263-00&ServiceCd=780&Type=search", "url2": "http://www.hokusei-hospital.jp" }, "geometry": { "type": "Point", "coordinates": [ 136.538811200000026, 35.13939 ] } },
{ "type": "Feature", "properties": { "内容": "ジェイエイあいけあ癒いの里デイサービスセンター【地域密着型通所介護】三重県いなべ市藤原町石川953-1", "url": "https://www.kaigokensaku.mhlw.go.jp/24/index.php?action_kouhyou_detail_004_kani=true&JigyosyoCd=2491400319-00&ServiceCd=780&Type=search", "url2": "https://www.ja-miekita.or.jp/" }, "geometry": { "type": "Point", "coordinates": [ 136.4996243, 35.1582531 ] } },
{ "type": "Feature", "properties": { "内容": "Ｒアールリハビリスタジオ【地域密着型通所介護】三重県いなべ市大安町平塚2433番1", "url": "https://www.kaigokensaku.mhlw.go.jp/24/index.php?action_kouhyou_detail_004_kani=true&JigyosyoCd=2471400701-00&ServiceCd=780&Type=search", "url2": null }, "geometry": { "type": "Point", "coordinates": [ 136.542757618554674, 35.102241964673645 ] } },
{ "type": "Feature", "properties": { "内容": "デイサービス　ひなた【地域密着型通所介護】三重県志摩市阿児町国府3665-70", "url": "https://www.kaigokensaku.mhlw.go.jp/24/index.php?action_kouhyou_detail_004_kani=true&JigyosyoCd=2492900101-00&ServiceCd=780&Type=search", "url2": "http://anori-hiyori.com/" }, "geometry": { "type": "Point", "coordinates": [ 136.8865065, 34.3502035 ] } },
{ "type": "Feature", "properties": { "内容": "デイサービスゆうなぎ【地域密着型通所介護】三重県志摩市阿児町神明2293番地1", "url": "https://www.kaigokensaku.mhlw.go.jp/24/index.php?action_kouhyou_detail_004_kani=true&JigyosyoCd=2472901368-00&ServiceCd=780&Type=search", "url2": null }, "geometry": { "type": "Point", "coordinates": [ 136.855513580544283, 34.321155935655511 ] } },
{ "type": "Feature", "properties": { "内容": "デイサービスセンターけあのすけ【地域密着型通所介護】三重県志摩市大王町畔名725番地5", "url": "https://www.kaigokensaku.mhlw.go.jp/24/index.php?action_kouhyou_detail_004_kani=true&JigyosyoCd=2472901590-00&ServiceCd=780&Type=search", "url2": null }, "geometry": { "type": "Point", "coordinates": [ 136.87580251468043, 34.297429609971005 ] } },
{ "type": "Feature", "properties": { "内容": "デイサービス　あかねの家【地域密着型通所介護】三重県志摩市阿児町鵜方3195-18", "url": "https://www.kaigokensaku.mhlw.go.jp/24/index.php?action_kouhyou_detail_004_kani=true&JigyosyoCd=2472901152-00&ServiceCd=780&Type=search", "url2": null }, "geometry": { "type": "Point", "coordinates": [ 136.828888, 34.326357 ] } },
{ "type": "Feature", "properties": { "内容": "機能訓練特化型デイサービスセンター　いっ歩【地域密着型通所介護】三重県志摩市阿児町甲賀1457-92", "url": "https://www.kaigokensaku.mhlw.go.jp/24/index.php?action_kouhyou_detail_004_kani=true&JigyosyoCd=2472901632-00&ServiceCd=780&Type=search", "url2": null }, "geometry": { "type": "Point", "coordinates": [ 136.860845467736823, 34.313734664313181 ] } },
{ "type": "Feature", "properties": { "内容": "デイサービス　なぎさ【地域密着型通所介護】三重県志摩市阿児町安乗830", "url": "https://www.kaigokensaku.mhlw.go.jp/24/index.php?action_kouhyou_detail_004_kani=true&JigyosyoCd=2492900184-00&ServiceCd=780&Type=search", "url2": "http://anori-hiyori.com" }, "geometry": { "type": "Point", "coordinates": [ 136.906118606745906, 34.363259053775913 ] } },
{ "type": "Feature", "properties": { "内容": "デイサービスセンター　さくらんぼ【地域密着型通所介護】磯部町穴川１３２３番地", "url": "https://www.kaigokensaku.mhlw.go.jp/24/index.php?action_kouhyou_detail_004_kani=true&JigyosyoCd=2472900907-00&ServiceCd=780&Type=search", "url2": null }, "geometry": { "type": "Point", "coordinates": [ 136.819624500000032, 34.3567835 ] } },
{ "type": "Feature", "properties": { "内容": "ほほえみ賢島苑【地域密着型通所介護】三重県志摩市阿児町神明字寺川原764-45", "url": "https://www.kaigokensaku.mhlw.go.jp/24/index.php?action_kouhyou_detail_004_kani=true&JigyosyoCd=2492900176-00&ServiceCd=780&Type=search", "url2": "www.danran-shima.com" }, "geometry": { "type": "Point", "coordinates": [ 136.809220529924175, 34.317036720057338 ] } },
{ "type": "Feature", "properties": { "内容": "ほほえみ【地域密着型通所介護】三重県志摩市阿児町鵜方5201番地", "url": "https://www.kaigokensaku.mhlw.go.jp/24/index.php?action_kouhyou_detail_004_kani=true&JigyosyoCd=2492900168-00&ServiceCd=780&Type=search", "url2": "https://danran-shima.co.jp/" }, "geometry": { "type": "Point", "coordinates": [ 136.815929, 34.325251 ] } },
{ "type": "Feature", "properties": { "内容": "ふぁみりい【地域密着型通所介護】三重県志摩市阿児町鵜方5190番地1", "url": "https://www.kaigokensaku.mhlw.go.jp/24/index.php?action_kouhyou_detail_004_kani=true&JigyosyoCd=2492900143-00&ServiceCd=780&Type=search", "url2": "www.danran-shima.com" }, "geometry": { "type": "Point", "coordinates": [ 136.8159195, 34.3256623 ] } },
{ "type": "Feature", "properties": { "内容": "地域密着型通所介護だんらん2【地域密着型通所介護】三重県志摩市阿児町鵜方5209番地", "url": "https://www.kaigokensaku.mhlw.go.jp/24/index.php?action_kouhyou_detail_004_kani=true&JigyosyoCd=2492900119-00&ServiceCd=780&Type=search", "url2": "www.danran-shima.com" }, "geometry": { "type": "Point", "coordinates": [ 136.824505, 34.3289399 ] } },
{ "type": "Feature", "properties": { "内容": "だんらん【地域密着型通所介護】三重県志摩市阿児町鵜方5204番地", "url": "https://www.kaigokensaku.mhlw.go.jp/24/index.php?action_kouhyou_detail_004_kani=true&JigyosyoCd=2472900469-00&ServiceCd=780&Type=search", "url2": "www.danran-shima.com" }, "geometry": { "type": "Point", "coordinates": [ 136.816403400000013, 34.3251042 ] } },
{ "type": "Feature", "properties": { "内容": "げんき村【地域密着型通所介護】三重県志摩市阿児町鵜方5190番地2", "url": "https://www.kaigokensaku.mhlw.go.jp/24/index.php?action_kouhyou_detail_004_kani=true&JigyosyoCd=2492900150-00&ServiceCd=780&Type=search", "url2": "www.danran-shima.com" }, "geometry": { "type": "Point", "coordinates": [ 136.8160964, 34.3254359 ] } },
{ "type": "Feature", "properties": { "内容": "デイサービスすずらん【地域密着型通所介護】三重県志摩市大王町波切3401番地17", "url": "https://www.kaigokensaku.mhlw.go.jp/24/index.php?action_kouhyou_detail_004_kani=true&JigyosyoCd=2472901129-00&ServiceCd=780&Type=search", "url2": "suzuran1@tuba.ocn.ne.jp" }, "geometry": { "type": "Point", "coordinates": [ 136.895572200000061, 34.2855859 ] } },
{ "type": "Feature", "properties": { "内容": "デイサービスセンター　なのはな【地域密着型通所介護】三重県志摩市志摩町越賀158-1", "url": "https://www.kaigokensaku.mhlw.go.jp/24/index.php?action_kouhyou_detail_004_kani=true&JigyosyoCd=2472900717-00&ServiceCd=780&Type=search", "url2": null }, "geometry": { "type": "Point", "coordinates": [ 136.797955, 34.2610505 ] } },
{ "type": "Feature", "properties": { "内容": "デイサービスいこいの家　和【地域密着型通所介護】志摩市阿児町鵜方1877-6", "url": "https://www.kaigokensaku.mhlw.go.jp/24/index.php?action_kouhyou_detail_004_kani=true&JigyosyoCd=2472901160-00&ServiceCd=780&Type=search", "url2": null }, "geometry": { "type": "Point", "coordinates": [ 136.827782, 34.3368527 ] } },
{ "type": "Feature", "properties": { "内容": "デイサービスセンター　忠洋【地域密着型通所介護】三重県志摩市阿児町安乗１１３２", "url": "https://www.kaigokensaku.mhlw.go.jp/24/index.php?action_kouhyou_detail_004_kani=true&JigyosyoCd=2472901277-00&ServiceCd=780&Type=search", "url2": null }, "geometry": { "type": "Point", "coordinates": [ 136.8957464, 34.3556187 ] } },
{ "type": "Feature", "properties": { "内容": "ディサービス　へいあんケア【地域密着型通所介護】三重県志摩市大王町波切1694-1", "url": "https://www.kaigokensaku.mhlw.go.jp/24/index.php?action_kouhyou_detail_004_kani=true&JigyosyoCd=2472901301-00&ServiceCd=780&Type=search", "url2": "https://heiancare,co,jp" }, "geometry": { "type": "Point", "coordinates": [ 136.880259600000045, 34.2796113 ] } },
{ "type": "Feature", "properties": { "内容": "デイサービスセンター　りゅうぐう【地域密着型通所介護】三重県志摩市磯部町渡鹿野４８０－２", "url": "https://www.kaigokensaku.mhlw.go.jp/24/index.php?action_kouhyou_detail_004_kani=true&JigyosyoCd=2472900824-00&ServiceCd=780&Type=search", "url2": null }, "geometry": { "type": "Point", "coordinates": [ 136.875566457672107, 34.3606651650855 ] } },
{ "type": "Feature", "properties": { "内容": "デイサービスセンターみつぐり【地域密着型通所介護】猪田91-1番地", "url": "https://www.kaigokensaku.mhlw.go.jp/24/index.php?action_kouhyou_detail_004_kani=true&JigyosyoCd=2491200172-00&ServiceCd=780&Type=search", "url2": null }, "geometry": { "type": "Point", "coordinates": [ 136.1279786, 34.7278942 ] } },
{ "type": "Feature", "properties": { "内容": "デイサービススグリ【地域密着型通所介護】三重県伊賀市楯岡90番地", "url": "https://www.kaigokensaku.mhlw.go.jp/24/index.php?action_kouhyou_detail_004_kani=true&JigyosyoCd=2491200305-00&ServiceCd=780&Type=search", "url2": null }, "geometry": { "type": "Point", "coordinates": [ 136.211079399999988, 34.8265859 ] } },
{ "type": "Feature", "properties": { "内容": "デイサービスセンター虹のいえ【地域密着型通所介護】三重県伊賀市東高倉２１２５－１", "url": "https://www.kaigokensaku.mhlw.go.jp/24/index.php?action_kouhyou_detail_004_kani=true&JigyosyoCd=2471200614-00&ServiceCd=780&Type=search", "url2": "http://hp.kaipoke.biz/m4d/" }, "geometry": { "type": "Point", "coordinates": [ 136.108825600000046, 34.7860266 ] } },
{ "type": "Feature", "properties": { "内容": "デイサービス　ともだち【地域密着型通所介護】三重県伊賀市下友田2208", "url": "https://www.kaigokensaku.mhlw.go.jp/24/index.php?action_kouhyou_detail_004_kani=true&JigyosyoCd=2471201232-00&ServiceCd=780&Type=search", "url2": null }, "geometry": { "type": "Point", "coordinates": [ 136.187665889086844, 34.83660251110399 ] } },
{ "type": "Feature", "properties": { "内容": "デイサービスたまたき【地域密着型通所介護】伊賀市玉滝3496番地3", "url": "https://www.kaigokensaku.mhlw.go.jp/24/index.php?action_kouhyou_detail_004_kani=true&JigyosyoCd=2471200879-00&ServiceCd=780&Type=search", "url2": "https://dayservice-tamataki.wixsite.com/yuuai" }, "geometry": { "type": "Point", "coordinates": [ 136.173900102624515, 34.871034898254045 ] } },
{ "type": "Feature", "properties": { "内容": "地域デイサービスセンター岡鼻【地域密着型通所介護】三重県伊賀市柘植町4613番地", "url": "https://www.kaigokensaku.mhlw.go.jp/24/index.php?action_kouhyou_detail_004_kani=true&JigyosyoCd=2473200224-00&ServiceCd=780&Type=search", "url2": null }, "geometry": { "type": "Point", "coordinates": [ 136.262222599999973, 34.8414246 ] } },
{ "type": "Feature", "properties": { "内容": "デイサービスセンターさくら【地域密着型通所介護】三重県伊賀市比土３７７番地１ケア・コミュニティさくら", "url": "https://www.kaigokensaku.mhlw.go.jp/24/index.php?action_kouhyou_detail_004_kani=true&JigyosyoCd=2471200481-00&ServiceCd=780&Type=search", "url2": "https://www.aoyama-life.co.jp/" }, "geometry": { "type": "Point", "coordinates": [ 136.162009178018678, 34.675568607551803 ] } },
{ "type": "Feature", "properties": { "内容": "デイサービス　こうづの笑み【地域密着型通所介護】三重県伊賀市勝地７３－２", "url": "https://www.kaigokensaku.mhlw.go.jp/24/index.php?action_kouhyou_detail_004_kani=true&JigyosyoCd=2471201182-00&ServiceCd=780&Type=search", "url2": "http://www.kitamori.jp" }, "geometry": { "type": "Point", "coordinates": [ 136.21343950000005, 34.6927743 ] } },
{ "type": "Feature", "properties": { "内容": "デイサービスセンター　いがのしろ【地域密着型通所介護】三重県伊賀市山出字金坪2220-10", "url": "https://www.kaigokensaku.mhlw.go.jp/24/index.php?action_kouhyou_detail_004_kani=true&JigyosyoCd=2491200271-00&ServiceCd=780&Type=search", "url2": "https://www.sawayakaen.or.jp" }, "geometry": { "type": "Point", "coordinates": [ 136.11942, 34.718014 ] } },
{ "type": "Feature", "properties": { "内容": "デイサービスセンターすぷり【地域密着型通所介護】三重県伊賀市上野愛宕町２９０３番地", "url": "https://www.kaigokensaku.mhlw.go.jp/24/index.php?action_kouhyou_detail_004_kani=true&JigyosyoCd=2471201026-00&ServiceCd=780&Type=search", "url2": "npo.nozomi2903@gmail.com" }, "geometry": { "type": "Point", "coordinates": [ 136.1304328, 34.7587436 ] } },
{ "type": "Feature", "properties": { "内容": "ふれあいステーション都美恵【地域密着型通所介護】三重県伊賀市柘植町2357番地1", "url": "https://www.kaigokensaku.mhlw.go.jp/24/index.php?action_kouhyou_detail_004_kani=true&JigyosyoCd=2491200164-00&ServiceCd=780&Type=search", "url2": "tsumie.com" }, "geometry": { "type": "Point", "coordinates": [ 136.246507792066154, 34.842642536681261 ] } },
{ "type": "Feature", "properties": { "内容": "リハビリデイサービスいっぽ【地域密着型通所介護】三重県桑名郡木曽岬町大字小林６７番地１", "url": "https://www.kaigokensaku.mhlw.go.jp/24/index.php?action_kouhyou_detail_004_kani=true&JigyosyoCd=2472000252-00&ServiceCd=780&Type=search", "url2": null }, "geometry": { "type": "Point", "coordinates": [ 136.7326309, 35.0772884 ] } },
{ "type": "Feature", "properties": { "内容": "デイサービス椛【地域密着型通所介護】三重県員弁郡東員町鳥取740番2号", "url": "https://www.kaigokensaku.mhlw.go.jp/24/index.php?action_kouhyou_detail_004_kani=true&JigyosyoCd=2472100565-00&ServiceCd=780&Type=search", "url2": null }, "geometry": { "type": "Point", "coordinates": [ 136.5865867, 35.0851366 ] } },
{ "type": "Feature", "properties": { "内容": "デイサービスセンターみんなの家【地域密着型通所介護】三重県員弁郡東員町山田2963-1", "url": "https://www.kaigokensaku.mhlw.go.jp/24/index.php?action_kouhyou_detail_004_kani=true&JigyosyoCd=2472100292-00&ServiceCd=780&Type=search", "url2": null }, "geometry": { "type": "Point", "coordinates": [ 136.594286639783434, 35.089130878411915 ] } },
{ "type": "Feature", "properties": { "内容": "笹尾デイサービスセンターみんなの家【地域密着型通所介護】三重県員弁郡東員町笹尾東3丁目3-3", "url": "https://www.kaigokensaku.mhlw.go.jp/24/index.php?action_kouhyou_detail_004_kani=true&JigyosyoCd=2472100433-00&ServiceCd=780&Type=search", "url2": null }, "geometry": { "type": "Point", "coordinates": [ 136.598938099999941, 35.0994164 ] } },
{ "type": "Feature", "properties": { "内容": "紫苑のみち【地域密着型通所介護】三重県員弁郡東員町大字六把野新田字藪之内104-7", "url": "https://www.kaigokensaku.mhlw.go.jp/24/index.php?action_kouhyou_detail_004_kani=true&JigyosyoCd=2492100074-00&ServiceCd=780&Type=search", "url2": "https://sion-toin.com/" }, "geometry": { "type": "Point", "coordinates": [ 136.593636463157736, 35.080371483038007 ] } },
{ "type": "Feature", "properties": { "内容": "宅老所　紫苑【地域密着型通所介護】三重県員弁郡東員町山田1055番地", "url": "https://www.kaigokensaku.mhlw.go.jp/24/index.php?action_kouhyou_detail_004_kani=true&JigyosyoCd=2472100383-00&ServiceCd=780&Type=search", "url2": "http://www.sion-toin.com/" }, "geometry": { "type": "Point", "coordinates": [ 136.591024222090113, 35.071078090454279 ] } },
{ "type": "Feature", "properties": { "内容": "株式会社ジェイエイあいけあセンター【地域密着型通所介護】三重県三重郡菰野町大字田光字宮川原4821番地", "url": "https://www.kaigokensaku.mhlw.go.jp/24/index.php?action_kouhyou_detail_004_kani=true&JigyosyoCd=2472200357-00&ServiceCd=780&Type=search", "url2": "https://www.ja-miekita.or.jp/service/icare/" }, "geometry": { "type": "Point", "coordinates": [ 136.51091630240785, 35.063996737821597 ] } },
{ "type": "Feature", "properties": { "内容": "デイサービスセンター　ひまわり【地域密着型通所介護】三重県三重郡菰野町川北203番地", "url": "https://www.kaigokensaku.mhlw.go.jp/24/index.php?action_kouhyou_detail_004_kani=true&JigyosyoCd=2472200225-00&ServiceCd=780&Type=search", "url2": null }, "geometry": { "type": "Point", "coordinates": [ 136.543051699999978, 35.0264649 ] } },
{ "type": "Feature", "properties": { "内容": "デイサービス　たけなりの家【地域密着型通所介護】三重県三重郡菰野町大字竹成1930番地1", "url": "https://www.kaigokensaku.mhlw.go.jp/24/index.php?action_kouhyou_detail_004_kani=true&JigyosyoCd=2472200712-00&ServiceCd=780&Type=search", "url2": null }, "geometry": { "type": "Point", "coordinates": [ 136.5146479, 35.0478503 ] } },
{ "type": "Feature", "properties": { "内容": "デイサービスセンター　森のこかげ【地域密着型通所介護】三重県多気郡多気町河田1758-2", "url": "https://www.kaigokensaku.mhlw.go.jp/24/index.php?action_kouhyou_detail_004_kani=true&JigyosyoCd=2472700539-00&ServiceCd=780&Type=search", "url2": "morinokokage@song.ocn.ne.jp" }, "geometry": { "type": "Point", "coordinates": [ 136.581059099999948, 34.5184709 ] } },
{ "type": "Feature", "properties": { "内容": "つくしデイサービス【地域密着型通所介護】三重県多気郡多気町下出江190つくしデイサービス", "url": "https://www.kaigokensaku.mhlw.go.jp/24/index.php?action_kouhyou_detail_004_kani=true&JigyosyoCd=2472701057-00&ServiceCd=780&Type=search", "url2": null }, "geometry": { "type": "Point", "coordinates": [ 136.4753639, 34.472858200000019 ] } },
{ "type": "Feature", "properties": { "内容": "リハビリデイサービス笑楽【地域密着型通所介護】三重県多気郡明和町明星971番地1", "url": "https://www.kaigokensaku.mhlw.go.jp/24/index.php?action_kouhyou_detail_004_kani=true&JigyosyoCd=2492700188-00&ServiceCd=780&Type=search", "url2": "https://www.waraku-rehabili.com" }, "geometry": { "type": "Point", "coordinates": [ 136.634121999688745, 34.525892389289744 ] } },
{ "type": "Feature", "properties": { "内容": "千の手デイサービスセンター【地域密着型通所介護】三重県多気郡明和町池村376-12", "url": "https://www.kaigokensaku.mhlw.go.jp/24/index.php?action_kouhyou_detail_004_kani=true&JigyosyoCd=2472700604-00&ServiceCd=780&Type=search", "url2": "http://www.sennote.jp" }, "geometry": { "type": "Point", "coordinates": [ 136.615116127647411, 34.518914595556346 ] } },
{ "type": "Feature", "properties": { "内容": "千の手デイサービスセンターWEST【地域密着型通所介護】三重県多気郡明和町有爾中字権現６２８－１２", "url": "https://www.kaigokensaku.mhlw.go.jp/24/index.php?action_kouhyou_detail_004_kani=true&JigyosyoCd=2472700679-00&ServiceCd=780&Type=search", "url2": null }, "geometry": { "type": "Point", "coordinates": [ 136.619569, 34.5227405 ] } },
{ "type": "Feature", "properties": { "内容": "ＪA多気郡シルバーセンター　すまいる【地域密着型通所介護】三重県多気郡明和町坂本１１６７番地１-", "url": "https://www.kaigokensaku.mhlw.go.jp/24/index.php?action_kouhyou_detail_004_kani=true&JigyosyoCd=2472701016-00&ServiceCd=780&Type=search", "url2": "http://www.ja-takigun.or.jp/office/silvercenter_honten.html" }, "geometry": { "type": "Point", "coordinates": [ 136.620276600000011, 34.5486596 ] } },
{ "type": "Feature", "properties": { "内容": "リハビリデイサービス　みんなの家　明和【地域密着型通所介護】三重県多気郡明和町金剛坂字宇田822番地9", "url": "https://www.kaigokensaku.mhlw.go.jp/24/index.php?action_kouhyou_detail_004_kani=true&JigyosyoCd=2472700984-00&ServiceCd=780&Type=search", "url2": "http://care-pro.co.jp/" }, "geometry": { "type": "Point", "coordinates": [ 136.6083284, 34.5307976 ] } },
{ "type": "Feature", "properties": { "内容": "リハビリデイサービス　リハわたらい【地域密着型通所介護】三重県度会郡度会町麻加江1248医療福祉複合型施設わたらい", "url": "https://www.kaigokensaku.mhlw.go.jp/24/index.php?action_kouhyou_detail_004_kani=true&JigyosyoCd=2492800111-00&ServiceCd=780&Type=search", "url2": null }, "geometry": { "type": "Point", "coordinates": [ 136.55610913121339, 34.436574050794434 ] } },
{ "type": "Feature", "properties": { "内容": "度会町通所介護事業所　れんげ草【地域密着型通所介護】三重県度会郡度会町南中村８１番地", "url": "https://www.kaigokensaku.mhlw.go.jp/24/index.php?action_kouhyou_detail_004_kani=true&JigyosyoCd=2472801048-00&ServiceCd=780&Type=search", "url2": null }, "geometry": { "type": "Point", "coordinates": [ 136.592395600000032, 34.3444894 ] } },
{ "type": "Feature", "properties": { "内容": "デイサービスしらゆり【地域密着型通所介護】三重県度会郡大紀町崎1772-1", "url": "https://www.kaigokensaku.mhlw.go.jp/24/index.php?action_kouhyou_detail_004_kani=true&JigyosyoCd=2492800152-00&ServiceCd=780&Type=search", "url2": null }, "geometry": { "type": "Point", "coordinates": [ 136.3996152, 34.2827008 ] } },
{ "type": "Feature", "properties": { "内容": "デイサービス　いいひ【地域密着型通所介護】三重県度会郡大紀町阿曽2621番地12", "url": "https://www.kaigokensaku.mhlw.go.jp/24/index.php?action_kouhyou_detail_004_kani=true&JigyosyoCd=2472801170-00&ServiceCd=780&Type=search", "url2": "shungakuehi@yahoo.co.jp" }, "geometry": { "type": "Point", "coordinates": [ 136.403062546296695, 34.332496973181414 ] } },
{ "type": "Feature", "properties": { "内容": "デイサービスセンター「めぐみ」【地域密着型通所介護】三重県度会郡大紀町滝原645-2", "url": "https://www.kaigokensaku.mhlw.go.jp/24/index.php?action_kouhyou_detail_004_kani=true&JigyosyoCd=2472801451-00&ServiceCd=780&Type=search", "url2": "megumi@ma.mctv.ne.jp" }, "geometry": { "type": "Point", "coordinates": [ 136.417686245867287, 34.372426674768313 ] } },
{ "type": "Feature", "properties": { "内容": "株式会社　偕生会　デイサービスセンター　アララギ【地域密着型通所介護】三重県度会郡大紀町錦　１９５－２", "url": "https://www.kaigokensaku.mhlw.go.jp/24/index.php?action_kouhyou_detail_004_kani=true&JigyosyoCd=2472801543-00&ServiceCd=780&Type=search", "url2": null }, "geometry": { "type": "Point", "coordinates": [ 136.400405699999965, 34.2170049 ] } },
{ "type": "Feature", "properties": { "内容": "南伊勢町社会福祉協議会ふれあいなんとう【地域密着型通所介護】三重県度会郡南伊勢町村山１１３２番地の１", "url": "https://www.kaigokensaku.mhlw.go.jp/24/index.php?action_kouhyou_detail_004_kani=true&JigyosyoCd=2492800137-00&ServiceCd=780&Type=search", "url2": "http://www.amigo2.ne.jp/~nantosha/" }, "geometry": { "type": "Point", "coordinates": [ 136.499086499999947, 34.279911 ] } },
{ "type": "Feature", "properties": { "内容": "いちに【地域密着型通所介護】三重県度会郡南伊勢町五ケ所浦1007-26", "url": "https://www.kaigokensaku.mhlw.go.jp/24/index.php?action_kouhyou_detail_004_kani=true&JigyosyoCd=2492800178-00&ServiceCd=780&Type=search", "url2": null }, "geometry": { "type": "Point", "coordinates": [ 136.700188735581946, 34.346886114835918 ] } },
{ "type": "Feature", "properties": { "内容": "三重外湾漁協　デイサービスセンター「まごころ」【地域密着型通所介護】三重県度会郡南伊勢町東宮3310番地", "url": "https://www.kaigokensaku.mhlw.go.jp/24/index.php?action_kouhyou_detail_004_kani=true&JigyosyoCd=2492800194-00&ServiceCd=780&Type=search", "url2": "http://miegaiwan.or.jp" }, "geometry": { "type": "Point", "coordinates": [ 136.5409449, 34.2885121 ] } },
{ "type": "Feature", "properties": { "内容": "地域密着型通所介護事業所たそうらのはだし【地域密着型通所介護】三重県度会郡南伊勢町田曽浦4053番地たそうらのはだし", "url": "https://www.kaigokensaku.mhlw.go.jp/24/index.php?action_kouhyou_detail_004_kani=true&JigyosyoCd=2492800202-00&ServiceCd=780&Type=search", "url2": null }, "geometry": { "type": "Point", "coordinates": [ 136.6921376, 34.2934865 ] } },
{ "type": "Feature", "properties": { "内容": "デイサービスセンター　のぞみ【地域密着型通所介護】度会郡南伊勢町小方竈181", "url": "https://www.kaigokensaku.mhlw.go.jp/24/index.php?action_kouhyou_detail_004_kani=true&JigyosyoCd=2472801428-00&ServiceCd=780&Type=search", "url2": null }, "geometry": { "type": "Point", "coordinates": [ 136.493096400000013, 34.2591355 ] } },
{ "type": "Feature", "properties": { "内容": "デイサービスみそら【地域密着型通所介護】三重県度会郡南伊勢町道方1522-4", "url": "https://www.kaigokensaku.mhlw.go.jp/24/index.php?action_kouhyou_detail_004_kani=true&JigyosyoCd=2492800186-00&ServiceCd=780&Type=search", "url2": null }, "geometry": { "type": "Point", "coordinates": [ 136.5745589, 34.292612 ] } },
{ "type": "Feature", "properties": { "内容": "リハビリハウスみやま【地域密着型通所介護】三重県北牟婁郡紀北町小浦391", "url": "https://www.kaigokensaku.mhlw.go.jp/24/index.php?action_kouhyou_detail_004_kani=true&JigyosyoCd=2493000117-00&ServiceCd=780&Type=search", "url2": null }, "geometry": { "type": "Point", "coordinates": [ 136.238727947164307, 34.116329817928403 ] } },
{ "type": "Feature", "properties": { "内容": "きほくリハスタジオ【地域密着型通所介護】三重県北牟婁郡紀北町馬瀬1025番地1", "url": "https://www.kaigokensaku.mhlw.go.jp/24/index.php?action_kouhyou_detail_004_kani=true&JigyosyoCd=2473000426-00&ServiceCd=780&Type=search", "url2": null }, "geometry": { "type": "Point", "coordinates": [ 136.248925598008782, 34.146203294817482 ] } },
{ "type": "Feature", "properties": { "内容": "地域密着型通所介護　ゆりかご【地域密着型通所介護】船津１１６３－１", "url": "https://www.kaigokensaku.mhlw.go.jp/24/index.php?action_kouhyou_detail_004_kani=true&JigyosyoCd=2493000133-00&ServiceCd=780&Type=search", "url2": null }, "geometry": { "type": "Point", "coordinates": [ 130.6089249, 31.7441679 ] } },
{ "type": "Feature", "properties": { "内容": "在宅ケアグループゆうあい【地域密着型通所介護】三重県北牟婁郡紀北町東長島1307－1", "url": "https://www.kaigokensaku.mhlw.go.jp/24/index.php?action_kouhyou_detail_004_kani=true&JigyosyoCd=2473000137-00&ServiceCd=780&Type=search", "url2": "http://yuai2002.com/" }, "geometry": { "type": "Point", "coordinates": [ 136.327273221832456, 34.219605687914992 ] } },
{ "type": "Feature", "properties": { "内容": "デイサービスセンター道【地域密着型通所介護】三重県北牟婁郡紀北町相賀字仲田265-1", "url": "https://www.kaigokensaku.mhlw.go.jp/24/index.php?action_kouhyou_detail_004_kani=true&JigyosyoCd=2473000301-00&ServiceCd=780&Type=search", "url2": "http://www.owasechojuen.or.jp/" }, "geometry": { "type": "Point", "coordinates": [ 136.226232799999906, 34.1125097 ] } },
{ "type": "Feature", "properties": { "内容": "リハビリデイサービスなごみ【地域密着型通所介護】三重県北牟婁郡紀北町東長島638-11", "url": "https://www.kaigokensaku.mhlw.go.jp/24/index.php?action_kouhyou_detail_004_kani=true&JigyosyoCd=2493000125-00&ServiceCd=780&Type=search", "url2": null }, "geometry": { "type": "Point", "coordinates": [ 136.3264926, 34.1995694 ] } },
{ "type": "Feature", "properties": { "内容": "おろし複合福祉施設つどい【地域密着型通所介護】上野下尾崎２４０－２", "url": "https://www.kaigokensaku.mhlw.go.jp/24/index.php?action_kouhyou_detail_004_kani=true&JigyosyoCd=2473100481-00&ServiceCd=780&Type=search", "url2": "orositudoi@zd.ne.jp" }, "geometry": { "type": "Point", "coordinates": [ 139.77421830000003, 35.7089183 ] } },
{ "type": "Feature", "properties": { "内容": "リハビリデイツドイ【地域密着型通所介護】三重県南牟婁郡御浜町阿田和4926-5パーク七里御浜ショッピングモール2F", "url": "https://www.kaigokensaku.mhlw.go.jp/24/index.php?action_kouhyou_detail_004_kani=true&JigyosyoCd=2493100099-00&ServiceCd=780&Type=search", "url2": null }, "geometry": { "type": "Point", "coordinates": [ 136.0424909, 33.8028845 ] } },
{ "type": "Feature", "properties": { "内容": "デイサービスひなた【地域密着型通所介護】三重県南牟婁郡御浜町大字阿田和１７５３番地", "url": "https://www.kaigokensaku.mhlw.go.jp/24/index.php?action_kouhyou_detail_004_kani=true&JigyosyoCd=2493100073-00&ServiceCd=780&Type=search", "url2": null }, "geometry": { "type": "Point", "coordinates": [ 136.0333594, 33.7976921 ] } },
{ "type": "Feature", "properties": { "内容": "ＮＰＯ法人つどい【地域密着型通所介護】三重県南牟婁郡御浜町大字志原字赤崎平1819番地33", "url": "https://www.kaigokensaku.mhlw.go.jp/24/index.php?action_kouhyou_detail_004_kani=true&JigyosyoCd=2463190013-00&ServiceCd=780&Type=search", "url2": "http://npo-tsudoi.com" }, "geometry": { "type": "Point", "coordinates": [ 136.048724, 33.8144776 ] } },
{ "type": "Feature", "properties": { "内容": "アクアリハトレセンター【地域密着型通所介護】三重県南牟婁郡御浜町阿田和４９２６－５　ピネ１階", "url": "https://www.kaigokensaku.mhlw.go.jp/24/index.php?action_kouhyou_detail_004_kani=true&JigyosyoCd=2473100663-00&ServiceCd=780&Type=search", "url2": null }, "geometry": { "type": "Point", "coordinates": [ 136.0430523, 33.8035786 ] } },
{ "type": "Feature", "properties": { "内容": "井内てとて【地域密着型通所介護】南牟婁郡紀宝町井内字大山409番地５", "url": "https://www.kaigokensaku.mhlw.go.jp/24/index.php?action_kouhyou_detail_004_kani=true&JigyosyoCd=2473100531-00&ServiceCd=780&Type=search", "url2": null }, "geometry": { "type": "Point", "coordinates": [ 135.992249914680571, 33.788203014959599 ] } },
{ "type": "Feature", "properties": { "内容": "宅老所　つどい【地域密着型通所介護】三重県南牟婁郡紀宝町井内509", "url": "https://www.kaigokensaku.mhlw.go.jp/24/index.php?action_kouhyou_detail_004_kani=true&JigyosyoCd=2473100176-00&ServiceCd=780&Type=search", "url2": "http://npo-tsudoi.com" }, "geometry": { "type": "Point", "coordinates": [ 135.988621100000046, 33.786764 ] } },
{ "type": "Feature", "properties": { "内容": "デイサービス紀宝の丘【地域密着型通所介護】三重県南牟婁郡紀宝町井田2389-1", "url": "https://www.kaigokensaku.mhlw.go.jp/24/index.php?action_kouhyou_detail_004_kani=true&JigyosyoCd=2473100507-00&ServiceCd=780&Type=search", "url2": null }, "geometry": { "type": "Point", "coordinates": [ 136.018491400000016, 33.7457745 ] } },
{ "type": "Feature", "properties": { "内容": "デイサービス　いぶき【地域密着型通所介護】三重県南牟婁郡紀宝町鵜殿2178-2", "url": "https://www.kaigokensaku.mhlw.go.jp/24/index.php?action_kouhyou_detail_004_kani=true&JigyosyoCd=2493100081-00&ServiceCd=780&Type=search", "url2": null }, "geometry": { "type": "Point", "coordinates": [ 136.017872821657249, 33.742734695496885 ] } }
]
}
