{
"type": "FeatureCollection",
"name": "geo_24_2",
"crs": { "type": "name", "properties": { "name": "urn:ogc:def:crs:OGC:1.3:CRS84" } },
"features": [
{ "type": "Feature", "properties": { "ID": 2421240000170, "正式名称": "川口整形外科", "機関区分": 2, "都道府県コード": 24, "市区町村コード": 210, "所在地": "三重県亀山市野村４－４－１９", "緯度": 34.856114, "経度": 136.436327, "url": "https://www.iryou.teikyouseido.mhlw.go.jp/znk-web/juminkanja/S2430/initialize?prefCd=24&kikanCd=1240000170&kikanKbn=2", "url2": null, "内容": "川口整形外科【2:診療所】【診療科目:整形外科_リハビリテーション科】三重県亀山市野村４－４－１９" }, "geometry": { "type": "Point", "coordinates": [ 136.436327, 34.856114 ] } },
{ "type": "Feature", "properties": { "ID": 2422240000010, "正式名称": "青木内科", "機関区分": 2, "都道府県コード": 24, "市区町村コード": 205, "所在地": "三重県桑名市新西方２－８２", "緯度": 35.0749, "経度": 136.658077, "url": "https://www.iryou.teikyouseido.mhlw.go.jp/znk-web/juminkanja/S2430/initialize?prefCd=24&kikanCd=2240000010&kikanKbn=2", "url2": "http://www.aoki-naika.jp", "内容": "青木内科【2:診療所】【診療科目:内科_内分泌内科_呼吸器内科_循環器内科_消化器内科_神経内科_リハビリテーション科】三重県桑名市新西方２－８２" }, "geometry": { "type": "Point", "coordinates": [ 136.658077, 35.0749 ] } },
{ "type": "Feature", "properties": { "ID": 2422240000020, "正式名称": "伊勢市休日・夜間応急診療所", "機関区分": 2, "都道府県コード": 24, "市区町村コード": 203, "所在地": "三重県伊勢市八日市場町１３－１", "緯度": 34.489603, "経度": 136.698684, "url": "https://www.iryou.teikyouseido.mhlw.go.jp/znk-web/juminkanja/S2430/initialize?prefCd=24&kikanCd=2240000020&kikanKbn=2", "url2": null, "内容": "伊勢市休日・夜間応急診療所【2:診療所】【診療科目:内科_小児科】三重県伊勢市八日市場町１３－１" }, "geometry": { "type": "Point", "coordinates": [ 136.698684, 34.489603 ] } },
{ "type": "Feature", "properties": { "ID": 2422240000030, "正式名称": "医療法人　創健会　ウエルネス医療クリニック", "機関区分": 2, "都道府県コード": 24, "市区町村コード": 205, "所在地": "三重県桑名市新西方３－２１８", "緯度": 35.072901, "経度": 136.657327, "url": "https://www.iryou.teikyouseido.mhlw.go.jp/znk-web/juminkanja/S2430/initialize?prefCd=24&kikanCd=2240000030&kikanKbn=2", "url2": "http://wellness-medicalclinic.jp/", "内容": "医療法人　創健会　ウエルネス医療クリニック【2:診療所】【診療科目:整形外科_小児科_耳鼻いんこう科_リハビリテーション科】三重県桑名市新西方３－２１８" }, "geometry": { "type": "Point", "coordinates": [ 136.657327, 35.072901 ] } },
{ "type": "Feature", "properties": { "ID": 2422240000040, "正式名称": "医療法人　常磐会　落合クリニック", "機関区分": 2, "都道府県コード": 24, "市区町村コード": 202, "所在地": "三重県四日市市ときわ２－７－８　落合クリニック", "緯度": 34.967855, "経度": 136.594753, "url": "https://www.iryou.teikyouseido.mhlw.go.jp/znk-web/juminkanja/S2430/initialize?prefCd=24&kikanCd=2240000040&kikanKbn=2", "url2": null, "内容": "医療法人　常磐会　落合クリニック【2:診療所】【診療科目:内科_外科_泌尿器科】三重県四日市市ときわ２－７－８　落合クリニック" }, "geometry": { "type": "Point", "coordinates": [ 136.594753, 34.967855 ] } },
{ "type": "Feature", "properties": { "ID": 2422240000060, "正式名称": "みえロコモリウマチクリニック", "機関区分": 2, "都道府県コード": 24, "市区町村コード": 202, "所在地": "三重県四日市市日永１－７－１９", "緯度": 34.953885, "経度": 136.607364, "url": "https://www.iryou.teikyouseido.mhlw.go.jp/znk-web/juminkanja/S2430/initialize?prefCd=24&kikanCd=2240000060&kikanKbn=2", "url2": "https://mie-locomo.com", "内容": "みえロコモリウマチクリニック【2:診療所】【診療科目:整形外科_リウマチ科_リハビリテーション科】三重県四日市市日永１－７－１９" }, "geometry": { "type": "Point", "coordinates": [ 136.607364, 34.953885 ] } },
{ "type": "Feature", "properties": { "ID": 2422240000070, "正式名称": "桑名市応急診療所", "機関区分": 2, "都道府県コード": 24, "市区町村コード": 205, "所在地": "三重県桑名市鍛冶町９番地", "緯度": 35.061625, "経度": 136.69138, "url": "https://www.iryou.teikyouseido.mhlw.go.jp/znk-web/juminkanja/S2430/initialize?prefCd=24&kikanCd=2240000070&kikanKbn=2", "url2": "http://www.kuwana-med.com/", "内容": "桑名市応急診療所【2:診療所】【診療科目:内科_小児科】三重県桑名市鍛冶町９番地" }, "geometry": { "type": "Point", "coordinates": [ 136.69138, 35.061625 ] } },
{ "type": "Feature", "properties": { "ID": 2422240000080, "正式名称": "医療法人　佐藤クリニック", "機関区分": 2, "都道府県コード": 24, "市区町村コード": 202, "所在地": "三重県四日市市中納屋町４－１", "緯度": 34.964272, "経度": 136.634079, "url": "https://www.iryou.teikyouseido.mhlw.go.jp/znk-web/juminkanja/S2430/initialize?prefCd=24&kikanCd=2240000080&kikanKbn=2", "url2": "http://www.myclinic.ne.jp/satok_satok_/pc/", "内容": "医療法人　佐藤クリニック【2:診療所】【診療科目:内科_呼吸器内科_循環器内科_胃腸内科_外科_整形外科_リウマチ科_リハビリテーション科_放射線科】三重県四日市市中納屋町４－１" }, "geometry": { "type": "Point", "coordinates": [ 136.634079, 34.964272 ] } },
{ "type": "Feature", "properties": { "ID": 2422240000100, "正式名称": "鈴鹿市応急診療所", "機関区分": 2, "都道府県コード": 24, "市区町村コード": 207, "所在地": "三重県鈴鹿市西条５－１１８－１", "緯度": 34.877837, "経度": 136.570149, "url": "https://www.iryou.teikyouseido.mhlw.go.jp/znk-web/juminkanja/S2430/initialize?prefCd=24&kikanCd=2240000100&kikanKbn=2", "url2": null, "内容": "鈴鹿市応急診療所【2:診療所】【診療科目:内科_小児科】三重県鈴鹿市西条５－１１８－１" }, "geometry": { "type": "Point", "coordinates": [ 136.570149, 34.877837 ] } },
{ "type": "Feature", "properties": { "ID": 2422240000110, "正式名称": "医療法人　緑の風　千里クリニック", "機関区分": 2, "都道府県コード": 24, "市区町村コード": 201, "所在地": "三重県津市河芸町東千里６－１", "緯度": 34.802844, "経度": 136.551987, "url": "https://www.iryou.teikyouseido.mhlw.go.jp/znk-web/juminkanja/S2430/initialize?prefCd=24&kikanCd=2240000110&kikanKbn=2", "url2": "https://chisato-clinic.jp", "内容": "医療法人　緑の風　千里クリニック【2:診療所】【診療科目:内科_呼吸器内科_循環器内科_外科_小児科】三重県津市河芸町東千里６－１" }, "geometry": { "type": "Point", "coordinates": [ 136.551987, 34.802844 ] } },
{ "type": "Feature", "properties": { "ID": 2422240000120, "正式名称": "津市こども応急クリニック・休日デンタルクリニック", "機関区分": 2, "都道府県コード": 24, "市区町村コード": 201, "所在地": "三重県津市大里窪田町３２７番地１", "緯度": 34.770985, "経度": 136.481383, "url": "https://www.iryou.teikyouseido.mhlw.go.jp/znk-web/juminkanja/S2430/initialize?prefCd=24&kikanCd=2240000120&kikanKbn=2", "url2": "https://www.info.city.tsu.mie.jp/www/contents/1001000000502/index.html", "内容": "津市こども応急クリニック・休日デンタルクリニック【2:診療所】【診療科目:小児科_歯科】三重県津市大里窪田町３２７番地１" }, "geometry": { "type": "Point", "coordinates": [ 136.481383, 34.770985 ] } },
{ "type": "Feature", "properties": { "ID": 2422240000130, "正式名称": "寺本医院", "機関区分": 2, "都道府県コード": 24, "市区町村コード": 343, "所在地": "三重県三重郡朝日町小向９６６－１", "緯度": 35.035349, "経度": 136.6643, "url": "https://www.iryou.teikyouseido.mhlw.go.jp/znk-web/juminkanja/S2430/initialize?prefCd=24&kikanCd=2240000130&kikanKbn=2", "url2": "http://www.teramoto-iin.com/", "内容": "寺本医院【2:診療所】【診療科目:内科_呼吸器内科_循環器内科_外科_整形外科_リハビリテーション科】三重県三重郡朝日町小向９６６－１" }, "geometry": { "type": "Point", "coordinates": [ 136.6643, 35.035349 ] } },
{ "type": "Feature", "properties": { "ID": 2422240000140, "正式名称": "鳥羽市休日・夜間応急診療所", "機関区分": 2, "都道府県コード": 24, "市区町村コード": 211, "所在地": "三重県鳥羽市大明東町２－５　鳥羽市保健福祉センターひだまり", "緯度": 34.470274, "経度": 136.851644, "url": "https://www.iryou.teikyouseido.mhlw.go.jp/znk-web/juminkanja/S2430/initialize?prefCd=24&kikanCd=2240000140&kikanKbn=2", "url2": "http://www.city.toba.mie.jp/kenkou/kyuujitu.html", "内容": "鳥羽市休日・夜間応急診療所【2:診療所】【診療科目:内科_小児科】三重県鳥羽市大明東町２－５　鳥羽市保健福祉センターひだまり" }, "geometry": { "type": "Point", "coordinates": [ 136.851644, 34.470274 ] } },
{ "type": "Feature", "properties": { "ID": 2422240000150, "正式名称": "中野整形外科", "機関区分": 2, "都道府県コード": 24, "市区町村コード": 207, "所在地": "三重県鈴鹿市神戸３－５－１１", "緯度": 34.878142, "経度": 136.582398, "url": "https://www.iryou.teikyouseido.mhlw.go.jp/znk-web/juminkanja/S2430/initialize?prefCd=24&kikanCd=2240000150&kikanKbn=2", "url2": null, "内容": "中野整形外科【2:診療所】【診療科目:整形外科_リハビリテーション科】三重県鈴鹿市神戸３－５－１１" }, "geometry": { "type": "Point", "coordinates": [ 136.582398, 34.878142 ] } },
{ "type": "Feature", "properties": { "ID": 2422240000160, "正式名称": "名張市応急診療所", "機関区分": 2, "都道府県コード": 24, "市区町村コード": 208, "所在地": "三重県名張市朝日町１３６１－４　名張市保健センター", "緯度": 34.62405, "経度": 136.086534, "url": "https://www.iryou.teikyouseido.mhlw.go.jp/znk-web/juminkanja/S2430/initialize?prefCd=24&kikanCd=2240000160&kikanKbn=2", "url2": "http://www.city.nabari.lg.jp/", "内容": "名張市応急診療所【2:診療所】【診療科目:内科】三重県名張市朝日町１３６１－４　名張市保健センター" }, "geometry": { "type": "Point", "coordinates": [ 136.086534, 34.62405 ] } },
{ "type": "Feature", "properties": { "ID": 2422240000170, "正式名称": "津市久居休日応急診療所", "機関区分": 2, "都道府県コード": 24, "市区町村コード": 201, "所在地": "三重県津市久居本町１４００番地２　久居一志地区医師会館内", "緯度": 34.673718, "経度": 136.471555, "url": "https://www.iryou.teikyouseido.mhlw.go.jp/znk-web/juminkanja/S2430/initialize?prefCd=24&kikanCd=2240000170&kikanKbn=2", "url2": "https://www.info.city.tsu.mie.jp/kurashi/bousai-kyuukyuu_syoubou/1003310/1009830/1002983.html", "内容": "津市久居休日応急診療所【2:診療所】【診療科目:内科】三重県津市久居本町１４００番地２　久居一志地区医師会館内" }, "geometry": { "type": "Point", "coordinates": [ 136.471555, 34.673718 ] } },
{ "type": "Feature", "properties": { "ID": 2422240000190, "正式名称": "松阪市休日・夜間応急診療所", "機関区分": 2, "都道府県コード": 24, "市区町村コード": 204, "所在地": "三重県松阪市春日町１－１９　健康センターはるる１階", "緯度": 34.566897, "経度": 136.532277, "url": "https://www.iryou.teikyouseido.mhlw.go.jp/znk-web/juminkanja/S2430/initialize?prefCd=24&kikanCd=2240000190&kikanKbn=2", "url2": "https://www.city.matsusaka.mie.jp/soshiki/24/newkyushin.html", "内容": "松阪市休日・夜間応急診療所【2:診療所】【診療科目:内科_外科_小児科】三重県松阪市春日町１－１９　健康センターはるる１階" }, "geometry": { "type": "Point", "coordinates": [ 136.532277, 34.566897 ] } },
{ "type": "Feature", "properties": { "ID": 2422240000210, "正式名称": "水谷医院", "機関区分": 2, "都道府県コード": 24, "市区町村コード": 202, "所在地": "三重県四日市市山城町１１０７－２", "緯度": 35.034876, "経度": 136.588556, "url": "https://www.iryou.teikyouseido.mhlw.go.jp/znk-web/juminkanja/S2430/initialize?prefCd=24&kikanCd=2240000210&kikanKbn=2", "url2": null, "内容": "水谷医院【2:診療所】【診療科目:内科_整形外科】三重県四日市市山城町１１０７－２" }, "geometry": { "type": "Point", "coordinates": [ 136.588556, 35.034876 ] } },
{ "type": "Feature", "properties": { "ID": 2422240000220, "正式名称": "医療法人　山田内科外科", "機関区分": 2, "都道府県コード": 24, "市区町村コード": 202, "所在地": "三重県四日市市桜町５５４－３", "緯度": 34.995934, "経度": 136.538618, "url": "https://www.iryou.teikyouseido.mhlw.go.jp/znk-web/juminkanja/S2430/initialize?prefCd=24&kikanCd=2240000220&kikanKbn=2", "url2": null, "内容": "医療法人　山田内科外科【2:診療所】【診療科目:内科_外科_整形外科_リハビリテーション科】三重県四日市市桜町５５４－３" }, "geometry": { "type": "Point", "coordinates": [ 136.538618, 34.995934 ] } },
{ "type": "Feature", "properties": { "ID": 2422240000230, "正式名称": "医療法人　ＫＳＯＣ", "機関区分": 2, "都道府県コード": 24, "市区町村コード": 202, "所在地": "三重県四日市市生桑町５８４－４", "緯度": 34.98277, "経度": 136.599169, "url": "https://www.iryou.teikyouseido.mhlw.go.jp/znk-web/juminkanja/S2430/initialize?prefCd=24&kikanCd=2240000230&kikanKbn=2", "url2": "https://www.ksoc.net/hp/", "内容": "医療法人　ＫＳＯＣ【2:診療所】【診療科目:整形外科_リハビリテーション科】三重県四日市市生桑町５８４－４" }, "geometry": { "type": "Point", "coordinates": [ 136.599169, 34.98277 ] } },
{ "type": "Feature", "properties": { "ID": 2422240000240, "正式名称": "四日市市応急診療所", "機関区分": 2, "都道府県コード": 24, "市区町村コード": 202, "所在地": "三重県四日市市西新地１４－２０　消防本部隣", "緯度": 34.970494, "経度": 136.620418, "url": "https://www.iryou.teikyouseido.mhlw.go.jp/znk-web/juminkanja/S2430/initialize?prefCd=24&kikanCd=2240000240&kikanKbn=2", "url2": "https://www.city.yokkaichi.lg.jp/www/contents/1001000001083/index.html", "内容": "四日市市応急診療所【2:診療所】【診療科目:内科_小児科_耳鼻いんこう科】三重県四日市市西新地１４－２０　消防本部隣" }, "geometry": { "type": "Point", "coordinates": [ 136.620418, 34.970494 ] } },
{ "type": "Feature", "properties": { "ID": 2422240000270, "正式名称": "医療法人　昭仁会　青木医院", "機関区分": 2, "都道府県コード": 24, "市区町村コード": 204, "所在地": "三重県松阪市飯南町横野３５３－２", "緯度": 34.471877, "経度": 136.401154, "url": "https://www.iryou.teikyouseido.mhlw.go.jp/znk-web/juminkanja/S2430/initialize?prefCd=24&kikanCd=2240000270&kikanKbn=2", "url2": null, "内容": "医療法人　昭仁会　青木医院【2:診療所】【診療科目:内科_外科_小児科_麻酔科】三重県松阪市飯南町横野３５３－２" }, "geometry": { "type": "Point", "coordinates": [ 136.401154, 34.471877 ] } },
{ "type": "Feature", "properties": { "ID": 2422240000280, "正式名称": "医療法人　赤塚クリニック", "機関区分": 2, "都道府県コード": 24, "市区町村コード": 201, "所在地": "三重県津市芸濃町椋本８９０番地１", "緯度": 34.806397, "経度": 136.426164, "url": "https://www.iryou.teikyouseido.mhlw.go.jp/znk-web/juminkanja/S2430/initialize?prefCd=24&kikanCd=2240000280&kikanKbn=2", "url2": "https://www.akatsuka-clinic.com/", "内容": "医療法人　赤塚クリニック【2:診療所】【診療科目:内科_糖尿病内科_糖尿病・代謝内科_消化器内科】三重県津市芸濃町椋本８９０番地１" }, "geometry": { "type": "Point", "coordinates": [ 136.426164, 34.806397 ] } },
{ "type": "Feature", "properties": { "ID": 2422240000290, "正式名称": "あがわ医院", "機関区分": 2, "都道府県コード": 24, "市区町村コード": 215, "所在地": "三重県志摩市大王町波切１２１０", "緯度": 34.281323, "経度": 136.887789, "url": "https://www.iryou.teikyouseido.mhlw.go.jp/znk-web/juminkanja/S2430/initialize?prefCd=24&kikanCd=2240000290&kikanKbn=2", "url2": null, "内容": "あがわ医院【2:診療所】【診療科目:内科_皮膚科_アレルギー科】三重県志摩市大王町波切１２１０" }, "geometry": { "type": "Point", "coordinates": [ 136.887789, 34.281323 ] } },
{ "type": "Feature", "properties": { "ID": 2422240000300, "正式名称": "あきながレディースクリニック", "機関区分": 2, "都道府県コード": 24, "市区町村コード": 207, "所在地": "三重県鈴鹿市秋永町７８７－３", "緯度": 34.818259, "経度": 136.552542, "url": "https://www.iryou.teikyouseido.mhlw.go.jp/znk-web/juminkanja/S2430/initialize?prefCd=24&kikanCd=2240000300&kikanKbn=2", "url2": null, "内容": "あきながレディースクリニック【2:診療所】【診療科目:内科_産婦人科】三重県鈴鹿市秋永町７８７－３" }, "geometry": { "type": "Point", "coordinates": [ 136.552542, 34.818259 ] } },
{ "type": "Feature", "properties": { "ID": 2422240000320, "正式名称": "浅野整形外科内科", "機関区分": 2, "都道府県コード": 24, "市区町村コード": 216, "所在地": "三重県伊賀市比土字上ノ代３１５８－１", "緯度": 34.675656, "経度": 136.151693, "url": "https://www.iryou.teikyouseido.mhlw.go.jp/znk-web/juminkanja/S2430/initialize?prefCd=24&kikanCd=2240000320&kikanKbn=2", "url2": null, "内容": "浅野整形外科内科【2:診療所】【診療科目:内科_胃腸内科_脳神経外科_整形外科_泌尿器科_リハビリテーション科】三重県伊賀市比土字上ノ代３１５８－１" }, "geometry": { "type": "Point", "coordinates": [ 136.151693, 34.675656 ] } },
{ "type": "Feature", "properties": { "ID": 2422240000330, "正式名称": "飛鳥メディカルクリニック", "機関区分": 2, "都道府県コード": 24, "市区町村コード": 201, "所在地": "三重県津市乙部５－３　フェニックスメディカルセンタービル　１階", "緯度": 34.717186, "経度": 136.516327, "url": "https://www.iryou.teikyouseido.mhlw.go.jp/znk-web/juminkanja/S2430/initialize?prefCd=24&kikanCd=2240000330&kikanKbn=2", "url2": "http://asuka-medical.com/", "内容": "飛鳥メディカルクリニック【2:診療所】【診療科目:内科_呼吸器内科_循環器内科】三重県津市乙部５－３　フェニックスメディカルセンタービル　１階" }, "geometry": { "type": "Point", "coordinates": [ 136.516327, 34.717186 ] } },
{ "type": "Feature", "properties": { "ID": 2422240000340, "正式名称": "東医院", "機関区分": 2, "都道府県コード": 24, "市区町村コード": 441, "所在地": "三重県多気郡多気町相可１０４４", "緯度": 34.503765, "経度": 136.544918, "url": "https://www.iryou.teikyouseido.mhlw.go.jp/znk-web/juminkanja/S2430/initialize?prefCd=24&kikanCd=2240000340&kikanKbn=2", "url2": null, "内容": "東医院【2:診療所】【診療科目:内科_外科_産婦人科】三重県多気郡多気町相可１０４４" }, "geometry": { "type": "Point", "coordinates": [ 136.544918, 34.503765 ] } },
{ "type": "Feature", "properties": { "ID": 2422240000350, "正式名称": "医療法人　熱田小児科クリニック", "機関区分": 2, "都道府県コード": 24, "市区町村コード": 201, "所在地": "三重県津市大倉１１－１５", "緯度": 34.703965, "経度": 136.505023, "url": "https://www.iryou.teikyouseido.mhlw.go.jp/znk-web/juminkanja/S2430/initialize?prefCd=24&kikanCd=2240000350&kikanKbn=2", "url2": "http://atsuta-cl.com", "内容": "医療法人　熱田小児科クリニック【2:診療所】【診療科目:小児科_アレルギー科】三重県津市大倉１１－１５" }, "geometry": { "type": "Point", "coordinates": [ 136.505023, 34.703965 ] } },
{ "type": "Feature", "properties": { "ID": 2422240000360, "正式名称": "医療法人　安濃中央クリニック", "機関区分": 2, "都道府県コード": 24, "市区町村コード": 201, "所在地": "三重県津市安濃町川西３３２", "緯度": 34.757764, "経度": 136.44972, "url": "https://www.iryou.teikyouseido.mhlw.go.jp/znk-web/juminkanja/S2430/initialize?prefCd=24&kikanCd=2240000360&kikanKbn=2", "url2": null, "内容": "医療法人　安濃中央クリニック【2:診療所】【診療科目:内科_呼吸器内科_循環器内科_消化器内科_リハビリテーション科】三重県津市安濃町川西３３２" }, "geometry": { "type": "Point", "coordinates": [ 136.44972, 34.757764 ] } },
{ "type": "Feature", "properties": { "ID": 2422240000370, "正式名称": "天野医院", "機関区分": 2, "都道府県コード": 24, "市区町村コード": 201, "所在地": "三重県津市久居西鷹跡町４７５－３", "緯度": 34.675579, "経度": 136.462611, "url": "https://www.iryou.teikyouseido.mhlw.go.jp/znk-web/juminkanja/S2430/initialize?prefCd=24&kikanCd=2240000370&kikanKbn=2", "url2": null, "内容": "天野医院【2:診療所】【診療科目:内科_胃腸内科_外科_肛門外科】三重県津市久居西鷹跡町４７５－３" }, "geometry": { "type": "Point", "coordinates": [ 136.462611, 34.675579 ] } },
{ "type": "Feature", "properties": { "ID": 2422240000380, "正式名称": "医療法人社団　あめさら耳鼻咽喉科", "機関区分": 2, "都道府県コード": 24, "市区町村コード": 201, "所在地": "三重県津市観音寺町７９９―７　ＴＴＣビル", "緯度": 34.736906, "経度": 136.501244, "url": "https://www.iryou.teikyouseido.mhlw.go.jp/znk-web/juminkanja/S2430/initialize?prefCd=24&kikanCd=2240000380&kikanKbn=2", "url2": "http://amesara.net/", "内容": "医療法人社団　あめさら耳鼻咽喉科【2:診療所】【診療科目:耳鼻いんこう科_アレルギー科】三重県津市観音寺町７９９―７　ＴＴＣビル" }, "geometry": { "type": "Point", "coordinates": [ 136.501244, 34.736906 ] } },
{ "type": "Feature", "properties": { "ID": 2422240000390, "正式名称": "医療法人　コラソン　家田クリニック", "機関区分": 2, "都道府県コード": 24, "市区町村コード": 207, "所在地": "三重県鈴鹿市南江島町５－８", "緯度": 34.838591, "経度": 136.592593, "url": "https://www.iryou.teikyouseido.mhlw.go.jp/znk-web/juminkanja/S2430/initialize?prefCd=24&kikanCd=2240000390&kikanKbn=2", "url2": null, "内容": "医療法人　コラソン　家田クリニック【2:診療所】【診療科目:代謝内科_呼吸器内科_循環器内科_小児科_アレルギー科】三重県鈴鹿市南江島町５－８" }, "geometry": { "type": "Point", "coordinates": [ 136.592593, 34.838591 ] } },
{ "type": "Feature", "properties": { "ID": 2422240000400, "正式名称": "みえ医療福祉生活協同組合　伊賀町診療所", "機関区分": 2, "都道府県コード": 24, "市区町村コード": 205, "所在地": "三重県桑名市伊賀町５５－２", "緯度": 35.059597, "経度": 136.698324, "url": "https://www.iryou.teikyouseido.mhlw.go.jp/znk-web/juminkanja/S2430/initialize?prefCd=24&kikanCd=2240000400&kikanKbn=2", "url2": "http://www.kuwana-healthcoop.or.jp", "内容": "みえ医療福祉生活協同組合　伊賀町診療所【2:診療所】【診療科目:内科】三重県桑名市伊賀町５５－２" }, "geometry": { "type": "Point", "coordinates": [ 136.698324, 35.059597 ] } },
{ "type": "Feature", "properties": { "ID": 2422240000440, "正式名称": "医療法人社団　さかえ会　石橋外科内科", "機関区分": 2, "都道府県コード": 24, "市区町村コード": 203, "所在地": "三重県伊勢市河崎２－１７－１１", "緯度": 34.495269, "経度": 136.715126, "url": "https://www.iryou.teikyouseido.mhlw.go.jp/znk-web/juminkanja/S2430/initialize?prefCd=24&kikanCd=2240000440&kikanKbn=2", "url2": "http://ishibashigekanaika.com/", "内容": "医療法人社団　さかえ会　石橋外科内科【2:診療所】【診療科目:内科_消化器内科_胃腸内科_外科_整形外科_リハビリテーション科_放射線科】三重県伊勢市河崎２－１７－１１" }, "geometry": { "type": "Point", "coordinates": [ 136.715126, 34.495269 ] } },
{ "type": "Feature", "properties": { "ID": 2422240000450, "正式名称": "いせ在宅医療クリニック", "機関区分": 2, "都道府県コード": 24, "市区町村コード": 203, "所在地": "三重県伊勢市御薗町高向９２７", "緯度": 34.498574, "経度": 136.697239, "url": "https://www.iryou.teikyouseido.mhlw.go.jp/znk-web/juminkanja/S2430/initialize?prefCd=24&kikanCd=2240000450&kikanKbn=2", "url2": "http://isezaitaku.com/", "内容": "いせ在宅医療クリニック【2:診療所】【診療科目:内科_精神科_心療内科】三重県伊勢市御薗町高向９２７" }, "geometry": { "type": "Point", "coordinates": [ 136.697239, 34.498574 ] } },
{ "type": "Feature", "properties": { "ID": 2422240000460, "正式名称": "伊勢谷医院", "機関区分": 2, "都道府県コード": 24, "市区町村コード": 201, "所在地": "三重県津市安濃町川西５１－５", "緯度": 34.753209, "経度": 136.452831, "url": "https://www.iryou.teikyouseido.mhlw.go.jp/znk-web/juminkanja/S2430/initialize?prefCd=24&kikanCd=2240000460&kikanKbn=2", "url2": null, "内容": "伊勢谷医院【2:診療所】【診療科目:内科_リハビリテーション科】三重県津市安濃町川西５１－５" }, "geometry": { "type": "Point", "coordinates": [ 136.452831, 34.753209 ] } },
{ "type": "Feature", "properties": { "ID": 2422240000490, "正式名称": "稻上耳鼻咽喉科・気管食道科", "機関区分": 2, "都道府県コード": 24, "市区町村コード": 201, "所在地": "三重県津市河芸町東千里１１１－１", "緯度": 34.799456, "経度": 136.555709, "url": "https://www.iryou.teikyouseido.mhlw.go.jp/znk-web/juminkanja/S2430/initialize?prefCd=24&kikanCd=2240000490&kikanKbn=2", "url2": "http://www.inakami-ent.com/", "内容": "稻上耳鼻咽喉科・気管食道科【2:診療所】【診療科目:頭頸部外科_耳鼻いんこう科_気管食道・耳鼻いんこう科_頭頸部・耳鼻いんこう科】三重県津市河芸町東千里１１１－１" }, "geometry": { "type": "Point", "coordinates": [ 136.555709, 34.799456 ] } },
{ "type": "Feature", "properties": { "ID": 2422240000540, "正式名称": "いのもと医院", "機関区分": 2, "都道府県コード": 24, "市区町村コード": 201, "所在地": "三重県津市白山町南家城８８９－５", "緯度": 34.62472, "経度": 136.319598, "url": "https://www.iryou.teikyouseido.mhlw.go.jp/znk-web/juminkanja/S2430/initialize?prefCd=24&kikanCd=2240000540&kikanKbn=2", "url2": null, "内容": "いのもと医院【2:診療所】【診療科目:内科_小児科】三重県津市白山町南家城８８９－５" }, "geometry": { "type": "Point", "coordinates": [ 136.319598, 34.62472 ] } },
{ "type": "Feature", "properties": { "ID": 2422240000560, "正式名称": "医療法人　井本医院", "機関区分": 2, "都道府県コード": 24, "市区町村コード": 212, "所在地": "三重県熊野市新鹿町６６９－１", "緯度": 33.93068, "経度": 136.143117, "url": "https://www.iryou.teikyouseido.mhlw.go.jp/znk-web/juminkanja/S2430/initialize?prefCd=24&kikanCd=2240000560&kikanKbn=2", "url2": null, "内容": "医療法人　井本医院【2:診療所】【診療科目:内科】三重県熊野市新鹿町６６９－１" }, "geometry": { "type": "Point", "coordinates": [ 136.143117, 33.93068 ] } },
{ "type": "Feature", "properties": { "ID": 2422240000570, "正式名称": "医療法人　高野尾クリニック", "機関区分": 2, "都道府県コード": 24, "市区町村コード": 201, "所在地": "三重県津市高野尾町１８９０―７６", "緯度": 34.800121, "経度": 136.45755, "url": "https://www.iryou.teikyouseido.mhlw.go.jp/znk-web/juminkanja/S2430/initialize?prefCd=24&kikanCd=2240000570&kikanKbn=2", "url2": null, "内容": "医療法人　高野尾クリニック【2:診療所】【診療科目:内科_呼吸器内科_循環器内科_消化器内科_小児科】三重県津市高野尾町１８９０―７６" }, "geometry": { "type": "Point", "coordinates": [ 136.45755, 34.800121 ] } },
{ "type": "Feature", "properties": { "ID": 2422240000580, "正式名称": "医療法人　藤東会　ひがし胃腸科外科", "機関区分": 2, "都道府県コード": 24, "市区町村コード": 205, "所在地": "三重県桑名市藤が丘９－１０９", "緯度": 35.076233, "経度": 136.653688, "url": "https://www.iryou.teikyouseido.mhlw.go.jp/znk-web/juminkanja/S2430/initialize?prefCd=24&kikanCd=2240000580&kikanKbn=2", "url2": "http://higashiclinic.sakura.ne.jp/", "内容": "医療法人　藤東会　ひがし胃腸科外科【2:診療所】【診療科目:内科_胃腸内科_外科_乳腺外科_肛門外科】三重県桑名市藤が丘９－１０９" }, "geometry": { "type": "Point", "coordinates": [ 136.653688, 35.076233 ] } },
{ "type": "Feature", "properties": { "ID": 2422240000600, "正式名称": "岩花内科", "機関区分": 2, "都道府県コード": 24, "市区町村コード": 324, "所在地": "三重県員弁郡東員町六把野新田１２１－２", "緯度": 35.08051, "経度": 136.592304, "url": "https://www.iryou.teikyouseido.mhlw.go.jp/znk-web/juminkanja/S2430/initialize?prefCd=24&kikanCd=2240000600&kikanKbn=2", "url2": null, "内容": "岩花内科【2:診療所】【診療科目:内科_呼吸器内科_循環器内科_胃腸内科】三重県員弁郡東員町六把野新田１２１－２" }, "geometry": { "type": "Point", "coordinates": [ 136.592304, 35.08051 ] } },
{ "type": "Feature", "properties": { "ID": 2422240000630, "正式名称": "医療法人　相信会　上島小児科", "機関区分": 2, "都道府県コード": 24, "市区町村コード": 201, "所在地": "三重県津市新町２－７－２８", "緯度": 34.719019, "経度": 136.493051, "url": "https://www.iryou.teikyouseido.mhlw.go.jp/znk-web/juminkanja/S2430/initialize?prefCd=24&kikanCd=2240000630&kikanKbn=2", "url2": "http://uejima-kids.com", "内容": "医療法人　相信会　上島小児科【2:診療所】【診療科目:小児科】三重県津市新町２－７－２８" }, "geometry": { "type": "Point", "coordinates": [ 136.493051, 34.719019 ] } },
{ "type": "Feature", "properties": { "ID": 2422240000690, "正式名称": "宇野胃腸内科脳神経内科", "機関区分": 2, "都道府県コード": 24, "市区町村コード": 204, "所在地": "三重県松阪市市場庄町１１０５－３", "緯度": 34.602754, "経度": 136.51661, "url": "https://www.iryou.teikyouseido.mhlw.go.jp/znk-web/juminkanja/S2430/initialize?prefCd=24&kikanCd=2240000690&kikanKbn=2", "url2": "https://iitomokai.jp/", "内容": "宇野胃腸内科脳神経内科【2:診療所】【診療科目:内科_脳神経内科_胃腸内科】三重県松阪市市場庄町１１０５－３" }, "geometry": { "type": "Point", "coordinates": [ 136.51661, 34.602754 ] } },
{ "type": "Feature", "properties": { "ID": 2422240000700, "正式名称": "医療法人　浦田内科クリニック", "機関区分": 2, "都道府県コード": 24, "市区町村コード": 207, "所在地": "三重県鈴鹿市国府町１５２０－６", "緯度": 34.85331, "経度": 136.505238, "url": "https://www.iryou.teikyouseido.mhlw.go.jp/znk-web/juminkanja/S2430/initialize?prefCd=24&kikanCd=2240000700&kikanKbn=2", "url2": null, "内容": "医療法人　浦田内科クリニック【2:診療所】【診療科目:内科_循環器内科_消化器内科_小児科_心療内科_リハビリテーション科】三重県鈴鹿市国府町１５２０－６" }, "geometry": { "type": "Point", "coordinates": [ 136.505238, 34.85331 ] } },
{ "type": "Feature", "properties": { "ID": 2422240000710, "正式名称": "大川耳鼻咽喉科", "機関区分": 2, "都道府県コード": 24, "市区町村コード": 201, "所在地": "三重県津市中央１８－８", "緯度": 34.721463, "経度": 136.510327, "url": "https://www.iryou.teikyouseido.mhlw.go.jp/znk-web/juminkanja/S2430/initialize?prefCd=24&kikanCd=2240000710&kikanKbn=2", "url2": "http://www.ohkawa-jibika.com/", "内容": "大川耳鼻咽喉科【2:診療所】【診療科目:耳鼻いんこう科_アレルギー科】三重県津市中央１８－８" }, "geometry": { "type": "Point", "coordinates": [ 136.510327, 34.721463 ] } },
{ "type": "Feature", "properties": { "ID": 2422240000720, "正式名称": "おおたクリニック", "機関区分": 2, "都道府県コード": 24, "市区町村コード": 204, "所在地": "三重県松阪市下村町９９３", "緯度": 34.552649, "経度": 136.54511, "url": "https://www.iryou.teikyouseido.mhlw.go.jp/znk-web/juminkanja/S2430/initialize?prefCd=24&kikanCd=2240000720&kikanKbn=2", "url2": "https://www.oota-cli.jp/", "内容": "おおたクリニック【2:診療所】【診療科目:内科_消化器内科_外科_血管外科】三重県松阪市下村町９９３" }, "geometry": { "type": "Point", "coordinates": [ 136.54511, 34.552649 ] } },
{ "type": "Feature", "properties": { "ID": 2422240000730, "正式名称": "大石産婦人科医院", "機関区分": 2, "都道府県コード": 24, "市区町村コード": 212, "所在地": "三重県熊野市有馬町２０１", "緯度": 33.878018, "経度": 136.090179, "url": "https://www.iryou.teikyouseido.mhlw.go.jp/znk-web/juminkanja/S2430/initialize?prefCd=24&kikanCd=2240000730&kikanKbn=2", "url2": null, "内容": "大石産婦人科医院【2:診療所】【診療科目:産婦人科】三重県熊野市有馬町２０１" }, "geometry": { "type": "Point", "coordinates": [ 136.090179, 33.878018 ] } },
{ "type": "Feature", "properties": { "ID": 2422240000760, "正式名称": "岡田整形外科", "機関区分": 2, "都道府県コード": 24, "市区町村コード": 203, "所在地": "三重県伊勢市小木町６８０―１", "緯度": 34.506157, "経度": 136.726958, "url": "https://www.iryou.teikyouseido.mhlw.go.jp/znk-web/juminkanja/S2430/initialize?prefCd=24&kikanCd=2240000760&kikanKbn=2", "url2": null, "内容": "岡田整形外科【2:診療所】【診療科目:整形外科】三重県伊勢市小木町６８０―１" }, "geometry": { "type": "Point", "coordinates": [ 136.726958, 34.506157 ] } },
{ "type": "Feature", "properties": { "ID": 2422240000770, "正式名称": "奥田医院", "機関区分": 2, "都道府県コード": 24, "市区町村コード": 201, "所在地": "三重県津市半田１４８１－２", "緯度": 34.705076, "経度": 136.499412, "url": "https://www.iryou.teikyouseido.mhlw.go.jp/znk-web/juminkanja/S2430/initialize?prefCd=24&kikanCd=2240000770&kikanKbn=2", "url2": "https://okuda-iin.com/", "内容": "奥田医院【2:診療所】【診療科目:内科】三重県津市半田１４８１－２" }, "geometry": { "type": "Point", "coordinates": [ 136.499412, 34.705076 ] } },
{ "type": "Feature", "properties": { "ID": 2422240000800, "正式名称": "おざき内科クリニック", "機関区分": 2, "都道府県コード": 24, "市区町村コード": 207, "所在地": "三重県鈴鹿市岡田３－２０－２８", "緯度": 34.880142, "経度": 136.5524, "url": "https://www.iryou.teikyouseido.mhlw.go.jp/znk-web/juminkanja/S2430/initialize?prefCd=24&kikanCd=2240000800&kikanKbn=2", "url2": null, "内容": "おざき内科クリニック【2:診療所】【診療科目:内科_循環器内科_消化器内科_小児科】三重県鈴鹿市岡田３－２０－２８" }, "geometry": { "type": "Point", "coordinates": [ 136.5524, 34.880142 ] } },
{ "type": "Feature", "properties": { "ID": 2422240000810, "正式名称": "医療法人　彰仁会　落合小児科医院", "機関区分": 2, "都道府県コード": 24, "市区町村コード": 210, "所在地": "三重県亀山市東台町１－１７", "緯度": 34.855615, "経度": 136.45827, "url": "https://www.iryou.teikyouseido.mhlw.go.jp/znk-web/juminkanja/S2430/initialize?prefCd=24&kikanCd=2240000810&kikanKbn=2", "url2": "http://ochiai-p.hp4u.jp", "内容": "医療法人　彰仁会　落合小児科医院【2:診療所】【診療科目:小児科_アレルギー科】三重県亀山市東台町１－１７" }, "geometry": { "type": "Point", "coordinates": [ 136.45827, 34.855615 ] } },
{ "type": "Feature", "properties": { "ID": 2422240000830, "正式名称": "越智医院", "機関区分": 2, "都道府県コード": 24, "市区町村コード": 203, "所在地": "三重県伊勢市小俣町明野７２６－１", "緯度": 34.524376, "経度": 136.667601, "url": "https://www.iryou.teikyouseido.mhlw.go.jp/znk-web/juminkanja/S2430/initialize?prefCd=24&kikanCd=2240000830&kikanKbn=2", "url2": null, "内容": "越智医院【2:診療所】【診療科目:内科_外科_小児科】三重県伊勢市小俣町明野７２６－１" }, "geometry": { "type": "Point", "coordinates": [ 136.667601, 34.524376 ] } },
{ "type": "Feature", "properties": { "ID": 2422240000840, "正式名称": "医療法人　尾池整形外科", "機関区分": 2, "都道府県コード": 24, "市区町村コード": 207, "所在地": "三重県鈴鹿市中江島町１４－１８", "緯度": 34.842091, "経度": 136.59512, "url": "https://www.iryou.teikyouseido.mhlw.go.jp/znk-web/juminkanja/S2430/initialize?prefCd=24&kikanCd=2240000840&kikanKbn=2", "url2": null, "内容": "医療法人　尾池整形外科【2:診療所】【診療科目:整形外科_リウマチ科_リハビリテーション科】三重県鈴鹿市中江島町１４－１８" }, "geometry": { "type": "Point", "coordinates": [ 136.59512, 34.842091 ] } },
{ "type": "Feature", "properties": { "ID": 2422240000870, "正式名称": "小原産婦人科", "機関区分": 2, "都道府県コード": 24, "市区町村コード": 203, "所在地": "三重県伊勢市宮後１－５－３", "緯度": 34.492102, "経度": 136.706822, "url": "https://www.iryou.teikyouseido.mhlw.go.jp/znk-web/juminkanja/S2430/initialize?prefCd=24&kikanCd=2240000870&kikanKbn=2", "url2": "http://www.ohara-lc.jp/", "内容": "小原産婦人科【2:診療所】【診療科目:産婦人科】三重県伊勢市宮後１－５－３" }, "geometry": { "type": "Point", "coordinates": [ 136.706822, 34.492102 ] } },
{ "type": "Feature", "properties": { "ID": 2422240000880, "正式名称": "医療法人　スワン　カイバナ眼科クリニック", "機関区分": 2, "都道府県コード": 24, "市区町村コード": 204, "所在地": "三重県松阪市垣鼻町１６３８", "緯度": 34.564036, "経度": 136.538221, "url": "https://www.iryou.teikyouseido.mhlw.go.jp/znk-web/juminkanja/S2430/initialize?prefCd=24&kikanCd=2240000880&kikanKbn=2", "url2": "https://www.swan-kg.com/", "内容": "医療法人　スワン　カイバナ眼科クリニック【2:診療所】【診療科目:形成外科_美容外科_眼科_皮膚科_美容皮膚科_アレルギー科】三重県松阪市垣鼻町１６３８" }, "geometry": { "type": "Point", "coordinates": [ 136.538221, 34.564036 ] } },
{ "type": "Feature", "properties": { "ID": 2422240000890, "正式名称": "医療法人かとう耳鼻咽喉科", "機関区分": 2, "都道府県コード": 24, "市区町村コード": 203, "所在地": "三重県伊勢市小木町１８３―１", "緯度": 34.504879, "経度": 136.725236, "url": "https://www.iryou.teikyouseido.mhlw.go.jp/znk-web/juminkanja/S2430/initialize?prefCd=24&kikanCd=2240000890&kikanKbn=2", "url2": "http://kato-ent-clinic.com/", "内容": "医療法人かとう耳鼻咽喉科【2:診療所】【診療科目:耳鼻いんこう科】三重県伊勢市小木町１８３―１" }, "geometry": { "type": "Point", "coordinates": [ 136.725236, 34.504879 ] } },
{ "type": "Feature", "properties": { "ID": 2422240000910, "正式名称": "かとう小児科医院", "機関区分": 2, "都道府県コード": 24, "市区町村コード": 208, "所在地": "三重県名張市桔梗が丘５番町２－４８", "緯度": 34.641937, "経度": 136.126113, "url": "https://www.iryou.teikyouseido.mhlw.go.jp/znk-web/juminkanja/S2430/initialize?prefCd=24&kikanCd=2240000910&kikanKbn=2", "url2": "https://www.nabari.katou-shonika.com/", "内容": "かとう小児科医院【2:診療所】【診療科目:小児科_アレルギー科】三重県名張市桔梗が丘５番町２－４８" }, "geometry": { "type": "Point", "coordinates": [ 136.126113, 34.641937 ] } },
{ "type": "Feature", "properties": { "ID": 2422240000940, "正式名称": "医療法人　角前胃腸科医院", "機関区分": 2, "都道府県コード": 24, "市区町村コード": 203, "所在地": "三重県伊勢市藤里町６９８－１５", "緯度": 34.480076, "経度": 136.709183, "url": "https://www.iryou.teikyouseido.mhlw.go.jp/znk-web/juminkanja/S2430/initialize?prefCd=24&kikanCd=2240000940&kikanKbn=2", "url2": "http://www.kadomae-ichoka.jp/", "内容": "医療法人　角前胃腸科医院【2:診療所】【診療科目:内科_消化器内科_外科】三重県伊勢市藤里町６９８－１５" }, "geometry": { "type": "Point", "coordinates": [ 136.709183, 34.480076 ] } },
{ "type": "Feature", "properties": { "ID": 2422240000950, "正式名称": "金子眼科", "機関区分": 2, "都道府県コード": 24, "市区町村コード": 203, "所在地": "三重県伊勢市吹上１－５－６", "緯度": 34.489492, "経度": 136.708683, "url": "https://www.iryou.teikyouseido.mhlw.go.jp/znk-web/juminkanja/S2430/initialize?prefCd=24&kikanCd=2240000950&kikanKbn=2", "url2": "http://kanekoganka-ise.com/", "内容": "金子眼科【2:診療所】【診療科目:眼科】三重県伊勢市吹上１－５－６" }, "geometry": { "type": "Point", "coordinates": [ 136.708683, 34.489492 ] } },
{ "type": "Feature", "properties": { "ID": 2422240000970, "正式名称": "医療法人　河口外科", "機関区分": 2, "都道府県コード": 24, "市区町村コード": 203, "所在地": "三重県伊勢市神田久志本町１５３９－６", "緯度": 34.49102, "経度": 136.731209, "url": "https://www.iryou.teikyouseido.mhlw.go.jp/znk-web/juminkanja/S2430/initialize?prefCd=24&kikanCd=2240000970&kikanKbn=2", "url2": "http://www.kawaguchi-geka.jp/", "内容": "医療法人　河口外科【2:診療所】【診療科目:外科_整形外科_リウマチ科_リハビリテーション科】三重県伊勢市神田久志本町１５３９－６" }, "geometry": { "type": "Point", "coordinates": [ 136.731209, 34.49102 ] } },
{ "type": "Feature", "properties": { "ID": 2422240000980, "正式名称": "川口耳鼻咽喉科", "機関区分": 2, "都道府県コード": 24, "市区町村コード": 201, "所在地": "三重県津市野田３３－１", "緯度": 34.722379, "経度": 136.468303, "url": "https://www.iryou.teikyouseido.mhlw.go.jp/znk-web/juminkanja/S2430/initialize?prefCd=24&kikanCd=2240000980&kikanKbn=2", "url2": null, "内容": "川口耳鼻咽喉科【2:診療所】【診療科目:耳鼻いんこう科】三重県津市野田３３－１" }, "geometry": { "type": "Point", "coordinates": [ 136.468303, 34.722379 ] } },
{ "type": "Feature", "properties": { "ID": 2422240000990, "正式名称": "川口内科", "機関区分": 2, "都道府県コード": 24, "市区町村コード": 202, "所在地": "三重県四日市市川原町８－１４", "緯度": 34.972966, "経度": 136.630278, "url": "https://www.iryou.teikyouseido.mhlw.go.jp/znk-web/juminkanja/S2430/initialize?prefCd=24&kikanCd=2240000990&kikanKbn=2", "url2": null, "内容": "川口内科【2:診療所】【診療科目:内科】三重県四日市市川原町８－１４" }, "geometry": { "type": "Point", "coordinates": [ 136.630278, 34.972966 ] } },
{ "type": "Feature", "properties": { "ID": 2422240001000, "正式名称": "医療法人社団　さわらび会　河崎クリニック", "機関区分": 2, "都道府県コード": 24, "市区町村コード": 203, "所在地": "三重県伊勢市河崎１－９－３７", "緯度": 34.495519, "経度": 136.713876, "url": "https://www.iryou.teikyouseido.mhlw.go.jp/znk-web/juminkanja/S2430/initialize?prefCd=24&kikanCd=2240001000&kikanKbn=2", "url2": "http://www.kawasakiclinic.jp/", "内容": "医療法人社団　さわらび会　河崎クリニック【2:診療所】【診療科目:眼科_耳鼻いんこう科】三重県伊勢市河崎１－９－３７" }, "geometry": { "type": "Point", "coordinates": [ 136.713876, 34.495519 ] } },
{ "type": "Feature", "properties": { "ID": 2422240001010, "正式名称": "医療法人　川浪内科", "機関区分": 2, "都道府県コード": 24, "市区町村コード": 201, "所在地": "三重県津市八町２－１５－９", "緯度": 34.719963, "経度": 136.497245, "url": "https://www.iryou.teikyouseido.mhlw.go.jp/znk-web/juminkanja/S2430/initialize?prefCd=24&kikanCd=2240001010&kikanKbn=2", "url2": null, "内容": "医療法人　川浪内科【2:診療所】【診療科目:内科_循環器内科】三重県津市八町２－１５－９" }, "geometry": { "type": "Point", "coordinates": [ 136.497245, 34.719963 ] } },
{ "type": "Feature", "properties": { "ID": 2422240001020, "正式名称": "河村クリニック", "機関区分": 2, "都道府県コード": 24, "市区町村コード": 201, "所在地": "三重県津市津興四ツ辻２９１１－２", "緯度": 34.700938, "経度": 136.510856, "url": "https://www.iryou.teikyouseido.mhlw.go.jp/znk-web/juminkanja/S2430/initialize?prefCd=24&kikanCd=2240001020&kikanKbn=2", "url2": null, "内容": "河村クリニック【2:診療所】【診療科目:内科_胃腸内科_外科_肛門外科】三重県津市津興四ツ辻２９１１－２" }, "geometry": { "type": "Point", "coordinates": [ 136.510856, 34.700938 ] } },
{ "type": "Feature", "properties": { "ID": 2422240001040, "正式名称": "神戸クリニック", "機関区分": 2, "都道府県コード": 24, "市区町村コード": 461, "所在地": "三重県度会郡玉城町佐田５００－１", "緯度": 34.485213, "経度": 136.641994, "url": "https://www.iryou.teikyouseido.mhlw.go.jp/znk-web/juminkanja/S2430/initialize?prefCd=24&kikanCd=2240001040&kikanKbn=2", "url2": "https://kanbe-clinic.com/", "内容": "神戸クリニック【2:診療所】【診療科目:内科_外科】三重県度会郡玉城町佐田５００－１" }, "geometry": { "type": "Point", "coordinates": [ 136.641994, 34.485213 ] } },
{ "type": "Feature", "properties": { "ID": 2422240001070, "正式名称": "草川医院", "機関区分": 2, "都道府県コード": 24, "市区町村コード": 201, "所在地": "三重県津市大里窪田町１７３５－１", "緯度": 34.770791, "経度": 136.491382, "url": "https://www.iryou.teikyouseido.mhlw.go.jp/znk-web/juminkanja/S2430/initialize?prefCd=24&kikanCd=2240001070&kikanKbn=2", "url2": null, "内容": "草川医院【2:診療所】【診療科目:内科_消化器内科_外科】三重県津市大里窪田町１７３５－１" }, "geometry": { "type": "Point", "coordinates": [ 136.491382, 34.770791 ] } },
{ "type": "Feature", "properties": { "ID": 2422240001080, "正式名称": "串整形外科", "機関区分": 2, "都道府県コード": 24, "市区町村コード": 204, "所在地": "三重県松阪市殿町１１８９－１３", "緯度": 34.571257, "経度": 136.526583, "url": "https://www.iryou.teikyouseido.mhlw.go.jp/znk-web/juminkanja/S2430/initialize?prefCd=24&kikanCd=2240001080&kikanKbn=2", "url2": null, "内容": "串整形外科【2:診療所】【診療科目:整形外科_リハビリテーション科】三重県松阪市殿町１１８９－１３" }, "geometry": { "type": "Point", "coordinates": [ 136.526583, 34.571257 ] } },
{ "type": "Feature", "properties": { "ID": 2422240001090, "正式名称": "医療法人社団　久瀬医院", "機関区分": 2, "都道府県コード": 24, "市区町村コード": 461, "所在地": "三重県度会郡玉城町佐田１７５０", "緯度": 34.485741, "経度": 136.640883, "url": "https://www.iryou.teikyouseido.mhlw.go.jp/znk-web/juminkanja/S2430/initialize?prefCd=24&kikanCd=2240001090&kikanKbn=2", "url2": "https://www.kuze-clinic.com", "内容": "医療法人社団　久瀬医院【2:診療所】【診療科目:内科_外科_眼科】三重県度会郡玉城町佐田１７５０" }, "geometry": { "type": "Point", "coordinates": [ 136.640883, 34.485741 ] } },
{ "type": "Feature", "properties": { "ID": 2422240001120, "正式名称": "熊野市立　荒坂診療所", "機関区分": 2, "都道府県コード": 24, "市区町村コード": 212, "所在地": "三重県熊野市二木島町３４９", "緯度": 33.93793, "経度": 136.180252, "url": "https://www.iryou.teikyouseido.mhlw.go.jp/znk-web/juminkanja/S2430/initialize?prefCd=24&kikanCd=2240001120&kikanKbn=2", "url2": null, "内容": "熊野市立　荒坂診療所【2:診療所】【診療科目:内科_呼吸器内科_消化器内科_アレルギー科】三重県熊野市二木島町３４９" }, "geometry": { "type": "Point", "coordinates": [ 136.180252, 33.93793 ] } },
{ "type": "Feature", "properties": { "ID": 2422240001130, "正式名称": "黒川医院", "機関区分": 2, "都道府県コード": 24, "市区町村コード": 201, "所在地": "三重県津市安濃町粟加２１１", "緯度": 34.769763, "経度": 136.443331, "url": "https://www.iryou.teikyouseido.mhlw.go.jp/znk-web/juminkanja/S2430/initialize?prefCd=24&kikanCd=2240001130&kikanKbn=2", "url2": null, "内容": "黒川医院【2:診療所】【診療科目:内科】三重県津市安濃町粟加２１１" }, "geometry": { "type": "Point", "coordinates": [ 136.443331, 34.769763 ] } },
{ "type": "Feature", "properties": { "ID": 2422240001140, "正式名称": "黒田クリニック", "機関区分": 2, "都道府県コード": 24, "市区町村コード": 207, "所在地": "三重県鈴鹿市平田東町１３－２６", "緯度": 34.877475, "経度": 136.543929, "url": "https://www.iryou.teikyouseido.mhlw.go.jp/znk-web/juminkanja/S2430/initialize?prefCd=24&kikanCd=2240001140&kikanKbn=2", "url2": null, "内容": "黒田クリニック【2:診療所】【診療科目:内科_消化器内科_外科_肛門外科】三重県鈴鹿市平田東町１３－２６" }, "geometry": { "type": "Point", "coordinates": [ 136.543929, 34.877475 ] } },
{ "type": "Feature", "properties": { "ID": 2422240001160, "正式名称": "医療法人　信和会　上津台小児科クリニック", "機関区分": 2, "都道府県コード": 24, "市区町村コード": 201, "所在地": "三重県津市一身田上津部田１５０４－１６", "緯度": 34.743738, "経度": 136.493856, "url": "https://www.iryou.teikyouseido.mhlw.go.jp/znk-web/juminkanja/S2430/initialize?prefCd=24&kikanCd=2240001160&kikanKbn=2", "url2": "http://www.kodomo-clinic.jp/", "内容": "医療法人　信和会　上津台小児科クリニック【2:診療所】【診療科目:小児科】三重県津市一身田上津部田１５０４－１６" }, "geometry": { "type": "Point", "coordinates": [ 136.493856, 34.743738 ] } },
{ "type": "Feature", "properties": { "ID": 2422240001180, "正式名称": "こにし内科", "機関区分": 2, "都道府県コード": 24, "市区町村コード": 204, "所在地": "三重県松阪市伊勢寺町２９２７－１", "緯度": 34.576839, "経度": 136.483281, "url": "https://www.iryou.teikyouseido.mhlw.go.jp/znk-web/juminkanja/S2430/initialize?prefCd=24&kikanCd=2240001180&kikanKbn=2", "url2": "https://www.matunishi41.com/", "内容": "こにし内科【2:診療所】【診療科目:内科】三重県松阪市伊勢寺町２９２７－１" }, "geometry": { "type": "Point", "coordinates": [ 136.483281, 34.576839 ] } },
{ "type": "Feature", "properties": { "ID": 2422240001190, "正式名称": "医療法人　清隆会　小西皮ふ科", "機関区分": 2, "都道府県コード": 24, "市区町村コード": 204, "所在地": "三重県松阪市南町２３８－１", "緯度": 34.568841, "経度": 136.533194, "url": "https://www.iryou.teikyouseido.mhlw.go.jp/znk-web/juminkanja/S2430/initialize?prefCd=24&kikanCd=2240001190&kikanKbn=2", "url2": "https://konishi-hifuka.jp", "内容": "医療法人　清隆会　小西皮ふ科【2:診療所】【診療科目:小児皮膚科_皮膚科_美容皮膚科_アレルギー科】三重県松阪市南町２３８－１" }, "geometry": { "type": "Point", "coordinates": [ 136.533194, 34.568841 ] } },
{ "type": "Feature", "properties": { "ID": 2422240001200, "正式名称": "近藤クリニック", "機関区分": 2, "都道府県コード": 24, "市区町村コード": 204, "所在地": "三重県松阪市船江町５３２", "緯度": 34.586672, "経度": 136.519194, "url": "https://www.iryou.teikyouseido.mhlw.go.jp/znk-web/juminkanja/S2430/initialize?prefCd=24&kikanCd=2240001200&kikanKbn=2", "url2": null, "内容": "近藤クリニック【2:診療所】【診療科目:内科_泌尿器科】三重県松阪市船江町５３２" }, "geometry": { "type": "Point", "coordinates": [ 136.519194, 34.586672 ] } },
{ "type": "Feature", "properties": { "ID": 2422240001220, "正式名称": "今野眼科", "機関区分": 2, "都道府県コード": 24, "市区町村コード": 201, "所在地": "三重県津市中央１１－３", "緯度": 34.720908, "経度": 136.5083, "url": "https://www.iryou.teikyouseido.mhlw.go.jp/znk-web/juminkanja/S2430/initialize?prefCd=24&kikanCd=2240001220&kikanKbn=2", "url2": "konnoganka.net", "内容": "今野眼科【2:診療所】【診療科目:眼科】三重県津市中央１１－３" }, "geometry": { "type": "Point", "coordinates": [ 136.5083, 34.720908 ] } },
{ "type": "Feature", "properties": { "ID": 2422240001230, "正式名称": "医療法人社団　医心会　齋木内科", "機関区分": 2, "都道府県コード": 24, "市区町村コード": 215, "所在地": "三重県志摩市阿児町鵜方１２０６－４", "緯度": 34.331455, "経度": 136.81932, "url": "https://www.iryou.teikyouseido.mhlw.go.jp/znk-web/juminkanja/S2430/initialize?prefCd=24&kikanCd=2240001230&kikanKbn=2", "url2": "https://itp.ne.jp/info/243240771300000899/", "内容": "医療法人社団　医心会　齋木内科【2:診療所】【診療科目:内科_循環器内科_消化器内科】三重県志摩市阿児町鵜方１２０６－４" }, "geometry": { "type": "Point", "coordinates": [ 136.81932, 34.331455 ] } },
{ "type": "Feature", "properties": { "ID": 2422240001240, "正式名称": "さいとう内科", "機関区分": 2, "都道府県コード": 24, "市区町村コード": 201, "所在地": "三重県津市新東町塔世２３", "緯度": 34.72213, "経度": 136.514049, "url": "https://www.iryou.teikyouseido.mhlw.go.jp/znk-web/juminkanja/S2430/initialize?prefCd=24&kikanCd=2240001240&kikanKbn=2", "url2": null, "内容": "さいとう内科【2:診療所】【診療科目:内科_胃腸内科】三重県津市新東町塔世２３" }, "geometry": { "type": "Point", "coordinates": [ 136.514049, 34.72213 ] } },
{ "type": "Feature", "properties": { "ID": 2422240001250, "正式名称": "医療法人社団　医聖会　坂井橋クリニック", "機関区分": 2, "都道府県コード": 24, "市区町村コード": 205, "所在地": "三重県桑名市星川１０１１－１", "緯度": 35.062873, "経度": 136.633663, "url": "https://www.iryou.teikyouseido.mhlw.go.jp/znk-web/juminkanja/S2430/initialize?prefCd=24&kikanCd=2240001250&kikanKbn=2", "url2": "http://www.sakaibashi-clinic.or.jp/", "内容": "医療法人社団　医聖会　坂井橋クリニック【2:診療所】【診療科目:内科_糖尿病内科_循環器内科_外科_小児科_リウマチ科】三重県桑名市星川１０１１－１" }, "geometry": { "type": "Point", "coordinates": [ 136.633663, 35.062873 ] } },
{ "type": "Feature", "properties": { "ID": 2422240001260, "正式名称": "医療法人　社団万年青会　坂口医院", "機関区分": 2, "都道府県コード": 24, "市区町村コード": 201, "所在地": "三重県津市垂水１８８９－３０", "緯度": 34.684412, "経度": 136.503413, "url": "https://www.iryou.teikyouseido.mhlw.go.jp/znk-web/juminkanja/S2430/initialize?prefCd=24&kikanCd=2240001260&kikanKbn=2", "url2": "http://www.omoto-sakaguchi.net/", "内容": "医療法人　社団万年青会　坂口医院【2:診療所】【診療科目:内科_小児科_皮膚科】三重県津市垂水１８８９－３０" }, "geometry": { "type": "Point", "coordinates": [ 136.503413, 34.684412 ] } },
{ "type": "Feature", "properties": { "ID": 2422240001310, "正式名称": "しのぎ耳鼻咽喉科クリニック", "機関区分": 2, "都道府県コード": 24, "市区町村コード": 201, "所在地": "三重県津市大園町１０－４９", "緯度": 34.715297, "経度": 136.492357, "url": "https://www.iryou.teikyouseido.mhlw.go.jp/znk-web/juminkanja/S2430/initialize?prefCd=24&kikanCd=2240001310&kikanKbn=2", "url2": null, "内容": "しのぎ耳鼻咽喉科クリニック【2:診療所】【診療科目:耳鼻いんこう科】三重県津市大園町１０－４９" }, "geometry": { "type": "Point", "coordinates": [ 136.492357, 34.715297 ] } },
{ "type": "Feature", "properties": { "ID": 2422240001340, "正式名称": "医療法人童心会　志摩こどもの城クリニック", "機関区分": 2, "都道府県コード": 24, "市区町村コード": 215, "所在地": "三重県志摩市阿児町鵜方３００９－２３", "緯度": 34.3284, "経度": 136.836707, "url": "https://www.iryou.teikyouseido.mhlw.go.jp/znk-web/juminkanja/S2430/initialize?prefCd=24&kikanCd=2240001340&kikanKbn=2", "url2": "http://doushinkai.or.jp/shima", "内容": "医療法人童心会　志摩こどもの城クリニック【2:診療所】【診療科目:小児科_皮膚科_アレルギー科】三重県志摩市阿児町鵜方３００９－２３" }, "geometry": { "type": "Point", "coordinates": [ 136.836707, 34.3284 ] } },
{ "type": "Feature", "properties": { "ID": 2422240001350, "正式名称": "医療法人　がまの穂会　清水医院", "機関区分": 2, "都道府県コード": 24, "市区町村コード": 204, "所在地": "三重県松阪市小黒田町２５１－２", "緯度": 34.560231, "経度": 136.515168, "url": "https://www.iryou.teikyouseido.mhlw.go.jp/znk-web/juminkanja/S2430/initialize?prefCd=24&kikanCd=2240001350&kikanKbn=2", "url2": null, "内容": "医療法人　がまの穂会　清水医院【2:診療所】【診療科目:皮膚科】三重県松阪市小黒田町２５１－２" }, "geometry": { "type": "Point", "coordinates": [ 136.515168, 34.560231 ] } },
{ "type": "Feature", "properties": { "ID": 2422240001360, "正式名称": "医療法人　清水眼科", "機関区分": 2, "都道府県コード": 24, "市区町村コード": 216, "所在地": "三重県伊賀市上野寺町１１６５－３", "緯度": 34.766452, "経度": 136.134273, "url": "https://www.iryou.teikyouseido.mhlw.go.jp/znk-web/juminkanja/S2430/initialize?prefCd=24&kikanCd=2240001360&kikanKbn=2", "url2": "http://www.myclinic.ne.jp/shimizuganka/", "内容": "医療法人　清水眼科【2:診療所】【診療科目:眼科】三重県伊賀市上野寺町１１６５－３" }, "geometry": { "type": "Point", "coordinates": [ 136.134273, 34.766452 ] } },
{ "type": "Feature", "properties": { "ID": 2422240001380, "正式名称": "しみずハートクリニック", "機関区分": 2, "都道府県コード": 24, "市区町村コード": 216, "所在地": "三重県伊賀市上野愛宕町１９４０－２", "緯度": 34.760286, "経度": 136.128913, "url": "https://www.iryou.teikyouseido.mhlw.go.jp/znk-web/juminkanja/S2430/initialize?prefCd=24&kikanCd=2240001380&kikanKbn=2", "url2": null, "内容": "しみずハートクリニック【2:診療所】【診療科目:内科_循環器内科】三重県伊賀市上野愛宕町１９４０－２" }, "geometry": { "type": "Point", "coordinates": [ 136.128913, 34.760286 ] } },
{ "type": "Feature", "properties": { "ID": 2422240001390, "正式名称": "医療法人　水明会　すいもん眼科", "機関区分": 2, "都道府県コード": 24, "市区町村コード": 442, "所在地": "三重県多気郡明和町金剛坂８２２－１５", "緯度": 34.531152, "経度": 136.608245, "url": "https://www.iryou.teikyouseido.mhlw.go.jp/znk-web/juminkanja/S2430/initialize?prefCd=24&kikanCd=2240001390&kikanKbn=2", "url2": null, "内容": "医療法人　水明会　すいもん眼科【2:診療所】【診療科目:眼科】三重県多気郡明和町金剛坂８２２－１５" }, "geometry": { "type": "Point", "coordinates": [ 136.608245, 34.531152 ] } },
{ "type": "Feature", "properties": { "ID": 2422240001420, "正式名称": "医療法人　鈴鹿クリニック", "機関区分": 2, "都道府県コード": 24, "市区町村コード": 207, "所在地": "三重県鈴鹿市伊船町２２２９－８", "緯度": 34.91397, "経度": 136.494459, "url": "https://www.iryou.teikyouseido.mhlw.go.jp/znk-web/juminkanja/S2430/initialize?prefCd=24&kikanCd=2240001420&kikanKbn=2", "url2": "http://www.suzukaclinic.jp/", "内容": "医療法人　鈴鹿クリニック【2:診療所】【診療科目:内科_消化器内科_外科_肛門外科_リハビリテーション科】三重県鈴鹿市伊船町２２２９－８" }, "geometry": { "type": "Point", "coordinates": [ 136.494459, 34.91397 ] } },
{ "type": "Feature", "properties": { "ID": 2422240001430, "正式名称": "医療法人　なわて記念会　鈴木レディースクリニック", "機関区分": 2, "都道府県コード": 24, "市区町村コード": 207, "所在地": "三重県鈴鹿市平野町７７４０－１", "緯度": 34.86742, "経度": 136.519126, "url": "https://www.iryou.teikyouseido.mhlw.go.jp/znk-web/juminkanja/S2430/initialize?prefCd=24&kikanCd=2240001430&kikanKbn=2", "url2": "https://slc-mie.com", "内容": "医療法人　なわて記念会　鈴木レディースクリニック【2:診療所】【診療科目:産婦人科_産科_婦人科】三重県鈴鹿市平野町７７４０－１" }, "geometry": { "type": "Point", "coordinates": [ 136.519126, 34.86742 ] } },
{ "type": "Feature", "properties": { "ID": 2422240001480, "正式名称": "医療法人　高見台クリニック", "機関区分": 2, "都道府県コード": 24, "市区町村コード": 202, "所在地": "三重県四日市市高見台１－２２－１", "緯度": 35.062067, "経度": 136.56128, "url": "https://www.iryou.teikyouseido.mhlw.go.jp/znk-web/juminkanja/S2430/initialize?prefCd=24&kikanCd=2240001480&kikanKbn=2", "url2": "https://www.takamidaiclinic.com", "内容": "医療法人　高見台クリニック【2:診療所】【診療科目:内科_循環器内科_外科_小児科_皮膚科_アレルギー科】三重県四日市市高見台１－２２－１" }, "geometry": { "type": "Point", "coordinates": [ 136.56128, 35.062067 ] } },
{ "type": "Feature", "properties": { "ID": 2422240001490, "正式名称": "高見内科", "機関区分": 2, "都道府県コード": 24, "市区町村コード": 203, "所在地": "三重県伊勢市岡本１－４－２５", "緯度": 34.485796, "経度": 136.710416, "url": "https://www.iryou.teikyouseido.mhlw.go.jp/znk-web/juminkanja/S2430/initialize?prefCd=24&kikanCd=2240001490&kikanKbn=2", "url2": "https://takami-clinic-ise.com", "内容": "高見内科【2:診療所】【診療科目:内科_消化器内科_泌尿器科】三重県伊勢市岡本１－４－２５" }, "geometry": { "type": "Point", "coordinates": [ 136.710416, 34.485796 ] } },
{ "type": "Feature", "properties": { "ID": 2422240001520, "正式名称": "たけうち眼科医院", "機関区分": 2, "都道府県コード": 24, "市区町村コード": 203, "所在地": "三重県伊勢市中島２－１－１０　３９ビル　１Ｆ", "緯度": 34.492491, "経度": 136.689823, "url": "https://www.iryou.teikyouseido.mhlw.go.jp/znk-web/juminkanja/S2430/initialize?prefCd=24&kikanCd=2240001520&kikanKbn=2", "url2": null, "内容": "たけうち眼科医院【2:診療所】【診療科目:眼科】三重県伊勢市中島２－１－１０　３９ビル　１Ｆ" }, "geometry": { "type": "Point", "coordinates": [ 136.689823, 34.492491 ] } },
{ "type": "Feature", "properties": { "ID": 2422240001530, "正式名称": "竹島医院", "機関区分": 2, "都道府県コード": 24, "市区町村コード": 207, "所在地": "三重県鈴鹿市神戸２－２１－１５", "緯度": 34.881642, "経度": 136.577703, "url": "https://www.iryou.teikyouseido.mhlw.go.jp/znk-web/juminkanja/S2430/initialize?prefCd=24&kikanCd=2240001530&kikanKbn=2", "url2": null, "内容": "竹島医院【2:診療所】【診療科目:内科_外科】三重県鈴鹿市神戸２－２１－１５" }, "geometry": { "type": "Point", "coordinates": [ 136.577703, 34.881642 ] } },
{ "type": "Feature", "properties": { "ID": 2422240001540, "正式名称": "タナハシ医院", "機関区分": 2, "都道府県コード": 24, "市区町村コード": 201, "所在地": "三重県津市久居本町１３８８", "緯度": 34.673968, "経度": 136.471583, "url": "https://www.iryou.teikyouseido.mhlw.go.jp/znk-web/juminkanja/S2430/initialize?prefCd=24&kikanCd=2240001540&kikanKbn=2", "url2": null, "内容": "タナハシ医院【2:診療所】【診療科目:内科_循環器内科】三重県津市久居本町１３８８" }, "geometry": { "type": "Point", "coordinates": [ 136.471583, 34.673968 ] } },
{ "type": "Feature", "properties": { "ID": 2422240001550, "正式名称": "谷口内科", "機関区分": 2, "都道府県コード": 24, "市区町村コード": 210, "所在地": "三重県亀山市みどり町２６－１", "緯度": 34.871725, "経度": 136.484767, "url": "https://www.iryou.teikyouseido.mhlw.go.jp/znk-web/juminkanja/S2430/initialize?prefCd=24&kikanCd=2240001550&kikanKbn=2", "url2": null, "内容": "谷口内科【2:診療所】【診療科目:内科_呼吸器内科_循環器内科_消化器内科_小児科】三重県亀山市みどり町２６－１" }, "geometry": { "type": "Point", "coordinates": [ 136.484767, 34.871725 ] } },
{ "type": "Feature", "properties": { "ID": 2422240001560, "正式名称": "玉垣医院", "機関区分": 2, "都道府県コード": 24, "市区町村コード": 202, "所在地": "三重県四日市市河原田町２３５５－１", "緯度": 34.915055, "経度": 136.595839, "url": "https://www.iryou.teikyouseido.mhlw.go.jp/znk-web/juminkanja/S2430/initialize?prefCd=24&kikanCd=2240001560&kikanKbn=2", "url2": "http://www.tamagakimedicalclinic.com/", "内容": "玉垣医院【2:診療所】【診療科目:内科_呼吸器内科_循環器内科_消化器内科_小児科】三重県四日市市河原田町２３５５－１" }, "geometry": { "type": "Point", "coordinates": [ 136.595839, 34.915055 ] } },
{ "type": "Feature", "properties": { "ID": 2422240001590, "正式名称": "丹羽眼科", "機関区分": 2, "都道府県コード": 24, "市区町村コード": 205, "所在地": "三重県桑名市三崎通３７", "緯度": 35.066374, "経度": 136.694102, "url": "https://www.iryou.teikyouseido.mhlw.go.jp/znk-web/juminkanja/S2430/initialize?prefCd=24&kikanCd=2240001590&kikanKbn=2", "url2": "http://www.niwa-ganka.com/", "内容": "丹羽眼科【2:診療所】【診療科目:眼科】三重県桑名市三崎通３７" }, "geometry": { "type": "Point", "coordinates": [ 136.694102, 35.066374 ] } },
{ "type": "Feature", "properties": { "ID": 2422240001600, "正式名称": "医療法人社団　津北整形外科", "機関区分": 2, "都道府県コード": 24, "市区町村コード": 201, "所在地": "三重県津市栗真中山町２４８－１", "緯度": 34.758154, "経度": 136.521103, "url": "https://www.iryou.teikyouseido.mhlw.go.jp/znk-web/juminkanja/S2430/initialize?prefCd=24&kikanCd=2240001600&kikanKbn=2", "url2": "tukikaseikei.com", "内容": "医療法人社団　津北整形外科【2:診療所】【診療科目:整形外科_皮膚科_リウマチ科_リハビリテーション科】三重県津市栗真中山町２４８－１" }, "geometry": { "type": "Point", "coordinates": [ 136.521103, 34.758154 ] } },
{ "type": "Feature", "properties": { "ID": 2422240001610, "正式名称": "辻内科", "機関区分": 2, "都道府県コード": 24, "市区町村コード": 201, "所在地": "三重県津市栄町２－３４８", "緯度": 34.731268, "経度": 136.513549, "url": "https://www.iryou.teikyouseido.mhlw.go.jp/znk-web/juminkanja/S2430/initialize?prefCd=24&kikanCd=2240001610&kikanKbn=2", "url2": null, "内容": "辻内科【2:診療所】【診療科目:内科_呼吸器内科_循環器内科_消化器内科_アレルギー科】三重県津市栄町２－３４８" }, "geometry": { "type": "Point", "coordinates": [ 136.513549, 34.731268 ] } },
{ "type": "Feature", "properties": { "ID": 2422240001630, "正式名称": "津田クリニック", "機関区分": 2, "都道府県コード": 24, "市区町村コード": 201, "所在地": "三重県津市久居新町３００６　ポルタひさい２・３階", "緯度": 34.674857, "経度": 136.476832, "url": "https://www.iryou.teikyouseido.mhlw.go.jp/znk-web/juminkanja/S2430/initialize?prefCd=24&kikanCd=2240001630&kikanKbn=2", "url2": "http://www.m-tsuda.com", "内容": "津田クリニック【2:診療所】【診療科目:内科_神経内科_リハビリテーション科】三重県津市久居新町３００６　ポルタひさい２・３階" }, "geometry": { "type": "Point", "coordinates": [ 136.476832, 34.674857 ] } },
{ "type": "Feature", "properties": { "ID": 2422240001640, "正式名称": "医療法人　誠仁会　椿診療所", "機関区分": 2, "都道府県コード": 24, "市区町村コード": 207, "所在地": "三重県鈴鹿市山本町７４７－１１", "緯度": 34.960742, "経度": 136.457432, "url": "https://www.iryou.teikyouseido.mhlw.go.jp/znk-web/juminkanja/S2430/initialize?prefCd=24&kikanCd=2240001640&kikanKbn=2", "url2": null, "内容": "医療法人　誠仁会　椿診療所【2:診療所】【診療科目:内科_皮膚科】三重県鈴鹿市山本町７４７－１１" }, "geometry": { "type": "Point", "coordinates": [ 136.457432, 34.960742 ] } },
{ "type": "Feature", "properties": { "ID": 2422240001650, "正式名称": "医療法人　東海眼科", "機関区分": 2, "都道府県コード": 24, "市区町村コード": 201, "所在地": "三重県津市羽所町３９９", "緯度": 34.735017, "経度": 136.511577, "url": "https://www.iryou.teikyouseido.mhlw.go.jp/znk-web/juminkanja/S2430/initialize?prefCd=24&kikanCd=2240001650&kikanKbn=2", "url2": "https://tokaiganka.or.jp/index.php", "内容": "医療法人　東海眼科【2:診療所】【診療科目:眼科】三重県津市羽所町３９９" }, "geometry": { "type": "Point", "coordinates": [ 136.511577, 34.735017 ] } },
{ "type": "Feature", "properties": { "ID": 2422240001690, "正式名称": "豊里クリニック", "機関区分": 2, "都道府県コード": 24, "市区町村コード": 201, "所在地": "三重県津市豊が丘２丁目４６－３", "緯度": 34.80662, "経度": 136.468355, "url": "https://www.iryou.teikyouseido.mhlw.go.jp/znk-web/juminkanja/S2430/initialize?prefCd=24&kikanCd=2240001690&kikanKbn=2", "url2": null, "内容": "豊里クリニック【2:診療所】【診療科目:内科_外科_小児科_皮膚科】三重県津市豊が丘２丁目４６－３" }, "geometry": { "type": "Point", "coordinates": [ 136.468355, 34.80662 ] } },
{ "type": "Feature", "properties": { "ID": 2422240001700, "正式名称": "永井こどもクリニック", "機関区分": 2, "都道府県コード": 24, "市区町村コード": 203, "所在地": "三重県伊勢市八日市場町５－２０", "緯度": 34.490547, "経度": 136.702044, "url": "https://www.iryou.teikyouseido.mhlw.go.jp/znk-web/juminkanja/S2430/initialize?prefCd=24&kikanCd=2240001700&kikanKbn=2", "url2": null, "内容": "永井こどもクリニック【2:診療所】【診療科目:小児科_アレルギー科】三重県伊勢市八日市場町５－２０" }, "geometry": { "type": "Point", "coordinates": [ 136.702044, 34.490547 ] } },
{ "type": "Feature", "properties": { "ID": 2422240001720, "正式名称": "医療法人　白奉会　中嶋医院", "機関区分": 2, "都道府県コード": 24, "市区町村コード": 461, "所在地": "三重県度会郡玉城町蚊野２１４８－８", "緯度": 34.484879, "経度": 136.605414, "url": "https://www.iryou.teikyouseido.mhlw.go.jp/znk-web/juminkanja/S2430/initialize?prefCd=24&kikanCd=2240001720&kikanKbn=2", "url2": "https://hakuhoukai.net/", "内容": "医療法人　白奉会　中嶋医院【2:診療所】【診療科目:内科_消化器内科_胃腸内科_外科_消化器外科_肛門外科_整形外科_形成外科_皮膚科】三重県度会郡玉城町蚊野２１４８－８" }, "geometry": { "type": "Point", "coordinates": [ 136.605414, 34.484879 ] } },
{ "type": "Feature", "properties": { "ID": 2422240001740, "正式名称": "医療法人　中嶋内科", "機関区分": 2, "都道府県コード": 24, "市区町村コード": 202, "所在地": "三重県四日市市桜台１－３１－３", "緯度": 34.985908, "経度": 136.53373, "url": "https://www.iryou.teikyouseido.mhlw.go.jp/znk-web/juminkanja/S2430/initialize?prefCd=24&kikanCd=2240001740&kikanKbn=2", "url2": "https://nakajimanaika.net/", "内容": "医療法人　中嶋内科【2:診療所】【診療科目:内科_循環器内科】三重県四日市市桜台１－３１－３" }, "geometry": { "type": "Point", "coordinates": [ 136.53373, 34.985908 ] } },
{ "type": "Feature", "properties": { "ID": 2422240001750, "正式名称": "中條眼科志摩分院", "機関区分": 2, "都道府県コード": 24, "市区町村コード": 215, "所在地": "三重県志摩市磯部町迫間１８０３番地", "緯度": 34.371089, "経度": 136.803347, "url": "https://www.iryou.teikyouseido.mhlw.go.jp/znk-web/juminkanja/S2430/initialize?prefCd=24&kikanCd=2240001750&kikanKbn=2", "url2": null, "内容": "中條眼科志摩分院【2:診療所】【診療科目:眼科】三重県志摩市磯部町迫間１８０３番地" }, "geometry": { "type": "Point", "coordinates": [ 136.803347, 34.371089 ] } },
{ "type": "Feature", "properties": { "ID": 2422240001760, "正式名称": "医療法人社団　中瀬外科整形外科", "機関区分": 2, "都道府県コード": 24, "市区町村コード": 215, "所在地": "三重県志摩市阿児町鵜方３０３６－３", "緯度": 34.329289, "経度": 136.833707, "url": "https://www.iryou.teikyouseido.mhlw.go.jp/znk-web/juminkanja/S2430/initialize?prefCd=24&kikanCd=2240001760&kikanKbn=2", "url2": null, "内容": "医療法人社団　中瀬外科整形外科【2:診療所】【診療科目:内科_消化器内科_外科_肛門外科_整形外科_皮膚科】三重県志摩市阿児町鵜方３０３６－３" }, "geometry": { "type": "Point", "coordinates": [ 136.833707, 34.329289 ] } },
{ "type": "Feature", "properties": { "ID": 2422240001770, "正式名称": "なかせ内科胃腸科", "機関区分": 2, "都道府県コード": 24, "市区町村コード": 201, "所在地": "三重県津市一身田上津部田４７６－１", "緯度": 34.756404, "経度": 136.493883, "url": "https://www.iryou.teikyouseido.mhlw.go.jp/znk-web/juminkanja/S2430/initialize?prefCd=24&kikanCd=2240001770&kikanKbn=2", "url2": null, "内容": "なかせ内科胃腸科【2:診療所】【診療科目:内科_呼吸器内科_消化器内科_胃腸内科】三重県津市一身田上津部田４７６－１" }, "geometry": { "type": "Point", "coordinates": [ 136.493883, 34.756404 ] } },
{ "type": "Feature", "properties": { "ID": 2422240001800, "正式名称": "なかばやし小児科", "機関区分": 2, "都道府県コード": 24, "市区町村コード": 324, "所在地": "三重県員弁郡東員町笹尾東１－３０－２", "緯度": 35.093731, "経度": 136.597692, "url": "https://www.iryou.teikyouseido.mhlw.go.jp/znk-web/juminkanja/S2430/initialize?prefCd=24&kikanCd=2240001800&kikanKbn=2", "url2": null, "内容": "なかばやし小児科【2:診療所】【診療科目:小児科】三重県員弁郡東員町笹尾東１－３０－２" }, "geometry": { "type": "Point", "coordinates": [ 136.597692, 35.093731 ] } },
{ "type": "Feature", "properties": { "ID": 2422240001810, "正式名称": "中村医院", "機関区分": 2, "都道府県コード": 24, "市区町村コード": 215, "所在地": "三重県志摩市阿児町安乗４３５－３", "緯度": 34.359176, "経度": 136.899812, "url": "https://www.iryou.teikyouseido.mhlw.go.jp/znk-web/juminkanja/S2430/initialize?prefCd=24&kikanCd=2240001810&kikanKbn=2", "url2": null, "内容": "中村医院【2:診療所】【診療科目:内科_小児科】三重県志摩市阿児町安乗４３５－３" }, "geometry": { "type": "Point", "coordinates": [ 136.899812, 34.359176 ] } },
{ "type": "Feature", "properties": { "ID": 2422240001820, "正式名称": "医療法人　菊栄会　中村クリニック", "機関区分": 2, "都道府県コード": 24, "市区町村コード": 211, "所在地": "三重県鳥羽市鳥羽４－１３－７", "緯度": 34.475634, "経度": 136.845255, "url": "https://www.iryou.teikyouseido.mhlw.go.jp/znk-web/juminkanja/S2430/initialize?prefCd=24&kikanCd=2240001820&kikanKbn=2", "url2": null, "内容": "医療法人　菊栄会　中村クリニック【2:診療所】【診療科目:内科_消化器内科_胃腸内科_腎臓内科_外科_消化器外科_乳腺外科_肛門外科_リハビリテーション科】三重県鳥羽市鳥羽４－１３－７" }, "geometry": { "type": "Point", "coordinates": [ 136.845255, 34.475634 ] } },
{ "type": "Feature", "properties": { "ID": 2422240001830, "正式名称": "医療法人　中本耳鼻咽喉科", "機関区分": 2, "都道府県コード": 24, "市区町村コード": 201, "所在地": "三重県津市河芸町東千里２４", "緯度": 34.803178, "経度": 136.552903, "url": "https://www.iryou.teikyouseido.mhlw.go.jp/znk-web/juminkanja/S2430/initialize?prefCd=24&kikanCd=2240001830&kikanKbn=2", "url2": "https://www.nakamotojibika.com", "内容": "医療法人　中本耳鼻咽喉科【2:診療所】【診療科目:耳鼻いんこう科_アレルギー科】三重県津市河芸町東千里２４" }, "geometry": { "type": "Point", "coordinates": [ 136.552903, 34.803178 ] } },
{ "type": "Feature", "properties": { "ID": 2422240001870, "正式名称": "西井耳鼻咽喉科", "機関区分": 2, "都道府県コード": 24, "市区町村コード": 203, "所在地": "三重県伊勢市一志町７－１", "緯度": 34.491325, "経度": 136.703655, "url": "https://www.iryou.teikyouseido.mhlw.go.jp/znk-web/juminkanja/S2430/initialize?prefCd=24&kikanCd=2240001870&kikanKbn=2", "url2": "http://nishii-ent.jimdo.com/", "内容": "西井耳鼻咽喉科【2:診療所】【診療科目:耳鼻いんこう科】三重県伊勢市一志町７－１" }, "geometry": { "type": "Point", "coordinates": [ 136.703655, 34.491325 ] } },
{ "type": "Feature", "properties": { "ID": 2422240001890, "正式名称": "医療法人　西村内科小児科", "機関区分": 2, "都道府県コード": 24, "市区町村コード": 202, "所在地": "三重県四日市市中部１２－５", "緯度": 34.969467, "経度": 136.624473, "url": "https://www.iryou.teikyouseido.mhlw.go.jp/znk-web/juminkanja/S2430/initialize?prefCd=24&kikanCd=2240001890&kikanKbn=2", "url2": "http://nttbj.itp.ne.jp/aa/0593523604/index.html", "内容": "医療法人　西村内科小児科【2:診療所】【診療科目:内科_循環器内科_小児科_アレルギー科】三重県四日市市中部１２－５" }, "geometry": { "type": "Point", "coordinates": [ 136.624473, 34.969467 ] } },
{ "type": "Feature", "properties": { "ID": 2422240001910, "正式名称": "医療法人　のじり内科消化器内科", "機関区分": 2, "都道府県コード": 24, "市区町村コード": 324, "所在地": "三重県員弁郡東員町城山１－２３－１", "緯度": 35.092925, "経度": 136.602969, "url": "https://www.iryou.teikyouseido.mhlw.go.jp/znk-web/juminkanja/S2430/initialize?prefCd=24&kikanCd=2240001910&kikanKbn=2", "url2": "https://www.nojirinaika.com", "内容": "医療法人　のじり内科消化器内科【2:診療所】【診療科目:内科_消化器内科_小児科】三重県員弁郡東員町城山１－２３－１" }, "geometry": { "type": "Point", "coordinates": [ 136.602969, 35.092925 ] } },
{ "type": "Feature", "properties": { "ID": 2422240001930, "正式名称": "野呂医院", "機関区分": 2, "都道府県コード": 24, "市区町村コード": 204, "所在地": "三重県松阪市小片野町３０２", "緯度": 34.482654, "経度": 136.44701, "url": "https://www.iryou.teikyouseido.mhlw.go.jp/znk-web/juminkanja/S2430/initialize?prefCd=24&kikanCd=2240001930&kikanKbn=2", "url2": "http://www.noroma-c.com/", "内容": "野呂医院【2:診療所】【診療科目:内科_外科_整形外科_小児科_リハビリテーション科_放射線科】三重県松阪市小片野町３０２" }, "geometry": { "type": "Point", "coordinates": [ 136.44701, 34.482654 ] } },
{ "type": "Feature", "properties": { "ID": 2422240001940, "正式名称": "医療法人　ハートクリニック福井", "機関区分": 2, "都道府県コード": 24, "市区町村コード": 203, "所在地": "三重県伊勢市御薗町長屋１９９７－１", "緯度": 34.505573, "経度": 136.710848, "url": "https://www.iryou.teikyouseido.mhlw.go.jp/znk-web/juminkanja/S2430/initialize?prefCd=24&kikanCd=2240001940&kikanKbn=2", "url2": "http://www.heartclinic-fukui.or.jp", "内容": "医療法人　ハートクリニック福井【2:診療所】【診療科目:内科_循環器内科_アレルギー科】三重県伊勢市御薗町長屋１９９７－１" }, "geometry": { "type": "Point", "coordinates": [ 136.710848, 34.505573 ] } },
{ "type": "Feature", "properties": { "ID": 2422240001960, "正式名称": "橋上内科皮フ泌尿器科医院", "機関区分": 2, "都道府県コード": 24, "市区町村コード": 203, "所在地": "三重県伊勢市岩渕２－２－３", "緯度": 34.487492, "経度": 136.713544, "url": "https://www.iryou.teikyouseido.mhlw.go.jp/znk-web/juminkanja/S2430/initialize?prefCd=24&kikanCd=2240001960&kikanKbn=2", "url2": null, "内容": "橋上内科皮フ泌尿器科医院【2:診療所】【診療科目:内科_皮膚科_泌尿器科】三重県伊勢市岩渕２－２－３" }, "geometry": { "type": "Point", "coordinates": [ 136.713544, 34.487492 ] } },
{ "type": "Feature", "properties": { "ID": 2422240002000, "正式名称": "医療法人　花田小児科医院", "機関区分": 2, "都道府県コード": 24, "市区町村コード": 203, "所在地": "三重県伊勢市中島２－６－１３", "緯度": 34.491213, "経度": 136.688629, "url": "https://www.iryou.teikyouseido.mhlw.go.jp/znk-web/juminkanja/S2430/initialize?prefCd=24&kikanCd=2240002000&kikanKbn=2", "url2": "https://www.hanadas.com", "内容": "医療法人　花田小児科医院【2:診療所】【診療科目:小児科】三重県伊勢市中島２－６－１３" }, "geometry": { "type": "Point", "coordinates": [ 136.688629, 34.491213 ] } },
{ "type": "Feature", "properties": { "ID": 2422240002010, "正式名称": "医療法人　童心会　はね小児科医院", "機関区分": 2, "都道府県コード": 24, "市区町村コード": 211, "所在地": "三重県鳥羽市大明西町３－２０", "緯度": 34.469718, "経度": 136.846533, "url": "https://www.iryou.teikyouseido.mhlw.go.jp/znk-web/juminkanja/S2430/initialize?prefCd=24&kikanCd=2240002010&kikanKbn=2", "url2": "http://www.doushinkai.or.jp", "内容": "医療法人　童心会　はね小児科医院【2:診療所】【診療科目:呼吸器内科_小児科_小児皮膚科_皮膚科】三重県鳥羽市大明西町３－２０" }, "geometry": { "type": "Point", "coordinates": [ 136.846533, 34.469718 ] } },
{ "type": "Feature", "properties": { "ID": 2422240002020, "正式名称": "濱口医院", "機関区分": 2, "都道府県コード": 24, "市区町村コード": 203, "所在地": "三重県伊勢市神社港２６３", "緯度": 34.51274, "経度": 136.735652, "url": "https://www.iryou.teikyouseido.mhlw.go.jp/znk-web/juminkanja/S2430/initialize?prefCd=24&kikanCd=2240002020&kikanKbn=2", "url2": null, "内容": "濱口医院【2:診療所】【診療科目:内科_小児科】三重県伊勢市神社港２６３" }, "geometry": { "type": "Point", "coordinates": [ 136.735652, 34.51274 ] } },
{ "type": "Feature", "properties": { "ID": 2422240002030, "正式名称": "浜口眼科", "機関区分": 2, "都道府県コード": 24, "市区町村コード": 208, "所在地": "三重県名張市鴻之台２番町１０８", "緯度": 34.625244, "経度": 136.106865, "url": "https://www.iryou.teikyouseido.mhlw.go.jp/znk-web/juminkanja/S2430/initialize?prefCd=24&kikanCd=2240002030&kikanKbn=2", "url2": null, "内容": "浜口眼科【2:診療所】【診療科目:眼科】三重県名張市鴻之台２番町１０８" }, "geometry": { "type": "Point", "coordinates": [ 136.106865, 34.625244 ] } },
{ "type": "Feature", "properties": { "ID": 2422240002040, "正式名称": "林医院", "機関区分": 2, "都道府県コード": 24, "市区町村コード": 214, "所在地": "三重県いなべ市北勢町阿下喜１０５４番地", "緯度": 35.14839, "経度": 136.518807, "url": "https://www.iryou.teikyouseido.mhlw.go.jp/znk-web/juminkanja/S2430/initialize?prefCd=24&kikanCd=2240002040&kikanKbn=2", "url2": null, "内容": "林医院【2:診療所】【診療科目:内科_循環器内科_小児科_皮膚科】三重県いなべ市北勢町阿下喜１０５４番地" }, "geometry": { "type": "Point", "coordinates": [ 136.518807, 35.14839 ] } },
{ "type": "Feature", "properties": { "ID": 2422240002060, "正式名称": "医療法人社団　林内科", "機関区分": 2, "都道府県コード": 24, "市区町村コード": 204, "所在地": "三重県松阪市春日町２－８－１", "緯度": 34.565675, "経度": 136.531666, "url": "https://www.iryou.teikyouseido.mhlw.go.jp/znk-web/juminkanja/S2430/initialize?prefCd=24&kikanCd=2240002060&kikanKbn=2", "url2": null, "内容": "医療法人社団　林内科【2:診療所】【診療科目:内科_神経内科】三重県松阪市春日町２－８－１" }, "geometry": { "type": "Point", "coordinates": [ 136.531666, 34.565675 ] } },
{ "type": "Feature", "properties": { "ID": 2422240002070, "正式名称": "ばんの小児科", "機関区分": 2, "都道府県コード": 24, "市区町村コード": 341, "所在地": "三重県三重郡菰野町菰野２２６８－５", "緯度": 35.013293, "経度": 136.504342, "url": "https://www.iryou.teikyouseido.mhlw.go.jp/znk-web/juminkanja/S2430/initialize?prefCd=24&kikanCd=2240002070&kikanKbn=2", "url2": "http://bannopedia.com", "内容": "ばんの小児科【2:診療所】【診療科目:内科_小児科】三重県三重郡菰野町菰野２２６８－５" }, "geometry": { "type": "Point", "coordinates": [ 136.504342, 35.013293 ] } },
{ "type": "Feature", "properties": { "ID": 2422240002080, "正式名称": "ひおきクリニック", "機関区分": 2, "都道府県コード": 24, "市区町村コード": 201, "所在地": "三重県津市高茶屋小森町２５９６－１", "緯度": 34.673913, "経度": 136.513996, "url": "https://www.iryou.teikyouseido.mhlw.go.jp/znk-web/juminkanja/S2430/initialize?prefCd=24&kikanCd=2240002080&kikanKbn=2", "url2": null, "内容": "ひおきクリニック【2:診療所】【診療科目:内科_消化器内科_外科_肛門外科_リハビリテーション科】三重県津市高茶屋小森町２５９６－１" }, "geometry": { "type": "Point", "coordinates": [ 136.513996, 34.673913 ] } },
{ "type": "Feature", "properties": { "ID": 2422240002090, "正式名称": "ひがし胃腸科内科クリニック", "機関区分": 2, "都道府県コード": 24, "市区町村コード": 202, "所在地": "三重県四日市市川島町５９６９－７", "緯度": 34.977465, "経度": 136.558728, "url": "https://www.iryou.teikyouseido.mhlw.go.jp/znk-web/juminkanja/S2430/initialize?prefCd=24&kikanCd=2240002090&kikanKbn=2", "url2": "https://www.higashi-gastroenterology-clinic.com/", "内容": "ひがし胃腸科内科クリニック【2:診療所】【診療科目:内科_呼吸器内科_循環器内科_胃腸内科_小児科_アレルギー科】三重県四日市市川島町５９６９－７" }, "geometry": { "type": "Point", "coordinates": [ 136.558728, 34.977465 ] } },
{ "type": "Feature", "properties": { "ID": 2422240002100, "正式名称": "医療法人　東谷医院", "機関区分": 2, "都道府県コード": 24, "市区町村コード": 203, "所在地": "三重県伊勢市神久５－７－５６", "緯度": 34.497019, "経度": 136.723459, "url": "https://www.iryou.teikyouseido.mhlw.go.jp/znk-web/juminkanja/S2430/initialize?prefCd=24&kikanCd=2240002100&kikanKbn=2", "url2": "http://www.higashitani-clinic.com/", "内容": "医療法人　東谷医院【2:診療所】【診療科目:内科_呼吸器内科_循環器内科_消化器内科_肝臓内科】三重県伊勢市神久５－７－５６" }, "geometry": { "type": "Point", "coordinates": [ 136.723459, 34.497019 ] } },
{ "type": "Feature", "properties": { "ID": 2422240002110, "正式名称": "医療法人社団　仁愛会　樋口胃腸科・内科クリニック", "機関区分": 2, "都道府県コード": 24, "市区町村コード": 207, "所在地": "三重県鈴鹿市白子町５９", "緯度": 34.834175, "経度": 136.577178, "url": "https://www.iryou.teikyouseido.mhlw.go.jp/znk-web/juminkanja/S2430/initialize?prefCd=24&kikanCd=2240002110&kikanKbn=2", "url2": null, "内容": "医療法人社団　仁愛会　樋口胃腸科・内科クリニック【2:診療所】【診療科目:内科_消化器内科】三重県鈴鹿市白子町５９" }, "geometry": { "type": "Point", "coordinates": [ 136.577178, 34.834175 ] } },
{ "type": "Feature", "properties": { "ID": 2422240002130, "正式名称": "医療法人　日比クリニック", "機関区分": 2, "都道府県コード": 24, "市区町村コード": 215, "所在地": "三重県志摩市磯部町迫間４８－１", "緯度": 34.373117, "経度": 136.80468, "url": "https://www.iryou.teikyouseido.mhlw.go.jp/znk-web/juminkanja/S2430/initialize?prefCd=24&kikanCd=2240002130&kikanKbn=2", "url2": null, "内容": "医療法人　日比クリニック【2:診療所】【診療科目:内科_外科_泌尿器科_リハビリテーション科】三重県志摩市磯部町迫間４８－１" }, "geometry": { "type": "Point", "coordinates": [ 136.80468, 34.373117 ] } },
{ "type": "Feature", "properties": { "ID": 2422240002150, "正式名称": "医療法人　平岡内科循環器科", "機関区分": 2, "都道府県コード": 24, "市区町村コード": 204, "所在地": "三重県松阪市南町２００－１６", "緯度": 34.567952, "経度": 136.534666, "url": "https://www.iryou.teikyouseido.mhlw.go.jp/znk-web/juminkanja/S2430/initialize?prefCd=24&kikanCd=2240002150&kikanKbn=2", "url2": null, "内容": "医療法人　平岡内科循環器科【2:診療所】【診療科目:内科_呼吸器内科_循環器内科_消化器内科_アレルギー科】三重県松阪市南町２００－１６" }, "geometry": { "type": "Point", "coordinates": [ 136.534666, 34.567952 ] } },
{ "type": "Feature", "properties": { "ID": 2422240002160, "正式名称": "広田クリニック", "機関区分": 2, "都道府県コード": 24, "市区町村コード": 202, "所在地": "三重県四日市市東坂部町１３９１", "緯度": 35.001018, "経度": 136.604085, "url": "https://www.iryou.teikyouseido.mhlw.go.jp/znk-web/juminkanja/S2430/initialize?prefCd=24&kikanCd=2240002160&kikanKbn=2", "url2": "https://hirotaclinic.com", "内容": "広田クリニック【2:診療所】【診療科目:内科_消化器内科_胃腸内科_外科_肛門外科】三重県四日市市東坂部町１３９１" }, "geometry": { "type": "Point", "coordinates": [ 136.604085, 35.001018 ] } },
{ "type": "Feature", "properties": { "ID": 2422240002190, "正式名称": "医療法人　藤井整形外科胃腸科", "機関区分": 2, "都道府県コード": 24, "市区町村コード": 204, "所在地": "三重県松阪市大河内町７７７", "緯度": 34.526511, "経度": 136.476922, "url": "https://www.iryou.teikyouseido.mhlw.go.jp/znk-web/juminkanja/S2430/initialize?prefCd=24&kikanCd=2240002190&kikanKbn=2", "url2": null, "内容": "医療法人　藤井整形外科胃腸科【2:診療所】【診療科目:内科_外科_整形外科】三重県松阪市大河内町７７７" }, "geometry": { "type": "Point", "coordinates": [ 136.476922, 34.526511 ] } },
{ "type": "Feature", "properties": { "ID": 2422240002210, "正式名称": "ふじおかクリニック", "機関区分": 2, "都道府県コード": 24, "市区町村コード": 201, "所在地": "三重県津市雲出本郷町１９１８", "緯度": 34.664664, "経度": 136.517579, "url": "https://www.iryou.teikyouseido.mhlw.go.jp/znk-web/juminkanja/S2430/initialize?prefCd=24&kikanCd=2240002210&kikanKbn=2", "url2": null, "内容": "ふじおかクリニック【2:診療所】【診療科目:内科_呼吸器内科_循環器内科_消化器内科】三重県津市雲出本郷町１９１８" }, "geometry": { "type": "Point", "coordinates": [ 136.517579, 34.664664 ] } },
{ "type": "Feature", "properties": { "ID": 2422240002220, "正式名称": "ふじた耳鼻咽喉科", "機関区分": 2, "都道府県コード": 24, "市区町村コード": 201, "所在地": "三重県津市中央６－１４", "緯度": 34.72038, "経度": 136.509883, "url": "https://www.iryou.teikyouseido.mhlw.go.jp/znk-web/juminkanja/S2430/initialize?prefCd=24&kikanCd=2240002220&kikanKbn=2", "url2": "https://www.fujita-jibika.com/", "内容": "ふじた耳鼻咽喉科【2:診療所】【診療科目:耳鼻いんこう科_アレルギー科】三重県津市中央６－１４" }, "geometry": { "type": "Point", "coordinates": [ 136.509883, 34.72038 ] } },
{ "type": "Feature", "properties": { "ID": 2422240002230, "正式名称": "医療法人友真会　藤田内科", "機関区分": 2, "都道府県コード": 24, "市区町村コード": 201, "所在地": "三重県津市乙部１６－２", "緯度": 34.718714, "経度": 136.516577, "url": "https://www.iryou.teikyouseido.mhlw.go.jp/znk-web/juminkanja/S2430/initialize?prefCd=24&kikanCd=2240002230&kikanKbn=2", "url2": null, "内容": "医療法人友真会　藤田内科【2:診療所】【診療科目:内科_呼吸器内科_循環器内科_胃腸内科】三重県津市乙部１６－２" }, "geometry": { "type": "Point", "coordinates": [ 136.516577, 34.718714 ] } },
{ "type": "Feature", "properties": { "ID": 2422240002240, "正式名称": "医療法人　二神クリニック", "機関区分": 2, "都道府県コード": 24, "市区町村コード": 201, "所在地": "三重県津市高野尾町４９５６－２７", "緯度": 34.786761, "経度": 136.4693, "url": "https://www.iryou.teikyouseido.mhlw.go.jp/znk-web/juminkanja/S2430/initialize?prefCd=24&kikanCd=2240002240&kikanKbn=2", "url2": null, "内容": "医療法人　二神クリニック【2:診療所】【診療科目:内科】三重県津市高野尾町４９５６－２７" }, "geometry": { "type": "Point", "coordinates": [ 136.4693, 34.786761 ] } },
{ "type": "Feature", "properties": { "ID": 2422240002250, "正式名称": "ふなだ外科内科クリニック", "機関区分": 2, "都道府県コード": 24, "市区町村コード": 204, "所在地": "三重県松阪市上川町２２７９－１", "緯度": 34.551677, "経度": 136.559581, "url": "https://www.iryou.teikyouseido.mhlw.go.jp/znk-web/juminkanja/S2430/initialize?prefCd=24&kikanCd=2240002250&kikanKbn=2", "url2": "https://www.funada-clinic.com/", "内容": "ふなだ外科内科クリニック【2:診療所】【診療科目:内科_消化器内科_外科_肛門外科_整形外科_リハビリテーション科】三重県松阪市上川町２２７９－１" }, "geometry": { "type": "Point", "coordinates": [ 136.559581, 34.551677 ] } },
{ "type": "Feature", "properties": { "ID": 2422240002260, "正式名称": "医療法人　大仲会　大仲ファミリークリニック", "機関区分": 2, "都道府県コード": 24, "市区町村コード": 205, "所在地": "三重県桑名市大仲新田３２７－２", "緯度": 35.081816, "経度": 136.612886, "url": "https://www.iryou.teikyouseido.mhlw.go.jp/znk-web/juminkanja/S2430/initialize?prefCd=24&kikanCd=2240002260&kikanKbn=2", "url2": "http://furutaiin.life.coocan.jp/", "内容": "医療法人　大仲会　大仲ファミリークリニック【2:診療所】【診療科目:内科_消化器内科_小児科】三重県桑名市大仲新田３２７－２" }, "geometry": { "type": "Point", "coordinates": [ 136.612886, 35.081816 ] } },
{ "type": "Feature", "properties": { "ID": 2422240002270, "正式名称": "ベタニヤ内科・神経内科クリニック", "機関区分": 2, "都道府県コード": 24, "市区町村コード": 201, "所在地": "三重県津市豊が丘５丁目４７－７", "緯度": 34.80637, "経度": 136.459717, "url": "https://www.iryou.teikyouseido.mhlw.go.jp/znk-web/juminkanja/S2430/initialize?prefCd=24&kikanCd=2240002270&kikanKbn=2", "url2": "http://www.bethanyclinic.com/", "内容": "ベタニヤ内科・神経内科クリニック【2:診療所】【診療科目:内科_神経内科_精神科】三重県津市豊が丘５丁目４７－７" }, "geometry": { "type": "Point", "coordinates": [ 136.459717, 34.80637 ] } },
{ "type": "Feature", "properties": { "ID": 2422240002300, "正式名称": "まきのクリニック", "機関区分": 2, "都道府県コード": 24, "市区町村コード": 201, "所在地": "三重県津市美里町足坂１６５－２", "緯度": 34.716545, "経度": 136.395559, "url": "https://www.iryou.teikyouseido.mhlw.go.jp/znk-web/juminkanja/S2430/initialize?prefCd=24&kikanCd=2240002300&kikanKbn=2", "url2": null, "内容": "まきのクリニック【2:診療所】【診療科目:内科_呼吸器内科_循環器内科_消化器内科_小児科】三重県津市美里町足坂１６５－２" }, "geometry": { "type": "Point", "coordinates": [ 136.395559, 34.716545 ] } },
{ "type": "Feature", "properties": { "ID": 2422240002320, "正式名称": "増田眼科", "機関区分": 2, "都道府県コード": 24, "市区町村コード": 204, "所在地": "三重県松阪市下村町９９４", "緯度": 34.55276, "経度": 136.545277, "url": "https://www.iryou.teikyouseido.mhlw.go.jp/znk-web/juminkanja/S2430/initialize?prefCd=24&kikanCd=2240002320&kikanKbn=2", "url2": null, "内容": "増田眼科【2:診療所】【診療科目:眼科】三重県松阪市下村町９９４" }, "geometry": { "type": "Point", "coordinates": [ 136.545277, 34.55276 ] } },
{ "type": "Feature", "properties": { "ID": 2422240002330, "正式名称": "医療法人　増山医院", "機関区分": 2, "都道府県コード": 24, "市区町村コード": 204, "所在地": "三重県松阪市魚町１６９３", "緯度": 34.576618, "経度": 136.530082, "url": "https://www.iryou.teikyouseido.mhlw.go.jp/znk-web/juminkanja/S2430/initialize?prefCd=24&kikanCd=2240002330&kikanKbn=2", "url2": null, "内容": "医療法人　増山医院【2:診療所】【診療科目:内科_皮膚科】三重県松阪市魚町１６９３" }, "geometry": { "type": "Point", "coordinates": [ 136.530082, 34.576618 ] } },
{ "type": "Feature", "properties": { "ID": 2422240002340, "正式名称": "松井医院", "機関区分": 2, "都道府県コード": 24, "市区町村コード": 215, "所在地": "三重県志摩市志摩町布施田３９２", "緯度": 34.255047, "経度": 136.828461, "url": "https://www.iryou.teikyouseido.mhlw.go.jp/znk-web/juminkanja/S2430/initialize?prefCd=24&kikanCd=2240002340&kikanKbn=2", "url2": "http://www.shima-med.jp/member/46/indexx.html", "内容": "松井医院【2:診療所】【診療科目:内科_整形外科_リウマチ科_リハビリテーション科】三重県志摩市志摩町布施田３９２" }, "geometry": { "type": "Point", "coordinates": [ 136.828461, 34.255047 ] } },
{ "type": "Feature", "properties": { "ID": 2422240002350, "正式名称": "松岡こどもクリニック", "機関区分": 2, "都道府県コード": 24, "市区町村コード": 205, "所在地": "三重県桑名市西別所３０２", "緯度": 35.05818, "経度": 136.665799, "url": "https://www.iryou.teikyouseido.mhlw.go.jp/znk-web/juminkanja/S2430/initialize?prefCd=24&kikanCd=2240002350&kikanKbn=2", "url2": "https://matsuoka-kodomo.com", "内容": "松岡こどもクリニック【2:診療所】【診療科目:内科_小児科_アレルギー科】三重県桑名市西別所３０２" }, "geometry": { "type": "Point", "coordinates": [ 136.665799, 35.05818 ] } },
{ "type": "Feature", "properties": { "ID": 2422240002360, "正式名称": "まつだ小児科クリニック", "機関区分": 2, "都道府県コード": 24, "市区町村コード": 205, "所在地": "三重県桑名市藤が丘９－１０６", "緯度": 35.076372, "経度": 136.654244, "url": "https://www.iryou.teikyouseido.mhlw.go.jp/znk-web/juminkanja/S2430/initialize?prefCd=24&kikanCd=2240002360&kikanKbn=2", "url2": "http://www.matsuda-kids.com/", "内容": "まつだ小児科クリニック【2:診療所】【診療科目:小児科_アレルギー科】三重県桑名市藤が丘９－１０６" }, "geometry": { "type": "Point", "coordinates": [ 136.654244, 35.076372 ] } },
{ "type": "Feature", "properties": { "ID": 2422240002370, "正式名称": "医療法人　松葉耳鼻咽喉科", "機関区分": 2, "都道府県コード": 24, "市区町村コード": 210, "所在地": "三重県亀山市東台町１－６", "緯度": 34.854754, "経度": 136.457992, "url": "https://www.iryou.teikyouseido.mhlw.go.jp/znk-web/juminkanja/S2430/initialize?prefCd=24&kikanCd=2240002370&kikanKbn=2", "url2": null, "内容": "医療法人　松葉耳鼻咽喉科【2:診療所】【診療科目:耳鼻いんこう科】三重県亀山市東台町１－６" }, "geometry": { "type": "Point", "coordinates": [ 136.457992, 34.854754 ] } },
{ "type": "Feature", "properties": { "ID": 2422240002380, "正式名称": "まつもとクリニック", "機関区分": 2, "都道府県コード": 24, "市区町村コード": 203, "所在地": "三重県伊勢市黒瀬町１２１５", "緯度": 34.49377, "経度": 136.742513, "url": "https://www.iryou.teikyouseido.mhlw.go.jp/znk-web/juminkanja/S2430/initialize?prefCd=24&kikanCd=2240002380&kikanKbn=2", "url2": "https://www.matsumotoclinic-iseshi.com", "内容": "まつもとクリニック【2:診療所】【診療科目:内科_泌尿器科】三重県伊勢市黒瀬町１２１５" }, "geometry": { "type": "Point", "coordinates": [ 136.742513, 34.49377 ] } },
{ "type": "Feature", "properties": { "ID": 2422240002390, "正式名称": "丸岡医院", "機関区分": 2, "都道府県コード": 24, "市区町村コード": 201, "所在地": "三重県津市片田志袋町４８３", "緯度": 34.713991, "経度": 136.446055, "url": "https://www.iryou.teikyouseido.mhlw.go.jp/znk-web/juminkanja/S2430/initialize?prefCd=24&kikanCd=2240002390&kikanKbn=2", "url2": null, "内容": "丸岡医院【2:診療所】【診療科目:内科_呼吸器内科_循環器内科_消化器内科】三重県津市片田志袋町４８３" }, "geometry": { "type": "Point", "coordinates": [ 136.446055, 34.713991 ] } },
{ "type": "Feature", "properties": { "ID": 2422240002400, "正式名称": "三重耳鼻咽喉科", "機関区分": 2, "都道府県コード": 24, "市区町村コード": 201, "所在地": "三重県津市観音寺町４４５－１５", "緯度": 34.72774, "経度": 136.505216, "url": "https://www.iryou.teikyouseido.mhlw.go.jp/znk-web/juminkanja/S2430/initialize?prefCd=24&kikanCd=2240002400&kikanKbn=2", "url2": "https://www.miejibika.com/", "内容": "三重耳鼻咽喉科【2:診療所】【診療科目:小児耳鼻いんこう科_耳鼻いんこう科_アレルギー科】三重県津市観音寺町４４５－１５" }, "geometry": { "type": "Point", "coordinates": [ 136.505216, 34.72774 ] } },
{ "type": "Feature", "properties": { "ID": 2422240002420, "正式名称": "医療法人　三井整形外科", "機関区分": 2, "都道府県コード": 24, "市区町村コード": 201, "所在地": "三重県津市雲出本郷町１４００－１", "緯度": 34.666581, "経度": 136.522051, "url": "https://www.iryou.teikyouseido.mhlw.go.jp/znk-web/juminkanja/S2430/initialize?prefCd=24&kikanCd=2240002420&kikanKbn=2", "url2": null, "内容": "医療法人　三井整形外科【2:診療所】【診療科目:整形外科_リウマチ科_リハビリテーション科】三重県津市雲出本郷町１４００－１" }, "geometry": { "type": "Point", "coordinates": [ 136.522051, 34.666581 ] } },
{ "type": "Feature", "properties": { "ID": 2422240002440, "正式名称": "医療法人社団　南産婦人科", "機関区分": 2, "都道府県コード": 24, "市区町村コード": 204, "所在地": "三重県松阪市下村町１０４１", "緯度": 34.554982, "経度": 136.547721, "url": "https://www.iryou.teikyouseido.mhlw.go.jp/znk-web/juminkanja/S2430/initialize?prefCd=24&kikanCd=2240002440&kikanKbn=2", "url2": "http://www.minami-sanfujinka.com/", "内容": "医療法人社団　南産婦人科【2:診療所】【診療科目:産婦人科】三重県松阪市下村町１０４１" }, "geometry": { "type": "Point", "coordinates": [ 136.547721, 34.554982 ] } },
{ "type": "Feature", "properties": { "ID": 2422240002460, "正式名称": "医療法人　みやはら耳鼻咽喉科", "機関区分": 2, "都道府県コード": 24, "市区町村コード": 204, "所在地": "三重県松阪市嬉野中川新町２丁目５７", "緯度": 34.634972, "経度": 136.482139, "url": "https://www.iryou.teikyouseido.mhlw.go.jp/znk-web/juminkanja/S2430/initialize?prefCd=24&kikanCd=2240002460&kikanKbn=2", "url2": null, "内容": "医療法人　みやはら耳鼻咽喉科【2:診療所】【診療科目:耳鼻いんこう科】三重県松阪市嬉野中川新町２丁目５７" }, "geometry": { "type": "Point", "coordinates": [ 136.482139, 34.634972 ] } },
{ "type": "Feature", "properties": { "ID": 2422240002470, "正式名称": "医療法人　宮池会　宮村産婦人科", "機関区分": 2, "都道府県コード": 24, "市区町村コード": 210, "所在地": "三重県亀山市本町３－８－７", "緯度": 34.855281, "経度": 136.460214, "url": "https://www.iryou.teikyouseido.mhlw.go.jp/znk-web/juminkanja/S2430/initialize?prefCd=24&kikanCd=2240002470&kikanKbn=2", "url2": "http://www.medic-grp.co.jp/doctor/miyamura/", "内容": "医療法人　宮池会　宮村産婦人科【2:診療所】【診療科目:内科_小児科_産婦人科】三重県亀山市本町３－８－７" }, "geometry": { "type": "Point", "coordinates": [ 136.460214, 34.855281 ] } },
{ "type": "Feature", "properties": { "ID": 2422240002480, "正式名称": "医療法人　むらしま整形外科", "機関区分": 2, "都道府県コード": 24, "市区町村コード": 201, "所在地": "三重県津市野田３３－３", "緯度": 34.723129, "経度": 136.468747, "url": "https://www.iryou.teikyouseido.mhlw.go.jp/znk-web/juminkanja/S2430/initialize?prefCd=24&kikanCd=2240002480&kikanKbn=2", "url2": "http://www.m-o-clinic.com/", "内容": "医療法人　むらしま整形外科【2:診療所】【診療科目:整形外科_小児外科_リウマチ科_リハビリテーション科】三重県津市野田３３－３" }, "geometry": { "type": "Point", "coordinates": [ 136.468747, 34.723129 ] } },
{ "type": "Feature", "properties": { "ID": 2422240002500, "正式名称": "村山医院", "機関区分": 2, "都道府県コード": 24, "市区町村コード": 202, "所在地": "三重県四日市市松本５－３－８", "緯度": 34.966246, "経度": 136.590105, "url": "https://www.iryou.teikyouseido.mhlw.go.jp/znk-web/juminkanja/S2430/initialize?prefCd=24&kikanCd=2240002500&kikanKbn=2", "url2": null, "内容": "村山医院【2:診療所】【診療科目:内科_小児科_アレルギー科】三重県四日市市松本５－３－８" }, "geometry": { "type": "Point", "coordinates": [ 136.590105, 34.966246 ] } },
{ "type": "Feature", "properties": { "ID": 2422240002530, "正式名称": "医療法人　碧会　ヤナセクリニック", "機関区分": 2, "都道府県コード": 24, "市区町村コード": 201, "所在地": "三重県津市乙部５－３　フェニックスメディカルセンタービル２Ｆ", "緯度": 34.717186, "経度": 136.516327, "url": "https://www.iryou.teikyouseido.mhlw.go.jp/znk-web/juminkanja/S2430/initialize?prefCd=24&kikanCd=2240002530&kikanKbn=2", "url2": "https://www.pmc.or.jp/yanase/", "内容": "医療法人　碧会　ヤナセクリニック【2:診療所】【診療科目:児童精神科_産科_婦人科】三重県津市乙部５－３　フェニックスメディカルセンタービル２Ｆ" }, "geometry": { "type": "Point", "coordinates": [ 136.516327, 34.717186 ] } },
{ "type": "Feature", "properties": { "ID": 2422240002560, "正式名称": "やまぐちクリニック", "機関区分": 2, "都道府県コード": 24, "市区町村コード": 201, "所在地": "三重県津市垂水２７９７－１", "緯度": 34.692411, "経度": 136.504746, "url": "https://www.iryou.teikyouseido.mhlw.go.jp/znk-web/juminkanja/S2430/initialize?prefCd=24&kikanCd=2240002560&kikanKbn=2", "url2": "http://nttbj.itp.ne.jp/0592247777", "内容": "やまぐちクリニック【2:診療所】【診療科目:内科_糖尿病内科_呼吸器内科_循環器内科_消化器内科】三重県津市垂水２７９７－１" }, "geometry": { "type": "Point", "coordinates": [ 136.504746, 34.692411 ] } },
{ "type": "Feature", "properties": { "ID": 2422240002580, "正式名称": "医療法人　山崎整形外科", "機関区分": 2, "都道府県コード": 24, "市区町村コード": 211, "所在地": "三重県鳥羽市鳥羽５－７－１", "緯度": 34.46933, "経度": 136.841867, "url": "https://www.iryou.teikyouseido.mhlw.go.jp/znk-web/juminkanja/S2430/initialize?prefCd=24&kikanCd=2240002580&kikanKbn=2", "url2": null, "内容": "医療法人　山崎整形外科【2:診療所】【診療科目:整形外科_リウマチ科_リハビリテーション科】三重県鳥羽市鳥羽５－７－１" }, "geometry": { "type": "Point", "coordinates": [ 136.841867, 34.46933 ] } },
{ "type": "Feature", "properties": { "ID": 2422240002600, "正式名称": "やましろ小児科", "機関区分": 2, "都道府県コード": 24, "市区町村コード": 201, "所在地": "三重県津市久居中町２５４－１１", "緯度": 34.678356, "経度": 136.4675, "url": "https://www.iryou.teikyouseido.mhlw.go.jp/znk-web/juminkanja/S2430/initialize?prefCd=24&kikanCd=2240002600&kikanKbn=2", "url2": null, "内容": "やましろ小児科【2:診療所】【診療科目:小児科】三重県津市久居中町２５４－１１" }, "geometry": { "type": "Point", "coordinates": [ 136.4675, 34.678356 ] } },
{ "type": "Feature", "properties": { "ID": 2422240002610, "正式名称": "山添整形外科", "機関区分": 2, "都道府県コード": 24, "市区町村コード": 203, "所在地": "三重県伊勢市岡本２－１－４０", "緯度": 34.484409, "経度": 136.712738, "url": "https://www.iryou.teikyouseido.mhlw.go.jp/znk-web/juminkanja/S2430/initialize?prefCd=24&kikanCd=2240002610&kikanKbn=2", "url2": null, "内容": "山添整形外科【2:診療所】【診療科目:整形外科】三重県伊勢市岡本２－１－４０" }, "geometry": { "type": "Point", "coordinates": [ 136.712738, 34.484409 ] } },
{ "type": "Feature", "properties": { "ID": 2422240002620, "正式名称": "医療法人　山田クリニック", "機関区分": 2, "都道府県コード": 24, "市区町村コード": 202, "所在地": "三重県四日市市元町５－１１", "緯度": 34.971272, "経度": 136.622501, "url": "https://www.iryou.teikyouseido.mhlw.go.jp/znk-web/juminkanja/S2430/initialize?prefCd=24&kikanCd=2240002620&kikanKbn=2", "url2": "http://www.yokkaichi-yamadaclinic.com", "内容": "医療法人　山田クリニック【2:診療所】【診療科目:皮膚科_アレルギー科】三重県四日市市元町５－１１" }, "geometry": { "type": "Point", "coordinates": [ 136.622501, 34.971272 ] } },
{ "type": "Feature", "properties": { "ID": 2422240002630, "正式名称": "やまなかこどもクリニック", "機関区分": 2, "都道府県コード": 24, "市区町村コード": 203, "所在地": "三重県伊勢市小俣町相合４８０", "緯度": 34.510378, "経度": 136.671435, "url": "https://www.iryou.teikyouseido.mhlw.go.jp/znk-web/juminkanja/S2430/initialize?prefCd=24&kikanCd=2240002630&kikanKbn=2", "url2": null, "内容": "やまなかこどもクリニック【2:診療所】【診療科目:小児科_アレルギー科】三重県伊勢市小俣町相合４８０" }, "geometry": { "type": "Point", "coordinates": [ 136.671435, 34.510378 ] } },
{ "type": "Feature", "properties": { "ID": 2422240002640, "正式名称": "山中内科・小児科", "機関区分": 2, "都道府県コード": 24, "市区町村コード": 202, "所在地": "三重県四日市市松原町８－１１", "緯度": 35.011407, "経度": 136.657524, "url": "https://www.iryou.teikyouseido.mhlw.go.jp/znk-web/juminkanja/S2430/initialize?prefCd=24&kikanCd=2240002640&kikanKbn=2", "url2": "http://www.yamanaka-clinic.net", "内容": "山中内科・小児科【2:診療所】【診療科目:内科_小児科】三重県四日市市松原町８－１１" }, "geometry": { "type": "Point", "coordinates": [ 136.657524, 35.011407 ] } },
{ "type": "Feature", "properties": { "ID": 2422240002650, "正式名称": "吉野こどもクリニック", "機関区分": 2, "都道府県コード": 24, "市区町村コード": 207, "所在地": "三重県鈴鹿市住吉１－２３－１１", "緯度": 34.863726, "経度": 136.537041, "url": "https://www.iryou.teikyouseido.mhlw.go.jp/znk-web/juminkanja/S2430/initialize?prefCd=24&kikanCd=2240002650&kikanKbn=2", "url2": "http://www.yoshino-cli.com", "内容": "吉野こどもクリニック【2:診療所】【診療科目:小児科_アレルギー科】三重県鈴鹿市住吉１－２３－１１" }, "geometry": { "type": "Point", "coordinates": [ 136.537041, 34.863726 ] } },
{ "type": "Feature", "properties": { "ID": 2422240002660, "正式名称": "わきたに眼科", "機関区分": 2, "都道府県コード": 24, "市区町村コード": 204, "所在地": "三重県松阪市下村町１８４３－６", "緯度": 34.554954, "経度": 136.55197, "url": "https://www.iryou.teikyouseido.mhlw.go.jp/znk-web/juminkanja/S2430/initialize?prefCd=24&kikanCd=2240002660&kikanKbn=2", "url2": null, "内容": "わきたに眼科【2:診療所】【診療科目:眼科】三重県松阪市下村町１８４３－６" }, "geometry": { "type": "Point", "coordinates": [ 136.55197, 34.554954 ] } },
{ "type": "Feature", "properties": { "ID": 2422240002700, "正式名称": "渡部クリニック", "機関区分": 2, "都道府県コード": 24, "市区町村コード": 201, "所在地": "三重県津市乙部５－３　フェニックスメディカルセンタービル１Ｆ", "緯度": 34.717186, "経度": 136.516327, "url": "https://www.iryou.teikyouseido.mhlw.go.jp/znk-web/juminkanja/S2430/initialize?prefCd=24&kikanCd=2240002700&kikanKbn=2", "url2": "http://www.watanabecinic.info", "内容": "渡部クリニック【2:診療所】【診療科目:内科_消化器内科_外科_肛門外科】三重県津市乙部５－３　フェニックスメディカルセンタービル１Ｆ" }, "geometry": { "type": "Point", "coordinates": [ 136.516327, 34.717186 ] } },
{ "type": "Feature", "properties": { "ID": 2422240002710, "正式名称": "中西医院", "機関区分": 2, "都道府県コード": 24, "市区町村コード": 204, "所在地": "三重県松阪市魚町１７０７", "緯度": 34.575868, "経度": 136.530471, "url": "https://www.iryou.teikyouseido.mhlw.go.jp/znk-web/juminkanja/S2430/initialize?prefCd=24&kikanCd=2240002710&kikanKbn=2", "url2": "https://www6.bausch.co.jp/clinic/V0598210150", "内容": "中西医院【2:診療所】【診療科目:眼科】三重県松阪市魚町１７０７" }, "geometry": { "type": "Point", "coordinates": [ 136.530471, 34.575868 ] } },
{ "type": "Feature", "properties": { "ID": 2422240002720, "正式名称": "とうご小児科医院", "機関区分": 2, "都道府県コード": 24, "市区町村コード": 204, "所在地": "三重県松阪市光町１０７０－５", "緯度": 34.550343, "経度": 136.518668, "url": "https://www.iryou.teikyouseido.mhlw.go.jp/znk-web/juminkanja/S2430/initialize?prefCd=24&kikanCd=2240002720&kikanKbn=2", "url2": null, "内容": "とうご小児科医院【2:診療所】【診療科目:小児科】三重県松阪市光町１０７０－５" }, "geometry": { "type": "Point", "coordinates": [ 136.518668, 34.550343 ] } },
{ "type": "Feature", "properties": { "ID": 2422240002740, "正式名称": "医療法人荒木内科循環器科", "機関区分": 2, "都道府県コード": 24, "市区町村コード": 203, "所在地": "三重県伊勢市西豊浜町５４４４", "緯度": 34.52521, "経度": 136.69496, "url": "https://www.iryou.teikyouseido.mhlw.go.jp/znk-web/juminkanja/S2430/initialize?prefCd=24&kikanCd=2240002740&kikanKbn=2", "url2": null, "内容": "医療法人荒木内科循環器科【2:診療所】【診療科目:内科_呼吸器内科_循環器内科】三重県伊勢市西豊浜町５４４４" }, "geometry": { "type": "Point", "coordinates": [ 136.69496, 34.52521 ] } },
{ "type": "Feature", "properties": { "ID": 2422240002752, "正式名称": "医療法人　芙蓉会", "機関区分": 2, "都道府県コード": 24, "市区町村コード": 202, "所在地": "三重県四日市市天カ須賀４－７－２０", "緯度": 35.01574, "経度": 136.668495, "url": "https://www.iryou.teikyouseido.mhlw.go.jp/znk-web/juminkanja/S2430/initialize?prefCd=24&kikanCd=2240002752&kikanKbn=2", "url2": "http://yamashita-clinic.com/", "内容": "医療法人　芙蓉会【2:診療所】【診療科目:皮膚科_泌尿器科】三重県四日市市天カ須賀４－７－２０" }, "geometry": { "type": "Point", "coordinates": [ 136.668495, 35.01574 ] } },
{ "type": "Feature", "properties": { "ID": 2422240002753, "正式名称": "いとう内科消化器科", "機関区分": 2, "都道府県コード": 24, "市区町村コード": 202, "所在地": "三重県四日市市中川原２－３－８", "緯度": 34.969411, "経度": 136.601919, "url": "https://www.iryou.teikyouseido.mhlw.go.jp/znk-web/juminkanja/S2430/initialize?prefCd=24&kikanCd=2240002753&kikanKbn=2", "url2": "http://itou-clinic.com/index.php", "内容": "いとう内科消化器科【2:診療所】【診療科目:内科_血液内科_糖尿病内科_糖尿病・内分泌内科_呼吸器内科_循環器内科_消化器内科_腎臓内科_アレルギー科】三重県四日市市中川原２－３－８" }, "geometry": { "type": "Point", "coordinates": [ 136.601919, 34.969411 ] } },
{ "type": "Feature", "properties": { "ID": 2422240002755, "正式名称": "辻クリニック", "機関区分": 2, "都道府県コード": 24, "市区町村コード": 205, "所在地": "三重県桑名市明正通２－４６４", "緯度": 35.05743, "経度": 136.674548, "url": "https://www.iryou.teikyouseido.mhlw.go.jp/znk-web/juminkanja/S2430/initialize?prefCd=24&kikanCd=2240002755&kikanKbn=2", "url2": null, "内容": "辻クリニック【2:診療所】【診療科目:内科_脳神経外科_リハビリテーション科】三重県桑名市明正通２－４６４" }, "geometry": { "type": "Point", "coordinates": [ 136.674548, 35.05743 ] } },
{ "type": "Feature", "properties": { "ID": 2422240002757, "正式名称": "木ノ内医院", "機関区分": 2, "都道府県コード": 24, "市区町村コード": 543, "所在地": "三重県北牟婁郡紀北町島原２９７２－３", "緯度": 34.211292, "経度": 136.306368, "url": "https://www.iryou.teikyouseido.mhlw.go.jp/znk-web/juminkanja/S2430/initialize?prefCd=24&kikanCd=2240002757&kikanKbn=2", "url2": null, "内容": "木ノ内医院【2:診療所】【診療科目:内科_外科】三重県北牟婁郡紀北町島原２９７２－３" }, "geometry": { "type": "Point", "coordinates": [ 136.306368, 34.211292 ] } },
{ "type": "Feature", "properties": { "ID": 2422240002758, "正式名称": "九鬼脳神経クリニック", "機関区分": 2, "都道府県コード": 24, "市区町村コード": 209, "所在地": "三重県尾鷲市九鬼町１０８０－１", "緯度": 34.015507, "経度": 136.251742, "url": "https://www.iryou.teikyouseido.mhlw.go.jp/znk-web/juminkanja/S2430/initialize?prefCd=24&kikanCd=2240002758&kikanKbn=2", "url2": "http://kukihospital.sakura.ne.jp/", "内容": "九鬼脳神経クリニック【2:診療所】【診療科目:内科_脳神経外科】三重県尾鷲市九鬼町１０８０－１" }, "geometry": { "type": "Point", "coordinates": [ 136.251742, 34.015507 ] } },
{ "type": "Feature", "properties": { "ID": 2422240002759, "正式名称": "医療法人　白塚いけだクリニック", "機関区分": 2, "都道府県コード": 24, "市区町村コード": 201, "所在地": "三重県津市白塚町２０８０－１", "緯度": 34.765348, "経度": 136.535823, "url": "https://www.iryou.teikyouseido.mhlw.go.jp/znk-web/juminkanja/S2430/initialize?prefCd=24&kikanCd=2240002759&kikanKbn=2", "url2": "http://shiratsukaikeda.com", "内容": "医療法人　白塚いけだクリニック【2:診療所】【診療科目:内科_循環器内科_消化器内科_外科_肛門外科_リハビリテーション科】三重県津市白塚町２０８０－１" }, "geometry": { "type": "Point", "coordinates": [ 136.535823, 34.765348 ] } },
{ "type": "Feature", "properties": { "ID": 2422240002760, "正式名称": "すずきメディカルクリニック", "機関区分": 2, "都道府県コード": 24, "市区町村コード": 207, "所在地": "三重県鈴鹿市平野町７７４３－１　ポラリス１　１階", "緯度": 34.868476, "経度": 136.519348, "url": "https://www.iryou.teikyouseido.mhlw.go.jp/znk-web/juminkanja/S2430/initialize?prefCd=24&kikanCd=2240002760&kikanKbn=2", "url2": "https://smc-mie.com/", "内容": "すずきメディカルクリニック【2:診療所】【診療科目:内科_外科_血管外科】三重県鈴鹿市平野町７７４３－１　ポラリス１　１階" }, "geometry": { "type": "Point", "coordinates": [ 136.519348, 34.868476 ] } },
{ "type": "Feature", "properties": { "ID": 2422240002761, "正式名称": "医療法人社団　厚仁会　小林内科胃腸科", "機関区分": 2, "都道府県コード": 24, "市区町村コード": 202, "所在地": "三重県四日市市富田１－９－３", "緯度": 35.003825, "経度": 136.652636, "url": "https://www.iryou.teikyouseido.mhlw.go.jp/znk-web/juminkanja/S2430/initialize?prefCd=24&kikanCd=2240002761&kikanKbn=2", "url2": null, "内容": "医療法人社団　厚仁会　小林内科胃腸科【2:診療所】【診療科目:内科_胃腸内科_小児科_アレルギー科_放射線科】三重県四日市市富田１－９－３" }, "geometry": { "type": "Point", "coordinates": [ 136.652636, 35.003825 ] } },
{ "type": "Feature", "properties": { "ID": 2422240002780, "正式名称": "おざわ整形外科", "機関区分": 2, "都道府県コード": 24, "市区町村コード": 205, "所在地": "三重県桑名市野田３－１９－９", "緯度": 35.080372, "経度": 136.631106, "url": "https://www.iryou.teikyouseido.mhlw.go.jp/znk-web/juminkanja/S2430/initialize?prefCd=24&kikanCd=2240002780&kikanKbn=2", "url2": null, "内容": "おざわ整形外科【2:診療所】【診療科目:整形外科_リウマチ科_リハビリテーション科】三重県桑名市野田３－１９－９" }, "geometry": { "type": "Point", "coordinates": [ 136.631106, 35.080372 ] } },
{ "type": "Feature", "properties": { "ID": 2422240002790, "正式名称": "医療法人健隆会　落合内科", "機関区分": 2, "都道府県コード": 24, "市区町村コード": 205, "所在地": "三重県桑名市西方１５８３－１", "緯度": 35.076956, "経度": 136.66602, "url": "https://www.iryou.teikyouseido.mhlw.go.jp/znk-web/juminkanja/S2430/initialize?prefCd=24&kikanCd=2240002790&kikanKbn=2", "url2": "http://www.ochiainaika.com/pc/index.html", "内容": "医療法人健隆会　落合内科【2:診療所】【診療科目:内科_糖尿病内科_消化器内科_胃腸内科】三重県桑名市西方１５８３－１" }, "geometry": { "type": "Point", "coordinates": [ 136.66602, 35.076956 ] } },
{ "type": "Feature", "properties": { "ID": 2422240002830, "正式名称": "医療法人社団　桑栄会　木村耳鼻いんこう科", "機関区分": 2, "都道府県コード": 24, "市区町村コード": 205, "所在地": "三重県桑名市星見ケ丘９－２０２", "緯度": 35.072539, "経度": 136.636245, "url": "https://www.iryou.teikyouseido.mhlw.go.jp/znk-web/juminkanja/S2430/initialize?prefCd=24&kikanCd=2240002830&kikanKbn=2", "url2": "http://www.kimura.or.jp", "内容": "医療法人社団　桑栄会　木村耳鼻いんこう科【2:診療所】【診療科目:耳鼻いんこう科】三重県桑名市星見ケ丘９－２０２" }, "geometry": { "type": "Point", "coordinates": [ 136.636245, 35.072539 ] } },
{ "type": "Feature", "properties": { "ID": 2422240002840, "正式名称": "医療法人　社団　桑久会　久瀬クリニック", "機関区分": 2, "都道府県コード": 24, "市区町村コード": 205, "所在地": "三重県桑名市東方２３２", "緯度": 35.070512, "経度": 136.68163, "url": "https://www.iryou.teikyouseido.mhlw.go.jp/znk-web/juminkanja/S2430/initialize?prefCd=24&kikanCd=2240002840&kikanKbn=2", "url2": "https://www.kuzeclinic.com/", "内容": "医療法人　社団　桑久会　久瀬クリニック【2:診療所】【診療科目:内科_呼吸器内科_消化器内科_アレルギー科】三重県桑名市東方２３２" }, "geometry": { "type": "Point", "coordinates": [ 136.68163, 35.070512 ] } },
{ "type": "Feature", "properties": { "ID": 2422240002850, "正式名称": "くわな心身クリニック", "機関区分": 2, "都道府県コード": 24, "市区町村コード": 205, "所在地": "三重県桑名市星見ケ丘７丁目３０１－１", "緯度": 35.068428, "経度": 136.635801, "url": "https://www.iryou.teikyouseido.mhlw.go.jp/znk-web/juminkanja/S2430/initialize?prefCd=24&kikanCd=2240002850&kikanKbn=2", "url2": null, "内容": "くわな心身クリニック【2:診療所】【診療科目:精神科_心療内科】三重県桑名市星見ケ丘７丁目３０１－１" }, "geometry": { "type": "Point", "coordinates": [ 136.635801, 35.068428 ] } },
{ "type": "Feature", "properties": { "ID": 2422240002870, "正式名称": "医療法人　友愛会　慶友整形外科", "機関区分": 2, "都道府県コード": 24, "市区町村コード": 205, "所在地": "三重県桑名市増田５９９－１", "緯度": 35.059013, "経度": 136.649717, "url": "https://www.iryou.teikyouseido.mhlw.go.jp/znk-web/juminkanja/S2430/initialize?prefCd=24&kikanCd=2240002870&kikanKbn=2", "url2": "http://www.keiyuseikeigeka.com/", "内容": "医療法人　友愛会　慶友整形外科【2:診療所】【診療科目:整形外科_リハビリテーション科】三重県桑名市増田５９９－１" }, "geometry": { "type": "Point", "coordinates": [ 136.649717, 35.059013 ] } },
{ "type": "Feature", "properties": { "ID": 2422240002880, "正式名称": "いとう医院", "機関区分": 2, "都道府県コード": 24, "市区町村コード": 205, "所在地": "三重県桑名市中山町４０", "緯度": 35.068289, "経度": 136.624246, "url": "https://www.iryou.teikyouseido.mhlw.go.jp/znk-web/juminkanja/S2430/initialize?prefCd=24&kikanCd=2240002880&kikanKbn=2", "url2": "http://ito-iin.net/", "内容": "いとう医院【2:診療所】【診療科目:内科_循環器内科】三重県桑名市中山町４０" }, "geometry": { "type": "Point", "coordinates": [ 136.624246, 35.068289 ] } },
{ "type": "Feature", "properties": { "ID": 2422240002900, "正式名称": "小坂医院", "機関区分": 2, "都道府県コード": 24, "市区町村コード": 205, "所在地": "三重県桑名市長島町押付５２５－６", "緯度": 35.095732, "経度": 136.702905, "url": "https://www.iryou.teikyouseido.mhlw.go.jp/znk-web/juminkanja/S2430/initialize?prefCd=24&kikanCd=2240002900&kikanKbn=2", "url2": null, "内容": "小坂医院【2:診療所】【診療科目:内科_消化器内科_小児科】三重県桑名市長島町押付５２５－６" }, "geometry": { "type": "Point", "coordinates": [ 136.702905, 35.095732 ] } },
{ "type": "Feature", "properties": { "ID": 2422240002910, "正式名称": "医療法人　小塚産婦人科", "機関区分": 2, "都道府県コード": 24, "市区町村コード": 205, "所在地": "三重県桑名市矢田４１９－１", "緯度": 35.058207, "経度": 136.672583, "url": "https://www.iryou.teikyouseido.mhlw.go.jp/znk-web/juminkanja/S2430/initialize?prefCd=24&kikanCd=2240002910&kikanKbn=2", "url2": "https://kozuka-ladies.com", "内容": "医療法人　小塚産婦人科【2:診療所】【診療科目:産婦人科_産科_婦人科】三重県桑名市矢田４１９－１" }, "geometry": { "type": "Point", "coordinates": [ 136.672583, 35.058207 ] } },
{ "type": "Feature", "properties": { "ID": 2422240002930, "正式名称": "医療法人　久愛会　近藤小児科医院", "機関区分": 2, "都道府県コード": 24, "市区町村コード": 205, "所在地": "三重県桑名市星見ケ丘３－２０３－１", "緯度": 35.0769, "経度": 136.63094, "url": "https://www.iryou.teikyouseido.mhlw.go.jp/znk-web/juminkanja/S2430/initialize?prefCd=24&kikanCd=2240002930&kikanKbn=2", "url2": "http://www.kondo-ped.jp/", "内容": "医療法人　久愛会　近藤小児科医院【2:診療所】【診療科目:小児科_アレルギー科】三重県桑名市星見ケ丘３－２０３－１" }, "geometry": { "type": "Point", "coordinates": [ 136.63094, 35.0769 ] } },
{ "type": "Feature", "properties": { "ID": 2422240002960, "正式名称": "しばはらメンタルクリニック", "機関区分": 2, "都道府県コード": 24, "市区町村コード": 205, "所在地": "三重県桑名市福島７４８　ＡＡビル３Ｆ", "緯度": 35.076623, "経度": 136.684935, "url": "https://www.iryou.teikyouseido.mhlw.go.jp/znk-web/juminkanja/S2430/initialize?prefCd=24&kikanCd=2240002960&kikanKbn=2", "url2": "http://smc.g1.xrea.com/index.htm", "内容": "しばはらメンタルクリニック【2:診療所】【診療科目:精神科_心療内科】三重県桑名市福島７４８　ＡＡビル３Ｆ" }, "geometry": { "type": "Point", "coordinates": [ 136.684935, 35.076623 ] } },
{ "type": "Feature", "properties": { "ID": 2422240002970, "正式名称": "すがいクリニック", "機関区分": 2, "都道府県コード": 24, "市区町村コード": 205, "所在地": "三重県桑名市中央町１－１７", "緯度": 35.063791, "経度": 136.685603, "url": "https://www.iryou.teikyouseido.mhlw.go.jp/znk-web/juminkanja/S2430/initialize?prefCd=24&kikanCd=2240002970&kikanKbn=2", "url2": null, "内容": "すがいクリニック【2:診療所】【診療科目:内科_整形外科_リウマチ科_リハビリテーション科】三重県桑名市中央町１－１７" }, "geometry": { "type": "Point", "coordinates": [ 136.685603, 35.063791 ] } },
{ "type": "Feature", "properties": { "ID": 2422240003010, "正式名称": "そうえい皮膚科", "機関区分": 2, "都道府県コード": 24, "市区町村コード": 205, "所在地": "三重県桑名市有楽町１－２５　第２アヅマヤビル３階", "緯度": 35.067874, "経度": 136.685991, "url": "https://www.iryou.teikyouseido.mhlw.go.jp/znk-web/juminkanja/S2430/initialize?prefCd=24&kikanCd=2240003010&kikanKbn=2", "url2": null, "内容": "そうえい皮膚科【2:診療所】【診療科目:皮膚科】三重県桑名市有楽町１－２５　第２アヅマヤビル３階" }, "geometry": { "type": "Point", "coordinates": [ 136.685991, 35.067874 ] } },
{ "type": "Feature", "properties": { "ID": 2422240003030, "正式名称": "医療法人たけうちレディースケアクリニック", "機関区分": 2, "都道府県コード": 24, "市区町村コード": 205, "所在地": "三重県桑名市寿町２丁目２２", "緯度": 35.065791, "経度": 136.686214, "url": "https://www.iryou.teikyouseido.mhlw.go.jp/znk-web/juminkanja/S2430/initialize?prefCd=24&kikanCd=2240003030&kikanKbn=2", "url2": "http://www.myclinic.ne.jp/tlcc/pc/index.html", "内容": "医療法人たけうちレディースケアクリニック【2:診療所】【診療科目:婦人科】三重県桑名市寿町２丁目２２" }, "geometry": { "type": "Point", "coordinates": [ 136.686214, 35.065791 ] } },
{ "type": "Feature", "properties": { "ID": 2422240003050, "正式名称": "田中クリニック", "機関区分": 2, "都道府県コード": 24, "市区町村コード": 205, "所在地": "三重県桑名市梅園通３５番地１", "緯度": 35.067151, "経度": 136.673715, "url": "https://www.iryou.teikyouseido.mhlw.go.jp/znk-web/juminkanja/S2430/initialize?prefCd=24&kikanCd=2240003050&kikanKbn=2", "url2": "https://tanaka-clinic-kuwana.com/", "内容": "田中クリニック【2:診療所】【診療科目:内科_呼吸器内科_神経内科_外科_脳神経外科_アレルギー科_リハビリテーション科】三重県桑名市梅園通３５番地１" }, "geometry": { "type": "Point", "coordinates": [ 136.673715, 35.067151 ] } },
{ "type": "Feature", "properties": { "ID": 2422240003060, "正式名称": "医療法人　廉明会　田渕眼科", "機関区分": 2, "都道府県コード": 24, "市区町村コード": 205, "所在地": "三重県桑名市東方１５７番地３", "緯度": 35.068513, "経度": 136.682297, "url": "https://www.iryou.teikyouseido.mhlw.go.jp/znk-web/juminkanja/S2430/initialize?prefCd=24&kikanCd=2240003060&kikanKbn=2", "url2": "https://www.tabuchiganka.com/", "内容": "医療法人　廉明会　田渕眼科【2:診療所】【診療科目:眼科】三重県桑名市東方１５７番地３" }, "geometry": { "type": "Point", "coordinates": [ 136.682297, 35.068513 ] } },
{ "type": "Feature", "properties": { "ID": 2422240003070, "正式名称": "玉井医院", "機関区分": 2, "都道府県コード": 24, "市区町村コード": 205, "所在地": "三重県桑名市三ツ矢橋３６－３", "緯度": 35.058264, "経度": 136.682909, "url": "https://www.iryou.teikyouseido.mhlw.go.jp/znk-web/juminkanja/S2430/initialize?prefCd=24&kikanCd=2240003070&kikanKbn=2", "url2": null, "内容": "玉井医院【2:診療所】【診療科目:内科_呼吸器内科_循環器内科_胃腸内科】三重県桑名市三ツ矢橋３６－３" }, "geometry": { "type": "Point", "coordinates": [ 136.682909, 35.058264 ] } },
{ "type": "Feature", "properties": { "ID": 2422240003080, "正式名称": "医療法人社団　中部眼科", "機関区分": 2, "都道府県コード": 24, "市区町村コード": 205, "所在地": "三重県桑名市東方福島前７６８－１", "緯度": 35.075373, "経度": 136.682991, "url": "https://www.iryou.teikyouseido.mhlw.go.jp/znk-web/juminkanja/S2430/initialize?prefCd=24&kikanCd=2240003080&kikanKbn=2", "url2": "https://www.chubuganka.jp", "内容": "医療法人社団　中部眼科【2:診療所】【診療科目:眼科】三重県桑名市東方福島前７６８－１" }, "geometry": { "type": "Point", "coordinates": [ 136.682991, 35.075373 ] } },
{ "type": "Feature", "properties": { "ID": 2422240003090, "正式名称": "伊藤医院", "機関区分": 2, "都道府県コード": 24, "市区町村コード": 303, "所在地": "三重県桑名郡木曽岬町西対海地２５８－１", "緯度": 35.075179, "経度": 136.730793, "url": "https://www.iryou.teikyouseido.mhlw.go.jp/znk-web/juminkanja/S2430/initialize?prefCd=24&kikanCd=2240003090&kikanKbn=2", "url2": null, "内容": "伊藤医院【2:診療所】【診療科目:内科_小児科】三重県桑名郡木曽岬町西対海地２５８－１" }, "geometry": { "type": "Point", "coordinates": [ 136.730793, 35.075179 ] } },
{ "type": "Feature", "properties": { "ID": 2422240003100, "正式名称": "医療法人　月井整形外科", "機関区分": 2, "都道府県コード": 24, "市区町村コード": 205, "所在地": "三重県桑名市東方５８８－１", "緯度": 35.075817, "経度": 136.680825, "url": "https://www.iryou.teikyouseido.mhlw.go.jp/znk-web/juminkanja/S2430/initialize?prefCd=24&kikanCd=2240003100&kikanKbn=2", "url2": null, "内容": "医療法人　月井整形外科【2:診療所】【診療科目:整形外科_リハビリテーション科】三重県桑名市東方５８８－１" }, "geometry": { "type": "Point", "coordinates": [ 136.680825, 35.075817 ] } },
{ "type": "Feature", "properties": { "ID": 2422240003120, "正式名称": "医療法人　中村医院", "機関区分": 2, "都道府県コード": 24, "市区町村コード": 205, "所在地": "三重県桑名市末広町２９", "緯度": 35.067235, "経度": 136.689297, "url": "https://www.iryou.teikyouseido.mhlw.go.jp/znk-web/juminkanja/S2430/initialize?prefCd=24&kikanCd=2240003120&kikanKbn=2", "url2": null, "内容": "医療法人　中村医院【2:診療所】【診療科目:内科_皮膚科】三重県桑名市末広町２９" }, "geometry": { "type": "Point", "coordinates": [ 136.689297, 35.067235 ] } },
{ "type": "Feature", "properties": { "ID": 2422240003130, "正式名称": "なかむら小児科内科", "機関区分": 2, "都道府県コード": 24, "市区町村コード": 205, "所在地": "三重県桑名市長島町出口２４８", "緯度": 35.101093, "経度": 136.696711, "url": "https://www.iryou.teikyouseido.mhlw.go.jp/znk-web/juminkanja/S2430/initialize?prefCd=24&kikanCd=2240003130&kikanKbn=2", "url2": "http://www.nakamura-shonika-naika.com/", "内容": "なかむら小児科内科【2:診療所】【診療科目:内科_小児科_アレルギー科】三重県桑名市長島町出口２４８" }, "geometry": { "type": "Point", "coordinates": [ 136.696711, 35.101093 ] } },
{ "type": "Feature", "properties": { "ID": 2422240003140, "正式名称": "医療法人　中村内科", "機関区分": 2, "都道府県コード": 24, "市区町村コード": 205, "所在地": "三重県桑名市新屋敷１４６－２", "緯度": 35.056625, "経度": 136.692352, "url": "https://www.iryou.teikyouseido.mhlw.go.jp/znk-web/juminkanja/S2430/initialize?prefCd=24&kikanCd=2240003140&kikanKbn=2", "url2": "https://kuwana-nakamuranaika.com/", "内容": "医療法人　中村内科【2:診療所】【診療科目:内科】三重県桑名市新屋敷１４６－２" }, "geometry": { "type": "Point", "coordinates": [ 136.692352, 35.056625 ] } },
{ "type": "Feature", "properties": { "ID": 2422240003150, "正式名称": "医療法人　中村皮フ科", "機関区分": 2, "都道府県コード": 24, "市区町村コード": 205, "所在地": "三重県桑名市藤が丘９－４０１", "緯度": 35.0759, "経度": 136.653494, "url": "https://www.iryou.teikyouseido.mhlw.go.jp/znk-web/juminkanja/S2430/initialize?prefCd=24&kikanCd=2240003150&kikanKbn=2", "url2": null, "内容": "医療法人　中村皮フ科【2:診療所】【診療科目:皮膚科_アレルギー科】三重県桑名市藤が丘９－４０１" }, "geometry": { "type": "Point", "coordinates": [ 136.653494, 35.0759 ] } },
{ "type": "Feature", "properties": { "ID": 2422240003180, "正式名称": "医療法人　永田内科医院", "機関区分": 2, "都道府県コード": 24, "市区町村コード": 205, "所在地": "三重県桑名市西別所１２００－３１２", "緯度": 35.062235, "経度": 136.660327, "url": "https://www.iryou.teikyouseido.mhlw.go.jp/znk-web/juminkanja/S2430/initialize?prefCd=24&kikanCd=2240003180&kikanKbn=2", "url2": null, "内容": "医療法人　永田内科医院【2:診療所】【診療科目:内科_外科】三重県桑名市西別所１２００－３１２" }, "geometry": { "type": "Point", "coordinates": [ 136.660327, 35.062235 ] } },
{ "type": "Feature", "properties": { "ID": 2422240003190, "正式名称": "のだ内科・リウマチ膠原病・訪問診療クリニック", "機関区分": 2, "都道府県コード": 24, "市区町村コード": 205, "所在地": "三重県桑名市赤尾１３４４－３", "緯度": 35.052229, "経度": 136.631376, "url": "https://www.iryou.teikyouseido.mhlw.go.jp/znk-web/juminkanja/S2430/initialize?prefCd=24&kikanCd=2240003190&kikanKbn=2", "url2": "https://noda-naika-clinic.com", "内容": "のだ内科・リウマチ膠原病・訪問診療クリニック【2:診療所】【診療科目:内科_アレルギー疾患内科_精神科_リウマチ科】三重県桑名市赤尾１３４４－３" }, "geometry": { "type": "Point", "coordinates": [ 136.631376, 35.052229 ] } },
{ "type": "Feature", "properties": { "ID": 2422240003200, "正式名称": "ナナワ整形外科", "機関区分": 2, "都道府県コード": 24, "市区町村コード": 205, "所在地": "三重県桑名市大仲新田３２７－２９", "緯度": 35.079149, "経度": 136.612802, "url": "https://www.iryou.teikyouseido.mhlw.go.jp/znk-web/juminkanja/S2430/initialize?prefCd=24&kikanCd=2240003200&kikanKbn=2", "url2": null, "内容": "ナナワ整形外科【2:診療所】【診療科目:整形外科_リウマチ科_リハビリテーション科】三重県桑名市大仲新田３２７－２９" }, "geometry": { "type": "Point", "coordinates": [ 136.612802, 35.079149 ] } },
{ "type": "Feature", "properties": { "ID": 2422240003230, "正式名称": "医療法人　野崎耳鼻咽喉科", "機関区分": 2, "都道府県コード": 24, "市区町村コード": 205, "所在地": "三重県桑名市東方１８０８－１", "緯度": 35.067235, "経度": 136.677048, "url": "https://www.iryou.teikyouseido.mhlw.go.jp/znk-web/juminkanja/S2430/initialize?prefCd=24&kikanCd=2240003230&kikanKbn=2", "url2": null, "内容": "医療法人　野崎耳鼻咽喉科【2:診療所】【診療科目:耳鼻いんこう科】三重県桑名市東方１８０８－１" }, "geometry": { "type": "Point", "coordinates": [ 136.677048, 35.067235 ] } },
{ "type": "Feature", "properties": { "ID": 2422240003260, "正式名称": "東新クリニック", "機関区分": 2, "都道府県コード": 24, "市区町村コード": 205, "所在地": "三重県桑名市江場２０番地", "緯度": 35.055209, "経度": 136.695047, "url": "https://www.iryou.teikyouseido.mhlw.go.jp/znk-web/juminkanja/S2430/initialize?prefCd=24&kikanCd=2240003260&kikanKbn=2", "url2": "http://www.toushinen.jp", "内容": "東新クリニック【2:診療所】【診療科目:内科_整形外科_リハビリテーション科】三重県桑名市江場２０番地" }, "geometry": { "type": "Point", "coordinates": [ 136.695047, 35.055209 ] } },
{ "type": "Feature", "properties": { "ID": 2422240003270, "正式名称": "ひだまり眼科", "機関区分": 2, "都道府県コード": 24, "市区町村コード": 205, "所在地": "三重県桑名市陽だまりの丘７丁目１６０１", "緯度": 35.087399, "経度": 136.636022, "url": "https://www.iryou.teikyouseido.mhlw.go.jp/znk-web/juminkanja/S2430/initialize?prefCd=24&kikanCd=2240003270&kikanKbn=2", "url2": null, "内容": "ひだまり眼科【2:診療所】【診療科目:眼科】三重県桑名市陽だまりの丘７丁目１６０１" }, "geometry": { "type": "Point", "coordinates": [ 136.636022, 35.087399 ] } },
{ "type": "Feature", "properties": { "ID": 2422240003300, "正式名称": "大石内科クリニック", "機関区分": 2, "都道府県コード": 24, "市区町村コード": 205, "所在地": "三重県桑名市神成町２－５７", "緯度": 35.075262, "経度": 136.676547, "url": "https://www.iryou.teikyouseido.mhlw.go.jp/znk-web/juminkanja/S2430/initialize?prefCd=24&kikanCd=2240003300&kikanKbn=2", "url2": null, "内容": "大石内科クリニック【2:診療所】【診療科目:内科】三重県桑名市神成町２－５７" }, "geometry": { "type": "Point", "coordinates": [ 136.676547, 35.075262 ] } },
{ "type": "Feature", "properties": { "ID": 2422240003340, "正式名称": "医療法人　宮口内科循環器科", "機関区分": 2, "都道府県コード": 24, "市区町村コード": 205, "所在地": "三重県桑名市星見ケ丘９－１０２１", "緯度": 35.072706, "経度": 136.631801, "url": "https://www.iryou.teikyouseido.mhlw.go.jp/znk-web/juminkanja/S2430/initialize?prefCd=24&kikanCd=2240003340&kikanKbn=2", "url2": "https://miyaguchi-cl.com", "内容": "医療法人　宮口内科循環器科【2:診療所】【診療科目:内科_呼吸器内科_循環器内科_消化器内科_小児科】三重県桑名市星見ケ丘９－１０２１" }, "geometry": { "type": "Point", "coordinates": [ 136.631801, 35.072706 ] } },
{ "type": "Feature", "properties": { "ID": 2422240003380, "正式名称": "医療法人　森山クリニック", "機関区分": 2, "都道府県コード": 24, "市区町村コード": 205, "所在地": "三重県桑名市長島町松ケ島２１", "緯度": 35.089742, "経度": 136.6988, "url": "https://www.iryou.teikyouseido.mhlw.go.jp/znk-web/juminkanja/S2430/initialize?prefCd=24&kikanCd=2240003380&kikanKbn=2", "url2": null, "内容": "医療法人　森山クリニック【2:診療所】【診療科目:内科_胃腸内科_外科】三重県桑名市長島町松ケ島２１" }, "geometry": { "type": "Point", "coordinates": [ 136.6988, 35.089742 ] } },
{ "type": "Feature", "properties": { "ID": 2422240003390, "正式名称": "安永内科ペインクリニック", "機関区分": 2, "都道府県コード": 24, "市区町村コード": 205, "所在地": "三重県桑名市安永１丁目８２５", "緯度": 35.052153, "経度": 136.680048, "url": "https://www.iryou.teikyouseido.mhlw.go.jp/znk-web/juminkanja/S2430/initialize?prefCd=24&kikanCd=2240003390&kikanKbn=2", "url2": "http://www.myclinic.ne.jp/yasunaga_cl/", "内容": "安永内科ペインクリニック【2:診療所】【診療科目:内科_リハビリテーション科_麻酔科】三重県桑名市安永１丁目８２５" }, "geometry": { "type": "Point", "coordinates": [ 136.680048, 35.052153 ] } },
{ "type": "Feature", "properties": { "ID": 2422240003410, "正式名称": "医療法人　岡島眼科", "機関区分": 2, "都道府県コード": 24, "市区町村コード": 205, "所在地": "三重県桑名市三栄町４６", "緯度": 35.065874, "経度": 136.690547, "url": "https://www.iryou.teikyouseido.mhlw.go.jp/znk-web/juminkanja/S2430/initialize?prefCd=24&kikanCd=2240003410&kikanKbn=2", "url2": null, "内容": "医療法人　岡島眼科【2:診療所】【診療科目:眼科】三重県桑名市三栄町４６" }, "geometry": { "type": "Point", "coordinates": [ 136.690547, 35.065874 ] } },
{ "type": "Feature", "properties": { "ID": 2422240003430, "正式名称": "医療法人　星山会　山田眼科", "機関区分": 2, "都道府県コード": 24, "市区町村コード": 205, "所在地": "三重県桑名市星川７４４－１", "緯度": 35.067762, "経度": 136.625746, "url": "https://www.iryou.teikyouseido.mhlw.go.jp/znk-web/juminkanja/S2430/initialize?prefCd=24&kikanCd=2240003430&kikanKbn=2", "url2": null, "内容": "医療法人　星山会　山田眼科【2:診療所】【診療科目:眼科】三重県桑名市星川７４４－１" }, "geometry": { "type": "Point", "coordinates": [ 136.625746, 35.067762 ] } },
{ "type": "Feature", "properties": { "ID": 2422240003440, "正式名称": "山室内科", "機関区分": 2, "都道府県コード": 24, "市区町村コード": 205, "所在地": "三重県桑名市多度町小山１８７５", "緯度": 35.135477, "経度": 136.639992, "url": "https://www.iryou.teikyouseido.mhlw.go.jp/znk-web/juminkanja/S2430/initialize?prefCd=24&kikanCd=2240003440&kikanKbn=2", "url2": "https://www.yamamuro-naika.com", "内容": "山室内科【2:診療所】【診療科目:内科_呼吸器内科_循環器内科_消化器内科_小児科_皮膚科】三重県桑名市多度町小山１８７５" }, "geometry": { "type": "Point", "coordinates": [ 136.639992, 35.135477 ] } },
{ "type": "Feature", "properties": { "ID": 2422240003510, "正式名称": "みなみ整形外科", "機関区分": 2, "都道府県コード": 24, "市区町村コード": 214, "所在地": "三重県いなべ市大安町石榑下字野間２２５－２", "緯度": 35.107978, "経度": 136.526697, "url": "https://www.iryou.teikyouseido.mhlw.go.jp/znk-web/juminkanja/S2430/initialize?prefCd=24&kikanCd=2240003510&kikanKbn=2", "url2": null, "内容": "みなみ整形外科【2:診療所】【診療科目:整形外科_リウマチ科_リハビリテーション科】三重県いなべ市大安町石榑下字野間２２５－２" }, "geometry": { "type": "Point", "coordinates": [ 136.526697, 35.107978 ] } },
{ "type": "Feature", "properties": { "ID": 2422240003520, "正式名称": "医療法人　森下耳鼻咽喉科", "機関区分": 2, "都道府県コード": 24, "市区町村コード": 324, "所在地": "三重県員弁郡東員町六把野新田１３０－１", "緯度": 35.080593, "経度": 136.593026, "url": "https://www.iryou.teikyouseido.mhlw.go.jp/znk-web/juminkanja/S2430/initialize?prefCd=24&kikanCd=2240003520&kikanKbn=2", "url2": null, "内容": "医療法人　森下耳鼻咽喉科【2:診療所】【診療科目:耳鼻いんこう科_アレルギー科】三重県員弁郡東員町六把野新田１３０－１" }, "geometry": { "type": "Point", "coordinates": [ 136.593026, 35.080593 ] } },
{ "type": "Feature", "properties": { "ID": 2422240003540, "正式名称": "やまだ胃腸科内科", "機関区分": 2, "都道府県コード": 24, "市区町村コード": 324, "所在地": "三重県員弁郡東員町中上２７８－１", "緯度": 35.056762, "経度": 136.597083, "url": "https://www.iryou.teikyouseido.mhlw.go.jp/znk-web/juminkanja/S2430/initialize?prefCd=24&kikanCd=2240003540&kikanKbn=2", "url2": null, "内容": "やまだ胃腸科内科【2:診療所】【診療科目:内科_循環器内科_消化器内科】三重県員弁郡東員町中上２７８－１" }, "geometry": { "type": "Point", "coordinates": [ 136.597083, 35.056762 ] } },
{ "type": "Feature", "properties": { "ID": 2422240003560, "正式名称": "医療法人わたなべ整形外科", "機関区分": 2, "都道府県コード": 24, "市区町村コード": 214, "所在地": "三重県いなべ市員弁町大泉新田５", "緯度": 35.112256, "経度": 136.568305, "url": "https://www.iryou.teikyouseido.mhlw.go.jp/znk-web/juminkanja/S2430/initialize?prefCd=24&kikanCd=2240003560&kikanKbn=2", "url2": null, "内容": "医療法人わたなべ整形外科【2:診療所】【診療科目:内科_外科_整形外科_皮膚科_リウマチ科_リハビリテーション科】三重県いなべ市員弁町大泉新田５" }, "geometry": { "type": "Point", "coordinates": [ 136.568305, 35.112256 ] } },
{ "type": "Feature", "properties": { "ID": 2422240003590, "正式名称": "いなべ整形外科クリニック", "機関区分": 2, "都道府県コード": 24, "市区町村コード": 324, "所在地": "三重県員弁郡東員町山田３０７６－１", "緯度": 35.091536, "経度": 136.593026, "url": "https://www.iryou.teikyouseido.mhlw.go.jp/znk-web/juminkanja/S2430/initialize?prefCd=24&kikanCd=2240003590&kikanKbn=2", "url2": null, "内容": "いなべ整形外科クリニック【2:診療所】【診療科目:神経内科_外科_整形外科_形成外科_皮膚科_リウマチ科_リハビリテーション科】三重県員弁郡東員町山田３０７６－１" }, "geometry": { "type": "Point", "coordinates": [ 136.593026, 35.091536 ] } },
{ "type": "Feature", "properties": { "ID": 2422240003600, "正式名称": "おおた医院", "機関区分": 2, "都道府県コード": 24, "市区町村コード": 214, "所在地": "三重県いなべ市員弁町松之木１４８－３", "緯度": 35.107229, "経度": 136.571138, "url": "https://www.iryou.teikyouseido.mhlw.go.jp/znk-web/juminkanja/S2430/initialize?prefCd=24&kikanCd=2240003600&kikanKbn=2", "url2": null, "内容": "おおた医院【2:診療所】【診療科目:耳鼻いんこう科】三重県いなべ市員弁町松之木１４８－３" }, "geometry": { "type": "Point", "coordinates": [ 136.571138, 35.107229 ] } },
{ "type": "Feature", "properties": { "ID": 2422240003620, "正式名称": "小笠原内科", "機関区分": 2, "都道府県コード": 24, "市区町村コード": 214, "所在地": "三重県いなべ市員弁町大泉新田５５－１", "緯度": 35.110867, "経度": 136.566749, "url": "https://www.iryou.teikyouseido.mhlw.go.jp/znk-web/juminkanja/S2430/initialize?prefCd=24&kikanCd=2240003620&kikanKbn=2", "url2": null, "内容": "小笠原内科【2:診療所】【診療科目:内科_呼吸器内科_循環器内科_消化器内科_リハビリテーション科】三重県いなべ市員弁町大泉新田５５－１" }, "geometry": { "type": "Point", "coordinates": [ 136.566749, 35.110867 ] } },
{ "type": "Feature", "properties": { "ID": 2422240003640, "正式名称": "川崎医院", "機関区分": 2, "都道府県コード": 24, "市区町村コード": 214, "所在地": "三重県いなべ市大安町石榑東１０７６", "緯度": 35.108339, "経度": 136.514865, "url": "https://www.iryou.teikyouseido.mhlw.go.jp/znk-web/juminkanja/S2430/initialize?prefCd=24&kikanCd=2240003640&kikanKbn=2", "url2": null, "内容": "川崎医院【2:診療所】【診療科目:内科】三重県いなべ市大安町石榑東１０７６" }, "geometry": { "type": "Point", "coordinates": [ 136.514865, 35.108339 ] } },
{ "type": "Feature", "properties": { "ID": 2422240003650, "正式名称": "医療法人　桑春会　桑原医院", "機関区分": 2, "都道府県コード": 24, "市区町村コード": 214, "所在地": "三重県いなべ市北勢町中山９－１", "緯度": 35.132031, "経度": 136.513419, "url": "https://www.iryou.teikyouseido.mhlw.go.jp/znk-web/juminkanja/S2430/initialize?prefCd=24&kikanCd=2240003650&kikanKbn=2", "url2": null, "内容": "医療法人　桑春会　桑原医院【2:診療所】【診療科目:内科_小児科_アレルギー科】三重県いなべ市北勢町中山９－１" }, "geometry": { "type": "Point", "coordinates": [ 136.513419, 35.132031 ] } },
{ "type": "Feature", "properties": { "ID": 2422240003660, "正式名称": "斉藤医院", "機関区分": 2, "都道府県コード": 24, "市区町村コード": 214, "所在地": "三重県いなべ市北勢町阿下喜２０６２－１", "緯度": 35.149834, "経度": 136.51964, "url": "https://www.iryou.teikyouseido.mhlw.go.jp/znk-web/juminkanja/S2430/initialize?prefCd=24&kikanCd=2240003660&kikanKbn=2", "url2": null, "内容": "斉藤医院【2:診療所】【診療科目:内科_小児科】三重県いなべ市北勢町阿下喜２０６２－１" }, "geometry": { "type": "Point", "coordinates": [ 136.51964, 35.149834 ] } },
{ "type": "Feature", "properties": { "ID": 2422240003670, "正式名称": "医療法人　杉山医院", "機関区分": 2, "都道府県コード": 24, "市区町村コード": 214, "所在地": "三重県いなべ市藤原町志礼石新田９６", "緯度": 35.170248, "経度": 136.492697, "url": "https://www.iryou.teikyouseido.mhlw.go.jp/znk-web/juminkanja/S2430/initialize?prefCd=24&kikanCd=2240003670&kikanKbn=2", "url2": null, "内容": "医療法人　杉山医院【2:診療所】【診療科目:内科_小児科】三重県いなべ市藤原町志礼石新田９６" }, "geometry": { "type": "Point", "coordinates": [ 136.492697, 35.170248 ] } },
{ "type": "Feature", "properties": { "ID": 2422240003680, "正式名称": "医療法人　杉山整形外科", "機関区分": 2, "都道府県コード": 24, "市区町村コード": 324, "所在地": "三重県員弁郡東員町穴太１９８７－１", "緯度": 35.075899, "経度": 136.603998, "url": "https://www.iryou.teikyouseido.mhlw.go.jp/znk-web/juminkanja/S2430/initialize?prefCd=24&kikanCd=2240003680&kikanKbn=2", "url2": "http://www.sugiyama-ort.com", "内容": "医療法人　杉山整形外科【2:診療所】【診療科目:整形外科_リハビリテーション科】三重県員弁郡東員町穴太１９８７－１" }, "geometry": { "type": "Point", "coordinates": [ 136.603998, 35.075899 ] } },
{ "type": "Feature", "properties": { "ID": 2422240003730, "正式名称": "医療法人　萩原クリニック", "機関区分": 2, "都道府県コード": 24, "市区町村コード": 214, "所在地": "三重県いなべ市大安町門前５８３－２", "緯度": 35.083759, "経度": 136.553585, "url": "https://www.iryou.teikyouseido.mhlw.go.jp/znk-web/juminkanja/S2430/initialize?prefCd=24&kikanCd=2240003730&kikanKbn=2", "url2": null, "内容": "医療法人　萩原クリニック【2:診療所】【診療科目:内科_循環器内科】三重県いなべ市大安町門前５８３－２" }, "geometry": { "type": "Point", "coordinates": [ 136.553585, 35.083759 ] } },
{ "type": "Feature", "properties": { "ID": 2422240003740, "正式名称": "羽場内科クリニック", "機関区分": 2, "都道府県コード": 24, "市区町村コード": 214, "所在地": "三重県いなべ市北勢町阿下喜１８８１－１", "緯度": 35.153723, "経度": 136.51589, "url": "https://www.iryou.teikyouseido.mhlw.go.jp/znk-web/juminkanja/S2430/initialize?prefCd=24&kikanCd=2240003740&kikanKbn=2", "url2": null, "内容": "羽場内科クリニック【2:診療所】【診療科目:内科_呼吸器内科_循環器内科_消化器内科】三重県いなべ市北勢町阿下喜１８８１－１" }, "geometry": { "type": "Point", "coordinates": [ 136.51589, 35.153723 ] } },
{ "type": "Feature", "properties": { "ID": 2422240003760, "正式名称": "医療法人　清風会　あがたクリニック", "機関区分": 2, "都道府県コード": 24, "市区町村コード": 202, "所在地": "三重県四日市市下海老町１６３－１", "緯度": 35.02146, "経度": 136.573892, "url": "https://www.iryou.teikyouseido.mhlw.go.jp/znk-web/juminkanja/S2430/initialize?prefCd=24&kikanCd=2240003760&kikanKbn=2", "url2": null, "内容": "医療法人　清風会　あがたクリニック【2:診療所】【診療科目:内科_神経内科_外科】三重県四日市市下海老町１６３－１" }, "geometry": { "type": "Point", "coordinates": [ 136.573892, 35.02146 ] } },
{ "type": "Feature", "properties": { "ID": 2422240003770, "正式名称": "医療法人エイ・エム・エス", "機関区分": 2, "都道府県コード": 24, "市区町村コード": 202, "所在地": "三重県四日市市大矢知町１０６７－１", "緯度": 35.019128, "経度": 136.635998, "url": "https://www.iryou.teikyouseido.mhlw.go.jp/znk-web/juminkanja/S2430/initialize?prefCd=24&kikanCd=2240003770&kikanKbn=2", "url2": "http://www.aquairms.com/", "内容": "医療法人エイ・エム・エス【2:診療所】【診療科目:小児科_皮膚科_アレルギー科】三重県四日市市大矢知町１０６７－１" }, "geometry": { "type": "Point", "coordinates": [ 136.635998, 35.019128 ] } },
{ "type": "Feature", "properties": { "ID": 2422240003780, "正式名称": "あこず内科循環器科クリニック", "機関区分": 2, "都道府県コード": 24, "市区町村コード": 202, "所在地": "三重県四日市市赤水町１２７４－３", "緯度": 35.009322, "経度": 136.561115, "url": "https://www.iryou.teikyouseido.mhlw.go.jp/znk-web/juminkanja/S2430/initialize?prefCd=24&kikanCd=2240003780&kikanKbn=2", "url2": "http://www.akozu-clinic.jp", "内容": "あこず内科循環器科クリニック【2:診療所】【診療科目:内科_呼吸器内科_循環器内科_消化器内科_リハビリテーション科】三重県四日市市赤水町１２７４－３" }, "geometry": { "type": "Point", "coordinates": [ 136.561115, 35.009322 ] } },
{ "type": "Feature", "properties": { "ID": 2422240003800, "正式名称": "あさけが丘診療所", "機関区分": 2, "都道府県コード": 24, "市区町村コード": 202, "所在地": "三重県四日市市あさけが丘２－１－１１２", "緯度": 35.034403, "経度": 136.576585, "url": "https://www.iryou.teikyouseido.mhlw.go.jp/znk-web/juminkanja/S2430/initialize?prefCd=24&kikanCd=2240003800&kikanKbn=2", "url2": null, "内容": "あさけが丘診療所【2:診療所】【診療科目:整形外科_眼科】三重県四日市市あさけが丘２－１－１１２" }, "geometry": { "type": "Point", "coordinates": [ 136.576585, 35.034403 ] } },
{ "type": "Feature", "properties": { "ID": 2422240003810, "正式名称": "社会福祉法人檜の里　あさけ診療所", "機関区分": 2, "都道府県コード": 24, "市区町村コード": 341, "所在地": "三重県三重郡菰野町杉谷１５７３", "緯度": 35.049067, "経度": 136.501591, "url": "https://www.iryou.teikyouseido.mhlw.go.jp/znk-web/juminkanja/S2430/initialize?prefCd=24&kikanCd=2240003810&kikanKbn=2", "url2": "http://asakegakuen.com", "内容": "社会福祉法人檜の里　あさけ診療所【2:診療所】【診療科目:児童精神科_精神科_心療内科】三重県三重郡菰野町杉谷１５７３" }, "geometry": { "type": "Point", "coordinates": [ 136.501591, 35.049067 ] } },
{ "type": "Feature", "properties": { "ID": 2422240003820, "正式名称": "医療法人　あそクリニック", "機関区分": 2, "都道府県コード": 24, "市区町村コード": 341, "所在地": "三重県三重郡菰野町潤田２１５０－３", "緯度": 35.026208, "経度": 136.50798, "url": "https://www.iryou.teikyouseido.mhlw.go.jp/znk-web/juminkanja/S2430/initialize?prefCd=24&kikanCd=2240003820&kikanKbn=2", "url2": "http://www.citydo.com/sp/059-394-5577", "内容": "医療法人　あそクリニック【2:診療所】【診療科目:内科_循環器内科_消化器内科_小児科_アレルギー科_リハビリテーション科】三重県三重郡菰野町潤田２１５０－３" }, "geometry": { "type": "Point", "coordinates": [ 136.50798, 35.026208 ] } },
{ "type": "Feature", "properties": { "ID": 2422240003840, "正式名称": "医療法人　飯田医院", "機関区分": 2, "都道府県コード": 24, "市区町村コード": 202, "所在地": "三重県四日市市富田浜元町１－１６", "緯度": 34.999242, "経度": 136.65383, "url": "https://www.iryou.teikyouseido.mhlw.go.jp/znk-web/juminkanja/S2430/initialize?prefCd=24&kikanCd=2240003840&kikanKbn=2", "url2": "http://www.citydo.com/sp/059-365-0001", "内容": "医療法人　飯田医院【2:診療所】【診療科目:内科_循環器内科_小児科_精神科_リハビリテーション科】三重県四日市市富田浜元町１－１６" }, "geometry": { "type": "Point", "coordinates": [ 136.65383, 34.999242 ] } },
{ "type": "Feature", "properties": { "ID": 2422240003860, "正式名称": "みえ医療福祉生活協同組合　いくわ診療所", "機関区分": 2, "都道府県コード": 24, "市区町村コード": 202, "所在地": "三重県四日市市生桑町１４５５", "緯度": 34.980048, "経度": 136.596531, "url": "https://www.iryou.teikyouseido.mhlw.go.jp/znk-web/juminkanja/S2430/initialize?prefCd=24&kikanCd=2240003860&kikanKbn=2", "url2": "http://www.y-medico.com/medical.html", "内容": "みえ医療福祉生活協同組合　いくわ診療所【2:診療所】【診療科目:内科_胃腸内科_整形外科_小児科_放射線科】三重県四日市市生桑町１４５５" }, "geometry": { "type": "Point", "coordinates": [ 136.596531, 34.980048 ] } },
{ "type": "Feature", "properties": { "ID": 2422240003870, "正式名称": "石川記念いとうクリニック", "機関区分": 2, "都道府県コード": 24, "市区町村コード": 202, "所在地": "三重県四日市市桜町１２７", "緯度": 34.994657, "経度": 136.539257, "url": "https://www.iryou.teikyouseido.mhlw.go.jp/znk-web/juminkanja/S2430/initialize?prefCd=24&kikanCd=2240003870&kikanKbn=2", "url2": null, "内容": "石川記念いとうクリニック【2:診療所】【診療科目:内科_循環器内科_消化器内科_小児科】三重県四日市市桜町１２７" }, "geometry": { "type": "Point", "coordinates": [ 136.539257, 34.994657 ] } },
{ "type": "Feature", "properties": { "ID": 2422240003930, "正式名称": "医療法人　朋有会　伊藤クリニック", "機関区分": 2, "都道府県コード": 24, "市区町村コード": 202, "所在地": "三重県四日市市下之宮町３２９－１", "緯度": 35.013962, "経度": 136.641442, "url": "https://www.iryou.teikyouseido.mhlw.go.jp/znk-web/juminkanja/S2430/initialize?prefCd=24&kikanCd=2240003930&kikanKbn=2", "url2": null, "内容": "医療法人　朋有会　伊藤クリニック【2:診療所】【診療科目:内科_外科_放射線科】三重県四日市市下之宮町３２９－１" }, "geometry": { "type": "Point", "coordinates": [ 136.641442, 35.013962 ] } },
{ "type": "Feature", "properties": { "ID": 2422240003950, "正式名称": "いとう整形外科クリニック", "機関区分": 2, "都道府県コード": 24, "市区町村コード": 202, "所在地": "三重県四日市市垂坂町１６２－１", "緯度": 35.003491, "経度": 136.619944, "url": "https://www.iryou.teikyouseido.mhlw.go.jp/znk-web/juminkanja/S2430/initialize?prefCd=24&kikanCd=2240003950&kikanKbn=2", "url2": "https://jinenn.jimdofree.com/", "内容": "いとう整形外科クリニック【2:診療所】【診療科目:外科_整形外科_皮膚科_リウマチ科_リハビリテーション科】三重県四日市市垂坂町１６２－１" }, "geometry": { "type": "Point", "coordinates": [ 136.619944, 35.003491 ] } },
{ "type": "Feature", "properties": { "ID": 2422240003960, "正式名称": "伊藤皮膚科", "機関区分": 2, "都道府県コード": 24, "市区町村コード": 202, "所在地": "三重県四日市市中部１６－９", "緯度": 34.9703, "経度": 136.625584, "url": "https://www.iryou.teikyouseido.mhlw.go.jp/znk-web/juminkanja/S2430/initialize?prefCd=24&kikanCd=2240003960&kikanKbn=2", "url2": null, "内容": "伊藤皮膚科【2:診療所】【診療科目:皮膚科_アレルギー科】三重県四日市市中部１６－９" }, "geometry": { "type": "Point", "coordinates": [ 136.625584, 34.9703 ] } },
{ "type": "Feature", "properties": { "ID": 2422240003970, "正式名称": "医療法人　稲垣耳鼻咽喉科", "機関区分": 2, "都道府県コード": 24, "市区町村コード": 202, "所在地": "三重県四日市市松本３－１３－２", "緯度": 34.970466, "経度": 136.588726, "url": "https://www.iryou.teikyouseido.mhlw.go.jp/znk-web/juminkanja/S2430/initialize?prefCd=24&kikanCd=2240003970&kikanKbn=2", "url2": "http://www.inagakijibika.com", "内容": "医療法人　稲垣耳鼻咽喉科【2:診療所】【診療科目:耳鼻いんこう科】三重県四日市市松本３－１３－２" }, "geometry": { "type": "Point", "coordinates": [ 136.588726, 34.970466 ] } },
{ "type": "Feature", "properties": { "ID": 2422240004010, "正式名称": "位田医院", "機関区分": 2, "都道府県コード": 24, "市区町村コード": 341, "所在地": "三重県三重郡菰野町下村１３６９", "緯度": 35.020737, "経度": 136.544089, "url": "https://www.iryou.teikyouseido.mhlw.go.jp/znk-web/juminkanja/S2430/initialize?prefCd=24&kikanCd=2240004010&kikanKbn=2", "url2": null, "内容": "位田医院【2:診療所】【診療科目:内科_消化器内科_外科_肛門外科】三重県三重郡菰野町下村１３６９" }, "geometry": { "type": "Point", "coordinates": [ 136.544089, 35.020737 ] } },
{ "type": "Feature", "properties": { "ID": 2422240004020, "正式名称": "医療法人　位田内科循環器科", "機関区分": 2, "都道府県コード": 24, "市区町村コード": 202, "所在地": "三重県四日市市馳出町３－６－３", "緯度": 34.934554, "経度": 136.624558, "url": "https://www.iryou.teikyouseido.mhlw.go.jp/znk-web/juminkanja/S2430/initialize?prefCd=24&kikanCd=2240004020&kikanKbn=2", "url2": null, "内容": "医療法人　位田内科循環器科【2:診療所】【診療科目:内科_循環器内科_胃腸内科】三重県四日市市馳出町３－６－３" }, "geometry": { "type": "Point", "coordinates": [ 136.624558, 34.934554 ] } },
{ "type": "Feature", "properties": { "ID": 2422240004040, "正式名称": "医療法人　上野厚生会　うえのクリニック", "機関区分": 2, "都道府県コード": 24, "市区町村コード": 202, "所在地": "三重県四日市市天カ須賀４－６－８", "緯度": 35.016101, "経度": 136.669801, "url": "https://www.iryou.teikyouseido.mhlw.go.jp/znk-web/juminkanja/S2430/initialize?prefCd=24&kikanCd=2240004040&kikanKbn=2", "url2": null, "内容": "医療法人　上野厚生会　うえのクリニック【2:診療所】【診療科目:内科_循環器内科_胃腸内科_小児科】三重県四日市市天カ須賀４－６－８" }, "geometry": { "type": "Point", "coordinates": [ 136.669801, 35.016101 ] } },
{ "type": "Feature", "properties": { "ID": 2422240004050, "正式名称": "うえの整形外科", "機関区分": 2, "都道府県コード": 24, "市区町村コード": 341, "所在地": "三重県三重郡菰野町神森８８２", "緯度": 35.001101, "経度": 136.536201, "url": "https://www.iryou.teikyouseido.mhlw.go.jp/znk-web/juminkanja/S2430/initialize?prefCd=24&kikanCd=2240004050&kikanKbn=2", "url2": null, "内容": "うえの整形外科【2:診療所】【診療科目:整形外科】三重県三重郡菰野町神森８８２" }, "geometry": { "type": "Point", "coordinates": [ 136.536201, 35.001101 ] } },
{ "type": "Feature", "properties": { "ID": 2422240004080, "正式名称": "医療法人　内田クリニック", "機関区分": 2, "都道府県コード": 24, "市区町村コード": 341, "所在地": "三重県三重郡菰野町小島１１５７", "緯度": 35.068288, "経度": 136.520783, "url": "https://www.iryou.teikyouseido.mhlw.go.jp/znk-web/juminkanja/S2430/initialize?prefCd=24&kikanCd=2240004080&kikanKbn=2", "url2": "https://uchida-clinic.net", "内容": "医療法人　内田クリニック【2:診療所】【診療科目:内科_外科_整形外科_皮膚科】三重県三重郡菰野町小島１１５７" }, "geometry": { "type": "Point", "coordinates": [ 136.520783, 35.068288 ] } },
{ "type": "Feature", "properties": { "ID": 2422240004100, "正式名称": "うつべ中野整形外科", "機関区分": 2, "都道府県コード": 24, "市区町村コード": 202, "所在地": "三重県四日市市貝家町３０６－１", "緯度": 34.932442, "経度": 136.567757, "url": "https://www.iryou.teikyouseido.mhlw.go.jp/znk-web/juminkanja/S2430/initialize?prefCd=24&kikanCd=2240004100&kikanKbn=2", "url2": null, "内容": "うつべ中野整形外科【2:診療所】【診療科目:整形外科】三重県四日市市貝家町３０６－１" }, "geometry": { "type": "Point", "coordinates": [ 136.567757, 34.932442 ] } },
{ "type": "Feature", "properties": { "ID": 2422240004140, "正式名称": "桜花台こどもクリニック", "機関区分": 2, "都道府県コード": 24, "市区町村コード": 202, "所在地": "三重県四日市市桜花台１－３５－４", "緯度": 34.988713, "経度": 136.529869, "url": "https://www.iryou.teikyouseido.mhlw.go.jp/znk-web/juminkanja/S2430/initialize?prefCd=24&kikanCd=2240004140&kikanKbn=2", "url2": "http://ookadaicc.biz/", "内容": "桜花台こどもクリニック【2:診療所】【診療科目:内科_小児科_皮膚科_アレルギー科】三重県四日市市桜花台１－３５－４" }, "geometry": { "type": "Point", "coordinates": [ 136.529869, 34.988713 ] } },
{ "type": "Feature", "properties": { "ID": 2422240004150, "正式名称": "医療法人　平成会　大岩小児科医院", "機関区分": 2, "都道府県コード": 24, "市区町村コード": 202, "所在地": "三重県四日市市釆女が丘３－３０－１", "緯度": 34.916305, "経度": 136.581785, "url": "https://www.iryou.teikyouseido.mhlw.go.jp/znk-web/juminkanja/S2430/initialize?prefCd=24&kikanCd=2240004150&kikanKbn=2", "url2": null, "内容": "医療法人　平成会　大岩小児科医院【2:診療所】【診療科目:小児科】三重県四日市市釆女が丘３－３０－１" }, "geometry": { "type": "Point", "coordinates": [ 136.581785, 34.916305 ] } },
{ "type": "Feature", "properties": { "ID": 2422240004160, "正式名称": "大川眼科", "機関区分": 2, "都道府県コード": 24, "市区町村コード": 202, "所在地": "三重県四日市市九の城町１－９", "緯度": 34.963162, "経度": 136.616752, "url": "https://www.iryou.teikyouseido.mhlw.go.jp/znk-web/juminkanja/S2430/initialize?prefCd=24&kikanCd=2240004160&kikanKbn=2", "url2": "http://okawaganka.com/", "内容": "大川眼科【2:診療所】【診療科目:眼科】三重県四日市市九の城町１－９" }, "geometry": { "type": "Point", "coordinates": [ 136.616752, 34.963162 ] } },
{ "type": "Feature", "properties": { "ID": 2422240004170, "正式名称": "太田医院", "機関区分": 2, "都道府県コード": 24, "市区町村コード": 202, "所在地": "三重県四日市市松寺１丁目７－１４", "緯度": 35.022323, "経度": 136.653191, "url": "https://www.iryou.teikyouseido.mhlw.go.jp/znk-web/juminkanja/S2430/initialize?prefCd=24&kikanCd=2240004170&kikanKbn=2", "url2": "http://www.myclinic.ne.jp/omc97", "内容": "太田医院【2:診療所】【診療科目:内科】三重県四日市市松寺１丁目７－１４" }, "geometry": { "type": "Point", "coordinates": [ 136.653191, 35.022323 ] } },
{ "type": "Feature", "properties": { "ID": 2422240004180, "正式名称": "おかだ眼科", "機関区分": 2, "都道府県コード": 24, "市区町村コード": 202, "所在地": "三重県四日市市智積町６０３０－１", "緯度": 34.990768, "経度": 136.544451, "url": "https://www.iryou.teikyouseido.mhlw.go.jp/znk-web/juminkanja/S2430/initialize?prefCd=24&kikanCd=2240004180&kikanKbn=2", "url2": "https://okadaganka-website.wixsite.com/mysyte", "内容": "おかだ眼科【2:診療所】【診療科目:眼科】三重県四日市市智積町６０３０－１" }, "geometry": { "type": "Point", "coordinates": [ 136.544451, 34.990768 ] } },
{ "type": "Feature", "properties": { "ID": 2422240004210, "正式名称": "医療法人　小野外科　小野外科内科", "機関区分": 2, "都道府県コード": 24, "市区町村コード": 202, "所在地": "三重県四日市市智積町６３３３", "緯度": 34.995129, "経度": 136.544312, "url": "https://www.iryou.teikyouseido.mhlw.go.jp/znk-web/juminkanja/S2430/initialize?prefCd=24&kikanCd=2240004210&kikanKbn=2", "url2": null, "内容": "医療法人　小野外科　小野外科内科【2:診療所】【診療科目:内科_脳神経内科_消化器内科_外科_整形外科_リハビリテーション科】三重県四日市市智積町６３３３" }, "geometry": { "type": "Point", "coordinates": [ 136.544312, 34.995129 ] } },
{ "type": "Feature", "properties": { "ID": 2422240004220, "正式名称": "医療法人　おの心のクリニック", "機関区分": 2, "都道府県コード": 24, "市区町村コード": 202, "所在地": "三重県四日市市松本３－１０－２７", "緯度": 34.969244, "経度": 136.589587, "url": "https://www.iryou.teikyouseido.mhlw.go.jp/znk-web/juminkanja/S2430/initialize?prefCd=24&kikanCd=2240004220&kikanKbn=2", "url2": "onokokoro.doctorsfile.jp", "内容": "医療法人　おの心のクリニック【2:診療所】【診療科目:精神科_心療内科】三重県四日市市松本３－１０－２７" }, "geometry": { "type": "Point", "coordinates": [ 136.589587, 34.969244 ] } },
{ "type": "Feature", "properties": { "ID": 2422240004230, "正式名称": "医療法人　おばたレディースクリニック", "機関区分": 2, "都道府県コード": 24, "市区町村コード": 202, "所在地": "三重県四日市市川島町６８４２－１", "緯度": 34.966105, "経度": 136.577616, "url": "https://www.iryou.teikyouseido.mhlw.go.jp/znk-web/juminkanja/S2430/initialize?prefCd=24&kikanCd=2240004230&kikanKbn=2", "url2": "http://obata-lc.com", "内容": "医療法人　おばたレディースクリニック【2:診療所】【診療科目:産婦人科】三重県四日市市川島町６８４２－１" }, "geometry": { "type": "Point", "coordinates": [ 136.577616, 34.966105 ] } },
{ "type": "Feature", "properties": { "ID": 2422240004240, "正式名称": "医療法人　悟りの会　貝沼内科小児科", "機関区分": 2, "都道府県コード": 24, "市区町村コード": 202, "所在地": "三重県四日市市泊山崎町１０－１", "緯度": 34.942441, "経度": 136.594532, "url": "https://www.iryou.teikyouseido.mhlw.go.jp/znk-web/juminkanja/S2430/initialize?prefCd=24&kikanCd=2240004240&kikanKbn=2", "url2": "https://www.kainuma-shelloom.jp", "内容": "医療法人　悟りの会　貝沼内科小児科【2:診療所】【診療科目:内科_糖尿病内科_小児科_アレルギー科】三重県四日市市泊山崎町１０－１" }, "geometry": { "type": "Point", "coordinates": [ 136.594532, 34.942441 ] } },
{ "type": "Feature", "properties": { "ID": 2422240004260, "正式名称": "片岡整形外科", "機関区分": 2, "都道府県コード": 24, "市区町村コード": 202, "所在地": "三重県四日市市西日野町１５９４－１", "緯度": 34.951773, "経度": 136.583477, "url": "https://www.iryou.teikyouseido.mhlw.go.jp/znk-web/juminkanja/S2430/initialize?prefCd=24&kikanCd=2240004260&kikanKbn=2", "url2": null, "内容": "片岡整形外科【2:診療所】【診療科目:整形外科】三重県四日市市西日野町１５９４－１" }, "geometry": { "type": "Point", "coordinates": [ 136.583477, 34.951773 ] } },
{ "type": "Feature", "properties": { "ID": 2422240004280, "正式名称": "加藤整形外科", "機関区分": 2, "都道府県コード": 24, "市区町村コード": 202, "所在地": "三重県四日市市下さざらい町８４３", "緯度": 35.019045, "経度": 136.643803, "url": "https://www.iryou.teikyouseido.mhlw.go.jp/znk-web/juminkanja/S2430/initialize?prefCd=24&kikanCd=2240004280&kikanKbn=2", "url2": null, "内容": "加藤整形外科【2:診療所】【診療科目:整形外科_リウマチ科_リハビリテーション科】三重県四日市市下さざらい町８４３" }, "geometry": { "type": "Point", "coordinates": [ 136.643803, 35.019045 ] } },
{ "type": "Feature", "properties": { "ID": 2422240004310, "正式名称": "川越伊藤医院", "機関区分": 2, "都道府県コード": 24, "市区町村コード": 344, "所在地": "三重県三重郡川越町豊田２９９－１", "緯度": 35.016712, "経度": 136.661412, "url": "https://www.iryou.teikyouseido.mhlw.go.jp/znk-web/juminkanja/S2430/initialize?prefCd=24&kikanCd=2240004310&kikanKbn=2", "url2": "https://kawagoe-ito-med.com", "内容": "川越伊藤医院【2:診療所】【診療科目:内科_小児科_産婦人科_精神科】三重県三重郡川越町豊田２９９－１" }, "geometry": { "type": "Point", "coordinates": [ 136.661412, 35.016712 ] } },
{ "type": "Feature", "properties": { "ID": 2422240004320, "正式名称": "川越町国民健康保険川越診療所", "機関区分": 2, "都道府県コード": 24, "市区町村コード": 344, "所在地": "三重県三重郡川越町豊田一色３１４", "緯度": 35.026017, "経度": 136.670495, "url": "https://www.iryou.teikyouseido.mhlw.go.jp/znk-web/juminkanja/S2430/initialize?prefCd=24&kikanCd=2240004320&kikanKbn=2", "url2": "https://www.town.kawagoe.mie.jp/", "内容": "川越町国民健康保険川越診療所【2:診療所】【診療科目:内科】三重県三重郡川越町豊田一色３１４" }, "geometry": { "type": "Point", "coordinates": [ 136.670495, 35.026017 ] } },
{ "type": "Feature", "properties": { "ID": 2422240004400, "正式名称": "越山クリニック", "機関区分": 2, "都道府県コード": 24, "市区町村コード": 202, "所在地": "三重県四日市市城山町１－１１", "緯度": 34.985187, "経度": 136.63075, "url": "https://www.iryou.teikyouseido.mhlw.go.jp/znk-web/juminkanja/S2430/initialize?prefCd=24&kikanCd=2240004400&kikanKbn=2", "url2": null, "内容": "越山クリニック【2:診療所】【診療科目:内科_呼吸器内科_循環器内科_消化器内科_小児科_アレルギー科_リハビリテーション科】三重県四日市市城山町１－１１" }, "geometry": { "type": "Point", "coordinates": [ 136.63075, 34.985187 ] } },
{ "type": "Feature", "properties": { "ID": 2422240004460, "正式名称": "菰野聖十字の家診療所", "機関区分": 2, "都道府県コード": 24, "市区町村コード": 341, "所在地": "三重県三重郡菰野町宿野１４３３－６７", "緯度": 35.002795, "経度": 136.518147, "url": "https://www.iryou.teikyouseido.mhlw.go.jp/znk-web/juminkanja/S2430/initialize?prefCd=24&kikanCd=2240004460&kikanKbn=2", "url2": null, "内容": "菰野聖十字の家診療所【2:診療所】【診療科目:内科_精神科_心療内科】三重県三重郡菰野町宿野１４３３－６７" }, "geometry": { "type": "Point", "coordinates": [ 136.518147, 35.002795 ] } },
{ "type": "Feature", "properties": { "ID": 2422240004490, "正式名称": "斉藤クリニック", "機関区分": 2, "都道府県コード": 24, "市区町村コード": 202, "所在地": "三重県四日市市茂福７４１", "緯度": 35.007435, "経度": 136.644081, "url": "https://www.iryou.teikyouseido.mhlw.go.jp/znk-web/juminkanja/S2430/initialize?prefCd=24&kikanCd=2240004490&kikanKbn=2", "url2": null, "内容": "斉藤クリニック【2:診療所】【診療科目:内科_呼吸器内科_循環器内科_胃腸内科】三重県四日市市茂福７４１" }, "geometry": { "type": "Point", "coordinates": [ 136.644081, 35.007435 ] } },
{ "type": "Feature", "properties": { "ID": 2422240004500, "正式名称": "さかい内科クリニック", "機関区分": 2, "都道府県コード": 24, "市区町村コード": 202, "所在地": "三重県四日市市富田一色町３０－５９", "緯度": 35.006824, "経度": 136.663885, "url": "https://www.iryou.teikyouseido.mhlw.go.jp/znk-web/juminkanja/S2430/initialize?prefCd=24&kikanCd=2240004500&kikanKbn=2", "url2": null, "内容": "さかい内科クリニック【2:診療所】【診療科目:内科_呼吸器内科_循環器内科_胃腸内科】三重県四日市市富田一色町３０－５９" }, "geometry": { "type": "Point", "coordinates": [ 136.663885, 35.006824 ] } },
{ "type": "Feature", "properties": { "ID": 2422240004520, "正式名称": "医療法人　さかくら耳鼻咽喉科", "機関区分": 2, "都道府県コード": 24, "市区町村コード": 202, "所在地": "三重県四日市市智積町６１４７", "緯度": 34.992296, "経度": 136.546451, "url": "https://www.iryou.teikyouseido.mhlw.go.jp/znk-web/juminkanja/S2430/initialize?prefCd=24&kikanCd=2240004520&kikanKbn=2", "url2": null, "内容": "医療法人　さかくら耳鼻咽喉科【2:診療所】【診療科目:耳鼻いんこう科】三重県四日市市智積町６１４７" }, "geometry": { "type": "Point", "coordinates": [ 136.546451, 34.992296 ] } },
{ "type": "Feature", "properties": { "ID": 2422240004530, "正式名称": "さくらクリニック", "機関区分": 2, "都道府県コード": 24, "市区町村コード": 202, "所在地": "三重県四日市市桜町１２７８－２", "緯度": 34.994073, "経度": 136.529785, "url": "https://www.iryou.teikyouseido.mhlw.go.jp/znk-web/juminkanja/S2430/initialize?prefCd=24&kikanCd=2240004530&kikanKbn=2", "url2": "http://sakuraclinic.donburako.com", "内容": "さくらクリニック【2:診療所】【診療科目:内科_呼吸器内科_循環器内科_消化器内科_腎臓内科_放射線科】三重県四日市市桜町１２７８－２" }, "geometry": { "type": "Point", "coordinates": [ 136.529785, 34.994073 ] } },
{ "type": "Feature", "properties": { "ID": 2422240004540, "正式名称": "医療法人　笹川内科胃腸科クリニック", "機関区分": 2, "都道府県コード": 24, "市区町村コード": 202, "所在地": "三重県四日市市波木町３０５", "緯度": 34.938802, "経度": 136.574812, "url": "https://www.iryou.teikyouseido.mhlw.go.jp/znk-web/juminkanja/S2430/initialize?prefCd=24&kikanCd=2240004540&kikanKbn=2", "url2": null, "内容": "医療法人　笹川内科胃腸科クリニック【2:診療所】【診療科目:内科_消化器内科_外科_肛門外科】三重県四日市市波木町３０５" }, "geometry": { "type": "Point", "coordinates": [ 136.574812, 34.938802 ] } },
{ "type": "Feature", "properties": { "ID": 2422240004550, "正式名称": "佐々木整形外科", "機関区分": 2, "都道府県コード": 24, "市区町村コード": 202, "所在地": "三重県四日市市中川原３－１－３", "緯度": 34.971272, "経度": 136.602169, "url": "https://www.iryou.teikyouseido.mhlw.go.jp/znk-web/juminkanja/S2430/initialize?prefCd=24&kikanCd=2240004550&kikanKbn=2", "url2": null, "内容": "佐々木整形外科【2:診療所】【診療科目:整形外科_リウマチ科_リハビリテーション科】三重県四日市市中川原３－１－３" }, "geometry": { "type": "Point", "coordinates": [ 136.602169, 34.971272 ] } },
{ "type": "Feature", "properties": { "ID": 2422240004590, "正式名称": "医療法人　重盛外科内科", "機関区分": 2, "都道府県コード": 24, "市区町村コード": 202, "所在地": "三重県四日市市小古曽１－３－３５", "緯度": 34.933331, "経度": 136.595144, "url": "https://www.iryou.teikyouseido.mhlw.go.jp/znk-web/juminkanja/S2430/initialize?prefCd=24&kikanCd=2240004590&kikanKbn=2", "url2": "https://shigemori-gekanaika.com", "内容": "医療法人　重盛外科内科【2:診療所】【診療科目:内科_消化器内科_胃腸内科_内視鏡内科_外科_肛門外科_小児科】三重県四日市市小古曽１－３－３５" }, "geometry": { "type": "Point", "coordinates": [ 136.595144, 34.933331 ] } },
{ "type": "Feature", "properties": { "ID": 2422240004600, "正式名称": "品川医院", "機関区分": 2, "都道府県コード": 24, "市区町村コード": 202, "所在地": "三重県四日市市川島町７３９０", "緯度": 34.972799, "経度": 136.570061, "url": "https://www.iryou.teikyouseido.mhlw.go.jp/znk-web/juminkanja/S2430/initialize?prefCd=24&kikanCd=2240004600&kikanKbn=2", "url2": null, "内容": "品川医院【2:診療所】【診療科目:内科】三重県四日市市川島町７３９０" }, "geometry": { "type": "Point", "coordinates": [ 136.570061, 34.972799 ] } },
{ "type": "Feature", "properties": { "ID": 2422240004620, "正式名称": "しばた内科循環器科", "機関区分": 2, "都道府県コード": 24, "市区町村コード": 341, "所在地": "三重県三重郡菰野町竹成２６５７－５", "緯度": 35.050845, "経度": 136.5237, "url": "https://www.iryou.teikyouseido.mhlw.go.jp/znk-web/juminkanja/S2430/initialize?prefCd=24&kikanCd=2240004620&kikanKbn=2", "url2": null, "内容": "しばた内科循環器科【2:診療所】【診療科目:内科】三重県三重郡菰野町竹成２６５７－５" }, "geometry": { "type": "Point", "coordinates": [ 136.5237, 35.050845 ] } },
{ "type": "Feature", "properties": { "ID": 2422240004630, "正式名称": "しもの診療所", "機関区分": 2, "都道府県コード": 24, "市区町村コード": 202, "所在地": "三重県四日市市西大鐘町１６１０", "緯度": 35.042708, "経度": 136.604138, "url": "https://www.iryou.teikyouseido.mhlw.go.jp/znk-web/juminkanja/S2430/initialize?prefCd=24&kikanCd=2240004630&kikanKbn=2", "url2": "http://www.kaihouen.jp/facilities_shimono.php", "内容": "しもの診療所【2:診療所】【診療科目:内科_消化器内科_リハビリテーション科】三重県四日市市西大鐘町１６１０" }, "geometry": { "type": "Point", "coordinates": [ 136.604138, 35.042708 ] } },
{ "type": "Feature", "properties": { "ID": 2422240004650, "正式名称": "医療法人　慈芳産婦人科", "機関区分": 2, "都道府県コード": 24, "市区町村コード": 202, "所在地": "三重県四日市市ときわ４丁目４－１７", "緯度": 34.964161, "経度": 136.597198, "url": "https://www.iryou.teikyouseido.mhlw.go.jp/znk-web/juminkanja/S2430/initialize?prefCd=24&kikanCd=2240004650&kikanKbn=2", "url2": "http://www.jiho-bebe.com", "内容": "医療法人　慈芳産婦人科【2:診療所】【診療科目:産婦人科】三重県四日市市ときわ４丁目４－１７" }, "geometry": { "type": "Point", "coordinates": [ 136.597198, 34.964161 ] } },
{ "type": "Feature", "properties": { "ID": 2422240004660, "正式名称": "医療法人仁こどもクリニック", "機関区分": 2, "都道府県コード": 24, "市区町村コード": 202, "所在地": "三重県四日市市ときわ４丁目４－１３", "緯度": 34.96405, "経度": 136.597781, "url": "https://www.iryou.teikyouseido.mhlw.go.jp/znk-web/juminkanja/S2430/initialize?prefCd=24&kikanCd=2240004660&kikanKbn=2", "url2": null, "内容": "医療法人仁こどもクリニック【2:診療所】【診療科目:小児科_皮膚科_美容皮膚科_アレルギー科】三重県四日市市ときわ４丁目４－１３" }, "geometry": { "type": "Point", "coordinates": [ 136.597781, 34.96405 ] } },
{ "type": "Feature", "properties": { "ID": 2422240004670, "正式名称": "医療法人　すが内科", "機関区分": 2, "都道府県コード": 24, "市区町村コード": 202, "所在地": "三重県四日市市菅原町８２８", "緯度": 34.992102, "経度": 136.551034, "url": "https://www.iryou.teikyouseido.mhlw.go.jp/znk-web/juminkanja/S2430/initialize?prefCd=24&kikanCd=2240004670&kikanKbn=2", "url2": "https://www.suganaika.jp", "内容": "医療法人　すが内科【2:診療所】【診療科目:内科_呼吸器内科_循環器内科_胃腸内科_リハビリテーション科】三重県四日市市菅原町８２８" }, "geometry": { "type": "Point", "coordinates": [ 136.551034, 34.992102 ] } },
{ "type": "Feature", "properties": { "ID": 2422240004680, "正式名称": "杉浦医院", "機関区分": 2, "都道府県コード": 24, "市区町村コード": 202, "所在地": "三重県四日市市楠町南五味塚１２４６－２", "緯度": 34.909029, "経度": 136.631503, "url": "https://www.iryou.teikyouseido.mhlw.go.jp/znk-web/juminkanja/S2430/initialize?prefCd=24&kikanCd=2240004680&kikanKbn=2", "url2": "http://sugiuraclinic.jp/", "内容": "杉浦医院【2:診療所】【診療科目:内科_消化器内科_小児科】三重県四日市市楠町南五味塚１２４６－２" }, "geometry": { "type": "Point", "coordinates": [ 136.631503, 34.909029 ] } },
{ "type": "Feature", "properties": { "ID": 2422240004700, "正式名称": "椙山内科小児科医院", "機関区分": 2, "都道府県コード": 24, "市区町村コード": 202, "所在地": "三重県四日市市栄町５－１２", "緯度": 34.964578, "経度": 136.628001, "url": "https://www.iryou.teikyouseido.mhlw.go.jp/znk-web/juminkanja/S2430/initialize?prefCd=24&kikanCd=2240004700&kikanKbn=2", "url2": "http://www.cty-net.ne.jp/~toms/", "内容": "椙山内科小児科医院【2:診療所】【診療科目:内科_小児科】三重県四日市市栄町５－１２" }, "geometry": { "type": "Point", "coordinates": [ 136.628001, 34.964578 ] } },
{ "type": "Feature", "properties": { "ID": 2422240004710, "正式名称": "医療法人　杉山耳鼻咽喉科", "機関区分": 2, "都道府県コード": 24, "市区町村コード": 202, "所在地": "三重県四日市市追分３－２－１", "緯度": 34.934331, "経度": 136.59806, "url": "https://www.iryou.teikyouseido.mhlw.go.jp/znk-web/juminkanja/S2430/initialize?prefCd=24&kikanCd=2240004710&kikanKbn=2", "url2": null, "内容": "医療法人　杉山耳鼻咽喉科【2:診療所】【診療科目:耳鼻いんこう科】三重県四日市市追分３－２－１" }, "geometry": { "type": "Point", "coordinates": [ 136.59806, 34.934331 ] } },
{ "type": "Feature", "properties": { "ID": 2422240004730, "正式名称": "センター眼科", "機関区分": 2, "都道府県コード": 24, "市区町村コード": 202, "所在地": "三重県四日市市鵜の森１－１－８　中部視力センタービル　２Ｆ", "緯度": 34.964467, "経度": 136.617918, "url": "https://www.iryou.teikyouseido.mhlw.go.jp/znk-web/juminkanja/S2430/initialize?prefCd=24&kikanCd=2240004730&kikanKbn=2", "url2": null, "内容": "センター眼科【2:診療所】【診療科目:眼科】三重県四日市市鵜の森１－１－８　中部視力センタービル　２Ｆ" }, "geometry": { "type": "Point", "coordinates": [ 136.617918, 34.964467 ] } },
{ "type": "Feature", "properties": { "ID": 2422240004770, "正式名称": "竹尾内科クリニック", "機関区分": 2, "都道府県コード": 24, "市区町村コード": 202, "所在地": "三重県四日市市生桑町１６４２－９１", "緯度": 34.985686, "経度": 136.590086, "url": "https://www.iryou.teikyouseido.mhlw.go.jp/znk-web/juminkanja/S2430/initialize?prefCd=24&kikanCd=2240004770&kikanKbn=2", "url2": "http://takeo-clinic.racoo.co.jp/", "内容": "竹尾内科クリニック【2:診療所】【診療科目:内科_糖尿病内科_脂質代謝内科_呼吸器内科_循環器内科_消化器内科_胃腸内科_肝臓内科_内視鏡内科_アレルギー疾患内科_アレルギー科】三重県四日市市生桑町１６４２－９１" }, "geometry": { "type": "Point", "coordinates": [ 136.590086, 34.985686 ] } },
{ "type": "Feature", "properties": { "ID": 2422240004780, "正式名称": "医療法人　たけしま胃腸科内科", "機関区分": 2, "都道府県コード": 24, "市区町村コード": 202, "所在地": "三重県四日市市野田２－９－１２", "緯度": 34.981187, "経度": 136.607418, "url": "https://www.iryou.teikyouseido.mhlw.go.jp/znk-web/juminkanja/S2430/initialize?prefCd=24&kikanCd=2240004780&kikanKbn=2", "url2": "http://www.takeshima-cl.com", "内容": "医療法人　たけしま胃腸科内科【2:診療所】【診療科目:内科_消化器内科_アレルギー科】三重県四日市市野田２－９－１２" }, "geometry": { "type": "Point", "coordinates": [ 136.607418, 34.981187 ] } },
{ "type": "Feature", "properties": { "ID": 2422240004790, "正式名称": "医療法人　たちこどもクリニック", "機関区分": 2, "都道府県コード": 24, "市区町村コード": 202, "所在地": "三重県四日市市東阿倉川５００", "緯度": 34.985493, "経度": 136.62225, "url": "https://www.iryou.teikyouseido.mhlw.go.jp/znk-web/juminkanja/S2430/initialize?prefCd=24&kikanCd=2240004790&kikanKbn=2", "url2": null, "内容": "医療法人　たちこどもクリニック【2:診療所】【診療科目:小児科】三重県四日市市東阿倉川５００" }, "geometry": { "type": "Point", "coordinates": [ 136.62225, 34.985493 ] } },
{ "type": "Feature", "properties": { "ID": 2422240004820, "正式名称": "医療法人　田中外科", "機関区分": 2, "都道府県コード": 24, "市区町村コード": 343, "所在地": "三重県三重郡朝日町縄生５４４－１", "緯度": 35.038016, "経度": 136.671327, "url": "https://www.iryou.teikyouseido.mhlw.go.jp/znk-web/juminkanja/S2430/initialize?prefCd=24&kikanCd=2240004820&kikanKbn=2", "url2": null, "内容": "医療法人　田中外科【2:診療所】【診療科目:内科_外科_整形外科】三重県三重郡朝日町縄生５４４－１" }, "geometry": { "type": "Point", "coordinates": [ 136.671327, 35.038016 ] } },
{ "type": "Feature", "properties": { "ID": 2422240004830, "正式名称": "医療法人　田中内科クリニック", "機関区分": 2, "都道府県コード": 24, "市区町村コード": 202, "所在地": "三重県四日市市東日野町３５１－１", "緯度": 34.959634, "経度": 136.596587, "url": "https://www.iryou.teikyouseido.mhlw.go.jp/znk-web/juminkanja/S2430/initialize?prefCd=24&kikanCd=2240004830&kikanKbn=2", "url2": "http://www.tanaka-naika-clinic.com/", "内容": "医療法人　田中内科クリニック【2:診療所】【診療科目:内科_循環器内科_消化器内科_小児科_アレルギー科】三重県四日市市東日野町３５１－１" }, "geometry": { "type": "Point", "coordinates": [ 136.596587, 34.959634 ] } },
{ "type": "Feature", "properties": { "ID": 2422240004840, "正式名称": "医療法人　たねだキッズクリニック", "機関区分": 2, "都道府県コード": 24, "市区町村コード": 202, "所在地": "三重県四日市市川島町６８４１－１", "緯度": 34.966299, "経度": 136.577588, "url": "https://www.iryou.teikyouseido.mhlw.go.jp/znk-web/juminkanja/S2430/initialize?prefCd=24&kikanCd=2240004840&kikanKbn=2", "url2": "https://www.taneda-kids.net/", "内容": "医療法人　たねだキッズクリニック【2:診療所】【診療科目:小児科_アレルギー科】三重県四日市市川島町６８４１－１" }, "geometry": { "type": "Point", "coordinates": [ 136.577588, 34.966299 ] } },
{ "type": "Feature", "properties": { "ID": 2422240004860, "正式名称": "医療法人　塚本医院", "機関区分": 2, "都道府県コード": 24, "市区町村コード": 202, "所在地": "三重県四日市市栄町９－６", "緯度": 34.965412, "経度": 136.626334, "url": "https://www.iryou.teikyouseido.mhlw.go.jp/znk-web/juminkanja/S2430/initialize?prefCd=24&kikanCd=2240004860&kikanKbn=2", "url2": null, "内容": "医療法人　塚本医院【2:診療所】【診療科目:内科_消化器内科_小児科】三重県四日市市栄町９－６" }, "geometry": { "type": "Point", "coordinates": [ 136.626334, 34.965412 ] } },
{ "type": "Feature", "properties": { "ID": 2422240004880, "正式名称": "寺嶋内科小児科", "機関区分": 2, "都道府県コード": 24, "市区町村コード": 202, "所在地": "三重県四日市市小林町３００８", "緯度": 34.955022, "経度": 136.547841, "url": "https://www.iryou.teikyouseido.mhlw.go.jp/znk-web/juminkanja/S2430/initialize?prefCd=24&kikanCd=2240004880&kikanKbn=2", "url2": null, "内容": "寺嶋内科小児科【2:診療所】【診療科目:内科_小児科】三重県四日市市小林町３００８" }, "geometry": { "type": "Point", "coordinates": [ 136.547841, 34.955022 ] } },
{ "type": "Feature", "properties": { "ID": 2422240004890, "正式名称": "医療法人　秀雅会　寺島クリニック", "機関区分": 2, "都道府県コード": 24, "市区町村コード": 202, "所在地": "三重県四日市市楠町小倉４１７－５", "緯度": 34.919583, "経度": 136.62717, "url": "https://www.iryou.teikyouseido.mhlw.go.jp/znk-web/juminkanja/S2430/initialize?prefCd=24&kikanCd=2240004890&kikanKbn=2", "url2": null, "内容": "医療法人　秀雅会　寺島クリニック【2:診療所】【診療科目:内科_消化器内科_外科_肛門外科_小児科_小児外科_リハビリテーション科】三重県四日市市楠町小倉４１７－５" }, "geometry": { "type": "Point", "coordinates": [ 136.62717, 34.919583 ] } },
{ "type": "Feature", "properties": { "ID": 2422240004900, "正式名称": "東海内科クリニック", "機関区分": 2, "都道府県コード": 24, "市区町村コード": 202, "所在地": "三重県四日市市浮橋２－１９－７", "緯度": 34.970466, "経度": 136.574977, "url": "https://www.iryou.teikyouseido.mhlw.go.jp/znk-web/juminkanja/S2430/initialize?prefCd=24&kikanCd=2240004900&kikanKbn=2", "url2": null, "内容": "東海内科クリニック【2:診療所】【診療科目:内科_小児科】三重県四日市市浮橋２－１９－７" }, "geometry": { "type": "Point", "coordinates": [ 136.574977, 34.970466 ] } },
{ "type": "Feature", "properties": { "ID": 2422240004920, "正式名称": "ときわ胃腸科", "機関区分": 2, "都道府県コード": 24, "市区町村コード": 202, "所在地": "三重県四日市市ときわ５－１－１９", "緯度": 34.964467, "経度": 136.599809, "url": "https://www.iryou.teikyouseido.mhlw.go.jp/znk-web/juminkanja/S2430/initialize?prefCd=24&kikanCd=2240004920&kikanKbn=2", "url2": "tokiwaichoka.com", "内容": "ときわ胃腸科【2:診療所】【診療科目:内科_消化器内科_肛門外科】三重県四日市市ときわ５－１－１９" }, "geometry": { "type": "Point", "coordinates": [ 136.599809, 34.964467 ] } },
{ "type": "Feature", "properties": { "ID": 2422240004930, "正式名称": "医療法人社団　忠真会　とまり整形外科", "機関区分": 2, "都道府県コード": 24, "市区町村コード": 202, "所在地": "三重県四日市市泊町２－３０", "緯度": 34.941664, "経度": 136.599782, "url": "https://www.iryou.teikyouseido.mhlw.go.jp/znk-web/juminkanja/S2430/initialize?prefCd=24&kikanCd=2240004930&kikanKbn=2", "url2": null, "内容": "医療法人社団　忠真会　とまり整形外科【2:診療所】【診療科目:整形外科_小児外科_リウマチ科_リハビリテーション科】三重県四日市市泊町２－３０" }, "geometry": { "type": "Point", "coordinates": [ 136.599782, 34.941664 ] } },
{ "type": "Feature", "properties": { "ID": 2422240004940, "正式名称": "とみすはらメンタルクリニック", "機関区分": 2, "都道府県コード": 24, "市区町村コード": 344, "所在地": "三重県三重郡川越町豊田２４３－７", "緯度": 35.016657, "経度": 136.659579, "url": "https://www.iryou.teikyouseido.mhlw.go.jp/znk-web/juminkanja/S2430/initialize?prefCd=24&kikanCd=2240004940&kikanKbn=2", "url2": "http://www.tomisuhara.com", "内容": "とみすはらメンタルクリニック【2:診療所】【診療科目:精神科_心療内科】三重県三重郡川越町豊田２４３－７" }, "geometry": { "type": "Point", "coordinates": [ 136.659579, 35.016657 ] } },
{ "type": "Feature", "properties": { "ID": 2422240004950, "正式名称": "医療法人　とみだ皮膚科", "機関区分": 2, "都道府県コード": 24, "市区町村コード": 202, "所在地": "三重県四日市市茂福７８１－１", "緯度": 35.005935, "経度": 136.643637, "url": "https://www.iryou.teikyouseido.mhlw.go.jp/znk-web/juminkanja/S2430/initialize?prefCd=24&kikanCd=2240004950&kikanKbn=2", "url2": "http://www.tomidahifuka.com/", "内容": "医療法人　とみだ皮膚科【2:診療所】【診療科目:皮膚科_アレルギー科】三重県四日市市茂福７８１－１" }, "geometry": { "type": "Point", "coordinates": [ 136.643637, 35.005935 ] } },
{ "type": "Feature", "properties": { "ID": 2422240004960, "正式名称": "医療法人　とよだ会　鈴村耳鼻咽喉科", "機関区分": 2, "都道府県コード": 24, "市区町村コード": 202, "所在地": "三重県四日市市鵜の森１－９－３", "緯度": 34.96605, "経度": 136.614474, "url": "https://www.iryou.teikyouseido.mhlw.go.jp/znk-web/juminkanja/S2430/initialize?prefCd=24&kikanCd=2240004960&kikanKbn=2", "url2": "https://suzumura-ent.com/", "内容": "医療法人　とよだ会　鈴村耳鼻咽喉科【2:診療所】【診療科目:耳鼻いんこう科_アレルギー科】三重県四日市市鵜の森１－９－３" }, "geometry": { "type": "Point", "coordinates": [ 136.614474, 34.96605 ] } },
{ "type": "Feature", "properties": { "ID": 2422240004970, "正式名称": "鳥井医院", "機関区分": 2, "都道府県コード": 24, "市区町村コード": 202, "所在地": "三重県四日市市小杉町１２８２", "緯度": 34.994173, "経度": 136.612161, "url": "https://www.iryou.teikyouseido.mhlw.go.jp/znk-web/juminkanja/S2430/initialize?prefCd=24&kikanCd=2240004970&kikanKbn=2", "url2": null, "内容": "鳥井医院【2:診療所】【診療科目:内科_胃腸内科_外科_肛門外科】三重県四日市市小杉町１２８２" }, "geometry": { "type": "Point", "coordinates": [ 136.612161, 34.994173 ] } },
{ "type": "Feature", "properties": { "ID": 2422240004980, "正式名称": "医療法人　光和会　中尾産婦人科", "機関区分": 2, "都道府県コード": 24, "市区町村コード": 202, "所在地": "三重県四日市市茂福６１２－１", "緯度": 35.010324, "経度": 136.639692, "url": "https://www.iryou.teikyouseido.mhlw.go.jp/znk-web/juminkanja/S2430/initialize?prefCd=24&kikanCd=2240004980&kikanKbn=2", "url2": "http://www.ago-lc.com", "内容": "医療法人　光和会　中尾産婦人科【2:診療所】【診療科目:産婦人科】三重県四日市市茂福６１２－１" }, "geometry": { "type": "Point", "coordinates": [ 136.639692, 35.010324 ] } },
{ "type": "Feature", "properties": { "ID": 2422240005000, "正式名称": "医療法人　中野整形外科", "機関区分": 2, "都道府県コード": 24, "市区町村コード": 202, "所在地": "三重県四日市市西坂部町４５８４", "緯度": 34.995602, "経度": 136.591197, "url": "https://www.iryou.teikyouseido.mhlw.go.jp/znk-web/juminkanja/S2430/initialize?prefCd=24&kikanCd=2240005000&kikanKbn=2", "url2": null, "内容": "医療法人　中野整形外科【2:診療所】【診療科目:整形外科】三重県四日市市西坂部町４５８４" }, "geometry": { "type": "Point", "coordinates": [ 136.591197, 34.995602 ] } },
{ "type": "Feature", "properties": { "ID": 2422240005010, "正式名称": "医療法人　向陽会　中村内科循環器科クリニック", "機関区分": 2, "都道府県コード": 24, "市区町村コード": 202, "所在地": "三重県四日市市泊山崎町３－２２", "緯度": 34.940108, "経度": 136.597005, "url": "https://www.iryou.teikyouseido.mhlw.go.jp/znk-web/juminkanja/S2430/initialize?prefCd=24&kikanCd=2240005010&kikanKbn=2", "url2": "http://www.nakamura-heart-cl.jp/", "内容": "医療法人　向陽会　中村内科循環器科クリニック【2:診療所】【診療科目:内科_循環器内科】三重県四日市市泊山崎町３－２２" }, "geometry": { "type": "Point", "coordinates": [ 136.597005, 34.940108 ] } },
{ "type": "Feature", "properties": { "ID": 2422240005030, "正式名称": "医療法人西浦クリニック", "機関区分": 2, "都道府県コード": 24, "市区町村コード": 202, "所在地": "三重県四日市市西浦１丁目２－８", "緯度": 34.971105, "経度": 136.617585, "url": "https://www.iryou.teikyouseido.mhlw.go.jp/znk-web/juminkanja/S2430/initialize?prefCd=24&kikanCd=2240005030&kikanKbn=2", "url2": "http://www.nishiuraclinic.com/", "内容": "医療法人西浦クリニック【2:診療所】【診療科目:内科_糖尿病内科_代謝内科_呼吸器内科_循環器内科_消化器内科_小児科】三重県四日市市西浦１丁目２－８" }, "geometry": { "type": "Point", "coordinates": [ 136.617585, 34.971105 ] } },
{ "type": "Feature", "properties": { "ID": 2422240005070, "正式名称": "長谷川医院", "機関区分": 2, "都道府県コード": 24, "市区町村コード": 202, "所在地": "三重県四日市市川島町５６９－１", "緯度": 34.972299, "経度": 136.575116, "url": "https://www.iryou.teikyouseido.mhlw.go.jp/znk-web/juminkanja/S2430/initialize?prefCd=24&kikanCd=2240005070&kikanKbn=2", "url2": null, "内容": "長谷川医院【2:診療所】【診療科目:整形外科】三重県四日市市川島町５６９－１" }, "geometry": { "type": "Point", "coordinates": [ 136.575116, 34.972299 ] } },
{ "type": "Feature", "properties": { "ID": 2422240005090, "正式名称": "服部内科", "機関区分": 2, "都道府県コード": 24, "市区町村コード": 341, "所在地": "三重県三重郡菰野町潤田４１１６", "緯度": 35.027986, "経度": 136.525506, "url": "https://www.iryou.teikyouseido.mhlw.go.jp/znk-web/juminkanja/S2430/initialize?prefCd=24&kikanCd=2240005090&kikanKbn=2", "url2": null, "内容": "服部内科【2:診療所】【診療科目:内科_呼吸器内科_循環器内科_消化器内科】三重県三重郡菰野町潤田４１１６" }, "geometry": { "type": "Point", "coordinates": [ 136.525506, 35.027986 ] } },
{ "type": "Feature", "properties": { "ID": 2422240005100, "正式名称": "羽津整形外科", "機関区分": 2, "都道府県コード": 24, "市区町村コード": 202, "所在地": "三重県四日市市羽津中２－１－１０", "緯度": 34.993103, "経度": 136.634805, "url": "https://www.iryou.teikyouseido.mhlw.go.jp/znk-web/juminkanja/S2430/initialize?prefCd=24&kikanCd=2240005100&kikanKbn=2", "url2": "https://hazuseikei.com", "内容": "羽津整形外科【2:診療所】【診療科目:整形外科_リウマチ科_リハビリテーション科】三重県四日市市羽津中２－１－１０" }, "geometry": { "type": "Point", "coordinates": [ 136.634805, 34.993103 ] } },
{ "type": "Feature", "properties": { "ID": 2422240005110, "正式名称": "羽津内科クリニック", "機関区分": 2, "都道府県コード": 24, "市区町村コード": 202, "所在地": "三重県四日市市大宮西町１０－６", "緯度": 34.992464, "経度": 136.626639, "url": "https://www.iryou.teikyouseido.mhlw.go.jp/znk-web/juminkanja/S2430/initialize?prefCd=24&kikanCd=2240005110&kikanKbn=2", "url2": null, "内容": "羽津内科クリニック【2:診療所】【診療科目:内科_呼吸器内科_循環器内科_胃腸内科_アレルギー科_リハビリテーション科】三重県四日市市大宮西町１０－６" }, "geometry": { "type": "Point", "coordinates": [ 136.626639, 34.992464 ] } },
{ "type": "Feature", "properties": { "ID": 2422240005120, "正式名称": "羽津中嶋医院", "機関区分": 2, "都道府県コード": 24, "市区町村コード": 202, "所在地": "三重県四日市市別名４丁目１９－２８", "緯度": 34.998741, "経度": 136.63036, "url": "https://www.iryou.teikyouseido.mhlw.go.jp/znk-web/juminkanja/S2430/initialize?prefCd=24&kikanCd=2240005120&kikanKbn=2", "url2": null, "内容": "羽津中嶋医院【2:診療所】【診療科目:内科_呼吸器内科_循環器内科_消化器内科_小児科_リハビリテーション科_放射線科】三重県四日市市別名４丁目１９－２８" }, "geometry": { "type": "Point", "coordinates": [ 136.63036, 34.998741 ] } },
{ "type": "Feature", "properties": { "ID": 2422240005140, "正式名称": "浜田整形外科", "機関区分": 2, "都道府県コード": 24, "市区町村コード": 202, "所在地": "三重県四日市市茂福７８３－３", "緯度": 35.005463, "経度": 136.643609, "url": "https://www.iryou.teikyouseido.mhlw.go.jp/znk-web/juminkanja/S2430/initialize?prefCd=24&kikanCd=2240005140&kikanKbn=2", "url2": "http://www.hamada-ortho.com/", "内容": "浜田整形外科【2:診療所】【診療科目:整形外科】三重県四日市市茂福７８３－３" }, "geometry": { "type": "Point", "coordinates": [ 136.643609, 35.005463 ] } },
{ "type": "Feature", "properties": { "ID": 2422240005150, "正式名称": "医療法人　はまゆうクリニック", "機関区分": 2, "都道府県コード": 24, "市区町村コード": 202, "所在地": "三重県四日市市楠町北五味塚１４４８－１", "緯度": 34.916722, "経度": 136.636613, "url": "https://www.iryou.teikyouseido.mhlw.go.jp/znk-web/juminkanja/S2430/initialize?prefCd=24&kikanCd=2240005150&kikanKbn=2", "url2": null, "内容": "医療法人　はまゆうクリニック【2:診療所】【診療科目:内科】三重県四日市市楠町北五味塚１４４８－１" }, "geometry": { "type": "Point", "coordinates": [ 136.636613, 34.916722 ] } },
{ "type": "Feature", "properties": { "ID": 2422240005160, "正式名称": "樋口皮フ科", "機関区分": 2, "都道府県コード": 24, "市区町村コード": 202, "所在地": "三重県四日市市川北１－１２－１２", "緯度": 35.018295, "経度": 136.646497, "url": "https://www.iryou.teikyouseido.mhlw.go.jp/znk-web/juminkanja/S2430/initialize?prefCd=24&kikanCd=2240005160&kikanKbn=2", "url2": "http://www.hihu.jp/", "内容": "樋口皮フ科【2:診療所】【診療科目:皮膚科】三重県四日市市川北１－１２－１２" }, "geometry": { "type": "Point", "coordinates": [ 136.646497, 35.018295 ] } },
{ "type": "Feature", "properties": { "ID": 2422240005170, "正式名称": "医療法人　藤田会", "機関区分": 2, "都道府県コード": 24, "市区町村コード": 202, "所在地": "三重県四日市市日永西５丁目２０－１０", "緯度": 34.942413, "経度": 136.59856, "url": "https://www.iryou.teikyouseido.mhlw.go.jp/znk-web/juminkanja/S2430/initialize?prefCd=24&kikanCd=2240005170&kikanKbn=2", "url2": null, "内容": "医療法人　藤田会【2:診療所】【診療科目:耳鼻いんこう科】三重県四日市市日永西５丁目２０－１０" }, "geometry": { "type": "Point", "coordinates": [ 136.59856, 34.942413 ] } },
{ "type": "Feature", "properties": { "ID": 2422240005190, "正式名称": "皮フ科サンクリニック", "機関区分": 2, "都道府県コード": 24, "市区町村コード": 202, "所在地": "三重県四日市市九の城町４－１６", "緯度": 34.964772, "経度": 136.613558, "url": "https://www.iryou.teikyouseido.mhlw.go.jp/znk-web/juminkanja/S2430/initialize?prefCd=24&kikanCd=2240005190&kikanKbn=2", "url2": "http://www.hifuka-sun.com/", "内容": "皮フ科サンクリニック【2:診療所】【診療科目:皮膚科】三重県四日市市九の城町４－１６" }, "geometry": { "type": "Point", "coordinates": [ 136.613558, 34.964772 ] } },
{ "type": "Feature", "properties": { "ID": 2422240005210, "正式名称": "医療法人　ふかつ眼科", "機関区分": 2, "都道府県コード": 24, "市区町村コード": 202, "所在地": "三重県四日市市富田４丁目６－１５", "緯度": 35.01099, "経度": 136.650136, "url": "https://www.iryou.teikyouseido.mhlw.go.jp/znk-web/juminkanja/S2430/initialize?prefCd=24&kikanCd=2240005210&kikanKbn=2", "url2": null, "内容": "医療法人　ふかつ眼科【2:診療所】【診療科目:眼科】三重県四日市市富田４丁目６－１５" }, "geometry": { "type": "Point", "coordinates": [ 136.650136, 35.01099 ] } },
{ "type": "Feature", "properties": { "ID": 2422240005230, "正式名称": "医療法人宗玄会　ふじい内科クリニック", "機関区分": 2, "都道府県コード": 24, "市区町村コード": 202, "所在地": "三重県四日市市川島町６５０７－２", "緯度": 34.979048, "経度": 136.565922, "url": "https://www.iryou.teikyouseido.mhlw.go.jp/znk-web/juminkanja/S2430/initialize?prefCd=24&kikanCd=2240005230&kikanKbn=2", "url2": "https://www.fujii-naika-yokkaichi-cl.jp", "内容": "医療法人宗玄会　ふじい内科クリニック【2:診療所】【診療科目:内科_呼吸器内科_循環器内科_消化器内科_小児科_放射線科】三重県四日市市川島町６５０７－２" }, "geometry": { "type": "Point", "coordinates": [ 136.565922, 34.979048 ] } },
{ "type": "Feature", "properties": { "ID": 2422240005240, "正式名称": "藤田医院", "機関区分": 2, "都道府県コード": 24, "市区町村コード": 202, "所在地": "三重県四日市市日永２－１１－６", "緯度": 34.954579, "経度": 136.604725, "url": "https://www.iryou.teikyouseido.mhlw.go.jp/znk-web/juminkanja/S2430/initialize?prefCd=24&kikanCd=2240005240&kikanKbn=2", "url2": null, "内容": "藤田医院【2:診療所】【診療科目:内科】三重県四日市市日永２－１１－６" }, "geometry": { "type": "Point", "coordinates": [ 136.604725, 34.954579 ] } },
{ "type": "Feature", "properties": { "ID": 2422240005250, "正式名称": "藤田クリニック", "機関区分": 2, "都道府県コード": 24, "市区町村コード": 202, "所在地": "三重県四日市市鵜の森２丁目７－８", "緯度": 34.966328, "経度": 136.611891, "url": "https://www.iryou.teikyouseido.mhlw.go.jp/znk-web/juminkanja/S2430/initialize?prefCd=24&kikanCd=2240005250&kikanKbn=2", "url2": null, "内容": "藤田クリニック【2:診療所】【診療科目:内科】三重県四日市市鵜の森２丁目７－８" }, "geometry": { "type": "Point", "coordinates": [ 136.611891, 34.966328 ] } },
{ "type": "Feature", "properties": { "ID": 2422240005270, "正式名称": "藤原医院", "機関区分": 2, "都道府県コード": 24, "市区町村コード": 202, "所在地": "三重県四日市市宮東町２－４２", "緯度": 34.94097, "経度": 136.623836, "url": "https://www.iryou.teikyouseido.mhlw.go.jp/znk-web/juminkanja/S2430/initialize?prefCd=24&kikanCd=2240005270&kikanKbn=2", "url2": null, "内容": "藤原医院【2:診療所】【診療科目:内科_循環器内科_消化器内科_小児科】三重県四日市市宮東町２－４２" }, "geometry": { "type": "Point", "coordinates": [ 136.623836, 34.94097 ] } },
{ "type": "Feature", "properties": { "ID": 2422240005280, "正式名称": "古田医院", "機関区分": 2, "都道府県コード": 24, "市区町村コード": 202, "所在地": "三重県四日市市西阿倉川１２０３", "緯度": 34.99152, "経度": 136.61589, "url": "https://www.iryou.teikyouseido.mhlw.go.jp/znk-web/juminkanja/S2430/initialize?prefCd=24&kikanCd=2240005280&kikanKbn=2", "url2": null, "内容": "古田医院【2:診療所】【診療科目:内科_神経内科_心療内科_リハビリテーション科】三重県四日市市西阿倉川１２０３" }, "geometry": { "type": "Point", "coordinates": [ 136.61589, 34.99152 ] } },
{ "type": "Feature", "properties": { "ID": 2422240005290, "正式名称": "医療法人　前田医院", "機関区分": 2, "都道府県コード": 24, "市区町村コード": 202, "所在地": "三重県四日市市富田２－１１－２", "緯度": 35.006547, "経度": 136.655386, "url": "https://www.iryou.teikyouseido.mhlw.go.jp/znk-web/juminkanja/S2430/initialize?prefCd=24&kikanCd=2240005290&kikanKbn=2", "url2": null, "内容": "医療法人　前田医院【2:診療所】【診療科目:内科_外科_肛門外科_アレルギー科_リハビリテーション科】三重県四日市市富田２－１１－２" }, "geometry": { "type": "Point", "coordinates": [ 136.655386, 35.006547 ] } },
{ "type": "Feature", "properties": { "ID": 2422240005320, "正式名称": "松尾医院", "機関区分": 2, "都道府県コード": 24, "市区町村コード": 202, "所在地": "三重県四日市市塩浜本町２－１４－１", "緯度": 34.931193, "経度": 136.621197, "url": "https://www.iryou.teikyouseido.mhlw.go.jp/znk-web/juminkanja/S2430/initialize?prefCd=24&kikanCd=2240005320&kikanKbn=2", "url2": null, "内容": "松尾医院【2:診療所】【診療科目:内科_消化器内科_皮膚科】三重県四日市市塩浜本町２－１４－１" }, "geometry": { "type": "Point", "coordinates": [ 136.621197, 34.931193 ] } },
{ "type": "Feature", "properties": { "ID": 2422240005330, "正式名称": "松谷皮フ科クリニック", "機関区分": 2, "都道府県コード": 24, "市区町村コード": 202, "所在地": "三重県四日市市松本３丁目１０－２８　四日市大栄ビル２階", "緯度": 34.969133, "経度": 136.590032, "url": "https://www.iryou.teikyouseido.mhlw.go.jp/znk-web/juminkanja/S2430/initialize?prefCd=24&kikanCd=2240005330&kikanKbn=2", "url2": null, "内容": "松谷皮フ科クリニック【2:診療所】【診療科目:皮膚科】三重県四日市市松本３丁目１０－２８　四日市大栄ビル２階" }, "geometry": { "type": "Point", "coordinates": [ 136.590032, 34.969133 ] } },
{ "type": "Feature", "properties": { "ID": 2422240005360, "正式名称": "医療法人　喜康会　三滝クリニック", "機関区分": 2, "都道府県コード": 24, "市区町村コード": 202, "所在地": "三重県四日市市智積町６０６２", "緯度": 34.991018, "経度": 136.544645, "url": "https://www.iryou.teikyouseido.mhlw.go.jp/znk-web/juminkanja/S2430/initialize?prefCd=24&kikanCd=2240005360&kikanKbn=2", "url2": null, "内容": "医療法人　喜康会　三滝クリニック【2:診療所】【診療科目:内科_消化器内科_外科_肛門外科_リハビリテーション科】三重県四日市市智積町６０６２" }, "geometry": { "type": "Point", "coordinates": [ 136.544645, 34.991018 ] } },
{ "type": "Feature", "properties": { "ID": 2422240005370, "正式名称": "医療法人　児玉会　南浜田クリニック", "機関区分": 2, "都道府県コード": 24, "市区町村コード": 202, "所在地": "三重県四日市市南浜田町３－１５", "緯度": 34.961328, "経度": 136.61703, "url": "https://www.iryou.teikyouseido.mhlw.go.jp/znk-web/juminkanja/S2430/initialize?prefCd=24&kikanCd=2240005370&kikanKbn=2", "url2": null, "内容": "医療法人　児玉会　南浜田クリニック【2:診療所】【診療科目:内科_消化器内科_アレルギー疾患内科_小児科_アレルギー科】三重県四日市市南浜田町３－１５" }, "geometry": { "type": "Point", "coordinates": [ 136.61703, 34.961328 ] } },
{ "type": "Feature", "properties": { "ID": 2422240005380, "正式名称": "医療法人社団　三原クリニック", "機関区分": 2, "都道府県コード": 24, "市区町村コード": 202, "所在地": "三重県四日市市日永西３－１－２１", "緯度": 34.95094, "経度": 136.600004, "url": "https://www.iryou.teikyouseido.mhlw.go.jp/znk-web/juminkanja/S2430/initialize?prefCd=24&kikanCd=2240005380&kikanKbn=2", "url2": "http://www.mihara-clinic.com/index.html", "内容": "医療法人社団　三原クリニック【2:診療所】【診療科目:内科_脳神経内科】三重県四日市市日永西３－１－２１" }, "geometry": { "type": "Point", "coordinates": [ 136.600004, 34.95094 ] } },
{ "type": "Feature", "properties": { "ID": 2422240005390, "正式名称": "医療法人　みやこクリニック", "機関区分": 2, "都道府県コード": 24, "市区町村コード": 202, "所在地": "三重県四日市市千代田町３０７－１", "緯度": 35.029994, "経度": 136.626173, "url": "https://www.iryou.teikyouseido.mhlw.go.jp/znk-web/juminkanja/S2430/initialize?prefCd=24&kikanCd=2240005390&kikanKbn=2", "url2": null, "内容": "医療法人　みやこクリニック【2:診療所】【診療科目:内科_胃腸内科_外科_整形外科】三重県四日市市千代田町３０７－１" }, "geometry": { "type": "Point", "coordinates": [ 136.626173, 35.029994 ] } },
{ "type": "Feature", "properties": { "ID": 2422240005410, "正式名称": "棟方内科", "機関区分": 2, "都道府県コード": 24, "市区町村コード": 202, "所在地": "三重県四日市市沖の島町３－３", "緯度": 34.96655, "経度": 136.627973, "url": "https://www.iryou.teikyouseido.mhlw.go.jp/znk-web/juminkanja/S2430/initialize?prefCd=24&kikanCd=2240005410&kikanKbn=2", "url2": null, "内容": "棟方内科【2:診療所】【診療科目:内科_呼吸器内科_循環器内科_消化器内科_小児科_アレルギー科】三重県四日市市沖の島町３－３" }, "geometry": { "type": "Point", "coordinates": [ 136.627973, 34.96655 ] } },
{ "type": "Feature", "properties": { "ID": 2422240005420, "正式名称": "医療法人　貴敬会　村上ファミリークリニック", "機関区分": 2, "都道府県コード": 24, "市区町村コード": 202, "所在地": "三重県四日市市山分町２４２－３", "緯度": 35.024711, "経度": 136.632526, "url": "https://www.iryou.teikyouseido.mhlw.go.jp/znk-web/juminkanja/S2430/initialize?prefCd=24&kikanCd=2240005420&kikanKbn=2", "url2": "http://www.murakami-cl.com", "内容": "医療法人　貴敬会　村上ファミリークリニック【2:診療所】【診療科目:内科_消化器内科_外科_小児科_アレルギー科】三重県四日市市山分町２４２－３" }, "geometry": { "type": "Point", "coordinates": [ 136.632526, 35.024711 ] } },
{ "type": "Feature", "properties": { "ID": 2422240005450, "正式名称": "医療法人　森医院", "機関区分": 2, "都道府県コード": 24, "市区町村コード": 202, "所在地": "三重県四日市市末永町５－１５", "緯度": 34.975956, "経度": 136.621236, "url": "https://www.iryou.teikyouseido.mhlw.go.jp/znk-web/juminkanja/S2430/initialize?prefCd=24&kikanCd=2240005450&kikanKbn=2", "url2": "http://website2.infomity.net/8392215/medical/", "内容": "医療法人　森医院【2:診療所】【診療科目:内科_循環器内科】三重県四日市市末永町５－１５" }, "geometry": { "type": "Point", "coordinates": [ 136.621236, 34.975956 ] } },
{ "type": "Feature", "properties": { "ID": 2422240005460, "正式名称": "医療法人社団　森医院", "機関区分": 2, "都道府県コード": 24, "市区町村コード": 202, "所在地": "三重県四日市市羽津町１５－２６", "緯度": 34.989326, "経度": 136.636916, "url": "https://www.iryou.teikyouseido.mhlw.go.jp/znk-web/juminkanja/S2430/initialize?prefCd=24&kikanCd=2240005460&kikanKbn=2", "url2": "https://www.mori-fc.jp/", "内容": "医療法人社団　森医院【2:診療所】【診療科目:内科_小児科】三重県四日市市羽津町１５－２６" }, "geometry": { "type": "Point", "coordinates": [ 136.636916, 34.989326 ] } },
{ "type": "Feature", "properties": { "ID": 2422240005500, "正式名称": "医療法人　守屋レディースクリニック", "機関区分": 2, "都道府県コード": 24, "市区町村コード": 202, "所在地": "三重県四日市市羽津４６６１", "緯度": 35.011184, "経度": 136.626499, "url": "https://www.iryou.teikyouseido.mhlw.go.jp/znk-web/juminkanja/S2430/initialize?prefCd=24&kikanCd=2240005500&kikanKbn=2", "url2": "https://www.moriya-lc.com/", "内容": "医療法人　守屋レディースクリニック【2:診療所】【診療科目:産婦人科】三重県四日市市羽津４６６１" }, "geometry": { "type": "Point", "coordinates": [ 136.626499, 35.011184 ] } },
{ "type": "Feature", "properties": { "ID": 2422240005510, "正式名称": "医療法人　社団　諸岡医院", "機関区分": 2, "都道府県コード": 24, "市区町村コード": 341, "所在地": "三重県三重郡菰野町田光４４６５－２", "緯度": 35.067898, "経度": 136.507923, "url": "https://www.iryou.teikyouseido.mhlw.go.jp/znk-web/juminkanja/S2430/initialize?prefCd=24&kikanCd=2240005510&kikanKbn=2", "url2": null, "内容": "医療法人　社団　諸岡医院【2:診療所】【診療科目:内科_胃腸内科_小児科】三重県三重郡菰野町田光４４６５－２" }, "geometry": { "type": "Point", "coordinates": [ 136.507923, 35.067898 ] } },
{ "type": "Feature", "properties": { "ID": 2422240005530, "正式名称": "矢田クリニック", "機関区分": 2, "都道府県コード": 24, "市区町村コード": 202, "所在地": "三重県四日市市山田町２８３９", "緯度": 34.937885, "経度": 136.547092, "url": "https://www.iryou.teikyouseido.mhlw.go.jp/znk-web/juminkanja/S2430/initialize?prefCd=24&kikanCd=2240005530&kikanKbn=2", "url2": null, "内容": "矢田クリニック【2:診療所】【診療科目:内科_呼吸器内科_循環器内科_消化器内科_小児科_麻酔科】三重県四日市市山田町２８３９" }, "geometry": { "type": "Point", "coordinates": [ 136.547092, 34.937885 ] } },
{ "type": "Feature", "properties": { "ID": 2422240005540, "正式名称": "医療法人　柳田内科胃腸科", "機関区分": 2, "都道府県コード": 24, "市区町村コード": 202, "所在地": "三重県四日市市笹川３丁目５０", "緯度": 34.948912, "経度": 136.576923, "url": "https://www.iryou.teikyouseido.mhlw.go.jp/znk-web/juminkanja/S2430/initialize?prefCd=24&kikanCd=2240005540&kikanKbn=2", "url2": "http://yanagita-clinic.com/", "内容": "医療法人　柳田内科胃腸科【2:診療所】【診療科目:内科】三重県四日市市笹川３丁目５０" }, "geometry": { "type": "Point", "coordinates": [ 136.576923, 34.948912 ] } },
{ "type": "Feature", "properties": { "ID": 2422240005560, "正式名称": "山田耳鼻咽喉科", "機関区分": 2, "都道府県コード": 24, "市区町村コード": 202, "所在地": "三重県四日市市笹川３－８３", "緯度": 34.95269, "経度": 136.574145, "url": "https://www.iryou.teikyouseido.mhlw.go.jp/znk-web/juminkanja/S2430/initialize?prefCd=24&kikanCd=2240005560&kikanKbn=2", "url2": null, "内容": "山田耳鼻咽喉科【2:診療所】【診療科目:耳鼻いんこう科】三重県四日市市笹川３－８３" }, "geometry": { "type": "Point", "coordinates": [ 136.574145, 34.95269 ] } },
{ "type": "Feature", "properties": { "ID": 2422240005570, "正式名称": "山田内科", "機関区分": 2, "都道府県コード": 24, "市区町村コード": 202, "所在地": "三重県四日市市元町９－１５", "緯度": 34.971355, "経度": 136.621279, "url": "https://www.iryou.teikyouseido.mhlw.go.jp/znk-web/juminkanja/S2430/initialize?prefCd=24&kikanCd=2240005570&kikanKbn=2", "url2": null, "内容": "山田内科【2:診療所】【診療科目:内科_小児科_放射線科】三重県四日市市元町９－１５" }, "geometry": { "type": "Point", "coordinates": [ 136.621279, 34.971355 ] } },
{ "type": "Feature", "properties": { "ID": 2422240005580, "正式名称": "やまもり内科クリニック", "機関区分": 2, "都道府県コード": 24, "市区町村コード": 202, "所在地": "三重県四日市市釆女町１７９８－１５", "緯度": 34.922388, "経度": 136.581118, "url": "https://www.iryou.teikyouseido.mhlw.go.jp/znk-web/juminkanja/S2430/initialize?prefCd=24&kikanCd=2240005580&kikanKbn=2", "url2": null, "内容": "やまもり内科クリニック【2:診療所】【診療科目:内科_呼吸器内科_循環器内科_消化器内科_小児科_リハビリテーション科】三重県四日市市釆女町１７９８－１５" }, "geometry": { "type": "Point", "coordinates": [ 136.581118, 34.922388 ] } },
{ "type": "Feature", "properties": { "ID": 2422240005590, "正式名称": "医療法人　山脇会　とと内科診療所", "機関区分": 2, "都道府県コード": 24, "市区町村コード": 202, "所在地": "三重県四日市市小杉新町７０", "緯度": 34.998547, "経度": 136.607834, "url": "https://www.iryou.teikyouseido.mhlw.go.jp/znk-web/juminkanja/S2430/initialize?prefCd=24&kikanCd=2240005590&kikanKbn=2", "url2": "https://yokkaichi-med.com/search/detail.aspx?QS_ID=627", "内容": "医療法人　山脇会　とと内科診療所【2:診療所】【診療科目:内科_老年内科】三重県四日市市小杉新町７０" }, "geometry": { "type": "Point", "coordinates": [ 136.607834, 34.998547 ] } },
{ "type": "Feature", "properties": { "ID": 2422240005610, "正式名称": "よこずみ整形外科", "機関区分": 2, "都道府県コード": 24, "市区町村コード": 202, "所在地": "三重県四日市市小生町７８２", "緯度": 34.977965, "経度": 136.574033, "url": "https://www.iryou.teikyouseido.mhlw.go.jp/znk-web/juminkanja/S2430/initialize?prefCd=24&kikanCd=2240005610&kikanKbn=2", "url2": null, "内容": "よこずみ整形外科【2:診療所】【診療科目:整形外科】三重県四日市市小生町７８２" }, "geometry": { "type": "Point", "coordinates": [ 136.574033, 34.977965 ] } },
{ "type": "Feature", "properties": { "ID": 2422240005640, "正式名称": "吉田内科クリニック", "機関区分": 2, "都道府県コード": 24, "市区町村コード": 344, "所在地": "三重県三重郡川越町豊田１５７", "緯度": 35.014768, "経度": 136.659302, "url": "https://www.iryou.teikyouseido.mhlw.go.jp/znk-web/juminkanja/S2430/initialize?prefCd=24&kikanCd=2240005640&kikanKbn=2", "url2": null, "内容": "吉田内科クリニック【2:診療所】【診療科目:内科_呼吸器内科_循環器内科_消化器内科】三重県三重郡川越町豊田１５７" }, "geometry": { "type": "Point", "coordinates": [ 136.659302, 35.014768 ] } },
{ "type": "Feature", "properties": { "ID": 2422240005650, "正式名称": "医療法人　崇尚会　よしみね内科胃腸科", "機関区分": 2, "都道府県コード": 24, "市区町村コード": 202, "所在地": "三重県四日市市東坂部町８６－１", "緯度": 34.992658, "経度": 136.596363, "url": "https://www.iryou.teikyouseido.mhlw.go.jp/znk-web/juminkanja/S2430/initialize?prefCd=24&kikanCd=2240005650&kikanKbn=2", "url2": null, "内容": "医療法人　崇尚会　よしみね内科胃腸科【2:診療所】【診療科目:内科_消化器内科】三重県四日市市東坂部町８６－１" }, "geometry": { "type": "Point", "coordinates": [ 136.596363, 34.992658 ] } },
{ "type": "Feature", "properties": { "ID": 2422240005670, "正式名称": "医療法人　健侑会　四日市インタークリニック", "機関区分": 2, "都道府県コード": 24, "市区町村コード": 202, "所在地": "三重県四日市市高角町７３４－１", "緯度": 34.983686, "経度": 136.566811, "url": "https://www.iryou.teikyouseido.mhlw.go.jp/znk-web/juminkanja/S2430/initialize?prefCd=24&kikanCd=2240005670&kikanKbn=2", "url2": null, "内容": "医療法人　健侑会　四日市インタークリニック【2:診療所】【診療科目:消化器内科】三重県四日市市高角町７３４－１" }, "geometry": { "type": "Point", "coordinates": [ 136.566811, 34.983686 ] } },
{ "type": "Feature", "properties": { "ID": 2422240005680, "正式名称": "医療法人　尚豊会　みたき健診クリニック", "機関区分": 2, "都道府県コード": 24, "市区町村コード": 202, "所在地": "三重県四日市市生桑町菰池４５０－３", "緯度": 34.980521, "経度": 136.603863, "url": "https://www.iryou.teikyouseido.mhlw.go.jp/znk-web/juminkanja/S2430/initialize?prefCd=24&kikanCd=2240005680&kikanKbn=2", "url2": "http://kenshin.mitaki.or.jp", "内容": "医療法人　尚豊会　みたき健診クリニック【2:診療所】【診療科目:内科】三重県四日市市生桑町菰池４５０－３" }, "geometry": { "type": "Point", "coordinates": [ 136.603863, 34.980521 ] } },
{ "type": "Feature", "properties": { "ID": 2422240005690, "正式名称": "医療法人　徳心会　四日市セントラルクリニック", "機関区分": 2, "都道府県コード": 24, "市区町村コード": 202, "所在地": "三重県四日市市伊倉１丁目１－４６", "緯度": 34.972771, "経度": 136.60603, "url": "https://www.iryou.teikyouseido.mhlw.go.jp/znk-web/juminkanja/S2430/initialize?prefCd=24&kikanCd=2240005690&kikanKbn=2", "url2": "http://www.ycc-net.com/", "内容": "医療法人　徳心会　四日市セントラルクリニック【2:診療所】【診療科目:内科_腎臓内科】三重県四日市市伊倉１丁目１－４６" }, "geometry": { "type": "Point", "coordinates": [ 136.60603, 34.972771 ] } },
{ "type": "Feature", "properties": { "ID": 2422240005720, "正式名称": "医療法人　渡辺医院", "機関区分": 2, "都道府県コード": 24, "市区町村コード": 202, "所在地": "三重県四日市市富州原町１６－１６", "緯度": 35.00963, "経度": 136.660941, "url": "https://www.iryou.teikyouseido.mhlw.go.jp/znk-web/juminkanja/S2430/initialize?prefCd=24&kikanCd=2240005720&kikanKbn=2", "url2": "https://watanabe-iin.doctorsfile.jp/", "内容": "医療法人　渡辺医院【2:診療所】【診療科目:内科_循環器内科_消化器内科_内視鏡内科_小児科_アレルギー科】三重県四日市市富州原町１６－１６" }, "geometry": { "type": "Point", "coordinates": [ 136.660941, 35.00963 ] } },
{ "type": "Feature", "properties": { "ID": 2422240005730, "正式名称": "医療法人　あかね小児科クリニック", "機関区分": 2, "都道府県コード": 24, "市区町村コード": 207, "所在地": "三重県鈴鹿市西条４丁目４８　ビル１Ｆ", "緯度": 34.879225, "経度": 136.572676, "url": "https://www.iryou.teikyouseido.mhlw.go.jp/znk-web/juminkanja/S2430/initialize?prefCd=24&kikanCd=2240005730&kikanKbn=2", "url2": "http://akaneshounikaclinic.com/", "内容": "医療法人　あかね小児科クリニック【2:診療所】【診療科目:内科_小児科_皮膚科_アレルギー科】三重県鈴鹿市西条４丁目４８　ビル１Ｆ" }, "geometry": { "type": "Point", "coordinates": [ 136.572676, 34.879225 ] } },
{ "type": "Feature", "properties": { "ID": 2422240005740, "正式名称": "医療法人ほうしょう会　朝川クリニック", "機関区分": 2, "都道府県コード": 24, "市区町村コード": 207, "所在地": "三重県鈴鹿市石薬師町２０８９－１０", "緯度": 34.904222, "経度": 136.545344, "url": "https://www.iryou.teikyouseido.mhlw.go.jp/znk-web/juminkanja/S2430/initialize?prefCd=24&kikanCd=2240005740&kikanKbn=2", "url2": null, "内容": "医療法人ほうしょう会　朝川クリニック【2:診療所】【診療科目:内科_胃腸内科_外科_肛門外科_皮膚科_アレルギー科_リハビリテーション科】三重県鈴鹿市石薬師町２０８９－１０" }, "geometry": { "type": "Point", "coordinates": [ 136.545344, 34.904222 ] } },
{ "type": "Feature", "properties": { "ID": 2422240005750, "正式名称": "旭が丘ファミリークリニック", "機関区分": 2, "都道府県コード": 24, "市区町村コード": 207, "所在地": "三重県鈴鹿市東旭が丘３－２－１０", "緯度": 34.845451, "経度": 136.577844, "url": "https://www.iryou.teikyouseido.mhlw.go.jp/znk-web/juminkanja/S2430/initialize?prefCd=24&kikanCd=2240005750&kikanKbn=2", "url2": null, "内容": "旭が丘ファミリークリニック【2:診療所】【診療科目:内科_漢方内科】三重県鈴鹿市東旭が丘３－２－１０" }, "geometry": { "type": "Point", "coordinates": [ 136.577844, 34.845451 ] } },
{ "type": "Feature", "properties": { "ID": 2422240005770, "正式名称": "医療法人　嘉芳会　あなざわクリニック", "機関区分": 2, "都道府県コード": 24, "市区町村コード": 207, "所在地": "三重県鈴鹿市野町東２－４－１", "緯度": 34.849701, "経度": 136.570039, "url": "https://www.iryou.teikyouseido.mhlw.go.jp/znk-web/juminkanja/S2430/initialize?prefCd=24&kikanCd=2240005770&kikanKbn=2", "url2": null, "内容": "医療法人　嘉芳会　あなざわクリニック【2:診療所】【診療科目:内科_血液内科_呼吸器内科_循環器内科_胃腸内科_小児科_アレルギー科】三重県鈴鹿市野町東２－４－１" }, "geometry": { "type": "Point", "coordinates": [ 136.570039, 34.849701 ] } },
{ "type": "Feature", "properties": { "ID": 2422240005790, "正式名称": "医療法人　愛心会　イタニ・クリニック", "機関区分": 2, "都道府県コード": 24, "市区町村コード": 207, "所在地": "三重県鈴鹿市白子駅前３５－３", "緯度": 34.834591, "経度": 136.586399, "url": "https://www.iryou.teikyouseido.mhlw.go.jp/znk-web/juminkanja/S2430/initialize?prefCd=24&kikanCd=2240005790&kikanKbn=2", "url2": "https://www.itaniclinic-suzuka.com", "内容": "医療法人　愛心会　イタニ・クリニック【2:診療所】【診療科目:内科_胃腸内科_外科_肛門外科_整形外科_皮膚科_アレルギー科_リウマチ科_リハビリテーション科】三重県鈴鹿市白子駅前３５－３" }, "geometry": { "type": "Point", "coordinates": [ 136.586399, 34.834591 ] } },
{ "type": "Feature", "properties": { "ID": 2422240005800, "正式名称": "医療法人　市川皮膚科", "機関区分": 2, "都道府県コード": 24, "市区町村コード": 207, "所在地": "三重県鈴鹿市西条６－２１", "緯度": 34.876976, "経度": 136.568538, "url": "https://www.iryou.teikyouseido.mhlw.go.jp/znk-web/juminkanja/S2430/initialize?prefCd=24&kikanCd=2240005800&kikanKbn=2", "url2": "http://3933.mdja.jp", "内容": "医療法人　市川皮膚科【2:診療所】【診療科目:皮膚科_アレルギー科】三重県鈴鹿市西条６－２１" }, "geometry": { "type": "Point", "coordinates": [ 136.568538, 34.876976 ] } },
{ "type": "Feature", "properties": { "ID": 2422240005810, "正式名称": "市場内科医院", "機関区分": 2, "都道府県コード": 24, "市区町村コード": 207, "所在地": "三重県鈴鹿市長太栄町３－１６－２３", "緯度": 34.889448, "経度": 136.630282, "url": "https://www.iryou.teikyouseido.mhlw.go.jp/znk-web/juminkanja/S2430/initialize?prefCd=24&kikanCd=2240005810&kikanKbn=2", "url2": null, "内容": "市場内科医院【2:診療所】【診療科目:内科_呼吸器内科_循環器内科_消化器内科_小児科】三重県鈴鹿市長太栄町３－１６－２３" }, "geometry": { "type": "Point", "coordinates": [ 136.630282, 34.889448 ] } },
{ "type": "Feature", "properties": { "ID": 2422240005840, "正式名称": "医療法人　裕心会　上田内科クリニック", "機関区分": 2, "都道府県コード": 24, "市区町村コード": 207, "所在地": "三重県鈴鹿市長沢町１１６７－１", "緯度": 34.933801, "経度": 136.477293, "url": "https://www.iryou.teikyouseido.mhlw.go.jp/znk-web/juminkanja/S2430/initialize?prefCd=24&kikanCd=2240005840&kikanKbn=2", "url2": null, "内容": "医療法人　裕心会　上田内科クリニック【2:診療所】【診療科目:内科_呼吸器内科_循環器内科_消化器内科】三重県鈴鹿市長沢町１１６７－１" }, "geometry": { "type": "Point", "coordinates": [ 136.477293, 34.933801 ] } },
{ "type": "Feature", "properties": { "ID": 2422240005850, "正式名称": "医療法人　浦川内科クリニック", "機関区分": 2, "都道府県コード": 24, "市区町村コード": 207, "所在地": "三重県鈴鹿市神戸８－８－２０", "緯度": 34.886725, "経度": 136.579786, "url": "https://www.iryou.teikyouseido.mhlw.go.jp/znk-web/juminkanja/S2430/initialize?prefCd=24&kikanCd=2240005850&kikanKbn=2", "url2": null, "内容": "医療法人　浦川内科クリニック【2:診療所】【診療科目:内科_糖尿病内科_消化器内科】三重県鈴鹿市神戸８－８－２０" }, "geometry": { "type": "Point", "coordinates": [ 136.579786, 34.886725 ] } },
{ "type": "Feature", "properties": { "ID": 2422240005870, "正式名称": "医療法人　おかべ泌尿器科・皮フ科", "機関区分": 2, "都道府県コード": 24, "市区町村コード": 207, "所在地": "三重県鈴鹿市南江島町１０－２７", "緯度": 34.837952, "経度": 136.591593, "url": "https://www.iryou.teikyouseido.mhlw.go.jp/znk-web/juminkanja/S2430/initialize?prefCd=24&kikanCd=2240005870&kikanKbn=2", "url2": null, "内容": "医療法人　おかべ泌尿器科・皮フ科【2:診療所】【診療科目:皮膚科_美容皮膚科_泌尿器科】三重県鈴鹿市南江島町１０－２７" }, "geometry": { "type": "Point", "coordinates": [ 136.591593, 34.837952 ] } },
{ "type": "Feature", "properties": { "ID": 2422240005910, "正式名称": "医療法人　重幹会　川村外科内科", "機関区分": 2, "都道府県コード": 24, "市区町村コード": 207, "所在地": "三重県鈴鹿市加佐登２－２０－１", "緯度": 34.894001, "経度": 136.533456, "url": "https://www.iryou.teikyouseido.mhlw.go.jp/znk-web/juminkanja/S2430/initialize?prefCd=24&kikanCd=2240005910&kikanKbn=2", "url2": "www.kawamuragekanaika.com", "内容": "医療法人　重幹会　川村外科内科【2:診療所】【診療科目:内科_消化器内科_外科_肛門外科_皮膚科】三重県鈴鹿市加佐登２－２０－１" }, "geometry": { "type": "Point", "coordinates": [ 136.533456, 34.894001 ] } },
{ "type": "Feature", "properties": { "ID": 2422240005940, "正式名称": "北村記念　しばた小児科医院", "機関区分": 2, "都道府県コード": 24, "市区町村コード": 207, "所在地": "三重県鈴鹿市白子１－１－７", "緯度": 34.832342, "経度": 136.58826, "url": "https://www.iryou.teikyouseido.mhlw.go.jp/znk-web/juminkanja/S2430/initialize?prefCd=24&kikanCd=2240005940&kikanKbn=2", "url2": null, "内容": "北村記念　しばた小児科医院【2:診療所】【診療科目:内科_小児科_小児皮膚科_アレルギー科】三重県鈴鹿市白子１－１－７" }, "geometry": { "type": "Point", "coordinates": [ 136.58826, 34.832342 ] } },
{ "type": "Feature", "properties": { "ID": 2422240005990, "正式名称": "医療法人　小寺内科循環器科", "機関区分": 2, "都道府県コード": 24, "市区町村コード": 207, "所在地": "三重県鈴鹿市西条町９１０－１", "緯度": 34.878392, "経度": 136.563788, "url": "https://www.iryou.teikyouseido.mhlw.go.jp/znk-web/juminkanja/S2430/initialize?prefCd=24&kikanCd=2240005990&kikanKbn=2", "url2": null, "内容": "医療法人　小寺内科循環器科【2:診療所】【診療科目:循環器内科】三重県鈴鹿市西条町９１０－１" }, "geometry": { "type": "Point", "coordinates": [ 136.563788, 34.878392 ] } },
{ "type": "Feature", "properties": { "ID": 2422240006000, "正式名称": "医療法人　祐康会　駒田医院", "機関区分": 2, "都道府県コード": 24, "市区町村コード": 207, "所在地": "三重県鈴鹿市北江島町１７番地１５号", "緯度": 34.841924, "経度": 136.597787, "url": "https://www.iryou.teikyouseido.mhlw.go.jp/znk-web/juminkanja/S2430/initialize?prefCd=24&kikanCd=2240006000&kikanKbn=2", "url2": "http://www.komada.jp/", "内容": "医療法人　祐康会　駒田医院【2:診療所】【診療科目:小児科_アレルギー科】三重県鈴鹿市北江島町１７番地１５号" }, "geometry": { "type": "Point", "coordinates": [ 136.597787, 34.841924 ] } },
{ "type": "Feature", "properties": { "ID": 2422240006040, "正式名称": "医療法人　坂倉ペインクリニック", "機関区分": 2, "都道府県コード": 24, "市区町村コード": 207, "所在地": "三重県鈴鹿市白子本町９－２８", "緯度": 34.833758, "経度": 136.591482, "url": "https://www.iryou.teikyouseido.mhlw.go.jp/znk-web/juminkanja/S2430/initialize?prefCd=24&kikanCd=2240006040&kikanKbn=2", "url2": null, "内容": "医療法人　坂倉ペインクリニック【2:診療所】【診療科目:内科_外科_麻酔科】三重県鈴鹿市白子本町９－２８" }, "geometry": { "type": "Point", "coordinates": [ 136.591482, 34.833758 ] } },
{ "type": "Feature", "properties": { "ID": 2422240006060, "正式名称": "さわ内科胃腸科クリニック", "機関区分": 2, "都道府県コード": 24, "市区町村コード": 207, "所在地": "三重県鈴鹿市寺家４丁目１８－１７", "緯度": 34.825287, "経度": 136.582094, "url": "https://www.iryou.teikyouseido.mhlw.go.jp/znk-web/juminkanja/S2430/initialize?prefCd=24&kikanCd=2240006060&kikanKbn=2", "url2": null, "内容": "さわ内科胃腸科クリニック【2:診療所】【診療科目:内科】三重県鈴鹿市寺家４丁目１８－１７" }, "geometry": { "type": "Point", "coordinates": [ 136.582094, 34.825287 ] } },
{ "type": "Feature", "properties": { "ID": 2422240006070, "正式名称": "医療法人楊柳会　嶋内科", "機関区分": 2, "都道府県コード": 24, "市区町村コード": 207, "所在地": "三重県鈴鹿市柳町６３７", "緯度": 34.874393, "経度": 136.596813, "url": "https://www.iryou.teikyouseido.mhlw.go.jp/znk-web/juminkanja/S2430/initialize?prefCd=24&kikanCd=2240006070&kikanKbn=2", "url2": null, "内容": "医療法人楊柳会　嶋内科【2:診療所】【診療科目:内科_小児科_皮膚科】三重県鈴鹿市柳町６３７" }, "geometry": { "type": "Point", "coordinates": [ 136.596813, 34.874393 ] } },
{ "type": "Feature", "properties": { "ID": 2422240006100, "正式名称": "医療法人　栄恵会　白子クリニック小児科", "機関区分": 2, "都道府県コード": 24, "市区町村コード": 207, "所在地": "三重県鈴鹿市南江島町６－１７", "緯度": 34.83923, "経度": 136.592593, "url": "https://www.iryou.teikyouseido.mhlw.go.jp/znk-web/juminkanja/S2430/initialize?prefCd=24&kikanCd=2240006100&kikanKbn=2", "url2": "https://www.shiroko-clinic.com", "内容": "医療法人　栄恵会　白子クリニック小児科【2:診療所】【診療科目:小児科】三重県鈴鹿市南江島町６－１７" }, "geometry": { "type": "Point", "coordinates": [ 136.592593, 34.83923 ] } },
{ "type": "Feature", "properties": { "ID": 2422240006110, "正式名称": "医療法人こどもの城", "機関区分": 2, "都道府県コード": 24, "市区町村コード": 207, "所在地": "三重県鈴鹿市秋永町６５２－１", "緯度": 34.816232, "経度": 136.552736, "url": "https://www.iryou.teikyouseido.mhlw.go.jp/znk-web/juminkanja/S2430/initialize?prefCd=24&kikanCd=2240006110&kikanKbn=2", "url2": null, "内容": "医療法人こどもの城【2:診療所】【診療科目:内科_小児科_皮膚科_アレルギー科】三重県鈴鹿市秋永町６５２－１" }, "geometry": { "type": "Point", "coordinates": [ 136.552736, 34.816232 ] } },
{ "type": "Feature", "properties": { "ID": 2422240006150, "正式名称": "滝川眼科", "機関区分": 2, "都道府県コード": 24, "市区町村コード": 207, "所在地": "三重県鈴鹿市神戸１丁目８－１１", "緯度": 34.880836, "経度": 136.583064, "url": "https://www.iryou.teikyouseido.mhlw.go.jp/znk-web/juminkanja/S2430/initialize?prefCd=24&kikanCd=2240006150&kikanKbn=2", "url2": null, "内容": "滝川眼科【2:診療所】【診療科目:眼科】三重県鈴鹿市神戸１丁目８－１１" }, "geometry": { "type": "Point", "coordinates": [ 136.583064, 34.880836 ] } },
{ "type": "Feature", "properties": { "ID": 2422240006190, "正式名称": "とうかい整形外科すずか", "機関区分": 2, "都道府県コード": 24, "市区町村コード": 207, "所在地": "三重県鈴鹿市東旭が丘１－６－２１", "緯度": 34.851117, "経度": 136.572538, "url": "https://www.iryou.teikyouseido.mhlw.go.jp/znk-web/juminkanja/S2430/initialize?prefCd=24&kikanCd=2240006190&kikanKbn=2", "url2": "https://www.toukaiseikei-suzuka.com", "内容": "とうかい整形外科すずか【2:診療所】【診療科目:整形外科_リウマチ科_リハビリテーション科】三重県鈴鹿市東旭が丘１－６－２１" }, "geometry": { "type": "Point", "coordinates": [ 136.572538, 34.851117 ] } },
{ "type": "Feature", "properties": { "ID": 2422240006200, "正式名称": "とくりき耳鼻咽喉科医院", "機関区分": 2, "都道府県コード": 24, "市区町村コード": 207, "所在地": "三重県鈴鹿市平田東町２－７", "緯度": 34.876558, "経度": 136.541373, "url": "https://www.iryou.teikyouseido.mhlw.go.jp/znk-web/juminkanja/S2430/initialize?prefCd=24&kikanCd=2240006200&kikanKbn=2", "url2": null, "内容": "とくりき耳鼻咽喉科医院【2:診療所】【診療科目:耳鼻いんこう科】三重県鈴鹿市平田東町２－７" }, "geometry": { "type": "Point", "coordinates": [ 136.541373, 34.876558 ] } },
{ "type": "Feature", "properties": { "ID": 2422240006210, "正式名称": "医療法人　冨田内科", "機関区分": 2, "都道府県コード": 24, "市区町村コード": 207, "所在地": "三重県鈴鹿市白子駅前１２－２５", "緯度": 34.836841, "経度": 136.588566, "url": "https://www.iryou.teikyouseido.mhlw.go.jp/znk-web/juminkanja/S2430/initialize?prefCd=24&kikanCd=2240006210&kikanKbn=2", "url2": "http://www.tomitacl.com/", "内容": "医療法人　冨田内科【2:診療所】【診療科目:内科】三重県鈴鹿市白子駅前１２－２５" }, "geometry": { "type": "Point", "coordinates": [ 136.588566, 34.836841 ] } },
{ "type": "Feature", "properties": { "ID": 2422240006220, "正式名称": "留奥内科", "機関区分": 2, "都道府県コード": 24, "市区町村コード": 207, "所在地": "三重県鈴鹿市南江島町２３－１", "緯度": 34.838786, "経度": 136.589788, "url": "https://www.iryou.teikyouseido.mhlw.go.jp/znk-web/juminkanja/S2430/initialize?prefCd=24&kikanCd=2240006220&kikanKbn=2", "url2": null, "内容": "留奥内科【2:診療所】【診療科目:内科_呼吸器内科_消化器内科】三重県鈴鹿市南江島町２３－１" }, "geometry": { "type": "Point", "coordinates": [ 136.589788, 34.838786 ] } },
{ "type": "Feature", "properties": { "ID": 2422240006250, "正式名称": "中沢内科", "機関区分": 2, "都道府県コード": 24, "市区町村コード": 207, "所在地": "三重県鈴鹿市長太旭町３丁目６－３３", "緯度": 34.892792, "経度": 136.626213, "url": "https://www.iryou.teikyouseido.mhlw.go.jp/znk-web/juminkanja/S2430/initialize?prefCd=24&kikanCd=2240006250&kikanKbn=2", "url2": null, "内容": "中沢内科【2:診療所】【診療科目:内科_循環器内科_消化器内科_小児科】三重県鈴鹿市長太旭町３丁目６－３３" }, "geometry": { "type": "Point", "coordinates": [ 136.626213, 34.892792 ] } },
{ "type": "Feature", "properties": { "ID": 2422240006280, "正式名称": "永井クリニック", "機関区分": 2, "都道府県コード": 24, "市区町村コード": 207, "所在地": "三重県鈴鹿市神戸８－２７－３５", "緯度": 34.885336, "経度": 136.582064, "url": "https://www.iryou.teikyouseido.mhlw.go.jp/znk-web/juminkanja/S2430/initialize?prefCd=24&kikanCd=2240006280&kikanKbn=2", "url2": "http://www.nagai-gekanaika.com/", "内容": "永井クリニック【2:診療所】【診療科目:内科_感染症内科_消化器内科_外科】三重県鈴鹿市神戸８－２７－３５" }, "geometry": { "type": "Point", "coordinates": [ 136.582064, 34.885336 ] } },
{ "type": "Feature", "properties": { "ID": 2422240006290, "正式名称": "医療法人　明幸会　長瀬内科", "機関区分": 2, "都道府県コード": 24, "市区町村コード": 207, "所在地": "三重県鈴鹿市白子町７０－１", "緯度": 34.839091, "経度": 136.585705, "url": "https://www.iryou.teikyouseido.mhlw.go.jp/znk-web/juminkanja/S2430/initialize?prefCd=24&kikanCd=2240006290&kikanKbn=2", "url2": "http://nttbj.itp.ne.jp/0593865121/index.html", "内容": "医療法人　明幸会　長瀬内科【2:診療所】【診療科目:内科_呼吸器内科_循環器内科_消化器内科】三重県鈴鹿市白子町７０－１" }, "geometry": { "type": "Point", "coordinates": [ 136.585705, 34.839091 ] } },
{ "type": "Feature", "properties": { "ID": 2422240006330, "正式名称": "服部医院", "機関区分": 2, "都道府県コード": 24, "市区町村コード": 207, "所在地": "三重県鈴鹿市岸岡町３３８５－１", "緯度": 34.851145, "経度": 136.591259, "url": "https://www.iryou.teikyouseido.mhlw.go.jp/znk-web/juminkanja/S2430/initialize?prefCd=24&kikanCd=2240006330&kikanKbn=2", "url2": null, "内容": "服部医院【2:診療所】【診療科目:内科_外科】三重県鈴鹿市岸岡町３３８５－１" }, "geometry": { "type": "Point", "coordinates": [ 136.591259, 34.851145 ] } },
{ "type": "Feature", "properties": { "ID": 2422240006340, "正式名称": "医療法人　花木内科クリニック", "機関区分": 2, "都道府県コード": 24, "市区町村コード": 207, "所在地": "三重県鈴鹿市高塚町２１３－２８", "緯度": 34.897167, "経度": 136.513902, "url": "https://www.iryou.teikyouseido.mhlw.go.jp/znk-web/juminkanja/S2430/initialize?prefCd=24&kikanCd=2240006340&kikanKbn=2", "url2": "http://www.hanakinaika-clinic.com/", "内容": "医療法人　花木内科クリニック【2:診療所】【診療科目:内科_糖尿病内科_呼吸器内科_循環器内科_消化器内科_女性内科】三重県鈴鹿市高塚町２１３－２８" }, "geometry": { "type": "Point", "coordinates": [ 136.513902, 34.897167 ] } },
{ "type": "Feature", "properties": { "ID": 2422240006350, "正式名称": "医療法人　浜口耳鼻咽喉科", "機関区分": 2, "都道府県コード": 24, "市区町村コード": 207, "所在地": "三重県鈴鹿市白子４－１３－１９", "緯度": 34.835036, "経度": 136.583177, "url": "https://www.iryou.teikyouseido.mhlw.go.jp/znk-web/juminkanja/S2430/initialize?prefCd=24&kikanCd=2240006350&kikanKbn=2", "url2": null, "内容": "医療法人　浜口耳鼻咽喉科【2:診療所】【診療科目:耳鼻いんこう科_アレルギー科】三重県鈴鹿市白子４－１３－１９" }, "geometry": { "type": "Point", "coordinates": [ 136.583177, 34.835036 ] } },
{ "type": "Feature", "properties": { "ID": 2422240006360, "正式名称": "浜口整形外科", "機関区分": 2, "都道府県コード": 24, "市区町村コード": 207, "所在地": "三重県鈴鹿市白子３－１４－５", "緯度": 34.830759, "経度": 136.584816, "url": "https://www.iryou.teikyouseido.mhlw.go.jp/znk-web/juminkanja/S2430/initialize?prefCd=24&kikanCd=2240006360&kikanKbn=2", "url2": "https://hamaguchi-seikeigeka.doctorsfile.jp/", "内容": "浜口整形外科【2:診療所】【診療科目:整形外科_リハビリテーション科】三重県鈴鹿市白子３－１４－５" }, "geometry": { "type": "Point", "coordinates": [ 136.584816, 34.830759 ] } },
{ "type": "Feature", "properties": { "ID": 2422240006370, "正式名称": "医療法人　羽山クリニック", "機関区分": 2, "都道府県コード": 24, "市区町村コード": 207, "所在地": "三重県鈴鹿市庄野羽山２－６－３", "緯度": 34.874336, "経度": 136.525236, "url": "https://www.iryou.teikyouseido.mhlw.go.jp/znk-web/juminkanja/S2430/initialize?prefCd=24&kikanCd=2240006370&kikanKbn=2", "url2": "http://www.hayamaclinic.or.jp/", "内容": "医療法人　羽山クリニック【2:診療所】【診療科目:内科_呼吸器内科_循環器内科_消化器内科_外科】三重県鈴鹿市庄野羽山２－６－３" }, "geometry": { "type": "Point", "coordinates": [ 136.525236, 34.874336 ] } },
{ "type": "Feature", "properties": { "ID": 2422240006410, "正式名称": "白鳳クリニック", "機関区分": 2, "都道府県コード": 24, "市区町村コード": 207, "所在地": "三重県鈴鹿市庄野町２５５０", "緯度": 34.888168, "経度": 136.509153, "url": "https://www.iryou.teikyouseido.mhlw.go.jp/znk-web/juminkanja/S2430/initialize?prefCd=24&kikanCd=2240006410&kikanKbn=2", "url2": "http://www7b.biglobe.ne.jp/~hakuhouclinic/index.html", "内容": "白鳳クリニック【2:診療所】【診療科目:内科_外科_眼科】三重県鈴鹿市庄野町２５５０" }, "geometry": { "type": "Point", "coordinates": [ 136.509153, 34.888168 ] } },
{ "type": "Feature", "properties": { "ID": 2422240006460, "正式名称": "松岡ハートクリニック", "機関区分": 2, "都道府県コード": 24, "市区町村コード": 207, "所在地": "三重県鈴鹿市若松北２－３－１", "緯度": 34.867922, "経度": 136.617728, "url": "https://www.iryou.teikyouseido.mhlw.go.jp/znk-web/juminkanja/S2430/initialize?prefCd=24&kikanCd=2240006460&kikanKbn=2", "url2": "http://www.mecha.ne.jp/~mhc_8848", "内容": "松岡ハートクリニック【2:診療所】【診療科目:内科_呼吸器内科_循環器内科_消化器内科_外科_リハビリテーション科】三重県鈴鹿市若松北２－３－１" }, "geometry": { "type": "Point", "coordinates": [ 136.617728, 34.867922 ] } },
{ "type": "Feature", "properties": { "ID": 2422240006520, "正式名称": "医療法人　宮崎産婦人科", "機関区分": 2, "都道府県コード": 24, "市区町村コード": 207, "所在地": "三重県鈴鹿市平田２－１－８", "緯度": 34.874753, "経度": 136.537985, "url": "https://www.iryou.teikyouseido.mhlw.go.jp/znk-web/juminkanja/S2430/initialize?prefCd=24&kikanCd=2240006520&kikanKbn=2", "url2": "http://www.miyazaki-clinic.jp", "内容": "医療法人　宮崎産婦人科【2:診療所】【診療科目:産婦人科】三重県鈴鹿市平田２－１－８" }, "geometry": { "type": "Point", "coordinates": [ 136.537985, 34.874753 ] } },
{ "type": "Feature", "properties": { "ID": 2422240006550, "正式名称": "村田整形外科", "機関区分": 2, "都道府県コード": 24, "市区町村コード": 207, "所在地": "三重県鈴鹿市弓削町１１６０－２", "緯度": 34.884947, "経度": 136.549428, "url": "https://www.iryou.teikyouseido.mhlw.go.jp/znk-web/juminkanja/S2430/initialize?prefCd=24&kikanCd=2240006550&kikanKbn=2", "url2": null, "内容": "村田整形外科【2:診療所】【診療科目:整形外科_リウマチ科_リハビリテーション科】三重県鈴鹿市弓削町１１６０－２" }, "geometry": { "type": "Point", "coordinates": [ 136.549428, 34.884947 ] } },
{ "type": "Feature", "properties": { "ID": 2422240006570, "正式名称": "森耳鼻咽喉科", "機関区分": 2, "都道府県コード": 24, "市区町村コード": 207, "所在地": "三重県鈴鹿市飯野寺家町８３０", "緯度": 34.877698, "経度": 136.574676, "url": "https://www.iryou.teikyouseido.mhlw.go.jp/znk-web/juminkanja/S2430/initialize?prefCd=24&kikanCd=2240006570&kikanKbn=2", "url2": "http://morijibika.xsrv.jp/", "内容": "森耳鼻咽喉科【2:診療所】【診療科目:耳鼻いんこう科】三重県鈴鹿市飯野寺家町８３０" }, "geometry": { "type": "Point", "coordinates": [ 136.574676, 34.877698 ] } },
{ "type": "Feature", "properties": { "ID": 2422240006580, "正式名称": "森本メンタルクリニック", "機関区分": 2, "都道府県コード": 24, "市区町村コード": 207, "所在地": "三重県鈴鹿市西条７丁目２３", "緯度": 34.878086, "経度": 136.565677, "url": "https://www.iryou.teikyouseido.mhlw.go.jp/znk-web/juminkanja/S2430/initialize?prefCd=24&kikanCd=2240006580&kikanKbn=2", "url2": null, "内容": "森本メンタルクリニック【2:診療所】【診療科目:精神科_心療内科】三重県鈴鹿市西条７丁目２３" }, "geometry": { "type": "Point", "coordinates": [ 136.565677, 34.878086 ] } },
{ "type": "Feature", "properties": { "ID": 2422240006590, "正式名称": "医療法人　正秀会　八木医院", "機関区分": 2, "都道府県コード": 24, "市区町村コード": 207, "所在地": "三重県鈴鹿市東玉垣町２４８３－１", "緯度": 34.859117, "経度": 136.590953, "url": "https://www.iryou.teikyouseido.mhlw.go.jp/znk-web/juminkanja/S2430/initialize?prefCd=24&kikanCd=2240006590&kikanKbn=2", "url2": null, "内容": "医療法人　正秀会　八木医院【2:診療所】【診療科目:内科_感染症内科_血液内科_糖尿病内科_代謝内科_内分泌内科_脂質代謝内科_糖尿病・内分泌内科_呼吸器内科_循環器内科_消化器内科_胃腸内科_心療内科_心療内科_リウマチ科】三重県鈴鹿市東玉垣町２４８３－１" }, "geometry": { "type": "Point", "coordinates": [ 136.590953, 34.859117 ] } },
{ "type": "Feature", "properties": { "ID": 2422240006610, "正式名称": "村瀬病院附属クリニック", "機関区分": 2, "都道府県コード": 24, "市区町村コード": 207, "所在地": "三重県鈴鹿市神戸３－１７－３０", "緯度": 34.877865, "経度": 136.584481, "url": "https://www.iryou.teikyouseido.mhlw.go.jp/znk-web/juminkanja/S2430/initialize?prefCd=24&kikanCd=2240006610&kikanKbn=2", "url2": "https://www.murase.or.jp", "内容": "村瀬病院附属クリニック【2:診療所】【診療科目:内科_脳神経内科_腎臓内科_人工透析内科_整形外科_リハビリテーション科】三重県鈴鹿市神戸３－１７－３０" }, "geometry": { "type": "Point", "coordinates": [ 136.584481, 34.877865 ] } },
{ "type": "Feature", "properties": { "ID": 2422240006630, "正式名称": "医療法人　博将会　山下内科外科", "機関区分": 2, "都道府県コード": 24, "市区町村コード": 207, "所在地": "三重県鈴鹿市桜島町４丁目３－５", "緯度": 34.857367, "経度": 136.576482, "url": "https://www.iryou.teikyouseido.mhlw.go.jp/znk-web/juminkanja/S2430/initialize?prefCd=24&kikanCd=2240006630&kikanKbn=2", "url2": null, "内容": "医療法人　博将会　山下内科外科【2:診療所】【診療科目:内科_呼吸器内科_消化器内科_外科_リハビリテーション科】三重県鈴鹿市桜島町４丁目３－５" }, "geometry": { "type": "Point", "coordinates": [ 136.576482, 34.857367 ] } },
{ "type": "Feature", "properties": { "ID": 2422240006730, "正式名称": "医療法人　亀山皮フ科", "機関区分": 2, "都道府県コード": 24, "市区町村コード": 210, "所在地": "三重県亀山市渋倉町３２０　河村ビル１階", "緯度": 34.854365, "経度": 136.457742, "url": "https://www.iryou.teikyouseido.mhlw.go.jp/znk-web/juminkanja/S2430/initialize?prefCd=24&kikanCd=2240006730&kikanKbn=2", "url2": null, "内容": "医療法人　亀山皮フ科【2:診療所】【診療科目:皮膚科】三重県亀山市渋倉町３２０　河村ビル１階" }, "geometry": { "type": "Point", "coordinates": [ 136.457742, 34.854365 ] } },
{ "type": "Feature", "properties": { "ID": 2422240006740, "正式名称": "後藤眼科クリニック", "機関区分": 2, "都道府県コード": 24, "市区町村コード": 210, "所在地": "三重県亀山市北町９－１５", "緯度": 34.858198, "経度": 136.467047, "url": "https://www.iryou.teikyouseido.mhlw.go.jp/znk-web/juminkanja/S2430/initialize?prefCd=24&kikanCd=2240006740&kikanKbn=2", "url2": "http://gotouganka.com/", "内容": "後藤眼科クリニック【2:診療所】【診療科目:眼科】三重県亀山市北町９－１５" }, "geometry": { "type": "Point", "coordinates": [ 136.467047, 34.858198 ] } },
{ "type": "Feature", "properties": { "ID": 2422240006780, "正式名称": "高橋内科クリニック", "機関区分": 2, "都道府県コード": 24, "市区町村コード": 210, "所在地": "三重県亀山市栄町１４８８－３１４", "緯度": 34.857559, "経度": 136.471269, "url": "https://www.iryou.teikyouseido.mhlw.go.jp/znk-web/juminkanja/S2430/initialize?prefCd=24&kikanCd=2240006780&kikanKbn=2", "url2": null, "内容": "高橋内科クリニック【2:診療所】【診療科目:内科】三重県亀山市栄町１４８８－３１４" }, "geometry": { "type": "Point", "coordinates": [ 136.471269, 34.857559 ] } },
{ "type": "Feature", "properties": { "ID": 2422240006790, "正式名称": "田中内科医院", "機関区分": 2, "都道府県コード": 24, "市区町村コード": 210, "所在地": "三重県亀山市天神２－３－６", "緯度": 34.844866, "経度": 136.455326, "url": "https://www.iryou.teikyouseido.mhlw.go.jp/znk-web/juminkanja/S2430/initialize?prefCd=24&kikanCd=2240006790&kikanKbn=2", "url2": "http://tanakanaika.life.coocan.jp/", "内容": "田中内科医院【2:診療所】【診療科目:内科_循環器内科】三重県亀山市天神２－３－６" }, "geometry": { "type": "Point", "coordinates": [ 136.455326, 34.844866 ] } },
{ "type": "Feature", "properties": { "ID": 2422240006800, "正式名称": "医療法人　天神眼科医院", "機関区分": 2, "都道府県コード": 24, "市区町村コード": 210, "所在地": "三重県亀山市天神２－１０－３８", "緯度": 34.843449, "経度": 136.454937, "url": "https://www.iryou.teikyouseido.mhlw.go.jp/znk-web/juminkanja/S2430/initialize?prefCd=24&kikanCd=2240006800&kikanKbn=2", "url2": null, "内容": "医療法人　天神眼科医院【2:診療所】【診療科目:眼科】三重県亀山市天神２－１０－３８" }, "geometry": { "type": "Point", "coordinates": [ 136.454937, 34.843449 ] } },
{ "type": "Feature", "properties": { "ID": 2422240006820, "正式名称": "ハッピー胃腸クリニック", "機関区分": 2, "都道府県コード": 24, "市区町村コード": 210, "所在地": "三重県亀山市本町２－９－３３", "緯度": 34.854809, "経度": 136.46302, "url": "https://www.iryou.teikyouseido.mhlw.go.jp/znk-web/juminkanja/S2430/initialize?prefCd=24&kikanCd=2240006820&kikanKbn=2", "url2": "http://www.happy-gi-clinic.jp/", "内容": "ハッピー胃腸クリニック【2:診療所】【診療科目:内科_消化器内科_内視鏡内科】三重県亀山市本町２－９－３３" }, "geometry": { "type": "Point", "coordinates": [ 136.46302, 34.854809 ] } },
{ "type": "Feature", "properties": { "ID": 2422240006830, "正式名称": "なかむら小児科", "機関区分": 2, "都道府県コード": 24, "市区町村コード": 210, "所在地": "三重県亀山市長明寺町３０４", "緯度": 34.881946, "経度": 136.472434, "url": "https://www.iryou.teikyouseido.mhlw.go.jp/znk-web/juminkanja/S2430/initialize?prefCd=24&kikanCd=2240006830&kikanKbn=2", "url2": null, "内容": "なかむら小児科【2:診療所】【診療科目:小児科_アレルギー科】三重県亀山市長明寺町３０４" }, "geometry": { "type": "Point", "coordinates": [ 136.472434, 34.881946 ] } },
{ "type": "Feature", "properties": { "ID": 2422240006860, "正式名称": "三井耳鼻咽喉科", "機関区分": 2, "都道府県コード": 24, "市区町村コード": 210, "所在地": "三重県亀山市栄町１４９９－３", "緯度": 34.858226, "経度": 136.468602, "url": "https://www.iryou.teikyouseido.mhlw.go.jp/znk-web/juminkanja/S2430/initialize?prefCd=24&kikanCd=2240006860&kikanKbn=2", "url2": null, "内容": "三井耳鼻咽喉科【2:診療所】【診療科目:耳鼻いんこう科】三重県亀山市栄町１４９９－３" }, "geometry": { "type": "Point", "coordinates": [ 136.468602, 34.858226 ] } },
{ "type": "Feature", "properties": { "ID": 2422240006910, "正式名称": "いたみ眼科", "機関区分": 2, "都道府県コード": 24, "市区町村コード": 201, "所在地": "三重県津市藤方８７", "緯度": 34.680662, "経度": 136.504746, "url": "https://www.iryou.teikyouseido.mhlw.go.jp/znk-web/juminkanja/S2430/initialize?prefCd=24&kikanCd=2240006910&kikanKbn=2", "url2": null, "内容": "いたみ眼科【2:診療所】【診療科目:眼科_アレルギー科】三重県津市藤方８７" }, "geometry": { "type": "Point", "coordinates": [ 136.504746, 34.680662 ] } },
{ "type": "Feature", "properties": { "ID": 2422240006930, "正式名称": "いとう内科胃腸科", "機関区分": 2, "都道府県コード": 24, "市区町村コード": 201, "所在地": "三重県津市丸之内１７－１４", "緯度": 34.716353, "経度": 136.505522, "url": "https://www.iryou.teikyouseido.mhlw.go.jp/znk-web/juminkanja/S2430/initialize?prefCd=24&kikanCd=2240006930&kikanKbn=2", "url2": "https://itonaika.blush.jp/", "内容": "いとう内科胃腸科【2:診療所】【診療科目:内科_循環器内科_消化器内科_リハビリテーション科】三重県津市丸之内１７－１４" }, "geometry": { "type": "Point", "coordinates": [ 136.505522, 34.716353 ] } },
{ "type": "Feature", "properties": { "ID": 2422240006940, "正式名称": "医療法人桂会　いのうえ心身クリニック", "機関区分": 2, "都道府県コード": 24, "市区町村コード": 201, "所在地": "三重県津市神納井明５７－１６", "緯度": 34.718158, "経度": 136.487802, "url": "https://www.iryou.teikyouseido.mhlw.go.jp/znk-web/juminkanja/S2430/initialize?prefCd=24&kikanCd=2240006940&kikanKbn=2", "url2": null, "内容": "医療法人桂会　いのうえ心身クリニック【2:診療所】【診療科目:精神科_神経科_心療内科】三重県津市神納井明５７－１６" }, "geometry": { "type": "Point", "coordinates": [ 136.487802, 34.718158 ] } },
{ "type": "Feature", "properties": { "ID": 2422240006980, "正式名称": "上村医院", "機関区分": 2, "都道府県コード": 24, "市区町村コード": 201, "所在地": "三重県津市雲出本郷町１２２２", "緯度": 34.662525, "経度": 136.52194, "url": "https://www.iryou.teikyouseido.mhlw.go.jp/znk-web/juminkanja/S2430/initialize?prefCd=24&kikanCd=2240006980&kikanKbn=2", "url2": null, "内容": "上村医院【2:診療所】【診療科目:内科_小児科】三重県津市雲出本郷町１２２２" }, "geometry": { "type": "Point", "coordinates": [ 136.52194, 34.662525 ] } },
{ "type": "Feature", "properties": { "ID": 2422240006990, "正式名称": "医療法人　うめだ皮膚科クリニック", "機関区分": 2, "都道府県コード": 24, "市区町村コード": 201, "所在地": "三重県津市藤方１０－４", "緯度": 34.679468, "経度": 136.503858, "url": "https://www.iryou.teikyouseido.mhlw.go.jp/znk-web/juminkanja/S2430/initialize?prefCd=24&kikanCd=2240006990&kikanKbn=2", "url2": "https://umeda-derm.jp/", "内容": "医療法人　うめだ皮膚科クリニック【2:診療所】【診療科目:皮膚科_アレルギー科】三重県津市藤方１０－４" }, "geometry": { "type": "Point", "coordinates": [ 136.503858, 34.679468 ] } },
{ "type": "Feature", "properties": { "ID": 2422240007000, "正式名称": "医療法人　うめもとこどもクリニック", "機関区分": 2, "都道府県コード": 24, "市区町村コード": 201, "所在地": "三重県津市栄町１－８５７－１", "緯度": 34.726685, "経度": 136.510466, "url": "https://www.iryou.teikyouseido.mhlw.go.jp/znk-web/juminkanja/S2430/initialize?prefCd=24&kikanCd=2240007000&kikanKbn=2", "url2": "http://www.umekuri.com", "内容": "医療法人　うめもとこどもクリニック【2:診療所】【診療科目:小児科】三重県津市栄町１－８５７－１" }, "geometry": { "type": "Point", "coordinates": [ 136.510466, 34.726685 ] } },
{ "type": "Feature", "properties": { "ID": 2422240007010, "正式名称": "海野整形外科", "機関区分": 2, "都道府県コード": 24, "市区町村コード": 201, "所在地": "三重県津市安濃町粟加２２１２", "緯度": 34.77329, "経度": 136.443081, "url": "https://www.iryou.teikyouseido.mhlw.go.jp/znk-web/juminkanja/S2430/initialize?prefCd=24&kikanCd=2240007010&kikanKbn=2", "url2": null, "内容": "海野整形外科【2:診療所】【診療科目:内科_整形外科_皮膚科_リウマチ科_リハビリテーション科】三重県津市安濃町粟加２２１２" }, "geometry": { "type": "Point", "coordinates": [ 136.443081, 34.77329 ] } },
{ "type": "Feature", "properties": { "ID": 2422240007090, "正式名称": "医療法人　金丸産婦人科", "機関区分": 2, "都道府県コード": 24, "市区町村コード": 201, "所在地": "三重県津市観音寺町７９９－７　ＴＴＣ医療グループビル　１階", "緯度": 34.736989, "経度": 136.501161, "url": "https://www.iryou.teikyouseido.mhlw.go.jp/znk-web/juminkanja/S2430/initialize?prefCd=24&kikanCd=2240007090&kikanKbn=2", "url2": "https://kanamaru-clinic.com", "内容": "医療法人　金丸産婦人科【2:診療所】【診療科目:産婦人科】三重県津市観音寺町７９９－７　ＴＴＣ医療グループビル　１階" }, "geometry": { "type": "Point", "coordinates": [ 136.501161, 34.736989 ] } },
{ "type": "Feature", "properties": { "ID": 2422240007100, "正式名称": "金森皮フ科", "機関区分": 2, "都道府県コード": 24, "市区町村コード": 201, "所在地": "三重県津市野田３３－８", "緯度": 34.722768, "経度": 136.468442, "url": "https://www.iryou.teikyouseido.mhlw.go.jp/znk-web/juminkanja/S2430/initialize?prefCd=24&kikanCd=2240007100&kikanKbn=2", "url2": null, "内容": "金森皮フ科【2:診療所】【診療科目:皮膚科】三重県津市野田３３－８" }, "geometry": { "type": "Point", "coordinates": [ 136.468442, 34.722768 ] } },
{ "type": "Feature", "properties": { "ID": 2422240007110, "正式名称": "金子医院", "機関区分": 2, "都道府県コード": 24, "市区町村コード": 201, "所在地": "三重県津市西丸之内１２－３　ＨＯＷＡビル津新町２階", "緯度": 34.716714, "経度": 136.500856, "url": "https://www.iryou.teikyouseido.mhlw.go.jp/znk-web/juminkanja/S2430/initialize?prefCd=24&kikanCd=2240007110&kikanKbn=2", "url2": "http://www.zc.ztv.ne.jp/y.kaneko.28/index.html", "内容": "金子医院【2:診療所】【診療科目:内科】三重県津市西丸之内１２－３　ＨＯＷＡビル津新町２階" }, "geometry": { "type": "Point", "coordinates": [ 136.500856, 34.716714 ] } },
{ "type": "Feature", "properties": { "ID": 2422240007140, "正式名称": "北出皮フ科", "機関区分": 2, "都道府県コード": 24, "市区町村コード": 201, "所在地": "三重県津市河芸町上野３８９２－１", "緯度": 34.801817, "経度": 136.552515, "url": "https://www.iryou.teikyouseido.mhlw.go.jp/znk-web/juminkanja/S2430/initialize?prefCd=24&kikanCd=2240007140&kikanKbn=2", "url2": null, "内容": "北出皮フ科【2:診療所】【診療科目:皮膚科_アレルギー科】三重県津市河芸町上野３８９２－１" }, "geometry": { "type": "Point", "coordinates": [ 136.552515, 34.801817 ] } },
{ "type": "Feature", "properties": { "ID": 2422240007180, "正式名称": "小西ヒフ科医院", "機関区分": 2, "都道府県コード": 24, "市区町村コード": 201, "所在地": "三重県津市栄町２－４５７", "緯度": 34.731129, "経度": 136.512493, "url": "https://www.iryou.teikyouseido.mhlw.go.jp/znk-web/juminkanja/S2430/initialize?prefCd=24&kikanCd=2240007180&kikanKbn=2", "url2": null, "内容": "小西ヒフ科医院【2:診療所】【診療科目:内科_皮膚科】三重県津市栄町２－４５７" }, "geometry": { "type": "Point", "coordinates": [ 136.512493, 34.731129 ] } },
{ "type": "Feature", "properties": { "ID": 2422240007190, "正式名称": "小林眼科クリニック", "機関区分": 2, "都道府県コード": 24, "市区町村コード": 201, "所在地": "三重県津市乙部５－３　フェニックスメディカルセンタービル内", "緯度": 34.717186, "経度": 136.516327, "url": "https://www.iryou.teikyouseido.mhlw.go.jp/znk-web/juminkanja/S2430/initialize?prefCd=24&kikanCd=2240007190&kikanKbn=2", "url2": null, "内容": "小林眼科クリニック【2:診療所】【診療科目:眼科】三重県津市乙部５－３　フェニックスメディカルセンタービル内" }, "geometry": { "type": "Point", "coordinates": [ 136.516327, 34.717186 ] } },
{ "type": "Feature", "properties": { "ID": 2422240007220, "正式名称": "駒田医院", "機関区分": 2, "都道府県コード": 24, "市区町村コード": 201, "所在地": "三重県津市芸濃町林１９０－２", "緯度": 34.827173, "経度": 136.419997, "url": "https://www.iryou.teikyouseido.mhlw.go.jp/znk-web/juminkanja/S2430/initialize?prefCd=24&kikanCd=2240007220&kikanKbn=2", "url2": "https://komada-clinic.com", "内容": "駒田医院【2:診療所】【診療科目:内科_消化器内科_小児科_リハビリテーション科】三重県津市芸濃町林１９０－２" }, "geometry": { "type": "Point", "coordinates": [ 136.419997, 34.827173 ] } },
{ "type": "Feature", "properties": { "ID": 2422240007250, "正式名称": "医療法人　斉藤メンタルクリニック", "機関区分": 2, "都道府県コード": 24, "市区町村コード": 201, "所在地": "三重県津市渋見町６３０－１２２", "緯度": 34.735989, "経度": 136.494995, "url": "https://www.iryou.teikyouseido.mhlw.go.jp/znk-web/juminkanja/S2430/initialize?prefCd=24&kikanCd=2240007250&kikanKbn=2", "url2": null, "内容": "医療法人　斉藤メンタルクリニック【2:診療所】【診療科目:精神科】三重県津市渋見町６３０－１２２" }, "geometry": { "type": "Point", "coordinates": [ 136.494995, 34.735989 ] } },
{ "type": "Feature", "properties": { "ID": 2422240007270, "正式名称": "坂倉内科医院", "機関区分": 2, "都道府県コード": 24, "市区町村コード": 201, "所在地": "三重県津市幸町４－６", "緯度": 34.705937, "経度": 136.505023, "url": "https://www.iryou.teikyouseido.mhlw.go.jp/znk-web/juminkanja/S2430/initialize?prefCd=24&kikanCd=2240007270&kikanKbn=2", "url2": "http://sakakura-naika.com", "内容": "坂倉内科医院【2:診療所】【診療科目:内科_呼吸器内科_循環器内科_消化器内科】三重県津市幸町４－６" }, "geometry": { "type": "Point", "coordinates": [ 136.505023, 34.705937 ] } },
{ "type": "Feature", "properties": { "ID": 2422240007280, "正式名称": "医療法人　坂の上クリニック", "機関区分": 2, "都道府県コード": 24, "市区町村コード": 201, "所在地": "三重県津市藤方１５４－１", "緯度": 34.680384, "経度": 136.502997, "url": "https://www.iryou.teikyouseido.mhlw.go.jp/znk-web/juminkanja/S2430/initialize?prefCd=24&kikanCd=2240007280&kikanKbn=2", "url2": null, "内容": "医療法人　坂の上クリニック【2:診療所】【診療科目:内科_外科_整形外科_リハビリテーション科】三重県津市藤方１５４－１" }, "geometry": { "type": "Point", "coordinates": [ 136.502997, 34.680384 ] } },
{ "type": "Feature", "properties": { "ID": 2422240007310, "正式名称": "曽野医院", "機関区分": 2, "都道府県コード": 24, "市区町村コード": 201, "所在地": "三重県津市西丸之内２２－１９", "緯度": 34.716936, "経度": 136.504995, "url": "https://www.iryou.teikyouseido.mhlw.go.jp/znk-web/juminkanja/S2430/initialize?prefCd=24&kikanCd=2240007310&kikanKbn=2", "url2": null, "内容": "曽野医院【2:診療所】【診療科目:内科】三重県津市西丸之内２２－１９" }, "geometry": { "type": "Point", "coordinates": [ 136.504995, 34.716936 ] } },
{ "type": "Feature", "properties": { "ID": 2422240007330, "正式名称": "社会福祉法人　高田福祉事業協会附属診療所", "機関区分": 2, "都道府県コード": 24, "市区町村コード": 201, "所在地": "三重県津市大里野田町１１２４－１", "緯度": 34.784067, "経度": 136.481716, "url": "https://www.iryou.teikyouseido.mhlw.go.jp/znk-web/juminkanja/S2430/initialize?prefCd=24&kikanCd=2240007330&kikanKbn=2", "url2": null, "内容": "社会福祉法人　高田福祉事業協会附属診療所【2:診療所】【診療科目:内科】三重県津市大里野田町１１２４－１" }, "geometry": { "type": "Point", "coordinates": [ 136.481716, 34.784067 ] } },
{ "type": "Feature", "properties": { "ID": 2422240007360, "正式名称": "医療法人社団　たかはし耳鼻咽喉科", "機関区分": 2, "都道府県コード": 24, "市区町村コード": 201, "所在地": "三重県津市藤方１４６－１", "緯度": 34.679912, "経度": 136.503858, "url": "https://www.iryou.teikyouseido.mhlw.go.jp/znk-web/juminkanja/S2430/initialize?prefCd=24&kikanCd=2240007360&kikanKbn=2", "url2": null, "内容": "医療法人社団　たかはし耳鼻咽喉科【2:診療所】【診療科目:耳鼻いんこう科】三重県津市藤方１４６－１" }, "geometry": { "type": "Point", "coordinates": [ 136.503858, 34.679912 ] } },
{ "type": "Feature", "properties": { "ID": 2422240007370, "正式名称": "たかはし内科", "機関区分": 2, "都道府県コード": 24, "市区町村コード": 201, "所在地": "三重県津市西丸之内３８－１１", "緯度": 34.720574, "経度": 136.503717, "url": "https://www.iryou.teikyouseido.mhlw.go.jp/znk-web/juminkanja/S2430/initialize?prefCd=24&kikanCd=2240007370&kikanKbn=2", "url2": "https://takahashi-naika.doctorfile.jp", "内容": "たかはし内科【2:診療所】【診療科目:内科_呼吸器内科_循環器内科_消化器内科_アレルギー科】三重県津市西丸之内３８－１１" }, "geometry": { "type": "Point", "coordinates": [ 136.503717, 34.720574 ] } },
{ "type": "Feature", "properties": { "ID": 2422240007380, "正式名称": "医療法人社団　たかはし皮フ科", "機関区分": 2, "都道府県コード": 24, "市区町村コード": 201, "所在地": "三重県津市観音寺町７９９－７　ＴＴＣビル", "緯度": 34.736989, "経度": 136.501189, "url": "https://www.iryou.teikyouseido.mhlw.go.jp/znk-web/juminkanja/S2430/initialize?prefCd=24&kikanCd=2240007380&kikanKbn=2", "url2": null, "内容": "医療法人社団　たかはし皮フ科【2:診療所】【診療科目:皮膚科】三重県津市観音寺町７９９－７　ＴＴＣビル" }, "geometry": { "type": "Point", "coordinates": [ 136.501189, 34.736989 ] } },
{ "type": "Feature", "properties": { "ID": 2422240007390, "正式名称": "竹内眼科", "機関区分": 2, "都道府県コード": 24, "市区町村コード": 201, "所在地": "三重県津市雲出本郷町１９０５", "緯度": 34.665136, "経度": 136.517441, "url": "https://www.iryou.teikyouseido.mhlw.go.jp/znk-web/juminkanja/S2430/initialize?prefCd=24&kikanCd=2240007390&kikanKbn=2", "url2": null, "内容": "竹内眼科【2:診療所】【診療科目:眼科】三重県津市雲出本郷町１９０５" }, "geometry": { "type": "Point", "coordinates": [ 136.517441, 34.665136 ] } },
{ "type": "Feature", "properties": { "ID": 2422240007410, "正式名称": "たなか内科", "機関区分": 2, "都道府県コード": 24, "市区町村コード": 201, "所在地": "三重県津市観音寺町４４６－７７", "緯度": 34.727213, "経度": 136.503633, "url": "https://www.iryou.teikyouseido.mhlw.go.jp/znk-web/juminkanja/S2430/initialize?prefCd=24&kikanCd=2240007410&kikanKbn=2", "url2": null, "内容": "たなか内科【2:診療所】【診療科目:内科_呼吸器内科_循環器内科_消化器内科】三重県津市観音寺町４４６－７７" }, "geometry": { "type": "Point", "coordinates": [ 136.503633, 34.727213 ] } },
{ "type": "Feature", "properties": { "ID": 2422240007430, "正式名称": "みえ医療福祉生活協同組合　白塚診療所", "機関区分": 2, "都道府県コード": 24, "市区町村コード": 201, "所在地": "三重県津市白塚町３５６８－４", "緯度": 34.762515, "経度": 136.530185, "url": "https://www.iryou.teikyouseido.mhlw.go.jp/znk-web/juminkanja/S2430/initialize?prefCd=24&kikanCd=2240007430&kikanKbn=2", "url2": "https://mie-hewcoop.com/", "内容": "みえ医療福祉生活協同組合　白塚診療所【2:診療所】【診療科目:内科_糖尿病内科_呼吸器内科_循環器内科_消化器内科_整形外科_リウマチ科】三重県津市白塚町３５６８－４" }, "geometry": { "type": "Point", "coordinates": [ 136.530185, 34.762515 ] } },
{ "type": "Feature", "properties": { "ID": 2422240007510, "正式名称": "寺田医院", "機関区分": 2, "都道府県コード": 24, "市区町村コード": 201, "所在地": "三重県津市野田７７８－１", "緯度": 34.714047, "経度": 136.473442, "url": "https://www.iryou.teikyouseido.mhlw.go.jp/znk-web/juminkanja/S2430/initialize?prefCd=24&kikanCd=2240007510&kikanKbn=2", "url2": "http://teradaiin.jp", "内容": "寺田医院【2:診療所】【診療科目:内科_胃腸内科】三重県津市野田７７８－１" }, "geometry": { "type": "Point", "coordinates": [ 136.473442, 34.714047 ] } },
{ "type": "Feature", "properties": { "ID": 2422240007560, "正式名称": "にし整形外科", "機関区分": 2, "都道府県コード": 24, "市区町村コード": 201, "所在地": "三重県津市垂水１２５６－２", "緯度": 34.687106, "経度": 136.504357, "url": "https://www.iryou.teikyouseido.mhlw.go.jp/znk-web/juminkanja/S2430/initialize?prefCd=24&kikanCd=2240007560&kikanKbn=2", "url2": null, "内容": "にし整形外科【2:診療所】【診療科目:整形外科_リウマチ科_リハビリテーション科】三重県津市垂水１２５６－２" }, "geometry": { "type": "Point", "coordinates": [ 136.504357, 34.687106 ] } },
{ "type": "Feature", "properties": { "ID": 2422240007590, "正式名称": "服部眼科", "機関区分": 2, "都道府県コード": 24, "市区町村コード": 201, "所在地": "三重県津市栄町２－３８３", "緯度": 34.732101, "経度": 136.513577, "url": "https://www.iryou.teikyouseido.mhlw.go.jp/znk-web/juminkanja/S2430/initialize?prefCd=24&kikanCd=2240007590&kikanKbn=2", "url2": "http://www.hattori-eyeclinic.com/", "内容": "服部眼科【2:診療所】【診療科目:眼科】三重県津市栄町２－３８３" }, "geometry": { "type": "Point", "coordinates": [ 136.513577, 34.732101 ] } },
{ "type": "Feature", "properties": { "ID": 2422240007640, "正式名称": "医療法人　碧会　フェニックス健診クリニック", "機関区分": 2, "都道府県コード": 24, "市区町村コード": 201, "所在地": "三重県津市乙部５－３　フェニックスメディカルセンタービル", "緯度": 34.717158, "経度": 136.516327, "url": "https://www.iryou.teikyouseido.mhlw.go.jp/znk-web/juminkanja/S2430/initialize?prefCd=24&kikanCd=2240007640&kikanKbn=2", "url2": null, "内容": "医療法人　碧会　フェニックス健診クリニック【2:診療所】【診療科目:内科】三重県津市乙部５－３　フェニックスメディカルセンタービル" }, "geometry": { "type": "Point", "coordinates": [ 136.516327, 34.717158 ] } },
{ "type": "Feature", "properties": { "ID": 2422240007660, "正式名称": "医療法人社団　医流会　別所ヒフ科", "機関区分": 2, "都道府県コード": 24, "市区町村コード": 201, "所在地": "三重県津市新町１－１０－１９", "緯度": 34.717491, "経度": 136.497662, "url": "https://www.iryou.teikyouseido.mhlw.go.jp/znk-web/juminkanja/S2430/initialize?prefCd=24&kikanCd=2240007660&kikanKbn=2", "url2": "http://www.bessho-hifu.com", "内容": "医療法人社団　医流会　別所ヒフ科【2:診療所】【診療科目:皮膚科】三重県津市新町１－１０－１９" }, "geometry": { "type": "Point", "coordinates": [ 136.497662, 34.717491 ] } },
{ "type": "Feature", "properties": { "ID": 2422240007710, "正式名称": "三重県身体障害者総合福祉センター", "機関区分": 2, "都道府県コード": 24, "市区町村コード": 201, "所在地": "三重県津市一身田大古曽６７０番地２", "緯度": 34.756404, "経度": 136.498021, "url": "https://www.iryou.teikyouseido.mhlw.go.jp/znk-web/juminkanja/S2430/initialize?prefCd=24&kikanCd=2240007710&kikanKbn=2", "url2": "http://www.mie-reha.jp/", "内容": "三重県身体障害者総合福祉センター【2:診療所】【診療科目:リハビリテーション科】三重県津市一身田大古曽６７０番地２" }, "geometry": { "type": "Point", "coordinates": [ 136.498021, 34.756404 ] } },
{ "type": "Feature", "properties": { "ID": 2422240007770, "正式名称": "むらい耳鼻咽喉科", "機関区分": 2, "都道府県コード": 24, "市区町村コード": 201, "所在地": "三重県津市藤方１２３７", "緯度": 34.684662, "経度": 136.513773, "url": "https://www.iryou.teikyouseido.mhlw.go.jp/znk-web/juminkanja/S2430/initialize?prefCd=24&kikanCd=2240007770&kikanKbn=2", "url2": null, "内容": "むらい耳鼻咽喉科【2:診療所】【診療科目:耳鼻いんこう科】三重県津市藤方１２３７" }, "geometry": { "type": "Point", "coordinates": [ 136.513773, 34.684662 ] } },
{ "type": "Feature", "properties": { "ID": 2422240007780, "正式名称": "森眼科医院", "機関区分": 2, "都道府県コード": 24, "市区町村コード": 201, "所在地": "三重県津市一身田上津部田１３３６－８", "緯度": 34.737656, "経度": 136.50155, "url": "https://www.iryou.teikyouseido.mhlw.go.jp/znk-web/juminkanja/S2430/initialize?prefCd=24&kikanCd=2240007780&kikanKbn=2", "url2": null, "内容": "森眼科医院【2:診療所】【診療科目:眼科】三重県津市一身田上津部田１３３６－８" }, "geometry": { "type": "Point", "coordinates": [ 136.50155, 34.737656 ] } },
{ "type": "Feature", "properties": { "ID": 2422240007790, "正式名称": "森心身医学クリニック", "機関区分": 2, "都道府県コード": 24, "市区町村コード": 201, "所在地": "三重県津市半田１３６４－３２", "緯度": 34.705631, "経度": 136.496329, "url": "https://www.iryou.teikyouseido.mhlw.go.jp/znk-web/juminkanja/S2430/initialize?prefCd=24&kikanCd=2240007790&kikanKbn=2", "url2": "http://www.kansei-net.jp/", "内容": "森心身医学クリニック【2:診療所】【診療科目:内科_精神科_心療内科】三重県津市半田１３６４－３２" }, "geometry": { "type": "Point", "coordinates": [ 136.496329, 34.705631 ] } },
{ "type": "Feature", "properties": { "ID": 2422240007800, "正式名称": "森田内科クリニック", "機関区分": 2, "都道府県コード": 24, "市区町村コード": 201, "所在地": "三重県津市雲出本郷町１３７０－１", "緯度": 34.666775, "経度": 136.524051, "url": "https://www.iryou.teikyouseido.mhlw.go.jp/znk-web/juminkanja/S2430/initialize?prefCd=24&kikanCd=2240007800&kikanKbn=2", "url2": null, "内容": "森田内科クリニック【2:診療所】【診療科目:内科_糖尿病内科_脂質代謝内科_糖尿病・代謝内科_呼吸器内科_循環器内科_消化器内科】三重県津市雲出本郷町１３７０－１" }, "geometry": { "type": "Point", "coordinates": [ 136.524051, 34.666775 ] } },
{ "type": "Feature", "properties": { "ID": 2422240007840, "正式名称": "ゆり形成内科整形", "機関区分": 2, "都道府県コード": 24, "市区町村コード": 201, "所在地": "三重県津市柳山津興３３０６", "緯度": 34.70802, "経度": 136.511911, "url": "https://www.iryou.teikyouseido.mhlw.go.jp/znk-web/juminkanja/S2430/initialize?prefCd=24&kikanCd=2240007840&kikanKbn=2", "url2": "http://www.yurikeisei.jp", "内容": "ゆり形成内科整形【2:診療所】【診療科目:内科_整形外科_形成外科_皮膚科_リハビリテーション科】三重県津市柳山津興３３０６" }, "geometry": { "type": "Point", "coordinates": [ 136.511911, 34.70802 ] } },
{ "type": "Feature", "properties": { "ID": 2422240007870, "正式名称": "医療法人社団Ｍ．Ｃ．Ｄ．おがわ脳神経外科クリニック", "機関区分": 2, "都道府県コード": 24, "市区町村コード": 201, "所在地": "三重県津市一身田上津部田１４１４－１", "緯度": 34.7426, "経度": 136.499438, "url": "https://www.iryou.teikyouseido.mhlw.go.jp/znk-web/juminkanja/S2430/initialize?prefCd=24&kikanCd=2240007870&kikanKbn=2", "url2": "http://www.ogawa-clinic.jp", "内容": "医療法人社団Ｍ．Ｃ．Ｄ．おがわ脳神経外科クリニック【2:診療所】【診療科目:脳神経外科】三重県津市一身田上津部田１４１４－１" }, "geometry": { "type": "Point", "coordinates": [ 136.499438, 34.7426 ] } },
{ "type": "Feature", "properties": { "ID": 2422240007900, "正式名称": "飯田医院", "機関区分": 2, "都道府県コード": 24, "市区町村コード": 201, "所在地": "三重県津市一志町八太９９２", "緯度": 34.65147, "経度": 136.447114, "url": "https://www.iryou.teikyouseido.mhlw.go.jp/znk-web/juminkanja/S2430/initialize?prefCd=24&kikanCd=2240007900&kikanKbn=2", "url2": null, "内容": "飯田医院【2:診療所】【診療科目:内科_外科_整形外科】三重県津市一志町八太９９２" }, "geometry": { "type": "Point", "coordinates": [ 136.447114, 34.65147 ] } },
{ "type": "Feature", "properties": { "ID": 2422240007930, "正式名称": "医療法人　上野内科", "機関区分": 2, "都道府県コード": 24, "市区町村コード": 201, "所在地": "三重県津市庄田町２０９０", "緯度": 34.677578, "経度": 136.426225, "url": "https://www.iryou.teikyouseido.mhlw.go.jp/znk-web/juminkanja/S2430/initialize?prefCd=24&kikanCd=2240007930&kikanKbn=2", "url2": "uenonaika-mie.com", "内容": "医療法人　上野内科【2:診療所】【診療科目:内科_血液内科_循環器内科_消化器内科_小児科】三重県津市庄田町２０９０" }, "geometry": { "type": "Point", "coordinates": [ 136.426225, 34.677578 ] } },
{ "type": "Feature", "properties": { "ID": 2422240007940, "正式名称": "大北内科", "機関区分": 2, "都道府県コード": 24, "市区町村コード": 201, "所在地": "三重県津市久居東鷹跡町８２－１０", "緯度": 34.67344, "経度": 136.467583, "url": "https://www.iryou.teikyouseido.mhlw.go.jp/znk-web/juminkanja/S2430/initialize?prefCd=24&kikanCd=2240007940&kikanKbn=2", "url2": "hi-med.jp/medical.php?hum=9", "内容": "大北内科【2:診療所】【診療科目:内科】三重県津市久居東鷹跡町８２－１０" }, "geometry": { "type": "Point", "coordinates": [ 136.467583, 34.67344 ] } },
{ "type": "Feature", "properties": { "ID": 2422240007960, "正式名称": "医療法人社団　奥田医院", "機関区分": 2, "都道府県コード": 24, "市区町村コード": 201, "所在地": "三重県津市久居東鷹跡町２６１－３", "緯度": 34.674884, "経度": 136.470944, "url": "https://www.iryou.teikyouseido.mhlw.go.jp/znk-web/juminkanja/S2430/initialize?prefCd=24&kikanCd=2240007960&kikanKbn=2", "url2": null, "内容": "医療法人社団　奥田医院【2:診療所】【診療科目:内科】三重県津市久居東鷹跡町２６１－３" }, "geometry": { "type": "Point", "coordinates": [ 136.470944, 34.674884 ] } },
{ "type": "Feature", "properties": { "ID": 2422240007970, "正式名称": "医療法人　あいいく会　おくのクリニック", "機関区分": 2, "都道府県コード": 24, "市区町村コード": 201, "所在地": "三重県津市久居元町１７０９－３", "緯度": 34.666163, "経度": 136.464334, "url": "https://www.iryou.teikyouseido.mhlw.go.jp/znk-web/juminkanja/S2430/initialize?prefCd=24&kikanCd=2240007970&kikanKbn=2", "url2": null, "内容": "医療法人　あいいく会　おくのクリニック【2:診療所】【診療科目:内科_皮膚科_泌尿器科】三重県津市久居元町１７０９－３" }, "geometry": { "type": "Point", "coordinates": [ 136.464334, 34.666163 ] } },
{ "type": "Feature", "properties": { "ID": 2422240008030, "正式名称": "こやま内科消化器科", "機関区分": 2, "都道府県コード": 24, "市区町村コード": 201, "所在地": "三重県津市久居新町３００６　ポルタひさい　２Ｆ", "緯度": 34.674884, "経度": 136.47686, "url": "https://www.iryou.teikyouseido.mhlw.go.jp/znk-web/juminkanja/S2430/initialize?prefCd=24&kikanCd=2240008030&kikanKbn=2", "url2": null, "内容": "こやま内科消化器科【2:診療所】【診療科目:内科_消化器内科_胃腸内科】三重県津市久居新町３００６　ポルタひさい　２Ｆ" }, "geometry": { "type": "Point", "coordinates": [ 136.47686, 34.674884 ] } },
{ "type": "Feature", "properties": { "ID": 2422240008040, "正式名称": "医療法人　近藤眼科", "機関区分": 2, "都道府県コード": 24, "市区町村コード": 201, "所在地": "三重県津市久居新町７６６番８", "緯度": 34.675134, "経度": 136.475221, "url": "https://www.iryou.teikyouseido.mhlw.go.jp/znk-web/juminkanja/S2430/initialize?prefCd=24&kikanCd=2240008040&kikanKbn=2", "url2": "http://www.kondoganka.jp/", "内容": "医療法人　近藤眼科【2:診療所】【診療科目:眼科】三重県津市久居新町７６６番８" }, "geometry": { "type": "Point", "coordinates": [ 136.475221, 34.675134 ] } },
{ "type": "Feature", "properties": { "ID": 2422240008070, "正式名称": "医療法人　白山内科", "機関区分": 2, "都道府県コード": 24, "市区町村コード": 201, "所在地": "三重県津市久居明神町２６００", "緯度": 34.6833, "経度": 136.466972, "url": "https://www.iryou.teikyouseido.mhlw.go.jp/znk-web/juminkanja/S2430/initialize?prefCd=24&kikanCd=2240008070&kikanKbn=2", "url2": "https://www.shirayama-naika.jp/", "内容": "医療法人　白山内科【2:診療所】【診療科目:内科_糖尿病・代謝内科_呼吸器内科_循環器内科_胃腸内科】三重県津市久居明神町２６００" }, "geometry": { "type": "Point", "coordinates": [ 136.466972, 34.6833 ] } },
{ "type": "Feature", "properties": { "ID": 2422240008080, "正式名称": "関口整形外科", "機関区分": 2, "都道府県コード": 24, "市区町村コード": 201, "所在地": "三重県津市一志町井関１１７－１", "緯度": 34.653552, "経度": 136.424171, "url": "https://www.iryou.teikyouseido.mhlw.go.jp/znk-web/juminkanja/S2430/initialize?prefCd=24&kikanCd=2240008080&kikanKbn=2", "url2": null, "内容": "関口整形外科【2:診療所】【診療科目:整形外科_リウマチ科_リハビリテーション科】三重県津市一志町井関１１７－１" }, "geometry": { "type": "Point", "coordinates": [ 136.424171, 34.653552 ] } },
{ "type": "Feature", "properties": { "ID": 2422240008100, "正式名称": "医療法人　高岡医院", "機関区分": 2, "都道府県コード": 24, "市区町村コード": 201, "所在地": "三重県津市一志町田尻６０３", "緯度": 34.656358, "経度": 136.434253, "url": "https://www.iryou.teikyouseido.mhlw.go.jp/znk-web/juminkanja/S2430/initialize?prefCd=24&kikanCd=2240008100&kikanKbn=2", "url2": "https://takaoka.clinic/", "内容": "医療法人　高岡医院【2:診療所】【診療科目:内科】三重県津市一志町田尻６０３" }, "geometry": { "type": "Point", "coordinates": [ 136.434253, 34.656358 ] } },
{ "type": "Feature", "properties": { "ID": 2422240008150, "正式名称": "医療法人　中野耳鼻咽喉科医院", "機関区分": 2, "都道府県コード": 24, "市区町村コード": 201, "所在地": "三重県津市久居中町１６１－７", "緯度": 34.678856, "経度": 136.466777, "url": "https://www.iryou.teikyouseido.mhlw.go.jp/znk-web/juminkanja/S2430/initialize?prefCd=24&kikanCd=2240008150&kikanKbn=2", "url2": null, "内容": "医療法人　中野耳鼻咽喉科医院【2:診療所】【診療科目:耳鼻いんこう科】三重県津市久居中町１６１－７" }, "geometry": { "type": "Point", "coordinates": [ 136.466777, 34.678856 ] } },
{ "type": "Feature", "properties": { "ID": 2422240008170, "正式名称": "医療法人　西川小児科医院", "機関区分": 2, "都道府県コード": 24, "市区町村コード": 201, "所在地": "三重県津市久居新町６１２－５", "緯度": 34.679023, "経度": 136.474749, "url": "https://www.iryou.teikyouseido.mhlw.go.jp/znk-web/juminkanja/S2430/initialize?prefCd=24&kikanCd=2240008170&kikanKbn=2", "url2": "https://www.niskid.jp", "内容": "医療法人　西川小児科医院【2:診療所】【診療科目:小児科_アレルギー科】三重県津市久居新町６１２－５" }, "geometry": { "type": "Point", "coordinates": [ 136.474749, 34.679023 ] } },
{ "type": "Feature", "properties": { "ID": 2422240008190, "正式名称": "医療法人　樹恵会　のむら小児科", "機関区分": 2, "都道府県コード": 24, "市区町村コード": 201, "所在地": "三重県津市久居井戸山町４５－５", "緯度": 34.673857, "経度": 136.488387, "url": "https://www.iryou.teikyouseido.mhlw.go.jp/znk-web/juminkanja/S2430/initialize?prefCd=24&kikanCd=2240008190&kikanKbn=2", "url2": "http://nomurapc.atat.jp/i/f.php?sp_sn=sp000001&dum=1412147911", "内容": "医療法人　樹恵会　のむら小児科【2:診療所】【診療科目:小児科】三重県津市久居井戸山町４５－５" }, "geometry": { "type": "Point", "coordinates": [ 136.488387, 34.673857 ] } },
{ "type": "Feature", "properties": { "ID": 2422240008200, "正式名称": "医療法人　大樹会　はくさんクリニック", "機関区分": 2, "都道府県コード": 24, "市区町村コード": 201, "所在地": "三重県津市白山町二本木１１３９－５", "緯度": 34.668717, "経度": 136.371564, "url": "https://www.iryou.teikyouseido.mhlw.go.jp/znk-web/juminkanja/S2430/initialize?prefCd=24&kikanCd=2240008200&kikanKbn=2", "url2": "https://hakusan-clinic.com", "内容": "医療法人　大樹会　はくさんクリニック【2:診療所】【診療科目:内科_循環器内科_人工透析内科_外科_整形外科】三重県津市白山町二本木１１３９－５" }, "geometry": { "type": "Point", "coordinates": [ 136.371564, 34.668717 ] } },
{ "type": "Feature", "properties": { "ID": 2422240008220, "正式名称": "日高クリニック", "機関区分": 2, "都道府県コード": 24, "市区町村コード": 201, "所在地": "三重県津市一志町田尻３０－１０", "緯度": 34.658108, "経度": 136.43867, "url": "https://www.iryou.teikyouseido.mhlw.go.jp/znk-web/juminkanja/S2430/initialize?prefCd=24&kikanCd=2240008220&kikanKbn=2", "url2": "http://hidakahifuka.com", "内容": "日高クリニック【2:診療所】【診療科目:外科_消化器外科_小児皮膚科_皮膚科_美容皮膚科_アレルギー科】三重県津市一志町田尻３０－１０" }, "geometry": { "type": "Point", "coordinates": [ 136.43867, 34.658108 ] } },
{ "type": "Feature", "properties": { "ID": 2422240008250, "正式名称": "前沢整形外科", "機関区分": 2, "都道府県コード": 24, "市区町村コード": 201, "所在地": "三重県津市久居相川町２１１２", "緯度": 34.684189, "経度": 136.484942, "url": "https://www.iryou.teikyouseido.mhlw.go.jp/znk-web/juminkanja/S2430/initialize?prefCd=24&kikanCd=2240008250&kikanKbn=2", "url2": null, "内容": "前沢整形外科【2:診療所】【診療科目:外科_整形外科_皮膚科_リウマチ科_リハビリテーション科】三重県津市久居相川町２１１２" }, "geometry": { "type": "Point", "coordinates": [ 136.484942, 34.684189 ] } },
{ "type": "Feature", "properties": { "ID": 2422240008260, "正式名称": "まつしまクリニック", "機関区分": 2, "都道府県コード": 24, "市区町村コード": 201, "所在地": "三重県津市久居小野辺町１７６３－５", "緯度": 34.680523, "経度": 136.49422, "url": "https://www.iryou.teikyouseido.mhlw.go.jp/znk-web/juminkanja/S2430/initialize?prefCd=24&kikanCd=2240008260&kikanKbn=2", "url2": null, "内容": "まつしまクリニック【2:診療所】【診療科目:内科_消化器内科_肛門外科】三重県津市久居小野辺町１７６３－５" }, "geometry": { "type": "Point", "coordinates": [ 136.49422, 34.680523 ] } },
{ "type": "Feature", "properties": { "ID": 2422240008280, "正式名称": "みえ診療所", "機関区分": 2, "都道府県コード": 24, "市区町村コード": 201, "所在地": "三重県津市久居新町７５３－２", "緯度": 34.676106, "経度": 136.475499, "url": "https://www.iryou.teikyouseido.mhlw.go.jp/znk-web/juminkanja/S2430/initialize?prefCd=24&kikanCd=2240008280&kikanKbn=2", "url2": null, "内容": "みえ診療所【2:診療所】【診療科目:精神科_心療内科】三重県津市久居新町７５３－２" }, "geometry": { "type": "Point", "coordinates": [ 136.475499, 34.676106 ] } },
{ "type": "Feature", "properties": { "ID": 2422240008310, "正式名称": "津市国民健康保険　竹原診療所", "機関区分": 2, "都道府県コード": 24, "市区町村コード": 201, "所在地": "三重県津市美杉町竹原２７７７", "緯度": 34.593696, "経度": 136.305573, "url": "https://www.iryou.teikyouseido.mhlw.go.jp/znk-web/juminkanja/S2430/initialize?prefCd=24&kikanCd=2240008310&kikanKbn=2", "url2": "https;//www.info.city.tsu.mie..jp/www/contents/1001000008310/index.html", "内容": "津市国民健康保険　竹原診療所【2:診療所】【診療科目:内科_外科_小児科_心療内科】三重県津市美杉町竹原２７７７" }, "geometry": { "type": "Point", "coordinates": [ 136.305573, 34.593696 ] } },
{ "type": "Feature", "properties": { "ID": 2422240008350, "正式名称": "山本クリニック", "機関区分": 2, "都道府県コード": 24, "市区町村コード": 201, "所在地": "三重県津市白山町川口４９－１", "緯度": 34.637358, "経度": 136.339707, "url": "https://www.iryou.teikyouseido.mhlw.go.jp/znk-web/juminkanja/S2430/initialize?prefCd=24&kikanCd=2240008350&kikanKbn=2", "url2": "https://www.yamamotoclinic.info", "内容": "山本クリニック【2:診療所】【診療科目:内科】三重県津市白山町川口４９－１" }, "geometry": { "type": "Point", "coordinates": [ 136.339707, 34.637358 ] } },
{ "type": "Feature", "properties": { "ID": 2422240008360, "正式名称": "医療法人　いかみクリニック", "機関区分": 2, "都道府県コード": 24, "市区町村コード": 204, "所在地": "三重県松阪市鎌田町６５１－２２", "緯度": 34.585117, "経度": 136.541164, "url": "https://www.iryou.teikyouseido.mhlw.go.jp/znk-web/juminkanja/S2430/initialize?prefCd=24&kikanCd=2240008360&kikanKbn=2", "url2": "http://www.mctv.ne.jp/~ikami6/", "内容": "医療法人　いかみクリニック【2:診療所】【診療科目:内科_呼吸器内科_循環器内科_アレルギー科】三重県松阪市鎌田町６５１－２２" }, "geometry": { "type": "Point", "coordinates": [ 136.541164, 34.585117 ] } },
{ "type": "Feature", "properties": { "ID": 2422240008370, "正式名称": "医療法人　井口小児科", "機関区分": 2, "都道府県コード": 24, "市区町村コード": 204, "所在地": "三重県松阪市嬉野町１４５５－３", "緯度": 34.627751, "経度": 136.482001, "url": "https://www.iryou.teikyouseido.mhlw.go.jp/znk-web/juminkanja/S2430/initialize?prefCd=24&kikanCd=2240008370&kikanKbn=2", "url2": null, "内容": "医療法人　井口小児科【2:診療所】【診療科目:小児科】三重県松阪市嬉野町１４５５－３" }, "geometry": { "type": "Point", "coordinates": [ 136.482001, 34.627751 ] } },
{ "type": "Feature", "properties": { "ID": 2422240008380, "正式名称": "医療法人石田クリニック", "機関区分": 2, "都道府県コード": 24, "市区町村コード": 204, "所在地": "三重県松阪市大口町１５４－１", "緯度": 34.591339, "経度": 136.547108, "url": "https://www.iryou.teikyouseido.mhlw.go.jp/znk-web/juminkanja/S2430/initialize?prefCd=24&kikanCd=2240008380&kikanKbn=2", "url2": "http://www.ishida-clinic.com/", "内容": "医療法人石田クリニック【2:診療所】【診療科目:内科_消化器内科_外科_肛門外科】三重県松阪市大口町１５４－１" }, "geometry": { "type": "Point", "coordinates": [ 136.547108, 34.591339 ] } },
{ "type": "Feature", "properties": { "ID": 2422240008390, "正式名称": "いなち皮フ科", "機関区分": 2, "都道府県コード": 24, "市区町村コード": 204, "所在地": "三重県松阪市嬉野中川町８４３－７", "緯度": 34.636694, "経度": 136.47439, "url": "https://www.iryou.teikyouseido.mhlw.go.jp/znk-web/juminkanja/S2430/initialize?prefCd=24&kikanCd=2240008390&kikanKbn=2", "url2": null, "内容": "いなち皮フ科【2:診療所】【診療科目:皮膚科_アレルギー科】三重県松阪市嬉野中川町８４３－７" }, "geometry": { "type": "Point", "coordinates": [ 136.47439, 34.636694 ] } },
{ "type": "Feature", "properties": { "ID": 2422240008460, "正式名称": "大井循環器科内科", "機関区分": 2, "都道府県コード": 24, "市区町村コード": 204, "所在地": "三重県松阪市湊町１９８　乙部ビル１階", "緯度": 34.573091, "経度": 136.533582, "url": "https://www.iryou.teikyouseido.mhlw.go.jp/znk-web/juminkanja/S2430/initialize?prefCd=24&kikanCd=2240008460&kikanKbn=2", "url2": null, "内容": "大井循環器科内科【2:診療所】【診療科目:内科_呼吸器内科_循環器内科_外科_アレルギー科】三重県松阪市湊町１９８　乙部ビル１階" }, "geometry": { "type": "Point", "coordinates": [ 136.533582, 34.573091 ] } },
{ "type": "Feature", "properties": { "ID": 2422240008470, "正式名称": "医療法人　大久保クリニック", "機関区分": 2, "都道府県コード": 24, "市区町村コード": 204, "所在地": "三重県松阪市宝塚町１５０９－５", "緯度": 34.552037, "経度": 136.515918, "url": "https://www.iryou.teikyouseido.mhlw.go.jp/znk-web/juminkanja/S2430/initialize?prefCd=24&kikanCd=2240008470&kikanKbn=2", "url2": null, "内容": "医療法人　大久保クリニック【2:診療所】【診療科目:小児科】三重県松阪市宝塚町１５０９－５" }, "geometry": { "type": "Point", "coordinates": [ 136.515918, 34.552037 ] } },
{ "type": "Feature", "properties": { "ID": 2422240008510, "正式名称": "医療法人社団　大西内科", "機関区分": 2, "都道府県コード": 24, "市区町村コード": 204, "所在地": "三重県松阪市駅部田町２３２", "緯度": 34.561953, "経度": 136.529139, "url": "https://www.iryou.teikyouseido.mhlw.go.jp/znk-web/juminkanja/S2430/initialize?prefCd=24&kikanCd=2240008510&kikanKbn=2", "url2": null, "内容": "医療法人社団　大西内科【2:診療所】【診療科目:内科_呼吸器内科】三重県松阪市駅部田町２３２" }, "geometry": { "type": "Point", "coordinates": [ 136.529139, 34.561953 ] } },
{ "type": "Feature", "properties": { "ID": 2422240008520, "正式名称": "医療法人おおはし小児科", "機関区分": 2, "都道府県コード": 24, "市区町村コード": 204, "所在地": "三重県松阪市大足町６７１－２", "緯度": 34.565897, "経度": 136.512668, "url": "https://www.iryou.teikyouseido.mhlw.go.jp/znk-web/juminkanja/S2430/initialize?prefCd=24&kikanCd=2240008520&kikanKbn=2", "url2": "https://www.0598-21-7722com/", "内容": "医療法人おおはし小児科【2:診療所】【診療科目:小児科】三重県松阪市大足町６７１－２" }, "geometry": { "type": "Point", "coordinates": [ 136.512668, 34.565897 ] } },
{ "type": "Feature", "properties": { "ID": 2422240008540, "正式名称": "医療法人　大柳皮フ科クリニック", "機関区分": 2, "都道府県コード": 24, "市区町村コード": 204, "所在地": "三重県松阪市下村町５６５", "緯度": 34.556759, "経度": 136.548332, "url": "https://www.iryou.teikyouseido.mhlw.go.jp/znk-web/juminkanja/S2430/initialize?prefCd=24&kikanCd=2240008540&kikanKbn=2", "url2": "http://oyanagi-hifuka.com", "内容": "医療法人　大柳皮フ科クリニック【2:診療所】【診療科目:皮膚科】三重県松阪市下村町５６５" }, "geometry": { "type": "Point", "coordinates": [ 136.548332, 34.556759 ] } },
{ "type": "Feature", "properties": { "ID": 2422240008560, "正式名称": "医療法人　おかの医院", "機関区分": 2, "都道府県コード": 24, "市区町村コード": 204, "所在地": "三重県松阪市嬉野中川新町１丁目６", "緯度": 34.632917, "経度": 136.476168, "url": "https://www.iryou.teikyouseido.mhlw.go.jp/znk-web/juminkanja/S2430/initialize?prefCd=24&kikanCd=2240008560&kikanKbn=2", "url2": "http://www.okano-iin.jp/", "内容": "医療法人　おかの医院【2:診療所】【診療科目:内科_糖尿病内科_脂質代謝内科_呼吸器内科_循環器内科_消化器内科_リハビリテーション科】三重県松阪市嬉野中川新町１丁目６" }, "geometry": { "type": "Point", "coordinates": [ 136.476168, 34.632917 ] } },
{ "type": "Feature", "properties": { "ID": 2422240008580, "正式名称": "医療法人　河合産婦人科", "機関区分": 2, "都道府県コード": 24, "市区町村コード": 204, "所在地": "三重県松阪市船江町３－３", "緯度": 34.589339, "経度": 136.518722, "url": "https://www.iryou.teikyouseido.mhlw.go.jp/znk-web/juminkanja/S2430/initialize?prefCd=24&kikanCd=2240008580&kikanKbn=2", "url2": "http://www.san-kawai.jp", "内容": "医療法人　河合産婦人科【2:診療所】【診療科目:産科_婦人科】三重県松阪市船江町３－３" }, "geometry": { "type": "Point", "coordinates": [ 136.518722, 34.589339 ] } },
{ "type": "Feature", "properties": { "ID": 2422240008610, "正式名称": "医療法人大徹会　北島医院", "機関区分": 2, "都道府県コード": 24, "市区町村コード": 442, "所在地": "三重県多気郡明和町竹川３５３", "緯度": 34.537013, "経度": 136.608717, "url": "https://www.iryou.teikyouseido.mhlw.go.jp/znk-web/juminkanja/S2430/initialize?prefCd=24&kikanCd=2240008610&kikanKbn=2", "url2": "https://kitajima-clinic-meiwa.com/", "内容": "医療法人大徹会　北島医院【2:診療所】【診療科目:内科_消化器内科_外科_歯科_肛門科】三重県多気郡明和町竹川３５３" }, "geometry": { "type": "Point", "coordinates": [ 136.608717, 34.537013 ] } },
{ "type": "Feature", "properties": { "ID": 2422240008620, "正式名称": "医療法人社団　北村整形外科", "機関区分": 2, "都道府県コード": 24, "市区町村コード": 204, "所在地": "三重県松阪市若葉町４７８－３", "緯度": 34.581312, "経度": 136.543331, "url": "https://www.iryou.teikyouseido.mhlw.go.jp/znk-web/juminkanja/S2430/initialize?prefCd=24&kikanCd=2240008620&kikanKbn=2", "url2": null, "内容": "医療法人社団　北村整形外科【2:診療所】【診療科目:整形外科】三重県松阪市若葉町４７８－３" }, "geometry": { "type": "Point", "coordinates": [ 136.543331, 34.581312 ] } },
{ "type": "Feature", "properties": { "ID": 2422240008630, "正式名称": "くしもと整形外科", "機関区分": 2, "都道府県コード": 24, "市区町村コード": 204, "所在地": "三重県松阪市嬉野中川町８２２－５", "緯度": 34.636083, "経度": 136.47539, "url": "https://www.iryou.teikyouseido.mhlw.go.jp/znk-web/juminkanja/S2430/initialize?prefCd=24&kikanCd=2240008630&kikanKbn=2", "url2": null, "内容": "くしもと整形外科【2:診療所】【診療科目:整形外科_リウマチ科_リハビリテーション科】三重県松阪市嬉野中川町８２２－５" }, "geometry": { "type": "Point", "coordinates": [ 136.47539, 34.636083 ] } },
{ "type": "Feature", "properties": { "ID": 2422240008650, "正式名称": "医療法人　福聚会　倉田耳鼻咽喉科", "機関区分": 2, "都道府県コード": 24, "市区町村コード": 204, "所在地": "三重県松阪市川井町９０９－１", "緯度": 34.582534, "経度": 136.522083, "url": "https://www.iryou.teikyouseido.mhlw.go.jp/znk-web/juminkanja/S2430/initialize?prefCd=24&kikanCd=2240008650&kikanKbn=2", "url2": null, "内容": "医療法人　福聚会　倉田耳鼻咽喉科【2:診療所】【診療科目:耳鼻いんこう科】三重県松阪市川井町９０９－１" }, "geometry": { "type": "Point", "coordinates": [ 136.522083, 34.582534 ] } },
{ "type": "Feature", "properties": { "ID": 2422240008660, "正式名称": "医療法人　小坂クリニック", "機関区分": 2, "都道府県コード": 24, "市区町村コード": 204, "所在地": "三重県松阪市嬉野中川新町２丁目２３", "緯度": 34.634361, "経度": 136.480917, "url": "https://www.iryou.teikyouseido.mhlw.go.jp/znk-web/juminkanja/S2430/initialize?prefCd=24&kikanCd=2240008660&kikanKbn=2", "url2": "http://www.kosaka-clinic.net/", "内容": "医療法人　小坂クリニック【2:診療所】【診療科目:内科_消化器内科_外科_肛門外科_リハビリテーション科】三重県松阪市嬉野中川新町２丁目２３" }, "geometry": { "type": "Point", "coordinates": [ 136.480917, 34.634361 ] } },
{ "type": "Feature", "properties": { "ID": 2422240008710, "正式名称": "小林内科クリニック", "機関区分": 2, "都道府県コード": 24, "市区町村コード": 204, "所在地": "三重県松阪市飯南町粥見２４６１－１", "緯度": 34.451657, "経度": 136.393516, "url": "https://www.iryou.teikyouseido.mhlw.go.jp/znk-web/juminkanja/S2430/initialize?prefCd=24&kikanCd=2240008710&kikanKbn=2", "url2": null, "内容": "小林内科クリニック【2:診療所】【診療科目:内科_呼吸器内科_循環器内科_消化器内科】三重県松阪市飯南町粥見２４６１－１" }, "geometry": { "type": "Point", "coordinates": [ 136.393516, 34.451657 ] } },
{ "type": "Feature", "properties": { "ID": 2422240008720, "正式名称": "駒田医院泌尿器科・皮膚科", "機関区分": 2, "都道府県コード": 24, "市区町村コード": 204, "所在地": "三重県松阪市殿町１４６５－２０", "緯度": 34.572396, "経度": 136.524778, "url": "https://www.iryou.teikyouseido.mhlw.go.jp/znk-web/juminkanja/S2430/initialize?prefCd=24&kikanCd=2240008720&kikanKbn=2", "url2": null, "内容": "駒田医院泌尿器科・皮膚科【2:診療所】【診療科目:皮膚科_泌尿器科】三重県松阪市殿町１４６５－２０" }, "geometry": { "type": "Point", "coordinates": [ 136.524778, 34.572396 ] } },
{ "type": "Feature", "properties": { "ID": 2422240008750, "正式名称": "医療法人　こやまクリニック", "機関区分": 2, "都道府県コード": 24, "市区町村コード": 443, "所在地": "三重県多気郡大台町佐原４５７－２０", "緯度": 34.396274, "経度": 136.407629, "url": "https://www.iryou.teikyouseido.mhlw.go.jp/znk-web/juminkanja/S2430/initialize?prefCd=24&kikanCd=2240008750&kikanKbn=2", "url2": null, "内容": "医療法人　こやまクリニック【2:診療所】【診療科目:内科_呼吸器内科_循環器内科_小児科_リハビリテーション科】三重県多気郡大台町佐原４５７－２０" }, "geometry": { "type": "Point", "coordinates": [ 136.407629, 34.396274 ] } },
{ "type": "Feature", "properties": { "ID": 2422240008830, "正式名称": "耳鼻咽喉科ののやまクリニック", "機関区分": 2, "都道府県コード": 24, "市区町村コード": 204, "所在地": "三重県松阪市下村町１００１－１", "緯度": 34.552982, "経度": 136.545693, "url": "https://www.iryou.teikyouseido.mhlw.go.jp/znk-web/juminkanja/S2430/initialize?prefCd=24&kikanCd=2240008830&kikanKbn=2", "url2": null, "内容": "耳鼻咽喉科ののやまクリニック【2:診療所】【診療科目:耳鼻いんこう科】三重県松阪市下村町１００１－１" }, "geometry": { "type": "Point", "coordinates": [ 136.545693, 34.552982 ] } },
{ "type": "Feature", "properties": { "ID": 2422240008840, "正式名称": "医療法人　樹玲会　上瀬クリニック", "機関区分": 2, "都道府県コード": 24, "市区町村コード": 443, "所在地": "三重県多気郡大台町新田４７２－４", "緯度": 34.438744, "経度": 136.513812, "url": "https://www.iryou.teikyouseido.mhlw.go.jp/znk-web/juminkanja/S2430/initialize?prefCd=24&kikanCd=2240008840&kikanKbn=2", "url2": null, "内容": "医療法人　樹玲会　上瀬クリニック【2:診療所】【診療科目:内科_小児科】三重県多気郡大台町新田４７２－４" }, "geometry": { "type": "Point", "coordinates": [ 136.513812, 34.438744 ] } },
{ "type": "Feature", "properties": { "ID": 2422240008850, "正式名称": "杉岡内科クリニック", "機関区分": 2, "都道府県コード": 24, "市区町村コード": 204, "所在地": "三重県松阪市曽原町１１３４－１", "緯度": 34.626002, "経度": 136.520886, "url": "https://www.iryou.teikyouseido.mhlw.go.jp/znk-web/juminkanja/S2430/initialize?prefCd=24&kikanCd=2240008850&kikanKbn=2", "url2": null, "内容": "杉岡内科クリニック【2:診療所】【診療科目:内科】三重県松阪市曽原町１１３４－１" }, "geometry": { "type": "Point", "coordinates": [ 136.520886, 34.626002 ] } },
{ "type": "Feature", "properties": { "ID": 2422240008860, "正式名称": "医療法人　隅本整形外科", "機関区分": 2, "都道府県コード": 24, "市区町村コード": 204, "所在地": "三重県松阪市駅部田町１７２０－１", "緯度": 34.554065, "経度": 136.525001, "url": "https://www.iryou.teikyouseido.mhlw.go.jp/znk-web/juminkanja/S2430/initialize?prefCd=24&kikanCd=2240008860&kikanKbn=2", "url2": null, "内容": "医療法人　隅本整形外科【2:診療所】【診療科目:整形外科】三重県松阪市駅部田町１７２０－１" }, "geometry": { "type": "Point", "coordinates": [ 136.525001, 34.554065 ] } },
{ "type": "Feature", "properties": { "ID": 2422240008880, "正式名称": "高橋整形外科ちさと眼科", "機関区分": 2, "都道府県コード": 24, "市区町村コード": 204, "所在地": "三重県松阪市大口町２７９－５", "緯度": 34.594728, "経度": 136.547691, "url": "https://www.iryou.teikyouseido.mhlw.go.jp/znk-web/juminkanja/S2430/initialize?prefCd=24&kikanCd=2240008880&kikanKbn=2", "url2": "http://www.chisato-eye.com/", "内容": "高橋整形外科ちさと眼科【2:診療所】【診療科目:整形外科_眼科_リハビリテーション科】三重県松阪市大口町２７９－５" }, "geometry": { "type": "Point", "coordinates": [ 136.547691, 34.594728 ] } },
{ "type": "Feature", "properties": { "ID": 2422240008890, "正式名称": "医療法人社団　仁心会　高橋内科", "機関区分": 2, "都道府県コード": 24, "市区町村コード": 443, "所在地": "三重県多気郡大台町栃原１２４２－１１", "緯度": 34.445715, "経度": 136.510035, "url": "https://www.iryou.teikyouseido.mhlw.go.jp/znk-web/juminkanja/S2430/initialize?prefCd=24&kikanCd=2240008890&kikanKbn=2", "url2": "https://jinshinkai-takahashinaika.com/", "内容": "医療法人社団　仁心会　高橋内科【2:診療所】【診療科目:内科_小児科】三重県多気郡大台町栃原１２４２－１１" }, "geometry": { "type": "Point", "coordinates": [ 136.510035, 34.445715 ] } },
{ "type": "Feature", "properties": { "ID": 2422240008910, "正式名称": "医療法人　雅会　津田医院", "機関区分": 2, "都道府県コード": 24, "市区町村コード": 441, "所在地": "三重県多気郡多気町西池上寺尻１２９７－１", "緯度": 34.502293, "経度": 136.564389, "url": "https://www.iryou.teikyouseido.mhlw.go.jp/znk-web/juminkanja/S2430/initialize?prefCd=24&kikanCd=2240008910&kikanKbn=2", "url2": null, "内容": "医療法人　雅会　津田医院【2:診療所】【診療科目:内科_循環器内科_胃腸内科】三重県多気郡多気町西池上寺尻１２９７－１" }, "geometry": { "type": "Point", "coordinates": [ 136.564389, 34.502293 ] } },
{ "type": "Feature", "properties": { "ID": 2422240008920, "正式名称": "医療法人　積木整形外科", "機関区分": 2, "都道府県コード": 24, "市区町村コード": 443, "所在地": "三重県多気郡大台町栃原１０９８－４", "緯度": 34.437271, "経度": 136.505952, "url": "https://www.iryou.teikyouseido.mhlw.go.jp/znk-web/juminkanja/S2430/initialize?prefCd=24&kikanCd=2240008920&kikanKbn=2", "url2": null, "内容": "医療法人　積木整形外科【2:診療所】【診療科目:整形外科_リウマチ科_リハビリテーション科】三重県多気郡大台町栃原１０９８－４" }, "geometry": { "type": "Point", "coordinates": [ 136.505952, 34.437271 ] } },
{ "type": "Feature", "properties": { "ID": 2422240008940, "正式名称": "医療法人ハッピーサポート　とみだ整形外科", "機関区分": 2, "都道府県コード": 24, "市区町村コード": 204, "所在地": "三重県松阪市久保町３０４－３", "緯度": 34.560342, "経度": 136.538888, "url": "https://www.iryou.teikyouseido.mhlw.go.jp/znk-web/juminkanja/S2430/initialize?prefCd=24&kikanCd=2240008940&kikanKbn=2", "url2": "http://www.ne.jp/asahi/tomida/seikei/index.html", "内容": "医療法人ハッピーサポート　とみだ整形外科【2:診療所】【診療科目:整形外科_リウマチ科_リハビリテーション科】三重県松阪市久保町３０４－３" }, "geometry": { "type": "Point", "coordinates": [ 136.538888, 34.560342 ] } },
{ "type": "Feature", "properties": { "ID": 2422240008950, "正式名称": "医療法人　とみやま外科内科医院", "機関区分": 2, "都道府県コード": 24, "市区町村コード": 204, "所在地": "三重県松阪市中万町１４２４", "緯度": 34.513875, "経度": 136.549389, "url": "https://www.iryou.teikyouseido.mhlw.go.jp/znk-web/juminkanja/S2430/initialize?prefCd=24&kikanCd=2240008950&kikanKbn=2", "url2": null, "内容": "医療法人　とみやま外科内科医院【2:診療所】【診療科目:内科_消化器内科_外科_肛門外科_リハビリテーション科】三重県松阪市中万町１４２４" }, "geometry": { "type": "Point", "coordinates": [ 136.549389, 34.513875 ] } },
{ "type": "Feature", "properties": { "ID": 2422240008970, "正式名称": "中川駅前クリニック", "機関区分": 2, "都道府県コード": 24, "市区町村コード": 204, "所在地": "三重県松阪市嬉野中川町４０－２　プラザなかがわ２階", "緯度": 34.634222, "経度": 136.47589, "url": "https://www.iryou.teikyouseido.mhlw.go.jp/znk-web/juminkanja/S2430/initialize?prefCd=24&kikanCd=2240008970&kikanKbn=2", "url2": "http://www.nakagawaekimae-clinic.com", "内容": "中川駅前クリニック【2:診療所】【診療科目:精神科】三重県松阪市嬉野中川町４０－２　プラザなかがわ２階" }, "geometry": { "type": "Point", "coordinates": [ 136.47589, 34.634222 ] } },
{ "type": "Feature", "properties": { "ID": 2422240008980, "正式名称": "中田整形外科", "機関区分": 2, "都道府県コード": 24, "市区町村コード": 204, "所在地": "三重県松阪市小黒田町４９０－３", "緯度": 34.558759, "経度": 136.519306, "url": "https://www.iryou.teikyouseido.mhlw.go.jp/znk-web/juminkanja/S2430/initialize?prefCd=24&kikanCd=2240008980&kikanKbn=2", "url2": "http://www.nakataseikei.com/shoukai.html", "内容": "中田整形外科【2:診療所】【診療科目:整形外科】三重県松阪市小黒田町４９０－３" }, "geometry": { "type": "Point", "coordinates": [ 136.519306, 34.558759 ] } },
{ "type": "Feature", "properties": { "ID": 2422240008990, "正式名称": "医療法人社団　中村クリニック", "機関区分": 2, "都道府県コード": 24, "市区町村コード": 204, "所在地": "三重県松阪市大黒田町９７１", "緯度": 34.564008, "経度": 136.517306, "url": "https://www.iryou.teikyouseido.mhlw.go.jp/znk-web/juminkanja/S2430/initialize?prefCd=24&kikanCd=2240008990&kikanKbn=2", "url2": "https://nakamuracl.com", "内容": "医療法人社団　中村クリニック【2:診療所】【診療科目:内科_循環器内科】三重県松阪市大黒田町９７１" }, "geometry": { "type": "Point", "coordinates": [ 136.517306, 34.564008 ] } },
{ "type": "Feature", "properties": { "ID": 2422240009000, "正式名称": "中村内科・循環器科", "機関区分": 2, "都道府県コード": 24, "市区町村コード": 204, "所在地": "三重県松阪市射和町３０７－１", "緯度": 34.508209, "経度": 136.542362, "url": "https://www.iryou.teikyouseido.mhlw.go.jp/znk-web/juminkanja/S2430/initialize?prefCd=24&kikanCd=2240009000&kikanKbn=2", "url2": null, "内容": "中村内科・循環器科【2:診療所】【診療科目:内科_循環器内科】三重県松阪市射和町３０７－１" }, "geometry": { "type": "Point", "coordinates": [ 136.542362, 34.508209 ] } },
{ "type": "Feature", "properties": { "ID": 2422240009020, "正式名称": "医療法人　のせ産婦人科", "機関区分": 2, "都道府県コード": 24, "市区町村コード": 204, "所在地": "三重県松阪市田村町４６７－７　のせ産婦人科", "緯度": 34.558703, "経度": 136.513474, "url": "https://www.iryou.teikyouseido.mhlw.go.jp/znk-web/juminkanja/S2430/initialize?prefCd=24&kikanCd=2240009020&kikanKbn=2", "url2": null, "内容": "医療法人　のせ産婦人科【2:診療所】【診療科目:産婦人科】三重県松阪市田村町４６７－７　のせ産婦人科" }, "geometry": { "type": "Point", "coordinates": [ 136.513474, 34.558703 ] } },
{ "type": "Feature", "properties": { "ID": 2422240009040, "正式名称": "医療法人隆新会はかまだ皮膚泌尿器科医院", "機関区分": 2, "都道府県コード": 24, "市区町村コード": 204, "所在地": "三重県松阪市京町１６９－１", "緯度": 34.575063, "経度": 136.535776, "url": "https://www.iryou.teikyouseido.mhlw.go.jp/znk-web/juminkanja/S2430/initialize?prefCd=24&kikanCd=2240009040&kikanKbn=2", "url2": null, "内容": "医療法人隆新会はかまだ皮膚泌尿器科医院【2:診療所】【診療科目:皮膚科_泌尿器科】三重県松阪市京町１６９－１" }, "geometry": { "type": "Point", "coordinates": [ 136.535776, 34.575063 ] } },
{ "type": "Feature", "properties": { "ID": 2422240009050, "正式名称": "はせがわこどもクリニック", "機関区分": 2, "都道府県コード": 24, "市区町村コード": 204, "所在地": "三重県松阪市射和町６０３", "緯度": 34.507987, "経度": 136.536641, "url": "https://www.iryou.teikyouseido.mhlw.go.jp/znk-web/juminkanja/S2430/initialize?prefCd=24&kikanCd=2240009050&kikanKbn=2", "url2": "http://www.myclinic.ne.jp/hasegawacl/pc/free.html", "内容": "はせがわこどもクリニック【2:診療所】【診療科目:小児科_アレルギー科】三重県松阪市射和町６０３" }, "geometry": { "type": "Point", "coordinates": [ 136.536641, 34.507987 ] } },
{ "type": "Feature", "properties": { "ID": 2422240009070, "正式名称": "服部耳鼻咽喉科", "機関区分": 2, "都道府県コード": 24, "市区町村コード": 442, "所在地": "三重県多気郡明和町金剛坂８２２－１", "緯度": 34.531235, "経度": 136.607967, "url": "https://www.iryou.teikyouseido.mhlw.go.jp/znk-web/juminkanja/S2430/initialize?prefCd=24&kikanCd=2240009070&kikanKbn=2", "url2": null, "内容": "服部耳鼻咽喉科【2:診療所】【診療科目:耳鼻いんこう科】三重県多気郡明和町金剛坂８２２－１" }, "geometry": { "type": "Point", "coordinates": [ 136.607967, 34.531235 ] } },
{ "type": "Feature", "properties": { "ID": 2422240009080, "正式名称": "医療法人社団　浜田内科胃腸科", "機関区分": 2, "都道府県コード": 24, "市区町村コード": 204, "所在地": "三重県松阪市久保町４８７－１", "緯度": 34.547871, "経度": 136.528334, "url": "https://www.iryou.teikyouseido.mhlw.go.jp/znk-web/juminkanja/S2430/initialize?prefCd=24&kikanCd=2240009080&kikanKbn=2", "url2": null, "内容": "医療法人社団　浜田内科胃腸科【2:診療所】【診療科目:内科_消化器内科_胃腸内科】三重県松阪市久保町４８７－１" }, "geometry": { "type": "Point", "coordinates": [ 136.528334, 34.547871 ] } },
{ "type": "Feature", "properties": { "ID": 2422240009090, "正式名称": "原田耳鼻咽喉科", "機関区分": 2, "都道府県コード": 24, "市区町村コード": 204, "所在地": "三重県松阪市五反田町３－１３７１－７", "緯度": 34.567591, "経度": 136.519806, "url": "https://www.iryou.teikyouseido.mhlw.go.jp/znk-web/juminkanja/S2430/initialize?prefCd=24&kikanCd=2240009090&kikanKbn=2", "url2": "http://www.mctv.ne.jp/~harada33", "内容": "原田耳鼻咽喉科【2:診療所】【診療科目:気管食道外科_耳鼻いんこう科_アレルギー科】三重県松阪市五反田町３－１３７１－７" }, "geometry": { "type": "Point", "coordinates": [ 136.519806, 34.567591 ] } },
{ "type": "Feature", "properties": { "ID": 2422240009100, "正式名称": "医療法人　東山内科", "機関区分": 2, "都道府県コード": 24, "市区町村コード": 204, "所在地": "三重県松阪市五月町１３８６－５", "緯度": 34.568285, "経度": 136.519861, "url": "https://www.iryou.teikyouseido.mhlw.go.jp/znk-web/juminkanja/S2430/initialize?prefCd=24&kikanCd=2240009100&kikanKbn=2", "url2": "http://higashiyama-clinic.com/", "内容": "医療法人　東山内科【2:診療所】【診療科目:内科_呼吸器内科_循環器内科_消化器内科_小児科】三重県松阪市五月町１３８６－５" }, "geometry": { "type": "Point", "coordinates": [ 136.519861, 34.568285 ] } },
{ "type": "Feature", "properties": { "ID": 2422240009110, "正式名称": "医療法人　福和会　福吉眼科", "機関区分": 2, "都道府県コード": 24, "市区町村コード": 204, "所在地": "三重県松阪市本町２２２１", "緯度": 34.579062, "経度": 136.530027, "url": "https://www.iryou.teikyouseido.mhlw.go.jp/znk-web/juminkanja/S2430/initialize?prefCd=24&kikanCd=2240009110&kikanKbn=2", "url2": null, "内容": "医療法人　福和会　福吉眼科【2:診療所】【診療科目:眼科】三重県松阪市本町２２２１" }, "geometry": { "type": "Point", "coordinates": [ 136.530027, 34.579062 ] } },
{ "type": "Feature", "properties": { "ID": 2422240009130, "正式名称": "藤田整形外科", "機関区分": 2, "都道府県コード": 24, "市区町村コード": 441, "所在地": "三重県多気郡多気町相可１６８７－２", "緯度": 34.49771, "経度": 136.544863, "url": "https://www.iryou.teikyouseido.mhlw.go.jp/znk-web/juminkanja/S2430/initialize?prefCd=24&kikanCd=2240009130&kikanKbn=2", "url2": null, "内容": "藤田整形外科【2:診療所】【診療科目:整形外科】三重県多気郡多気町相可１６８７－２" }, "geometry": { "type": "Point", "coordinates": [ 136.544863, 34.49771 ] } },
{ "type": "Feature", "properties": { "ID": 2422240009150, "正式名称": "医療法人社団嘉祥会　堀江クリニック", "機関区分": 2, "都道府県コード": 24, "市区町村コード": 204, "所在地": "三重県松阪市鎌田町２３４－１", "緯度": 34.581757, "経度": 136.536026, "url": "https://www.iryou.teikyouseido.mhlw.go.jp/znk-web/juminkanja/S2430/initialize?prefCd=24&kikanCd=2240009150&kikanKbn=2", "url2": "http://www.horie-clinic.net", "内容": "医療法人社団嘉祥会　堀江クリニック【2:診療所】【診療科目:内科】三重県松阪市鎌田町２３４－１" }, "geometry": { "type": "Point", "coordinates": [ 136.536026, 34.581757 ] } },
{ "type": "Feature", "properties": { "ID": 2422240009180, "正式名称": "松阪市飯南眼科クリニック", "機関区分": 2, "都道府県コード": 24, "市区町村コード": 204, "所在地": "三重県松阪市飯南町粥見３９１０－１", "緯度": 34.451435, "経度": 136.390461, "url": "https://www.iryou.teikyouseido.mhlw.go.jp/znk-web/juminkanja/S2430/initialize?prefCd=24&kikanCd=2240009180&kikanKbn=2", "url2": null, "内容": "松阪市飯南眼科クリニック【2:診療所】【診療科目:眼科】三重県松阪市飯南町粥見３９１０－１" }, "geometry": { "type": "Point", "coordinates": [ 136.390461, 34.451435 ] } },
{ "type": "Feature", "properties": { "ID": 2422240009190, "正式名称": "医療法人　松徳会　松本クリニック", "機関区分": 2, "都道府県コード": 24, "市区町村コード": 204, "所在地": "三重県松阪市駅部田町１６１９－４５", "緯度": 34.551482, "経度": 136.524945, "url": "https://www.iryou.teikyouseido.mhlw.go.jp/znk-web/juminkanja/S2430/initialize?prefCd=24&kikanCd=2240009190&kikanKbn=2", "url2": "http://www.matumoto-clinic.jp/", "内容": "医療法人　松徳会　松本クリニック【2:診療所】【診療科目:内科_糖尿病内科_内分泌内科_産婦人科】三重県松阪市駅部田町１６１９－４５" }, "geometry": { "type": "Point", "coordinates": [ 136.524945, 34.551482 ] } },
{ "type": "Feature", "properties": { "ID": 2422240009220, "正式名称": "宮前診療所", "機関区分": 2, "都道府県コード": 24, "市区町村コード": 204, "所在地": "三重県松阪市飯高町宮前１１０４", "緯度": 34.432602, "経度": 136.335077, "url": "https://www.iryou.teikyouseido.mhlw.go.jp/znk-web/juminkanja/S2430/initialize?prefCd=24&kikanCd=2240009220&kikanKbn=2", "url2": null, "内容": "宮前診療所【2:診療所】【診療科目:内科_外科】三重県松阪市飯高町宮前１１０４" }, "geometry": { "type": "Point", "coordinates": [ 136.335077, 34.432602 ] } },
{ "type": "Feature", "properties": { "ID": 2422240009230, "正式名称": "宮村医院", "機関区分": 2, "都道府県コード": 24, "市区町村コード": 204, "所在地": "三重県松阪市小阿坂町２９９－１", "緯度": 34.586727, "経度": 136.473809, "url": "https://www.iryou.teikyouseido.mhlw.go.jp/znk-web/juminkanja/S2430/initialize?prefCd=24&kikanCd=2240009230&kikanKbn=2", "url2": null, "内容": "宮村医院【2:診療所】【診療科目:内科_消化器内科_皮膚科】三重県松阪市小阿坂町２９９－１" }, "geometry": { "type": "Point", "coordinates": [ 136.473809, 34.586727 ] } },
{ "type": "Feature", "properties": { "ID": 2422240009240, "正式名称": "みやむらクリニック", "機関区分": 2, "都道府県コード": 24, "市区町村コード": 204, "所在地": "三重県松阪市目田町３２７－５", "緯度": 34.536401, "経度": 136.586635, "url": "https://www.iryou.teikyouseido.mhlw.go.jp/znk-web/juminkanja/S2430/initialize?prefCd=24&kikanCd=2240009240&kikanKbn=2", "url2": "http://www.citydo.com/sp/0598-61-2220", "内容": "みやむらクリニック【2:診療所】【診療科目:内科_外科_アレルギー科】三重県松阪市目田町３２７－５" }, "geometry": { "type": "Point", "coordinates": [ 136.586635, 34.536401 ] } },
{ "type": "Feature", "properties": { "ID": 2422240009250, "正式名称": "むとうクリニック", "機関区分": 2, "都道府県コード": 24, "市区町村コード": 204, "所在地": "三重県松阪市嬉野小村町５２２－２", "緯度": 34.634834, "経度": 136.50336, "url": "https://www.iryou.teikyouseido.mhlw.go.jp/znk-web/juminkanja/S2430/initialize?prefCd=24&kikanCd=2240009250&kikanKbn=2", "url2": "https://muto-surgcl.com/", "内容": "むとうクリニック【2:診療所】【診療科目:内科_外科_呼吸器外科_血管外科_循環器外科_消化器外科】三重県松阪市嬉野小村町５２２－２" }, "geometry": { "type": "Point", "coordinates": [ 136.50336, 34.634834 ] } },
{ "type": "Feature", "properties": { "ID": 2422240009260, "正式名称": "森診療所", "機関区分": 2, "都道府県コード": 24, "市区町村コード": 204, "所在地": "三重県松阪市飯高町森１４１０", "緯度": 34.38705, "経度": 136.217728, "url": "https://www.iryou.teikyouseido.mhlw.go.jp/znk-web/juminkanja/S2430/initialize?prefCd=24&kikanCd=2240009260&kikanKbn=2", "url2": null, "内容": "森診療所【2:診療所】【診療科目:内科】三重県松阪市飯高町森１４１０" }, "geometry": { "type": "Point", "coordinates": [ 136.217728, 34.38705 ] } },
{ "type": "Feature", "properties": { "ID": 2422240009280, "正式名称": "医療法人　紀洋会　もりた内科医院", "機関区分": 2, "都道府県コード": 24, "市区町村コード": 442, "所在地": "三重県多気郡明和町大淀２４４４－１", "緯度": 34.561372, "経度": 136.652934, "url": "https://www.iryou.teikyouseido.mhlw.go.jp/znk-web/juminkanja/S2430/initialize?prefCd=24&kikanCd=2240009280&kikanKbn=2", "url2": "http://www.myclinic.ne.jp/morita_meiwa/", "内容": "医療法人　紀洋会　もりた内科医院【2:診療所】【診療科目:内科】三重県多気郡明和町大淀２４４４－１" }, "geometry": { "type": "Point", "coordinates": [ 136.652934, 34.561372 ] } },
{ "type": "Feature", "properties": { "ID": 2422240009300, "正式名称": "医療法人　妙光会　安田小児科内科", "機関区分": 2, "都道府県コード": 24, "市区町村コード": 204, "所在地": "三重県松阪市上川町２１９４－３", "緯度": 34.553038, "経度": 136.557387, "url": "https://www.iryou.teikyouseido.mhlw.go.jp/znk-web/juminkanja/S2430/initialize?prefCd=24&kikanCd=2240009300&kikanKbn=2", "url2": null, "内容": "医療法人　妙光会　安田小児科内科【2:診療所】【診療科目:内科_小児科】三重県松阪市上川町２１９４－３" }, "geometry": { "type": "Point", "coordinates": [ 136.557387, 34.553038 ] } },
{ "type": "Feature", "properties": { "ID": 2422240009310, "正式名称": "医療法人　矢津内科", "機関区分": 2, "都道府県コード": 24, "市区町村コード": 204, "所在地": "三重県松阪市大黒田町８２１－４", "緯度": 34.561675, "経度": 136.521084, "url": "https://www.iryou.teikyouseido.mhlw.go.jp/znk-web/juminkanja/S2430/initialize?prefCd=24&kikanCd=2240009310&kikanKbn=2", "url2": null, "内容": "医療法人　矢津内科【2:診療所】【診療科目:内科_呼吸器内科_循環器内科】三重県松阪市大黒田町８２１－４" }, "geometry": { "type": "Point", "coordinates": [ 136.521084, 34.561675 ] } },
{ "type": "Feature", "properties": { "ID": 2422240009330, "正式名称": "やました整形外科", "機関区分": 2, "都道府県コード": 24, "市区町村コード": 204, "所在地": "三重県松阪市小黒田町２７１－３", "緯度": 34.560675, "経度": 136.516362, "url": "https://www.iryou.teikyouseido.mhlw.go.jp/znk-web/juminkanja/S2430/initialize?prefCd=24&kikanCd=2240009330&kikanKbn=2", "url2": null, "内容": "やました整形外科【2:診療所】【診療科目:整形外科】三重県松阪市小黒田町２７１－３" }, "geometry": { "type": "Point", "coordinates": [ 136.516362, 34.560675 ] } },
{ "type": "Feature", "properties": { "ID": 2422240009340, "正式名称": "山田整形外科・明星診療所", "機関区分": 2, "都道府県コード": 24, "市区町村コード": 442, "所在地": "三重県多気郡明和町明星１７４９－１", "緯度": 34.528431, "経度": 136.639853, "url": "https://www.iryou.teikyouseido.mhlw.go.jp/znk-web/juminkanja/S2430/initialize?prefCd=24&kikanCd=2240009340&kikanKbn=2", "url2": null, "内容": "山田整形外科・明星診療所【2:診療所】【診療科目:内科_外科_整形外科_リウマチ科_リハビリテーション科】三重県多気郡明和町明星１７４９－１" }, "geometry": { "type": "Point", "coordinates": [ 136.639853, 34.528431 ] } },
{ "type": "Feature", "properties": { "ID": 2422240009360, "正式名称": "横山内科クリニック", "機関区分": 2, "都道府県コード": 24, "市区町村コード": 204, "所在地": "三重県松阪市西之庄町７８－２", "緯度": 34.580201, "経度": 136.523527, "url": "https://www.iryou.teikyouseido.mhlw.go.jp/znk-web/juminkanja/S2430/initialize?prefCd=24&kikanCd=2240009360&kikanKbn=2", "url2": null, "内容": "横山内科クリニック【2:診療所】【診療科目:内科_呼吸器内科_消化器内科】三重県松阪市西之庄町７８－２" }, "geometry": { "type": "Point", "coordinates": [ 136.523527, 34.580201 ] } },
{ "type": "Feature", "properties": { "ID": 2422240009370, "正式名称": "よしざわ内科消化器科", "機関区分": 2, "都道府県コード": 24, "市区町村コード": 204, "所在地": "三重県松阪市井村町４７８－１", "緯度": 34.574562, "経度": 136.514639, "url": "https://www.iryou.teikyouseido.mhlw.go.jp/znk-web/juminkanja/S2430/initialize?prefCd=24&kikanCd=2240009370&kikanKbn=2", "url2": null, "内容": "よしざわ内科消化器科【2:診療所】【診療科目:内科_消化器内科】三重県松阪市井村町４７８－１" }, "geometry": { "type": "Point", "coordinates": [ 136.514639, 34.574562 ] } },
{ "type": "Feature", "properties": { "ID": 2422240009380, "正式名称": "よしむら医院", "機関区分": 2, "都道府県コード": 24, "市区町村コード": 204, "所在地": "三重県松阪市大黒田町４３１", "緯度": 34.567452, "経度": 136.530888, "url": "https://www.iryou.teikyouseido.mhlw.go.jp/znk-web/juminkanja/S2430/initialize?prefCd=24&kikanCd=2240009380&kikanKbn=2", "url2": "http://www.yoshimuraiin.com/pc/", "内容": "よしむら医院【2:診療所】【診療科目:内科_外科_泌尿器科】三重県松阪市大黒田町４３１" }, "geometry": { "type": "Point", "coordinates": [ 136.530888, 34.567452 ] } },
{ "type": "Feature", "properties": { "ID": 2422240009400, "正式名称": "医療法人社団　鷲尾小児科", "機関区分": 2, "都道府県コード": 24, "市区町村コード": 204, "所在地": "三重県松阪市殿町１４６６－４１", "緯度": 34.573368, "経度": 136.52375, "url": "https://www.iryou.teikyouseido.mhlw.go.jp/znk-web/juminkanja/S2430/initialize?prefCd=24&kikanCd=2240009400&kikanKbn=2", "url2": null, "内容": "医療法人社団　鷲尾小児科【2:診療所】【診療科目:小児科】三重県松阪市殿町１４６６－４１" }, "geometry": { "type": "Point", "coordinates": [ 136.52375, 34.573368 ] } },
{ "type": "Feature", "properties": { "ID": 2422240009420, "正式名称": "池田耳鼻咽喉科", "機関区分": 2, "都道府県コード": 24, "市区町村コード": 203, "所在地": "三重県伊勢市浦口２丁目７－４", "緯度": 34.492241, "経度": 136.694489, "url": "https://www.iryou.teikyouseido.mhlw.go.jp/znk-web/juminkanja/S2430/initialize?prefCd=24&kikanCd=2240009420&kikanKbn=2", "url2": null, "内容": "池田耳鼻咽喉科【2:診療所】【診療科目:耳鼻いんこう科】三重県伊勢市浦口２丁目７－４" }, "geometry": { "type": "Point", "coordinates": [ 136.694489, 34.492241 ] } },
{ "type": "Feature", "properties": { "ID": 2422240009440, "正式名称": "いせはまごうくらた内科", "機関区分": 2, "都道府県コード": 24, "市区町村コード": 203, "所在地": "三重県伊勢市黒瀬町６９０－２", "緯度": 34.498439, "経度": 136.736486, "url": "https://www.iryou.teikyouseido.mhlw.go.jp/znk-web/juminkanja/S2430/initialize?prefCd=24&kikanCd=2240009440&kikanKbn=2", "url2": null, "内容": "いせはまごうくらた内科【2:診療所】【診療科目:内科_胃腸内科_神経内科_アレルギー科_リハビリテーション科】三重県伊勢市黒瀬町６９０－２" }, "geometry": { "type": "Point", "coordinates": [ 136.736486, 34.498439 ] } },
{ "type": "Feature", "properties": { "ID": 2422240009450, "正式名称": "ときわまちかどクリニック", "機関区分": 2, "都道府県コード": 24, "市区町村コード": 203, "所在地": "三重県伊勢市常磐２丁目９－２１", "緯度": 34.491749, "経度": 136.698271, "url": "https://www.iryou.teikyouseido.mhlw.go.jp/znk-web/juminkanja/S2430/initialize?prefCd=24&kikanCd=2240009450&kikanKbn=2", "url2": "https://www.mie-hewcoop-ise.com/", "内容": "ときわまちかどクリニック【2:診療所】【診療科目:内科_消化器内科_肝臓内科】三重県伊勢市常磐２丁目９－２１" }, "geometry": { "type": "Point", "coordinates": [ 136.698271, 34.491749 ] } },
{ "type": "Feature", "properties": { "ID": 2422240009460, "正式名称": "いど胃腸科クリニック", "機関区分": 2, "都道府県コード": 24, "市区町村コード": 203, "所在地": "三重県伊勢市一志町６－７", "緯度": 34.490714, "経度": 136.703266, "url": "https://www.iryou.teikyouseido.mhlw.go.jp/znk-web/juminkanja/S2430/initialize?prefCd=24&kikanCd=2240009460&kikanKbn=2", "url2": "http://ido-clinic.com/", "内容": "いど胃腸科クリニック【2:診療所】【診療科目:内科_消化器内科_胃腸内科_外科_肛門外科_リハビリテーション科】三重県伊勢市一志町６－７" }, "geometry": { "type": "Point", "coordinates": [ 136.703266, 34.490714 ] } },
{ "type": "Feature", "properties": { "ID": 2422240009470, "正式名称": "岩田医院", "機関区分": 2, "都道府県コード": 24, "市区町村コード": 203, "所在地": "三重県伊勢市二俣１丁目４－１６", "緯度": 34.49188, "経度": 136.692462, "url": "https://www.iryou.teikyouseido.mhlw.go.jp/znk-web/juminkanja/S2430/initialize?prefCd=24&kikanCd=2240009470&kikanKbn=2", "url2": null, "内容": "岩田医院【2:診療所】【診療科目:内科】三重県伊勢市二俣１丁目４－１６" }, "geometry": { "type": "Point", "coordinates": [ 136.692462, 34.49188 ] } },
{ "type": "Feature", "properties": { "ID": 2422240009490, "正式名称": "医療法人　海野内科", "機関区分": 2, "都道府県コード": 24, "市区町村コード": 203, "所在地": "三重県伊勢市浦口２－２－１３", "緯度": 34.493047, "経度": 136.695045, "url": "https://www.iryou.teikyouseido.mhlw.go.jp/znk-web/juminkanja/S2430/initialize?prefCd=24&kikanCd=2240009490&kikanKbn=2", "url2": "http://www.ise-ics.co.jp/unno/", "内容": "医療法人　海野内科【2:診療所】【診療科目:内科_循環器内科】三重県伊勢市浦口２－２－１３" }, "geometry": { "type": "Point", "coordinates": [ 136.695045, 34.493047 ] } },
{ "type": "Feature", "properties": { "ID": 2422240009500, "正式名称": "医療法人　大西クリニック", "機関区分": 2, "都道府県コード": 24, "市区町村コード": 203, "所在地": "三重県伊勢市宮後３－５－２", "緯度": 34.49688, "経度": 136.708599, "url": "https://www.iryou.teikyouseido.mhlw.go.jp/znk-web/juminkanja/S2430/initialize?prefCd=24&kikanCd=2240009500&kikanKbn=2", "url2": "http://www.myclinic.ne.jp/ohnishi_cl/pc/free.html", "内容": "医療法人　大西クリニック【2:診療所】【診療科目:乳腺外科】三重県伊勢市宮後３－５－２" }, "geometry": { "type": "Point", "coordinates": [ 136.708599, 34.49688 ] } },
{ "type": "Feature", "properties": { "ID": 2422240009510, "正式名称": "大西皮ふ科", "機関区分": 2, "都道府県コード": 24, "市区町村コード": 203, "所在地": "三重県伊勢市岡本３－１６－１", "緯度": 34.481715, "経度": 136.708933, "url": "https://www.iryou.teikyouseido.mhlw.go.jp/znk-web/juminkanja/S2430/initialize?prefCd=24&kikanCd=2240009510&kikanKbn=2", "url2": null, "内容": "大西皮ふ科【2:診療所】【診療科目:皮膚科】三重県伊勢市岡本３－１６－１" }, "geometry": { "type": "Point", "coordinates": [ 136.708933, 34.481715 ] } },
{ "type": "Feature", "properties": { "ID": 2422240009540, "正式名称": "医療法人　倉田医院", "機関区分": 2, "都道府県コード": 24, "市区町村コード": 203, "所在地": "三重県伊勢市常磐２－６－２０", "緯度": 34.492824, "経度": 136.696989, "url": "https://www.iryou.teikyouseido.mhlw.go.jp/znk-web/juminkanja/S2430/initialize?prefCd=24&kikanCd=2240009540&kikanKbn=2", "url2": "http://www.kurata-iin.com/", "内容": "医療法人　倉田医院【2:診療所】【診療科目:内科_呼吸器内科_呼吸器外科_循環器外科_アレルギー科】三重県伊勢市常磐２－６－２０" }, "geometry": { "type": "Point", "coordinates": [ 136.696989, 34.492824 ] } },
{ "type": "Feature", "properties": { "ID": 2422240009550, "正式名称": "くわやま整形外科リハビリクリニック", "機関区分": 2, "都道府県コード": 24, "市区町村コード": 203, "所在地": "三重県伊勢市西豊浜町１０８", "緯度": 34.518016, "経度": 136.688766, "url": "https://www.iryou.teikyouseido.mhlw.go.jp/znk-web/juminkanja/S2430/initialize?prefCd=24&kikanCd=2240009550&kikanKbn=2", "url2": null, "内容": "くわやま整形外科リハビリクリニック【2:診療所】【診療科目:整形外科_リウマチ科_リハビリテーション科】三重県伊勢市西豊浜町１０８" }, "geometry": { "type": "Point", "coordinates": [ 136.688766, 34.518016 ] } },
{ "type": "Feature", "properties": { "ID": 2422240009570, "正式名称": "医療法人　和泉会　小林胃腸科内科", "機関区分": 2, "都道府県コード": 24, "市区町村コード": 203, "所在地": "三重県伊勢市馬瀬町１００７", "緯度": 34.51585, "経度": 136.726069, "url": "https://www.iryou.teikyouseido.mhlw.go.jp/znk-web/juminkanja/S2430/initialize?prefCd=24&kikanCd=2240009570&kikanKbn=2", "url2": null, "内容": "医療法人　和泉会　小林胃腸科内科【2:診療所】【診療科目:内科_胃腸内科_放射線科】三重県伊勢市馬瀬町１００７" }, "geometry": { "type": "Point", "coordinates": [ 136.726069, 34.51585 ] } },
{ "type": "Feature", "properties": { "ID": 2422240009580, "正式名称": "医療法人　斎田耳鼻咽喉科", "機関区分": 2, "都道府県コード": 24, "市区町村コード": 203, "所在地": "三重県伊勢市藤里町６７１－５", "緯度": 34.479937, "経度": 136.707822, "url": "https://www.iryou.teikyouseido.mhlw.go.jp/znk-web/juminkanja/S2430/initialize?prefCd=24&kikanCd=2240009580&kikanKbn=2", "url2": null, "内容": "医療法人　斎田耳鼻咽喉科【2:診療所】【診療科目:耳鼻いんこう科_アレルギー科】三重県伊勢市藤里町６７１－５" }, "geometry": { "type": "Point", "coordinates": [ 136.707822, 34.479937 ] } },
{ "type": "Feature", "properties": { "ID": 2422240009590, "正式名称": "医療法人　さかとく小児科", "機関区分": 2, "都道府県コード": 24, "市区町村コード": 203, "所在地": "三重県伊勢市小木町５１２番地１", "緯度": 34.505046, "経度": 136.722709, "url": "https://www.iryou.teikyouseido.mhlw.go.jp/znk-web/juminkanja/S2430/initialize?prefCd=24&kikanCd=2240009590&kikanKbn=2", "url2": "http://www.sakatoku.net/", "内容": "医療法人　さかとく小児科【2:診療所】【診療科目:小児科_アレルギー科】三重県伊勢市小木町５１２番地１" }, "geometry": { "type": "Point", "coordinates": [ 136.722709, 34.505046 ] } },
{ "type": "Feature", "properties": { "ID": 2422240009630, "正式名称": "中條眼科", "機関区分": 2, "都道府県コード": 24, "市区町村コード": 203, "所在地": "三重県伊勢市岩渕２丁目４－１", "緯度": 34.48702, "経度": 136.713238, "url": "https://www.iryou.teikyouseido.mhlw.go.jp/znk-web/juminkanja/S2430/initialize?prefCd=24&kikanCd=2240009630&kikanKbn=2", "url2": "https://www.chujo-eye.jp", "内容": "中條眼科【2:診療所】【診療科目:眼科】三重県伊勢市岩渕２丁目４－１" }, "geometry": { "type": "Point", "coordinates": [ 136.713238, 34.48702 ] } },
{ "type": "Feature", "properties": { "ID": 2422240009660, "正式名称": "医療法人豊照会寺田クリニック", "機関区分": 2, "都道府県コード": 24, "市区町村コード": 203, "所在地": "三重県伊勢市小木町２６０－１", "緯度": 34.504435, "経度": 136.724236, "url": "https://www.iryou.teikyouseido.mhlw.go.jp/znk-web/juminkanja/S2430/initialize?prefCd=24&kikanCd=2240009660&kikanKbn=2", "url2": null, "内容": "医療法人豊照会寺田クリニック【2:診療所】【診療科目:内科_消化器内科】三重県伊勢市小木町２６０－１" }, "geometry": { "type": "Point", "coordinates": [ 136.724236, 34.504435 ] } },
{ "type": "Feature", "properties": { "ID": 2422240009670, "正式名称": "寺田外科医院", "機関区分": 2, "都道府県コード": 24, "市区町村コード": 203, "所在地": "三重県伊勢市一志町３－１３", "緯度": 34.491186, "経度": 136.704433, "url": "https://www.iryou.teikyouseido.mhlw.go.jp/znk-web/juminkanja/S2430/initialize?prefCd=24&kikanCd=2240009670&kikanKbn=2", "url2": null, "内容": "寺田外科医院【2:診療所】【診療科目:外科_整形外科_皮膚科_泌尿器科_リハビリテーション科】三重県伊勢市一志町３－１３" }, "geometry": { "type": "Point", "coordinates": [ 136.704433, 34.491186 ] } },
{ "type": "Feature", "properties": { "ID": 2422240009680, "正式名称": "てらだ産婦人科", "機関区分": 2, "都道府県コード": 24, "市区町村コード": 203, "所在地": "三重県伊勢市小木町１８５－１", "緯度": 34.504629, "経度": 136.724931, "url": "https://www.iryou.teikyouseido.mhlw.go.jp/znk-web/juminkanja/S2430/initialize?prefCd=24&kikanCd=2240009680&kikanKbn=2", "url2": "http://terada.chu.jp", "内容": "てらだ産婦人科【2:診療所】【診療科目:産婦人科】三重県伊勢市小木町１８５－１" }, "geometry": { "type": "Point", "coordinates": [ 136.724931, 34.504629 ] } },
{ "type": "Feature", "properties": { "ID": 2422240009690, "正式名称": "医療法人　寺村内科クリニック", "機関区分": 2, "都道府県コード": 24, "市区町村コード": 203, "所在地": "三重県伊勢市中之町７２－１", "緯度": 34.476354, "経度": 136.720405, "url": "https://www.iryou.teikyouseido.mhlw.go.jp/znk-web/juminkanja/S2430/initialize?prefCd=24&kikanCd=2240009690&kikanKbn=2", "url2": null, "内容": "医療法人　寺村内科クリニック【2:診療所】【診療科目:内科_呼吸器内科_循環器内科】三重県伊勢市中之町７２－１" }, "geometry": { "type": "Point", "coordinates": [ 136.720405, 34.476354 ] } },
{ "type": "Feature", "properties": { "ID": 2422240009700, "正式名称": "德田ファミリークリニック", "機関区分": 2, "都道府県コード": 24, "市区町村コード": 203, "所在地": "三重県伊勢市倭町１３２", "緯度": 34.484464380284599, "経度": 136.720626, "url": "https://www.iryou.teikyouseido.mhlw.go.jp/znk-web/juminkanja/S2430/initialize?prefCd=24&kikanCd=2240009700&kikanKbn=2", "url2": null, "内容": "德田ファミリークリニック【2:診療所】【診療科目:内科_消化器内科_小児科_アレルギー科】三重県伊勢市倭町１３２" }, "geometry": { "type": "Point", "coordinates": [ 136.720626, 34.484464380284599 ] } },
{ "type": "Feature", "properties": { "ID": 2422240009740, "正式名称": "西山医院", "機関区分": 2, "都道府県コード": 24, "市区町村コード": 203, "所在地": "三重県伊勢市宇治浦田２－４－７４", "緯度": 34.467494, "経度": 136.719544, "url": "https://www.iryou.teikyouseido.mhlw.go.jp/znk-web/juminkanja/S2430/initialize?prefCd=24&kikanCd=2240009740&kikanKbn=2", "url2": null, "内容": "西山医院【2:診療所】【診療科目:内科_循環器内科】三重県伊勢市宇治浦田２－４－７４" }, "geometry": { "type": "Point", "coordinates": [ 136.719544, 34.467494 ] } },
{ "type": "Feature", "properties": { "ID": 2422240009770, "正式名称": "医療法人つばさ　ふじさとこどもクリニック", "機関区分": 2, "都道府県コード": 24, "市区町村コード": 203, "所在地": "三重県伊勢市藤里町６７１－１７", "緯度": 34.47977, "経度": 136.708489, "url": "https://www.iryou.teikyouseido.mhlw.go.jp/znk-web/juminkanja/S2430/initialize?prefCd=24&kikanCd=2240009770&kikanKbn=2", "url2": "http://www.fujisato-kodomo.or.jp/", "内容": "医療法人つばさ　ふじさとこどもクリニック【2:診療所】【診療科目:小児科】三重県伊勢市藤里町６７１－１７" }, "geometry": { "type": "Point", "coordinates": [ 136.708489, 34.47977 ] } },
{ "type": "Feature", "properties": { "ID": 2422240009780, "正式名称": "ふじわらクリニック", "機関区分": 2, "都道府県コード": 24, "市区町村コード": 203, "所在地": "三重県伊勢市常磐１－１５－１０", "緯度": 34.495241, "経度": 136.694767, "url": "https://www.iryou.teikyouseido.mhlw.go.jp/znk-web/juminkanja/S2430/initialize?prefCd=24&kikanCd=2240009780&kikanKbn=2", "url2": null, "内容": "ふじわらクリニック【2:診療所】【診療科目:糖尿病内科_リハビリテーション科】三重県伊勢市常磐１－１５－１０" }, "geometry": { "type": "Point", "coordinates": [ 136.694767, 34.495241 ] } },
{ "type": "Feature", "properties": { "ID": 2422240009790, "正式名称": "医療法人　蘭会　堀胃腸科医院", "機関区分": 2, "都道府県コード": 24, "市区町村コード": 203, "所在地": "三重県伊勢市河崎１－１２－１", "緯度": 34.496519, "経度": 136.711488, "url": "https://www.iryou.teikyouseido.mhlw.go.jp/znk-web/juminkanja/S2430/initialize?prefCd=24&kikanCd=2240009790&kikanKbn=2", "url2": null, "内容": "医療法人　蘭会　堀胃腸科医院【2:診療所】【診療科目:内科_消化器内科_胃腸内科_内視鏡内科_外科_肛門外科】三重県伊勢市河崎１－１２－１" }, "geometry": { "type": "Point", "coordinates": [ 136.711488, 34.496519 ] } },
{ "type": "Feature", "properties": { "ID": 2422240009810, "正式名称": "医療法人　松葉内科", "機関区分": 2, "都道府県コード": 24, "市区町村コード": 203, "所在地": "三重県伊勢市本町５－１３", "緯度": 34.48988, "経度": 136.707877, "url": "https://www.iryou.teikyouseido.mhlw.go.jp/znk-web/juminkanja/S2430/initialize?prefCd=24&kikanCd=2240009810&kikanKbn=2", "url2": "http://matsuba.byoinnavi.jp/prepc", "内容": "医療法人　松葉内科【2:診療所】【診療科目:内科_呼吸器内科_循環器内科】三重県伊勢市本町５－１３" }, "geometry": { "type": "Point", "coordinates": [ 136.707877, 34.48988 ] } },
{ "type": "Feature", "properties": { "ID": 2422240009840, "正式名称": "宮村医院", "機関区分": 2, "都道府県コード": 24, "市区町村コード": 203, "所在地": "三重県伊勢市河崎１－４－３０", "緯度": 34.493658, "経度": 136.712821, "url": "https://www.iryou.teikyouseido.mhlw.go.jp/znk-web/juminkanja/S2430/initialize?prefCd=24&kikanCd=2240009840&kikanKbn=2", "url2": null, "内容": "宮村医院【2:診療所】【診療科目:内科】三重県伊勢市河崎１－４－３０" }, "geometry": { "type": "Point", "coordinates": [ 136.712821, 34.493658 ] } },
{ "type": "Feature", "properties": { "ID": 2422240009880, "正式名称": "Ｆｏｒｅｂｏ　Ｉｓｅ内科・スキンクリニック", "機関区分": 2, "都道府県コード": 24, "市区町村コード": 203, "所在地": "三重県伊勢市河崎１－１２－２", "緯度": 34.496658, "経度": 136.711349, "url": "https://www.iryou.teikyouseido.mhlw.go.jp/znk-web/juminkanja/S2430/initialize?prefCd=24&kikanCd=2240009880&kikanKbn=2", "url2": "https://foreboise.jp/", "内容": "Ｆｏｒｅｂｏ　Ｉｓｅ内科・スキンクリニック【2:診療所】【診療科目:内科_循環器内科_ペインクリニック内科_美容外科_皮膚科_美容皮膚科】三重県伊勢市河崎１－１２－２" }, "geometry": { "type": "Point", "coordinates": [ 136.711349, 34.496658 ] } },
{ "type": "Feature", "properties": { "ID": 2422240009900, "正式名称": "医療法人　山本内科クリニック", "機関区分": 2, "都道府県コード": 24, "市区町村コード": 203, "所在地": "三重県伊勢市津村町７９２－１", "緯度": 34.452911, "経度": 136.657411, "url": "https://www.iryou.teikyouseido.mhlw.go.jp/znk-web/juminkanja/S2430/initialize?prefCd=24&kikanCd=2240009900&kikanKbn=2", "url2": null, "内容": "医療法人　山本内科クリニック【2:診療所】【診療科目:内科_消化器内科_小児科_アレルギー科_リハビリテーション科】三重県伊勢市津村町７９２－１" }, "geometry": { "type": "Point", "coordinates": [ 136.657411, 34.452911 ] } },
{ "type": "Feature", "properties": { "ID": 2422240009910, "正式名称": "医療法人　由井医院", "機関区分": 2, "都道府県コード": 24, "市区町村コード": 203, "所在地": "三重県伊勢市岩渕２－７－１２", "緯度": 34.488075, "経度": 136.715543, "url": "https://www.iryou.teikyouseido.mhlw.go.jp/znk-web/juminkanja/S2430/initialize?prefCd=24&kikanCd=2240009910&kikanKbn=2", "url2": "https://www.yoshii2013.com/", "内容": "医療法人　由井医院【2:診療所】【診療科目:内科_神経内科_耳鼻いんこう科_気管食道・耳鼻いんこう科】三重県伊勢市岩渕２－７－１２" }, "geometry": { "type": "Point", "coordinates": [ 136.715543, 34.488075 ] } },
{ "type": "Feature", "properties": { "ID": 2422240009940, "正式名称": "大野医院", "機関区分": 2, "都道府県コード": 24, "市区町村コード": 471, "所在地": "三重県度会郡大紀町大内山７３０－４", "緯度": 34.278119, "経度": 136.360888, "url": "https://www.iryou.teikyouseido.mhlw.go.jp/znk-web/juminkanja/S2430/initialize?prefCd=24&kikanCd=2240009940&kikanKbn=2", "url2": null, "内容": "大野医院【2:診療所】【診療科目:内科】三重県度会郡大紀町大内山７３０－４" }, "geometry": { "type": "Point", "coordinates": [ 136.360888, 34.278119 ] } },
{ "type": "Feature", "properties": { "ID": 2422240009950, "正式名称": "越智ファミリークリニック", "機関区分": 2, "都道府県コード": 24, "市区町村コード": 470, "所在地": "三重県度会郡度会町大野木２８０９－１", "緯度": 34.438912, "経度": 136.630497, "url": "https://www.iryou.teikyouseido.mhlw.go.jp/znk-web/juminkanja/S2430/initialize?prefCd=24&kikanCd=2240009950&kikanKbn=2", "url2": null, "内容": "越智ファミリークリニック【2:診療所】【診療科目:内科_小児科_心療内科】三重県度会郡度会町大野木２８０９－１" }, "geometry": { "type": "Point", "coordinates": [ 136.630497, 34.438912 ] } },
{ "type": "Feature", "properties": { "ID": 2422240009960, "正式名称": "小野循環器科・内科", "機関区分": 2, "都道府県コード": 24, "市区町村コード": 203, "所在地": "三重県伊勢市御薗町長屋２１８１", "緯度": 34.508573, "経度": 136.712209, "url": "https://www.iryou.teikyouseido.mhlw.go.jp/znk-web/juminkanja/S2430/initialize?prefCd=24&kikanCd=2240009960&kikanKbn=2", "url2": "https://www.onojunkankika-naika.com/", "内容": "小野循環器科・内科【2:診療所】【診療科目:内科_循環器内科】三重県伊勢市御薗町長屋２１８１" }, "geometry": { "type": "Point", "coordinates": [ 136.712209, 34.508573 ] } },
{ "type": "Feature", "properties": { "ID": 2422240009980, "正式名称": "小島医院", "機関区分": 2, "都道府県コード": 24, "市区町村コード": 472, "所在地": "三重県度会郡南伊勢町村山１１１８－６", "緯度": 34.280544, "経度": 136.497864, "url": "https://www.iryou.teikyouseido.mhlw.go.jp/znk-web/juminkanja/S2430/initialize?prefCd=24&kikanCd=2240009980&kikanKbn=2", "url2": null, "内容": "小島医院【2:診療所】【診療科目:内科_循環器内科_整形外科_リハビリテーション科】三重県度会郡南伊勢町村山１１１８－６" }, "geometry": { "type": "Point", "coordinates": [ 136.497864, 34.280544 ] } },
{ "type": "Feature", "properties": { "ID": 2422240010020, "正式名称": "医療法人　ふじ　篠塚小児科", "機関区分": 2, "都道府県コード": 24, "市区町村コード": 461, "所在地": "三重県度会郡玉城町下田辺７２５－１５", "緯度": 34.496601, "経度": 136.623606, "url": "https://www.iryou.teikyouseido.mhlw.go.jp/znk-web/juminkanja/S2430/initialize?prefCd=24&kikanCd=2240010020&kikanKbn=2", "url2": null, "内容": "医療法人　ふじ　篠塚小児科【2:診療所】【診療科目:小児科】三重県度会郡玉城町下田辺７２５－１５" }, "geometry": { "type": "Point", "coordinates": [ 136.623606, 34.496601 ] } },
{ "type": "Feature", "properties": { "ID": 2422240010030, "正式名称": "すぎもと眼科", "機関区分": 2, "都道府県コード": 24, "市区町村コード": 203, "所在地": "三重県伊勢市小俣町元町２００－６", "緯度": 34.5096, "経度": 136.679851, "url": "https://www.iryou.teikyouseido.mhlw.go.jp/znk-web/juminkanja/S2430/initialize?prefCd=24&kikanCd=2240010030&kikanKbn=2", "url2": null, "内容": "すぎもと眼科【2:診療所】【診療科目:眼科】三重県伊勢市小俣町元町２００－６" }, "geometry": { "type": "Point", "coordinates": [ 136.679851, 34.5096 ] } },
{ "type": "Feature", "properties": { "ID": 2422240010050, "正式名称": "医療法人　玉石産婦人科", "機関区分": 2, "都道府県コード": 24, "市区町村コード": 203, "所在地": "三重県伊勢市御薗町長屋２０４９", "緯度": 34.506823, "経度": 136.71257, "url": "https://www.iryou.teikyouseido.mhlw.go.jp/znk-web/juminkanja/S2430/initialize?prefCd=24&kikanCd=2240010050&kikanKbn=2", "url2": "http://www.tamaishi-lc.jp", "内容": "医療法人　玉石産婦人科【2:診療所】【診療科目:内科_外科_小児科_産婦人科】三重県伊勢市御薗町長屋２０４９" }, "geometry": { "type": "Point", "coordinates": [ 136.71257, 34.506823 ] } },
{ "type": "Feature", "properties": { "ID": 2422240010060, "正式名称": "でぐち内科クリニック", "機関区分": 2, "都道府県コード": 24, "市区町村コード": 203, "所在地": "三重県伊勢市二見町荘２１４１", "緯度": 34.504797, "経度": 136.765927, "url": "https://www.iryou.teikyouseido.mhlw.go.jp/znk-web/juminkanja/S2430/initialize?prefCd=24&kikanCd=2240010060&kikanKbn=2", "url2": null, "内容": "でぐち内科クリニック【2:診療所】【診療科目:内科_呼吸器内科_循環器内科_消化器内科_肝臓内科_リハビリテーション科】三重県伊勢市二見町荘２１４１" }, "geometry": { "type": "Point", "coordinates": [ 136.765927, 34.504797 ] } },
{ "type": "Feature", "properties": { "ID": 2422240010070, "正式名称": "医療法人　そんじん会　伊勢志摩腎クリニック", "機関区分": 2, "都道府県コード": 24, "市区町村コード": 203, "所在地": "三重県伊勢市村松町１３７９－５", "緯度": 34.541374, "経度": 136.666795, "url": "https://www.iryou.teikyouseido.mhlw.go.jp/znk-web/juminkanja/S2430/initialize?prefCd=24&kikanCd=2240010070&kikanKbn=2", "url2": "http://isejin.jp/", "内容": "医療法人　そんじん会　伊勢志摩腎クリニック【2:診療所】【診療科目:人工透析内科】三重県伊勢市村松町１３７９－５" }, "geometry": { "type": "Point", "coordinates": [ 136.666795, 34.541374 ] } },
{ "type": "Feature", "properties": { "ID": 2422240010090, "正式名称": "七保診療所", "機関区分": 2, "都道府県コード": 24, "市区町村コード": 471, "所在地": "三重県度会郡大紀町打見１１６－５", "緯度": 34.416273, "経度": 136.479705, "url": "https://www.iryou.teikyouseido.mhlw.go.jp/znk-web/juminkanja/S2430/initialize?prefCd=24&kikanCd=2240010090&kikanKbn=2", "url2": null, "内容": "七保診療所【2:診療所】【診療科目:内科_消化器内科_小児科】三重県度会郡大紀町打見１１６－５" }, "geometry": { "type": "Point", "coordinates": [ 136.479705, 34.416273 ] } },
{ "type": "Feature", "properties": { "ID": 2422240010100, "正式名称": "宿田曽診療所", "機関区分": 2, "都道府県コード": 24, "市区町村コード": 472, "所在地": "三重県度会郡南伊勢町田曽浦３８１３", "緯度": 34.29779, "経度": 136.691749, "url": "https://www.iryou.teikyouseido.mhlw.go.jp/znk-web/juminkanja/S2430/initialize?prefCd=24&kikanCd=2240010100&kikanKbn=2", "url2": null, "内容": "宿田曽診療所【2:診療所】【診療科目:内科】三重県度会郡南伊勢町田曽浦３８１３" }, "geometry": { "type": "Point", "coordinates": [ 136.691749, 34.29779 ] } },
{ "type": "Feature", "properties": { "ID": 2422240010110, "正式名称": "西川整形外科", "機関区分": 2, "都道府県コード": 24, "市区町村コード": 470, "所在地": "三重県度会郡度会町大野木２７９１－１０", "緯度": 34.439773, "経度": 136.630886, "url": "https://www.iryou.teikyouseido.mhlw.go.jp/znk-web/juminkanja/S2430/initialize?prefCd=24&kikanCd=2240010110&kikanKbn=2", "url2": null, "内容": "西川整形外科【2:診療所】【診療科目:整形外科】三重県度会郡度会町大野木２７９１－１０" }, "geometry": { "type": "Point", "coordinates": [ 136.630886, 34.439773 ] } },
{ "type": "Feature", "properties": { "ID": 2422240010140, "正式名称": "東山胃腸科内科", "機関区分": 2, "都道府県コード": 24, "市区町村コード": 203, "所在地": "三重県伊勢市小俣町元町１１５９－２", "緯度": 34.5091, "経度": 136.68024, "url": "https://www.iryou.teikyouseido.mhlw.go.jp/znk-web/juminkanja/S2430/initialize?prefCd=24&kikanCd=2240010140&kikanKbn=2", "url2": "https://hg-ichou.com", "内容": "東山胃腸科内科【2:診療所】【診療科目:内科_胃腸内科】三重県伊勢市小俣町元町１１５９－２" }, "geometry": { "type": "Point", "coordinates": [ 136.68024, 34.5091 ] } },
{ "type": "Feature", "properties": { "ID": 2422240010190, "正式名称": "森田整形外科", "機関区分": 2, "都道府県コード": 24, "市区町村コード": 203, "所在地": "三重県伊勢市小俣町相合４８１", "緯度": 34.5111, "経度": 136.670324, "url": "https://www.iryou.teikyouseido.mhlw.go.jp/znk-web/juminkanja/S2430/initialize?prefCd=24&kikanCd=2240010190&kikanKbn=2", "url2": "https://www.morita-ortho.com", "内容": "森田整形外科【2:診療所】【診療科目:整形外科_リウマチ科_リハビリテーション科】三重県伊勢市小俣町相合４８１" }, "geometry": { "type": "Point", "coordinates": [ 136.670324, 34.5111 ] } },
{ "type": "Feature", "properties": { "ID": 2422240010210, "正式名称": "医療法人社団　やのはらクリニック", "機関区分": 2, "都道府県コード": 24, "市区町村コード": 203, "所在地": "三重県伊勢市小俣町相合４７８－４", "緯度": 34.510183, "経度": 136.672046, "url": "https://www.iryou.teikyouseido.mhlw.go.jp/znk-web/juminkanja/S2430/initialize?prefCd=24&kikanCd=2240010210&kikanKbn=2", "url2": "https://yanohara-cl.com", "内容": "医療法人社団　やのはらクリニック【2:診療所】【診療科目:耳鼻いんこう科_アレルギー科】三重県伊勢市小俣町相合４７８－４" }, "geometry": { "type": "Point", "coordinates": [ 136.672046, 34.510183 ] } },
{ "type": "Feature", "properties": { "ID": 2422240010230, "正式名称": "医療法人社団　山本医院", "機関区分": 2, "都道府県コード": 24, "市区町村コード": 203, "所在地": "三重県伊勢市二見町溝口４０１－１", "緯度": 34.502519, "経度": 136.757928, "url": "https://www.iryou.teikyouseido.mhlw.go.jp/znk-web/juminkanja/S2430/initialize?prefCd=24&kikanCd=2240010230&kikanKbn=2", "url2": null, "内容": "医療法人社団　山本医院【2:診療所】【診療科目:内科_消化器内科_外科】三重県伊勢市二見町溝口４０１－１" }, "geometry": { "type": "Point", "coordinates": [ 136.757928, 34.502519 ] } },
{ "type": "Feature", "properties": { "ID": 2422240010260, "正式名称": "医療法人　順裕会　いずみ耳鼻咽喉科・アレルギー科", "機関区分": 2, "都道府県コード": 24, "市区町村コード": 215, "所在地": "三重県志摩市阿児町鵜方５０１７", "緯度": 34.328039, "経度": 136.818737, "url": "https://www.iryou.teikyouseido.mhlw.go.jp/znk-web/juminkanja/S2430/initialize?prefCd=24&kikanCd=2240010260&kikanKbn=2", "url2": "http://www.izumi-jibika.com/", "内容": "医療法人　順裕会　いずみ耳鼻咽喉科・アレルギー科【2:診療所】【診療科目:耳鼻いんこう科_アレルギー科】三重県志摩市阿児町鵜方５０１７" }, "geometry": { "type": "Point", "coordinates": [ 136.818737, 34.328039 ] } },
{ "type": "Feature", "properties": { "ID": 2422240010270, "正式名称": "うえむら整形外科", "機関区分": 2, "都道府県コード": 24, "市区町村コード": 215, "所在地": "三重県志摩市阿児町甲賀４４５２", "緯度": 34.311958, "経度": 136.864511, "url": "https://www.iryou.teikyouseido.mhlw.go.jp/znk-web/juminkanja/S2430/initialize?prefCd=24&kikanCd=2240010270&kikanKbn=2", "url2": null, "内容": "うえむら整形外科【2:診療所】【診療科目:整形外科】三重県志摩市阿児町甲賀４４５２" }, "geometry": { "type": "Point", "coordinates": [ 136.864511, 34.311958 ] } },
{ "type": "Feature", "properties": { "ID": 2422240010280, "正式名称": "鵜飼耳鼻咽喉科・アレルギー科", "機関区分": 2, "都道府県コード": 24, "市区町村コード": 215, "所在地": "三重県志摩市阿児町鵜方３２８３－２", "緯度": 34.327372, "経度": 136.825542, "url": "https://www.iryou.teikyouseido.mhlw.go.jp/znk-web/juminkanja/S2430/initialize?prefCd=24&kikanCd=2240010280&kikanKbn=2", "url2": null, "内容": "鵜飼耳鼻咽喉科・アレルギー科【2:診療所】【診療科目:耳鼻いんこう科_アレルギー科】三重県志摩市阿児町鵜方３２８３－２" }, "geometry": { "type": "Point", "coordinates": [ 136.825542, 34.327372 ] } },
{ "type": "Feature", "properties": { "ID": 2422240010290, "正式名称": "おかむね医院", "機関区分": 2, "都道府県コード": 24, "市区町村コード": 215, "所在地": "三重県志摩市磯部町恵利原１５３０番地", "緯度": 34.382283, "経度": 136.803208, "url": "https://www.iryou.teikyouseido.mhlw.go.jp/znk-web/juminkanja/S2430/initialize?prefCd=24&kikanCd=2240010290&kikanKbn=2", "url2": "https://www.okamune-clinic.com/", "内容": "おかむね医院【2:診療所】【診療科目:内科】三重県志摩市磯部町恵利原１５３０番地" }, "geometry": { "type": "Point", "coordinates": [ 136.803208, 34.382283 ] } },
{ "type": "Feature", "properties": { "ID": 2422240010320, "正式名称": "医療法人社団　近藤医院", "機関区分": 2, "都道府県コード": 24, "市区町村コード": 215, "所在地": "三重県志摩市阿児町鵜方４０２９", "緯度": 34.328067, "経度": 136.823458, "url": "https://www.iryou.teikyouseido.mhlw.go.jp/znk-web/juminkanja/S2430/initialize?prefCd=24&kikanCd=2240010320&kikanKbn=2", "url2": null, "内容": "医療法人社団　近藤医院【2:診療所】【診療科目:内科_循環器内科】三重県志摩市阿児町鵜方４０２９" }, "geometry": { "type": "Point", "coordinates": [ 136.823458, 34.328067 ] } },
{ "type": "Feature", "properties": { "ID": 2422240010360, "正式名称": "谷岡医院", "機関区分": 2, "都道府県コード": 24, "市区町村コード": 215, "所在地": "三重県志摩市磯部町的矢６４２", "緯度": 34.368174, "経度": 136.86612, "url": "https://www.iryou.teikyouseido.mhlw.go.jp/znk-web/juminkanja/S2430/initialize?prefCd=24&kikanCd=2240010360&kikanKbn=2", "url2": "https://shima-med.jp/iryo/isobe-cho/", "内容": "谷岡医院【2:診療所】【診療科目:内科】三重県志摩市磯部町的矢６４２" }, "geometry": { "type": "Point", "coordinates": [ 136.86612, 34.368174 ] } },
{ "type": "Feature", "properties": { "ID": 2422240010380, "正式名称": "たのうえ眼科", "機関区分": 2, "都道府県コード": 24, "市区町村コード": 215, "所在地": "三重県志摩市阿児町鵜方３０９８－１５", "緯度": 34.327956, "経度": 136.831013, "url": "https://www.iryou.teikyouseido.mhlw.go.jp/znk-web/juminkanja/S2430/initialize?prefCd=24&kikanCd=2240010380&kikanKbn=2", "url2": null, "内容": "たのうえ眼科【2:診療所】【診療科目:眼科_アレルギー科】三重県志摩市阿児町鵜方３０９８－１５" }, "geometry": { "type": "Point", "coordinates": [ 136.831013, 34.327956 ] } },
{ "type": "Feature", "properties": { "ID": 2422240010390, "正式名称": "鳥羽市立神島診療所", "機関区分": 2, "都道府県コード": 24, "市区町村コード": 211, "所在地": "三重県鳥羽市神島町８５－２", "緯度": 34.548212, "経度": 136.981852, "url": "https://www.iryou.teikyouseido.mhlw.go.jp/znk-web/juminkanja/S2430/initialize?prefCd=24&kikanCd=2240010390&kikanKbn=2", "url2": null, "内容": "鳥羽市立神島診療所【2:診療所】【診療科目:内科_外科_小児科】三重県鳥羽市神島町８５－２" }, "geometry": { "type": "Point", "coordinates": [ 136.981852, 34.548212 ] } },
{ "type": "Feature", "properties": { "ID": 2422240010400, "正式名称": "鳥羽市立坂手診療所", "機関区分": 2, "都道府県コード": 24, "市区町村コード": 211, "所在地": "三重県鳥羽市坂手町１７８", "緯度": 34.484884, "経度": 136.859032, "url": "https://www.iryou.teikyouseido.mhlw.go.jp/znk-web/juminkanja/S2430/initialize?prefCd=24&kikanCd=2240010400&kikanKbn=2", "url2": null, "内容": "鳥羽市立坂手診療所【2:診療所】【診療科目:内科_外科_小児科】三重県鳥羽市坂手町１７８" }, "geometry": { "type": "Point", "coordinates": [ 136.859032, 34.484884 ] } },
{ "type": "Feature", "properties": { "ID": 2422240010410, "正式名称": "鳥羽市立菅島診療所", "機関区分": 2, "都道府県コード": 24, "市区町村コード": 211, "所在地": "三重県鳥羽市菅島町４６", "緯度": 34.4993, "経度": 136.901139, "url": "https://www.iryou.teikyouseido.mhlw.go.jp/znk-web/juminkanja/S2430/initialize?prefCd=24&kikanCd=2240010410&kikanKbn=2", "url2": null, "内容": "鳥羽市立菅島診療所【2:診療所】【診療科目:内科_外科_小児科】三重県鳥羽市菅島町４６" }, "geometry": { "type": "Point", "coordinates": [ 136.901139, 34.4993 ] } },
{ "type": "Feature", "properties": { "ID": 2422240010430, "正式名称": "鳥羽市立桃取診療所", "機関区分": 2, "都道府県コード": 24, "市区町村コード": 211, "所在地": "三重県鳥羽市桃取町２１９", "緯度": 34.514519, "経度": 136.853531, "url": "https://www.iryou.teikyouseido.mhlw.go.jp/znk-web/juminkanja/S2430/initialize?prefCd=24&kikanCd=2240010430&kikanKbn=2", "url2": null, "内容": "鳥羽市立桃取診療所【2:診療所】【診療科目:内科_外科_小児科】三重県鳥羽市桃取町２１９" }, "geometry": { "type": "Point", "coordinates": [ 136.853531, 34.514519 ] } },
{ "type": "Feature", "properties": { "ID": 2422240010470, "正式名称": "鍋島医院", "機関区分": 2, "都道府県コード": 24, "市区町村コード": 215, "所在地": "三重県志摩市志摩町和具１９６０－１", "緯度": 34.258157, "経度": 136.807935, "url": "https://www.iryou.teikyouseido.mhlw.go.jp/znk-web/juminkanja/S2430/initialize?prefCd=24&kikanCd=2240010470&kikanKbn=2", "url2": null, "内容": "鍋島医院【2:診療所】【診療科目:内科_小児科】三重県志摩市志摩町和具１９６０－１" }, "geometry": { "type": "Point", "coordinates": [ 136.807935, 34.258157 ] } },
{ "type": "Feature", "properties": { "ID": 2422240010480, "正式名称": "医療法人社団　虎の門会　西岡記念セントラルクリニック", "機関区分": 2, "都道府県コード": 24, "市区町村コード": 215, "所在地": "三重県志摩市磯部町迫間３７５", "緯度": 34.372756, "経度": 136.80093, "url": "https://www.iryou.teikyouseido.mhlw.go.jp/znk-web/juminkanja/S2430/initialize?prefCd=24&kikanCd=2240010480&kikanKbn=2", "url2": "http://www.nishiokafc.com", "内容": "医療法人社団　虎の門会　西岡記念セントラルクリニック【2:診療所】【診療科目:内科_循環器内科_腎臓内科_整形外科_小児科_皮膚科_リウマチ科】三重県志摩市磯部町迫間３７５" }, "geometry": { "type": "Point", "coordinates": [ 136.80093, 34.372756 ] } },
{ "type": "Feature", "properties": { "ID": 2422240010490, "正式名称": "服部内科", "機関区分": 2, "都道府県コード": 24, "市区町村コード": 215, "所在地": "三重県志摩市阿児町鵜方３１２６－１５", "緯度": 34.327317, "経度": 136.830763, "url": "https://www.iryou.teikyouseido.mhlw.go.jp/znk-web/juminkanja/S2430/initialize?prefCd=24&kikanCd=2240010490&kikanKbn=2", "url2": null, "内容": "服部内科【2:診療所】【診療科目:内科】三重県志摩市阿児町鵜方３１２６－１５" }, "geometry": { "type": "Point", "coordinates": [ 136.830763, 34.327317 ] } },
{ "type": "Feature", "properties": { "ID": 2422240010500, "正式名称": "林クリニック", "機関区分": 2, "都道府県コード": 24, "市区町村コード": 215, "所在地": "三重県志摩市阿児町鵜方４８３６", "緯度": 34.3284, "経度": 136.81657, "url": "https://www.iryou.teikyouseido.mhlw.go.jp/znk-web/juminkanja/S2430/initialize?prefCd=24&kikanCd=2240010500&kikanKbn=2", "url2": null, "内容": "林クリニック【2:診療所】【診療科目:内科_消化器内科】三重県志摩市阿児町鵜方４８３６" }, "geometry": { "type": "Point", "coordinates": [ 136.81657, 34.3284 ] } },
{ "type": "Feature", "properties": { "ID": 2422240010510, "正式名称": "別當クリニック", "機関区分": 2, "都道府県コード": 24, "市区町村コード": 215, "所在地": "三重県志摩市浜島町南張７－１", "緯度": 34.306595, "経度": 136.725023, "url": "https://www.iryou.teikyouseido.mhlw.go.jp/znk-web/juminkanja/S2430/initialize?prefCd=24&kikanCd=2240010510&kikanKbn=2", "url2": null, "内容": "別當クリニック【2:診療所】【診療科目:内科_眼科】三重県志摩市浜島町南張７－１" }, "geometry": { "type": "Point", "coordinates": [ 136.725023, 34.306595 ] } },
{ "type": "Feature", "properties": { "ID": 2422240010530, "正式名称": "宮村眼科", "機関区分": 2, "都道府県コード": 24, "市区町村コード": 215, "所在地": "三重県志摩市阿児町鵜方３１６３－７", "緯度": 34.328678, "経度": 136.828069, "url": "https://www.iryou.teikyouseido.mhlw.go.jp/znk-web/juminkanja/S2430/initialize?prefCd=24&kikanCd=2240010530&kikanKbn=2", "url2": null, "内容": "宮村眼科【2:診療所】【診療科目:眼科】三重県志摩市阿児町鵜方３１６３－７" }, "geometry": { "type": "Point", "coordinates": [ 136.828069, 34.328678 ] } },
{ "type": "Feature", "properties": { "ID": 2422240010560, "正式名称": "山下医院", "機関区分": 2, "都道府県コード": 24, "市区町村コード": 215, "所在地": "三重県志摩市阿児町甲賀２６６１－２", "緯度": 34.318263, "経度": 136.884204, "url": "https://www.iryou.teikyouseido.mhlw.go.jp/znk-web/juminkanja/S2430/initialize?prefCd=24&kikanCd=2240010560&kikanKbn=2", "url2": null, "内容": "山下医院【2:診療所】【診療科目:内科】三重県志摩市阿児町甲賀２６６１－２" }, "geometry": { "type": "Point", "coordinates": [ 136.884204, 34.318263 ] } },
{ "type": "Feature", "properties": { "ID": 2422240010570, "正式名称": "山本クリニック", "機関区分": 2, "都道府県コード": 24, "市区町村コード": 215, "所在地": "三重県志摩市志摩町片田３０３３－５", "緯度": 34.254019, "経度": 136.843238, "url": "https://www.iryou.teikyouseido.mhlw.go.jp/znk-web/juminkanja/S2430/initialize?prefCd=24&kikanCd=2240010570&kikanKbn=2", "url2": null, "内容": "山本クリニック【2:診療所】【診療科目:内科】三重県志摩市志摩町片田３０３３－５" }, "geometry": { "type": "Point", "coordinates": [ 136.843238, 34.254019 ] } },
{ "type": "Feature", "properties": { "ID": 2422240010600, "正式名称": "和気医院", "機関区分": 2, "都道府県コード": 24, "市区町村コード": 215, "所在地": "三重県志摩市大王町波切３１３８－３", "緯度": 34.285433, "経度": 136.883428, "url": "https://www.iryou.teikyouseido.mhlw.go.jp/znk-web/juminkanja/S2430/initialize?prefCd=24&kikanCd=2240010600&kikanKbn=2", "url2": null, "内容": "和気医院【2:診療所】【診療科目:内科_泌尿器科】三重県志摩市大王町波切３１３８－３" }, "geometry": { "type": "Point", "coordinates": [ 136.883428, 34.285433 ] } },
{ "type": "Feature", "properties": { "ID": 2422240010670, "正式名称": "かとう小児科", "機関区分": 2, "都道府県コード": 24, "市区町村コード": 543, "所在地": "三重県北牟婁郡紀北町東長島５９２", "緯度": 34.21057, "経度": 136.334532, "url": "https://www.iryou.teikyouseido.mhlw.go.jp/znk-web/juminkanja/S2430/initialize?prefCd=24&kikanCd=2240010670&kikanKbn=2", "url2": "http://www.katou-p.com/", "内容": "かとう小児科【2:診療所】【診療科目:小児科】三重県北牟婁郡紀北町東長島５９２" }, "geometry": { "type": "Point", "coordinates": [ 136.334532, 34.21057 ] } },
{ "type": "Feature", "properties": { "ID": 2422240010680, "正式名称": "加藤内科", "機関区分": 2, "都道府県コード": 24, "市区町村コード": 543, "所在地": "三重県北牟婁郡紀北町相賀４８０－１３６", "緯度": 34.11169, "経度": 136.229101, "url": "https://www.iryou.teikyouseido.mhlw.go.jp/znk-web/juminkanja/S2430/initialize?prefCd=24&kikanCd=2240010680&kikanKbn=2", "url2": null, "内容": "加藤内科【2:診療所】【診療科目:内科_消化器内科】三重県北牟婁郡紀北町相賀４８０－１３６" }, "geometry": { "type": "Point", "coordinates": [ 136.229101, 34.11169 ] } },
{ "type": "Feature", "properties": { "ID": 2422240010720, "正式名称": "きば内科クリニック", "機関区分": 2, "都道府県コード": 24, "市区町村コード": 209, "所在地": "三重県尾鷲市上野町５－３９", "緯度": 34.070472, "経度": 136.188467, "url": "https://www.iryou.teikyouseido.mhlw.go.jp/znk-web/juminkanja/S2430/initialize?prefCd=24&kikanCd=2240010720&kikanKbn=2", "url2": null, "内容": "きば内科クリニック【2:診療所】【診療科目:内科】三重県尾鷲市上野町５－３９" }, "geometry": { "type": "Point", "coordinates": [ 136.188467, 34.070472 ] } },
{ "type": "Feature", "properties": { "ID": 2422240010740, "正式名称": "澤田医院", "機関区分": 2, "都道府県コード": 24, "市区町村コード": 209, "所在地": "三重県尾鷲市朝日町１２－４", "緯度": 34.073666, "経度": 136.198244, "url": "https://www.iryou.teikyouseido.mhlw.go.jp/znk-web/juminkanja/S2430/initialize?prefCd=24&kikanCd=2240010740&kikanKbn=2", "url2": null, "内容": "澤田医院【2:診療所】【診療科目:内科_胃腸内科】三重県尾鷲市朝日町１２－４" }, "geometry": { "type": "Point", "coordinates": [ 136.198244, 34.073666 ] } },
{ "type": "Feature", "properties": { "ID": 2422240010760, "正式名称": "玉置眼科", "機関区分": 2, "都道府県コード": 24, "市区町村コード": 209, "所在地": "三重県尾鷲市上野町４－２６", "緯度": 34.068833, "経度": 136.188995, "url": "https://www.iryou.teikyouseido.mhlw.go.jp/znk-web/juminkanja/S2430/initialize?prefCd=24&kikanCd=2240010760&kikanKbn=2", "url2": "http://tamakiganka.com/", "内容": "玉置眼科【2:診療所】【診療科目:眼科】三重県尾鷲市上野町４－２６" }, "geometry": { "type": "Point", "coordinates": [ 136.188995, 34.068833 ] } },
{ "type": "Feature", "properties": { "ID": 2422240010780, "正式名称": "長野内科小児科", "機関区分": 2, "都道府県コード": 24, "市区町村コード": 209, "所在地": "三重県尾鷲市大滝町１０－９", "緯度": 34.067333, "経度": 136.185107, "url": "https://www.iryou.teikyouseido.mhlw.go.jp/znk-web/juminkanja/S2430/initialize?prefCd=24&kikanCd=2240010780&kikanKbn=2", "url2": null, "内容": "長野内科小児科【2:診療所】【診療科目:内科_小児科】三重県尾鷲市大滝町１０－９" }, "geometry": { "type": "Point", "coordinates": [ 136.185107, 34.067333 ] } },
{ "type": "Feature", "properties": { "ID": 2422240010790, "正式名称": "医療法人　西村整形外科", "機関区分": 2, "都道府県コード": 24, "市区町村コード": 209, "所在地": "三重県尾鷲市朝日町１１－１７", "緯度": 34.073944, "経度": 136.198716, "url": "https://www.iryou.teikyouseido.mhlw.go.jp/znk-web/juminkanja/S2430/initialize?prefCd=24&kikanCd=2240010790&kikanKbn=2", "url2": null, "内容": "医療法人　西村整形外科【2:診療所】【診療科目:整形外科_リハビリテーション科】三重県尾鷲市朝日町１１－１７" }, "geometry": { "type": "Point", "coordinates": [ 136.198716, 34.073944 ] } },
{ "type": "Feature", "properties": { "ID": 2422240010800, "正式名称": "野口内科胃腸科医院", "機関区分": 2, "都道府県コード": 24, "市区町村コード": 543, "所在地": "三重県北牟婁郡紀北町引本浦８８３－４", "緯度": 34.107774, "経度": 136.240989, "url": "https://www.iryou.teikyouseido.mhlw.go.jp/znk-web/juminkanja/S2430/initialize?prefCd=24&kikanCd=2240010800&kikanKbn=2", "url2": null, "内容": "野口内科胃腸科医院【2:診療所】【診療科目:内科_胃腸内科_小児科_リハビリテーション科】三重県北牟婁郡紀北町引本浦８８３－４" }, "geometry": { "type": "Point", "coordinates": [ 136.240989, 34.107774 ] } },
{ "type": "Feature", "properties": { "ID": 2422240010810, "正式名称": "はしづめクリニック", "機関区分": 2, "都道府県コード": 24, "市区町村コード": 209, "所在地": "三重県尾鷲市三木里町２９４－３", "緯度": 34.00048, "経度": 136.20933, "url": "https://www.iryou.teikyouseido.mhlw.go.jp/znk-web/juminkanja/S2430/initialize?prefCd=24&kikanCd=2240010810&kikanKbn=2", "url2": null, "内容": "はしづめクリニック【2:診療所】【診療科目:内科_循環器内科_消化器内科_神経内科_リハビリテーション科】三重県尾鷲市三木里町２９４－３" }, "geometry": { "type": "Point", "coordinates": [ 136.20933, 34.00048 ] } },
{ "type": "Feature", "properties": { "ID": 2422240010820, "正式名称": "三木浦診療所", "機関区分": 2, "都道府県コード": 24, "市区町村コード": 209, "所在地": "三重県尾鷲市三木浦町３３５－２", "緯度": 33.985926, "経度": 136.242106, "url": "https://www.iryou.teikyouseido.mhlw.go.jp/znk-web/juminkanja/S2430/initialize?prefCd=24&kikanCd=2240010820&kikanKbn=2", "url2": null, "内容": "三木浦診療所【2:診療所】【診療科目:内科】三重県尾鷲市三木浦町３３５－２" }, "geometry": { "type": "Point", "coordinates": [ 136.242106, 33.985926 ] } },
{ "type": "Feature", "properties": { "ID": 2422240010840, "正式名称": "あい眼科リハビリクリニック", "機関区分": 2, "都道府県コード": 24, "市区町村コード": 212, "所在地": "三重県熊野市井戸町６４７－４", "緯度": 33.888823, "経度": 136.099317, "url": "https://www.iryou.teikyouseido.mhlw.go.jp/znk-web/juminkanja/S2430/initialize?prefCd=24&kikanCd=2240010840&kikanKbn=2", "url2": null, "内容": "あい眼科リハビリクリニック【2:診療所】【診療科目:眼科】三重県熊野市井戸町６４７－４" }, "geometry": { "type": "Point", "coordinates": [ 136.099317, 33.888823 ] } },
{ "type": "Feature", "properties": { "ID": 2422240010850, "正式名称": "医療法人優医会　あすか診療所", "機関区分": 2, "都道府県コード": 24, "市区町村コード": 212, "所在地": "三重県熊野市飛鳥町小阪９１５－６", "緯度": 33.936484, "経度": 136.091232, "url": "https://www.iryou.teikyouseido.mhlw.go.jp/znk-web/juminkanja/S2430/initialize?prefCd=24&kikanCd=2240010850&kikanKbn=2", "url2": null, "内容": "医療法人優医会　あすか診療所【2:診療所】【診療科目:内科】三重県熊野市飛鳥町小阪９１５－６" }, "geometry": { "type": "Point", "coordinates": [ 136.091232, 33.936484 ] } },
{ "type": "Feature", "properties": { "ID": 2422240010870, "正式名称": "大石医院", "機関区分": 2, "都道府県コード": 24, "市区町村コード": 212, "所在地": "三重県熊野市井戸町６１５", "緯度": 33.888267, "経度": 136.100678, "url": "https://www.iryou.teikyouseido.mhlw.go.jp/znk-web/juminkanja/S2430/initialize?prefCd=24&kikanCd=2240010870&kikanKbn=2", "url2": null, "内容": "大石医院【2:診療所】【診療科目:内科_循環器内科_小児科】三重県熊野市井戸町６１５" }, "geometry": { "type": "Point", "coordinates": [ 136.100678, 33.888267 ] } },
{ "type": "Feature", "properties": { "ID": 2422240010890, "正式名称": "尾辻内科クリニック", "機関区分": 2, "都道府県コード": 24, "市区町村コード": 212, "所在地": "三重県熊野市井戸町９０３－７", "緯度": 33.891656, "経度": 136.095844, "url": "https://www.iryou.teikyouseido.mhlw.go.jp/znk-web/juminkanja/S2430/initialize?prefCd=24&kikanCd=2240010890&kikanKbn=2", "url2": "http://www.otsuji-cl.jp/", "内容": "尾辻内科クリニック【2:診療所】【診療科目:内科】三重県熊野市井戸町９０３－７" }, "geometry": { "type": "Point", "coordinates": [ 136.095844, 33.891656 ] } },
{ "type": "Feature", "properties": { "ID": 2422240010900, "正式名称": "尾呂志診療所", "機関区分": 2, "都道府県コード": 24, "市区町村コード": 561, "所在地": "三重県南牟婁郡御浜町上野７０－１", "緯度": 33.849047, "経度": 135.980078, "url": "https://www.iryou.teikyouseido.mhlw.go.jp/znk-web/juminkanja/S2430/initialize?prefCd=24&kikanCd=2240010900&kikanKbn=2", "url2": null, "内容": "尾呂志診療所【2:診療所】【診療科目:内科_外科_小児科】三重県南牟婁郡御浜町上野７０－１" }, "geometry": { "type": "Point", "coordinates": [ 135.980078, 33.849047 ] } },
{ "type": "Feature", "properties": { "ID": 2422240010920, "正式名称": "熊野市立紀和診療所", "機関区分": 2, "都道府県コード": 24, "市区町村コード": 212, "所在地": "三重県熊野市紀和町板屋８１", "緯度": 33.876571, "経度": 135.917193, "url": "https://www.iryou.teikyouseido.mhlw.go.jp/znk-web/juminkanja/S2430/initialize?prefCd=24&kikanCd=2240010920&kikanKbn=2", "url2": null, "内容": "熊野市立紀和診療所【2:診療所】【診療科目:内科_外科】三重県熊野市紀和町板屋８１" }, "geometry": { "type": "Point", "coordinates": [ 135.917193, 33.876571 ] } },
{ "type": "Feature", "properties": { "ID": 2422240010950, "正式名称": "医療法人社団　小山医院", "機関区分": 2, "都道府県コード": 24, "市区町村コード": 212, "所在地": "三重県熊野市有馬町２８５－１", "緯度": 33.87488, "経度": 136.087707, "url": "https://www.iryou.teikyouseido.mhlw.go.jp/znk-web/juminkanja/S2430/initialize?prefCd=24&kikanCd=2240010950&kikanKbn=2", "url2": null, "内容": "医療法人社団　小山医院【2:診療所】【診療科目:内科_小児科】三重県熊野市有馬町２８５－１" }, "geometry": { "type": "Point", "coordinates": [ 136.087707, 33.87488 ] } },
{ "type": "Feature", "properties": { "ID": 2422240010960, "正式名称": "和田医院", "機関区分": 2, "都道府県コード": 24, "市区町村コード": 212, "所在地": "三重県熊野市井戸町４９８６", "緯度": 33.886268, "経度": 136.0989, "url": "https://www.iryou.teikyouseido.mhlw.go.jp/znk-web/juminkanja/S2430/initialize?prefCd=24&kikanCd=2240010960&kikanKbn=2", "url2": null, "内容": "和田医院【2:診療所】【診療科目:内科】三重県熊野市井戸町４９８６" }, "geometry": { "type": "Point", "coordinates": [ 136.0989, 33.886268 ] } },
{ "type": "Feature", "properties": { "ID": 2422240011010, "正式名称": "谷口クリニック", "機関区分": 2, "都道府県コード": 24, "市区町村コード": 561, "所在地": "三重県南牟婁郡御浜町阿田和６０６６", "緯度": 33.81233, "経度": 136.04763, "url": "https://www.iryou.teikyouseido.mhlw.go.jp/znk-web/juminkanja/S2430/initialize?prefCd=24&kikanCd=2240011010&kikanKbn=2", "url2": null, "内容": "谷口クリニック【2:診療所】【診療科目:内科_外科_リハビリテーション科_放射線科】三重県南牟婁郡御浜町阿田和６０６６" }, "geometry": { "type": "Point", "coordinates": [ 136.04763, 33.81233 ] } },
{ "type": "Feature", "properties": { "ID": 2422240011020, "正式名称": "寺本クリニック", "機関区分": 2, "都道府県コード": 24, "市区町村コード": 562, "所在地": "三重県南牟婁郡紀宝町鵜殿７７８－１", "緯度": 33.735504, "経度": 136.009026, "url": "https://www.iryou.teikyouseido.mhlw.go.jp/znk-web/juminkanja/S2430/initialize?prefCd=24&kikanCd=2240011020&kikanKbn=2", "url2": null, "内容": "寺本クリニック【2:診療所】【診療科目:内科_消化器内科】三重県南牟婁郡紀宝町鵜殿７７８－１" }, "geometry": { "type": "Point", "coordinates": [ 136.009026, 33.735504 ] } },
{ "type": "Feature", "properties": { "ID": 2422240011040, "正式名称": "医療法人社団　アクアクリニック伊賀", "機関区分": 2, "都道府県コード": 24, "市区町村コード": 216, "所在地": "三重県伊賀市上野丸之内１０－８", "緯度": 34.766757, "経度": 136.125968, "url": "https://www.iryou.teikyouseido.mhlw.go.jp/znk-web/juminkanja/S2430/initialize?prefCd=24&kikanCd=2240011040&kikanKbn=2", "url2": null, "内容": "医療法人社団　アクアクリニック伊賀【2:診療所】【診療科目:内科_整形外科_美容皮膚科_リハビリテーション科】三重県伊賀市上野丸之内１０－８" }, "geometry": { "type": "Point", "coordinates": [ 136.125968, 34.766757 ] } },
{ "type": "Feature", "properties": { "ID": 2422240011050, "正式名称": "あずま診療所", "機関区分": 2, "都道府県コード": 24, "市区町村コード": 216, "所在地": "三重県伊賀市畑村１８９７－３", "緯度": 34.769064, "経度": 136.2076, "url": "https://www.iryou.teikyouseido.mhlw.go.jp/znk-web/juminkanja/S2430/initialize?prefCd=24&kikanCd=2240011050&kikanKbn=2", "url2": null, "内容": "あずま診療所【2:診療所】【診療科目:内科_消化器内科_外科】三重県伊賀市畑村１８９７－３" }, "geometry": { "type": "Point", "coordinates": [ 136.2076, 34.769064 ] } },
{ "type": "Feature", "properties": { "ID": 2422240011070, "正式名称": "伊賀市国民健康保険阿波診療所", "機関区分": 2, "都道府県コード": 24, "市区町村コード": 216, "所在地": "三重県伊賀市猿野１３３９－１", "緯度": 34.765843, "経度": 136.279844, "url": "https://www.iryou.teikyouseido.mhlw.go.jp/znk-web/juminkanja/S2430/initialize?prefCd=24&kikanCd=2240011070&kikanKbn=2", "url2": null, "内容": "伊賀市国民健康保険阿波診療所【2:診療所】【診療科目:内科_外科_整形外科_小児科】三重県伊賀市猿野１３３９－１" }, "geometry": { "type": "Point", "coordinates": [ 136.279844, 34.765843 ] } },
{ "type": "Feature", "properties": { "ID": 2422240011090, "正式名称": "伊藤医院", "機関区分": 2, "都道府県コード": 24, "市区町村コード": 216, "所在地": "三重県伊賀市上野魚町２８８６", "緯度": 34.765674, "経度": 136.130912, "url": "https://www.iryou.teikyouseido.mhlw.go.jp/znk-web/juminkanja/S2430/initialize?prefCd=24&kikanCd=2240011090&kikanKbn=2", "url2": null, "内容": "伊藤医院【2:診療所】【診療科目:内科】三重県伊賀市上野魚町２８８６" }, "geometry": { "type": "Point", "coordinates": [ 136.130912, 34.765674 ] } },
{ "type": "Feature", "properties": { "ID": 2422240011120, "正式名称": "馬岡医院", "機関区分": 2, "都道府県コード": 24, "市区町村コード": 216, "所在地": "三重県伊賀市上野丸之内１１６－３", "緯度": 34.769896, "経度": 136.130301, "url": "https://www.iryou.teikyouseido.mhlw.go.jp/znk-web/juminkanja/S2430/initialize?prefCd=24&kikanCd=2240011120&kikanKbn=2", "url2": null, "内容": "馬岡医院【2:診療所】【診療科目:内科_呼吸器内科_循環器内科】三重県伊賀市上野丸之内１１６－３" }, "geometry": { "type": "Point", "coordinates": [ 136.130301, 34.769896 ] } },
{ "type": "Feature", "properties": { "ID": 2422240011150, "正式名称": "医療法人　紀平医院", "機関区分": 2, "都道府県コード": 24, "市区町村コード": 216, "所在地": "三重県伊賀市柘植町２０３３－２", "緯度": 34.838974, "経度": 136.240622, "url": "https://www.iryou.teikyouseido.mhlw.go.jp/znk-web/juminkanja/S2430/initialize?prefCd=24&kikanCd=2240011150&kikanKbn=2", "url2": null, "内容": "医療法人　紀平医院【2:診療所】【診療科目:内科_小児科】三重県伊賀市柘植町２０３３－２" }, "geometry": { "type": "Point", "coordinates": [ 136.240622, 34.838974 ] } },
{ "type": "Feature", "properties": { "ID": 2422240011170, "正式名称": "医療法人　坂元皮フ科", "機関区分": 2, "都道府県コード": 24, "市区町村コード": 216, "所在地": "三重県伊賀市平野城北町１２３", "緯度": 34.773312, "経度": 136.133467, "url": "https://www.iryou.teikyouseido.mhlw.go.jp/znk-web/juminkanja/S2430/initialize?prefCd=24&kikanCd=2240011170&kikanKbn=2", "url2": null, "内容": "医療法人　坂元皮フ科【2:診療所】【診療科目:皮膚科】三重県伊賀市平野城北町１２３" }, "geometry": { "type": "Point", "coordinates": [ 136.133467, 34.773312 ] } },
{ "type": "Feature", "properties": { "ID": 2422240011180, "正式名称": "佐々木内科", "機関区分": 2, "都道府県コード": 24, "市区町村コード": 216, "所在地": "三重県伊賀市緑ケ丘本町１６２９－１", "緯度": 34.763063, "経度": 136.140662, "url": "https://www.iryou.teikyouseido.mhlw.go.jp/znk-web/juminkanja/S2430/initialize?prefCd=24&kikanCd=2240011180&kikanKbn=2", "url2": "https://sasakinaika-iga.com/", "内容": "佐々木内科【2:診療所】【診療科目:内科_糖尿病内科】三重県伊賀市緑ケ丘本町１６２９－１" }, "geometry": { "type": "Point", "coordinates": [ 136.140662, 34.763063 ] } },
{ "type": "Feature", "properties": { "ID": 2422240011190, "正式名称": "嶋地医院", "機関区分": 2, "都道府県コード": 24, "市区町村コード": 216, "所在地": "三重県伊賀市沖５０番地", "緯度": 34.715763, "経度": 136.152663, "url": "https://www.iryou.teikyouseido.mhlw.go.jp/znk-web/juminkanja/S2430/initialize?prefCd=24&kikanCd=2240011190&kikanKbn=2", "url2": null, "内容": "嶋地医院【2:診療所】【診療科目:内科_循環器内科】三重県伊賀市沖５０番地" }, "geometry": { "type": "Point", "coordinates": [ 136.152663, 34.715763 ] } },
{ "type": "Feature", "properties": { "ID": 2422240011200, "正式名称": "しもむら整形外科", "機関区分": 2, "都道府県コード": 24, "市区町村コード": 216, "所在地": "三重県伊賀市小田町２１２", "緯度": 34.773312, "経度": 136.123496, "url": "https://www.iryou.teikyouseido.mhlw.go.jp/znk-web/juminkanja/S2430/initialize?prefCd=24&kikanCd=2240011200&kikanKbn=2", "url2": null, "内容": "しもむら整形外科【2:診療所】【診療科目:整形外科_リハビリテーション科】三重県伊賀市小田町２１２" }, "geometry": { "type": "Point", "coordinates": [ 136.123496, 34.773312 ] } },
{ "type": "Feature", "properties": { "ID": 2422240011210, "正式名称": "滝井医院", "機関区分": 2, "都道府県コード": 24, "市区町村コード": 216, "所在地": "三重県伊賀市上野玄蕃町１９７－１", "緯度": 34.768535, "経度": 136.133634, "url": "https://www.iryou.teikyouseido.mhlw.go.jp/znk-web/juminkanja/S2430/initialize?prefCd=24&kikanCd=2240011210&kikanKbn=2", "url2": null, "内容": "滝井医院【2:診療所】【診療科目:内科_外科_整形外科_小児科_アレルギー科_リウマチ科_リハビリテーション科】三重県伊賀市上野玄蕃町１９７－１" }, "geometry": { "type": "Point", "coordinates": [ 136.133634, 34.768535 ] } },
{ "type": "Feature", "properties": { "ID": 2422240011240, "正式名称": "竹代クリニック", "機関区分": 2, "都道府県コード": 24, "市区町村コード": 216, "所在地": "三重県伊賀市平野中川原５５７－３", "緯度": 34.776367, "経度": 136.128912, "url": "https://www.iryou.teikyouseido.mhlw.go.jp/znk-web/juminkanja/S2430/initialize?prefCd=24&kikanCd=2240011240&kikanKbn=2", "url2": null, "内容": "竹代クリニック【2:診療所】【診療科目:内科_呼吸器内科_循環器内科_胃腸内科】三重県伊賀市平野中川原５５７－３" }, "geometry": { "type": "Point", "coordinates": [ 136.128912, 34.776367 ] } },
{ "type": "Feature", "properties": { "ID": 2422240011260, "正式名称": "谷本整形", "機関区分": 2, "都道府県コード": 24, "市区町村コード": 216, "所在地": "三重県伊賀市上野車坂町６２０", "緯度": 34.769424, "経度": 136.142772, "url": "https://www.iryou.teikyouseido.mhlw.go.jp/znk-web/juminkanja/S2430/initialize?prefCd=24&kikanCd=2240011260&kikanKbn=2", "url2": null, "内容": "谷本整形【2:診療所】【診療科目:内科_整形外科_リハビリテーション科】三重県伊賀市上野車坂町６２０" }, "geometry": { "type": "Point", "coordinates": [ 136.142772, 34.769424 ] } },
{ "type": "Feature", "properties": { "ID": 2422240011280, "正式名称": "医療法人　西浦会　にしうら眼科", "機関区分": 2, "都道府県コード": 24, "市区町村コード": 216, "所在地": "三重県伊賀市平野城北町１１６", "緯度": 34.774118, "経度": 136.13169, "url": "https://www.iryou.teikyouseido.mhlw.go.jp/znk-web/juminkanja/S2430/initialize?prefCd=24&kikanCd=2240011280&kikanKbn=2", "url2": "https://www.nishiura-ganka.com/", "内容": "医療法人　西浦会　にしうら眼科【2:診療所】【診療科目:眼科】三重県伊賀市平野城北町１１６" }, "geometry": { "type": "Point", "coordinates": [ 136.13169, 34.774118 ] } },
{ "type": "Feature", "properties": { "ID": 2422240011300, "正式名称": "松本胃腸内科", "機関区分": 2, "都道府県コード": 24, "市区町村コード": 216, "所在地": "三重県伊賀市荒木５３４－２", "緯度": 34.772535, "経度": 136.15841, "url": "https://www.iryou.teikyouseido.mhlw.go.jp/znk-web/juminkanja/S2430/initialize?prefCd=24&kikanCd=2240011300&kikanKbn=2", "url2": "http://www.matsumoto-ichonaika.com", "内容": "松本胃腸内科【2:診療所】【診療科目:内科_胃腸内科_肛門外科】三重県伊賀市荒木５３４－２" }, "geometry": { "type": "Point", "coordinates": [ 136.15841, 34.772535 ] } },
{ "type": "Feature", "properties": { "ID": 2422240011310, "正式名称": "ひねの整形外科", "機関区分": 2, "都道府県コード": 24, "市区町村コード": 216, "所在地": "三重県伊賀市平野城北町１３３", "緯度": 34.772923, "経度": 136.132967, "url": "https://www.iryou.teikyouseido.mhlw.go.jp/znk-web/juminkanja/S2430/initialize?prefCd=24&kikanCd=2240011310&kikanKbn=2", "url2": null, "内容": "ひねの整形外科【2:診療所】【診療科目:整形外科_リハビリテーション科】三重県伊賀市平野城北町１３３" }, "geometry": { "type": "Point", "coordinates": [ 136.132967, 34.772923 ] } },
{ "type": "Feature", "properties": { "ID": 2422240011320, "正式名称": "ひらい小児科クリニック", "機関区分": 2, "都道府県コード": 24, "市区町村コード": 216, "所在地": "三重県伊賀市西明寺２７８５－８", "緯度": 34.756509, "経度": 136.146773, "url": "https://www.iryou.teikyouseido.mhlw.go.jp/znk-web/juminkanja/S2430/initialize?prefCd=24&kikanCd=2240011320&kikanKbn=2", "url2": "https://hiraimedico.com/", "内容": "ひらい小児科クリニック【2:診療所】【診療科目:内科_小児科_皮膚科_アレルギー科】三重県伊賀市西明寺２７８５－８" }, "geometry": { "type": "Point", "coordinates": [ 136.146773, 34.756509 ] } },
{ "type": "Feature", "properties": { "ID": 2422240011350, "正式名称": "まちしクリニック", "機関区分": 2, "都道府県コード": 24, "市区町村コード": 216, "所在地": "三重県伊賀市下柘植１０９２", "緯度": 34.829224, "経度": 136.218208, "url": "https://www.iryou.teikyouseido.mhlw.go.jp/znk-web/juminkanja/S2430/initialize?prefCd=24&kikanCd=2240011350&kikanKbn=2", "url2": null, "内容": "まちしクリニック【2:診療所】【診療科目:内科_呼吸器内科_アレルギー科】三重県伊賀市下柘植１０９２" }, "geometry": { "type": "Point", "coordinates": [ 136.218208, 34.829224 ] } },
{ "type": "Feature", "properties": { "ID": 2422240011380, "正式名称": "医療法人　中産婦人科　緑ヶ丘クリニック", "機関区分": 2, "都道府県コード": 24, "市区町村コード": 216, "所在地": "三重県伊賀市緑ケ丘本町７６１", "緯度": 34.763925, "経度": 136.141162, "url": "https://www.iryou.teikyouseido.mhlw.go.jp/znk-web/juminkanja/S2430/initialize?prefCd=24&kikanCd=2240011380&kikanKbn=2", "url2": "http://midorigaokaclinic.com/", "内容": "医療法人　中産婦人科　緑ヶ丘クリニック【2:診療所】【診療科目:内科_小児科_産婦人科】三重県伊賀市緑ケ丘本町７６１" }, "geometry": { "type": "Point", "coordinates": [ 136.141162, 34.763925 ] } },
{ "type": "Feature", "properties": { "ID": 2422240011390, "正式名称": "宮本医院", "機関区分": 2, "都道府県コード": 24, "市区町村コード": 216, "所在地": "三重県伊賀市猪田１６０５", "緯度": 34.728289, "経度": 136.131331, "url": "https://www.iryou.teikyouseido.mhlw.go.jp/znk-web/juminkanja/S2430/initialize?prefCd=24&kikanCd=2240011390&kikanKbn=2", "url2": null, "内容": "宮本医院【2:診療所】【診療科目:内科_泌尿器科】三重県伊賀市猪田１６０５" }, "geometry": { "type": "Point", "coordinates": [ 136.131331, 34.728289 ] } },
{ "type": "Feature", "properties": { "ID": 2422240011400, "正式名称": "森田クリニック", "機関区分": 2, "都道府県コード": 24, "市区町村コード": 216, "所在地": "三重県伊賀市上野玄蕃町２１９－１", "緯度": 34.766841, "経度": 136.13394, "url": "https://www.iryou.teikyouseido.mhlw.go.jp/znk-web/juminkanja/S2430/initialize?prefCd=24&kikanCd=2240011400&kikanKbn=2", "url2": "http://website2.infomity.net/8390000043/", "内容": "森田クリニック【2:診療所】【診療科目:内科_アレルギー科】三重県伊賀市上野玄蕃町２１９－１" }, "geometry": { "type": "Point", "coordinates": [ 136.13394, 34.766841 ] } },
{ "type": "Feature", "properties": { "ID": 2422240011410, "正式名称": "ゆめが丘クリニック", "機関区分": 2, "都道府県コード": 24, "市区町村コード": 216, "所在地": "三重県伊賀市ゆめが丘４－２－２", "緯度": 34.736178, "経度": 136.157356, "url": "https://www.iryou.teikyouseido.mhlw.go.jp/znk-web/juminkanja/S2430/initialize?prefCd=24&kikanCd=2240011410&kikanKbn=2", "url2": null, "内容": "ゆめが丘クリニック【2:診療所】【診療科目:内科】三重県伊賀市ゆめが丘４－２－２" }, "geometry": { "type": "Point", "coordinates": [ 136.157356, 34.736178 ] } },
{ "type": "Feature", "properties": { "ID": 2422240011420, "正式名称": "医療法人吉村クリニック", "機関区分": 2, "都道府県コード": 24, "市区町村コード": 216, "所在地": "三重県伊賀市土橋１９２－１", "緯度": 34.791477, "経度": 136.149076, "url": "https://www.iryou.teikyouseido.mhlw.go.jp/znk-web/juminkanja/S2430/initialize?prefCd=24&kikanCd=2240011420&kikanKbn=2", "url2": null, "内容": "医療法人吉村クリニック【2:診療所】【診療科目:内科_消化器内科_外科_整形外科_リハビリテーション科】三重県伊賀市土橋１９２－１" }, "geometry": { "type": "Point", "coordinates": [ 136.149076, 34.791477 ] } },
{ "type": "Feature", "properties": { "ID": 2422240011440, "正式名称": "赤目養生診療所", "機関区分": 2, "都道府県コード": 24, "市区町村コード": 208, "所在地": "三重県名張市赤目町丈六４１１", "緯度": 34.602468, "経度": 136.074925, "url": "https://www.iryou.teikyouseido.mhlw.go.jp/znk-web/juminkanja/S2430/initialize?prefCd=24&kikanCd=2240011440&kikanKbn=2", "url2": null, "内容": "赤目養生診療所【2:診療所】【診療科目:内科】三重県名張市赤目町丈六４１１" }, "geometry": { "type": "Point", "coordinates": [ 136.074925, 34.602468 ] } },
{ "type": "Feature", "properties": { "ID": 2422240011470, "正式名称": "医療法人　上坂内科", "機関区分": 2, "都道府県コード": 24, "市区町村コード": 208, "所在地": "三重県名張市赤目町丈六２４７ー２", "緯度": 34.598386, "経度": 136.076202, "url": "https://www.iryou.teikyouseido.mhlw.go.jp/znk-web/juminkanja/S2430/initialize?prefCd=24&kikanCd=2240011470&kikanKbn=2", "url2": null, "内容": "医療法人　上坂内科【2:診療所】【診療科目:内科_呼吸器内科_アレルギー科】三重県名張市赤目町丈六２４７ー２" }, "geometry": { "type": "Point", "coordinates": [ 136.076202, 34.598386 ] } },
{ "type": "Feature", "properties": { "ID": 2422240011480, "正式名称": "医療法人　健生会", "機関区分": 2, "都道府県コード": 24, "市区町村コード": 208, "所在地": "三重県名張市鴻之台２番町２９－１", "緯度": 34.625133, "経度": 136.105282, "url": "https://www.iryou.teikyouseido.mhlw.go.jp/znk-web/juminkanja/S2430/initialize?prefCd=24&kikanCd=2240011480&kikanKbn=2", "url2": "https://uenami-naika.or.jp/", "内容": "医療法人　健生会【2:診療所】【診療科目:内科_呼吸器内科_アレルギー科_放射線科】三重県名張市鴻之台２番町２９－１" }, "geometry": { "type": "Point", "coordinates": [ 136.105282, 34.625133 ] } },
{ "type": "Feature", "properties": { "ID": 2422240011500, "正式名称": "おおふち医院", "機関区分": 2, "都道府県コード": 24, "市区町村コード": 208, "所在地": "三重県名張市梅が丘南１番町２０８", "緯度": 34.636271, "経度": 136.091144, "url": "https://www.iryou.teikyouseido.mhlw.go.jp/znk-web/juminkanja/S2430/initialize?prefCd=24&kikanCd=2240011500&kikanKbn=2", "url2": null, "内容": "おおふち医院【2:診療所】【診療科目:内科_小児科】三重県名張市梅が丘南１番町２０８" }, "geometry": { "type": "Point", "coordinates": [ 136.091144, 34.636271 ] } },
{ "type": "Feature", "properties": { "ID": 2422240011520, "正式名称": "医療法人　釜本医院", "機関区分": 2, "都道府県コード": 24, "市区町村コード": 208, "所在地": "三重県名張市木屋町１３８６番地", "緯度": 34.622772, "経度": 136.087506, "url": "https://www.iryou.teikyouseido.mhlw.go.jp/znk-web/juminkanja/S2430/initialize?prefCd=24&kikanCd=2240011520&kikanKbn=2", "url2": "http://www.kamamotoiin.com/", "内容": "医療法人　釜本医院【2:診療所】【診療科目:内科_消化器内科】三重県名張市木屋町１３８６番地" }, "geometry": { "type": "Point", "coordinates": [ 136.087506, 34.622772 ] } },
{ "type": "Feature", "properties": { "ID": 2422240011540, "正式名称": "川口皮フ科", "機関区分": 2, "都道府県コード": 24, "市区町村コード": 208, "所在地": "三重県名張市桔梗が丘３番町１－３１", "緯度": 34.643548, "経度": 136.11603, "url": "https://www.iryou.teikyouseido.mhlw.go.jp/znk-web/juminkanja/S2430/initialize?prefCd=24&kikanCd=2240011540&kikanKbn=2", "url2": null, "内容": "川口皮フ科【2:診療所】【診療科目:皮膚科】三重県名張市桔梗が丘３番町１－３１" }, "geometry": { "type": "Point", "coordinates": [ 136.11603, 34.643548 ] } },
{ "type": "Feature", "properties": { "ID": 2422240011550, "正式名称": "医療法人　川原田内科", "機関区分": 2, "都道府県コード": 24, "市区町村コード": 216, "所在地": "三重県伊賀市阿保１３２９－１", "緯度": 34.668269, "経度": 136.179135, "url": "https://www.iryou.teikyouseido.mhlw.go.jp/znk-web/juminkanja/S2430/initialize?prefCd=24&kikanCd=2240011550&kikanKbn=2", "url2": null, "内容": "医療法人　川原田内科【2:診療所】【診療科目:内科】三重県伊賀市阿保１３２９－１" }, "geometry": { "type": "Point", "coordinates": [ 136.179135, 34.668269 ] } },
{ "type": "Feature", "properties": { "ID": 2422240011560, "正式名称": "桔梗が丘四番町診療所", "機関区分": 2, "都道府県コード": 24, "市区町村コード": 208, "所在地": "三重県名張市桔梗が丘４番町３－４４", "緯度": 34.653019, "経度": 136.123835, "url": "https://www.iryou.teikyouseido.mhlw.go.jp/znk-web/juminkanja/S2430/initialize?prefCd=24&kikanCd=2240011560&kikanKbn=2", "url2": "http://kikyo.or.jp", "内容": "桔梗が丘四番町診療所【2:診療所】【診療科目:精神科_心療内科】三重県名張市桔梗が丘４番町３－４４" }, "geometry": { "type": "Point", "coordinates": [ 136.123835, 34.653019 ] } },
{ "type": "Feature", "properties": { "ID": 2422240011570, "正式名称": "医療法人　喜多医院", "機関区分": 2, "都道府県コード": 24, "市区町村コード": 208, "所在地": "三重県名張市桔梗が丘１番町３－３９", "緯度": 34.645353, "経度": 136.115142, "url": "https://www.iryou.teikyouseido.mhlw.go.jp/znk-web/juminkanja/S2430/initialize?prefCd=24&kikanCd=2240011570&kikanKbn=2", "url2": "http://kitaiinn-ykt.jp/index.html", "内容": "医療法人　喜多医院【2:診療所】【診療科目:内科_循環器内科_消化器内科_放射線科】三重県名張市桔梗が丘１番町３－３９" }, "geometry": { "type": "Point", "coordinates": [ 136.115142, 34.645353 ] } },
{ "type": "Feature", "properties": { "ID": 2422240011580, "正式名称": "医療法人　木野整形外科", "機関区分": 2, "都道府県コード": 24, "市区町村コード": 208, "所在地": "三重県名張市桔梗が丘４番町１街区７", "緯度": 34.648437, "経度": 136.120252, "url": "https://www.iryou.teikyouseido.mhlw.go.jp/znk-web/juminkanja/S2430/initialize?prefCd=24&kikanCd=2240011580&kikanKbn=2", "url2": null, "内容": "医療法人　木野整形外科【2:診療所】【診療科目:整形外科_リハビリテーション科】三重県名張市桔梗が丘４番町１街区７" }, "geometry": { "type": "Point", "coordinates": [ 136.120252, 34.648437 ] } },
{ "type": "Feature", "properties": { "ID": 2422240011590, "正式名称": "久保耳鼻咽喉科クリニック", "機関区分": 2, "都道府県コード": 24, "市区町村コード": 208, "所在地": "三重県名張市桔梗が丘２番町１－５４", "緯度": 34.638743, "経度": 136.115281, "url": "https://www.iryou.teikyouseido.mhlw.go.jp/znk-web/juminkanja/S2430/initialize?prefCd=24&kikanCd=2240011590&kikanKbn=2", "url2": "https://kubo-jibi-inkoka.com", "内容": "久保耳鼻咽喉科クリニック【2:診療所】【診療科目:耳鼻いんこう科】三重県名張市桔梗が丘２番町１－５４" }, "geometry": { "type": "Point", "coordinates": [ 136.115281, 34.638743 ] } },
{ "type": "Feature", "properties": { "ID": 2422240011610, "正式名称": "城医院", "機関区分": 2, "都道府県コード": 24, "市区町村コード": 216, "所在地": "三重県伊賀市別府１６２", "緯度": 34.674879, "経度": 136.183329, "url": "https://www.iryou.teikyouseido.mhlw.go.jp/znk-web/juminkanja/S2430/initialize?prefCd=24&kikanCd=2240011610&kikanKbn=2", "url2": null, "内容": "城医院【2:診療所】【診療科目:内科_循環器内科】三重県伊賀市別府１６２" }, "geometry": { "type": "Point", "coordinates": [ 136.183329, 34.674879 ] } },
{ "type": "Feature", "properties": { "ID": 2422240011620, "正式名称": "すぎのクリニック", "機関区分": 2, "都道府県コード": 24, "市区町村コード": 208, "所在地": "三重県名張市鴻之台２番町１１３", "緯度": 34.624717, "経度": 136.106754, "url": "https://www.iryou.teikyouseido.mhlw.go.jp/znk-web/juminkanja/S2430/initialize?prefCd=24&kikanCd=2240011620&kikanKbn=2", "url2": null, "内容": "すぎのクリニック【2:診療所】【診療科目:皮膚科_泌尿器科_アレルギー科】三重県名張市鴻之台２番町１１３" }, "geometry": { "type": "Point", "coordinates": [ 136.106754, 34.624717 ] } },
{ "type": "Feature", "properties": { "ID": 2422240011630, "正式名称": "医療法人　卓山医院", "機関区分": 2, "都道府県コード": 24, "市区町村コード": 208, "所在地": "三重県名張市桔梗が丘南１番町１－１５－４", "緯度": 34.636553, "経度": 136.119753, "url": "https://www.iryou.teikyouseido.mhlw.go.jp/znk-web/juminkanja/S2430/initialize?prefCd=24&kikanCd=2240011630&kikanKbn=2", "url2": "http://www.takayama-clinic.net", "内容": "医療法人　卓山医院【2:診療所】【診療科目:内科_小児科_婦人科】三重県名張市桔梗が丘南１番町１－１５－４" }, "geometry": { "type": "Point", "coordinates": [ 136.119753, 34.636553 ] } },
{ "type": "Feature", "properties": { "ID": 2422240011650, "正式名称": "医療法人　武田産婦人科", "機関区分": 2, "都道府県コード": 24, "市区町村コード": 208, "所在地": "三重県名張市鴻之台１番町１４４", "緯度": 34.628994, "経度": 136.10967, "url": "https://www.iryou.teikyouseido.mhlw.go.jp/znk-web/juminkanja/S2430/initialize?prefCd=24&kikanCd=2240011650&kikanKbn=2", "url2": "http://takeda-clinic.com/", "内容": "医療法人　武田産婦人科【2:診療所】【診療科目:産婦人科】三重県名張市鴻之台１番町１４４" }, "geometry": { "type": "Point", "coordinates": [ 136.10967, 34.628994 ] } },
{ "type": "Feature", "properties": { "ID": 2422240011660, "正式名称": "田合医院", "機関区分": 2, "都道府県コード": 24, "市区町村コード": 208, "所在地": "三重県名張市木屋町８１５", "緯度": 34.6223, "経度": 136.086312, "url": "https://www.iryou.teikyouseido.mhlw.go.jp/znk-web/juminkanja/S2430/initialize?prefCd=24&kikanCd=2240011660&kikanKbn=2", "url2": null, "内容": "田合医院【2:診療所】【診療科目:耳鼻いんこう科】三重県名張市木屋町８１５" }, "geometry": { "type": "Point", "coordinates": [ 136.086312, 34.6223 ] } },
{ "type": "Feature", "properties": { "ID": 2422240011680, "正式名称": "なばりこどもクリニック", "機関区分": 2, "都道府県コード": 24, "市区町村コード": 208, "所在地": "三重県名張市鴻之台３番町２４－２", "緯度": 34.626689, "経度": 136.104671, "url": "https://www.iryou.teikyouseido.mhlw.go.jp/znk-web/juminkanja/S2430/initialize?prefCd=24&kikanCd=2240011680&kikanKbn=2", "url2": "https://www.inamochi.net", "内容": "なばりこどもクリニック【2:診療所】【診療科目:小児科_アレルギー科】三重県名張市鴻之台３番町２４－２" }, "geometry": { "type": "Point", "coordinates": [ 136.104671, 34.626689 ] } },
{ "type": "Feature", "properties": { "ID": 2422240011690, "正式名称": "信岡医院", "機関区分": 2, "都道府県コード": 24, "市区町村コード": 208, "所在地": "三重県名張市桔梗が丘５番町１０－４５", "緯度": 34.641521, "経度": 136.130946, "url": "https://www.iryou.teikyouseido.mhlw.go.jp/znk-web/juminkanja/S2430/initialize?prefCd=24&kikanCd=2240011690&kikanKbn=2", "url2": "https://nobuchipepo.com/", "内容": "信岡医院【2:診療所】【診療科目:内科_小児科】三重県名張市桔梗が丘５番町１０－４５" }, "geometry": { "type": "Point", "coordinates": [ 136.130946, 34.641521 ] } },
{ "type": "Feature", "properties": { "ID": 2422240011700, "正式名称": "はしもと総合診療クリニック", "機関区分": 2, "都道府県コード": 24, "市区町村コード": 208, "所在地": "三重県名張市蔵持町里３２５８－２", "緯度": 34.644992, "経度": 136.106892, "url": "https://www.iryou.teikyouseido.mhlw.go.jp/znk-web/juminkanja/S2430/initialize?prefCd=24&kikanCd=2240011700&kikanKbn=2", "url2": "https://hashimoto-clinic.or.jp/", "内容": "はしもと総合診療クリニック【2:診療所】【診療科目:内科_消化器内科】三重県名張市蔵持町里３２５８－２" }, "geometry": { "type": "Point", "coordinates": [ 136.106892, 34.644992 ] } },
{ "type": "Feature", "properties": { "ID": 2422240011710, "正式名称": "医療法人　福喜多眼科医院", "機関区分": 2, "都道府県コード": 24, "市区町村コード": 208, "所在地": "三重県名張市桔梗が丘１番町４－７０", "緯度": 34.64727, "経度": 136.116863, "url": "https://www.iryou.teikyouseido.mhlw.go.jp/znk-web/juminkanja/S2430/initialize?prefCd=24&kikanCd=2240011710&kikanKbn=2", "url2": "http://www.fukukita-ganka.com/", "内容": "医療法人　福喜多眼科医院【2:診療所】【診療科目:眼科】三重県名張市桔梗が丘１番町４－７０" }, "geometry": { "type": "Point", "coordinates": [ 136.116863, 34.64727 ] } },
{ "type": "Feature", "properties": { "ID": 2422240011730, "正式名称": "医療法人　藤本産婦人科", "機関区分": 2, "都道府県コード": 24, "市区町村コード": 208, "所在地": "三重県名張市平尾３０６８－９", "緯度": 34.619661, "経度": 136.097505, "url": "https://www.iryou.teikyouseido.mhlw.go.jp/znk-web/juminkanja/S2430/initialize?prefCd=24&kikanCd=2240011730&kikanKbn=2", "url2": "https://website2.infomity.net/8390000053/", "内容": "医療法人　藤本産婦人科【2:診療所】【診療科目:産婦人科】三重県名張市平尾３０６８－９" }, "geometry": { "type": "Point", "coordinates": [ 136.097505, 34.619661 ] } },
{ "type": "Feature", "properties": { "ID": 2422240011740, "正式名称": "医療法人　康成会　ほりいクリニック", "機関区分": 2, "都道府県コード": 24, "市区町村コード": 208, "所在地": "三重県名張市百合が丘東２番町１３２－２", "緯度": 34.607968, "経度": 136.100867, "url": "https://www.iryou.teikyouseido.mhlw.go.jp/znk-web/juminkanja/S2430/initialize?prefCd=24&kikanCd=2240011740&kikanKbn=2", "url2": "http://www.kouseikai-med.com", "内容": "医療法人　康成会　ほりいクリニック【2:診療所】【診療科目:内科_泌尿器科】三重県名張市百合が丘東２番町１３２－２" }, "geometry": { "type": "Point", "coordinates": [ 136.100867, 34.607968 ] } },
{ "type": "Feature", "properties": { "ID": 2422240011750, "正式名称": "医療法人社団　和崇会　堀井内科", "機関区分": 2, "都道府県コード": 24, "市区町村コード": 208, "所在地": "三重県名張市桔梗が丘５番町４－１", "緯度": 34.63916, "経度": 136.121058, "url": "https://www.iryou.teikyouseido.mhlw.go.jp/znk-web/juminkanja/S2430/initialize?prefCd=24&kikanCd=2240011750&kikanKbn=2", "url2": null, "内容": "医療法人社団　和崇会　堀井内科【2:診療所】【診療科目:内科_呼吸器内科_循環器内科_消化器内科_放射線科】三重県名張市桔梗が丘５番町４－１" }, "geometry": { "type": "Point", "coordinates": [ 136.121058, 34.63916 ] } },
{ "type": "Feature", "properties": { "ID": 2422240011760, "正式名称": "前沢整形外科", "機関区分": 2, "都道府県コード": 24, "市区町村コード": 208, "所在地": "三重県名張市桜ケ丘３０８８－６２", "緯度": 34.621022, "経度": 136.097866, "url": "https://www.iryou.teikyouseido.mhlw.go.jp/znk-web/juminkanja/S2430/initialize?prefCd=24&kikanCd=2240011760&kikanKbn=2", "url2": null, "内容": "前沢整形外科【2:診療所】【診療科目:内科_外科_整形外科_リハビリテーション科】三重県名張市桜ケ丘３０８８－６２" }, "geometry": { "type": "Point", "coordinates": [ 136.097866, 34.621022 ] } },
{ "type": "Feature", "properties": { "ID": 2422240011810, "正式名称": "森岡内科クリニック", "機関区分": 2, "都道府県コード": 24, "市区町村コード": 208, "所在地": "三重県名張市丸之内３－１３", "緯度": 34.619745, "経度": 136.092311, "url": "https://www.iryou.teikyouseido.mhlw.go.jp/znk-web/juminkanja/S2430/initialize?prefCd=24&kikanCd=2240011810&kikanKbn=2", "url2": null, "内容": "森岡内科クリニック【2:診療所】【診療科目:内科_糖尿病・代謝内科】三重県名張市丸之内３－１３" }, "geometry": { "type": "Point", "coordinates": [ 136.092311, 34.619745 ] } },
{ "type": "Feature", "properties": { "ID": 2422240011820, "正式名称": "矢倉医院", "機関区分": 2, "都道府県コード": 24, "市区町村コード": 208, "所在地": "三重県名張市新田２２０２－２", "緯度": 34.663907, "経度": 136.127667, "url": "https://www.iryou.teikyouseido.mhlw.go.jp/znk-web/juminkanja/S2430/initialize?prefCd=24&kikanCd=2240011820&kikanKbn=2", "url2": null, "内容": "矢倉医院【2:診療所】【診療科目:内科_消化器内科_外科_肛門外科_皮膚科】三重県名張市新田２２０２－２" }, "geometry": { "type": "Point", "coordinates": [ 136.127667, 34.663907 ] } },
{ "type": "Feature", "properties": { "ID": 2422240011830, "正式名称": "やすだクリニック", "機関区分": 2, "都道府県コード": 24, "市区町村コード": 208, "所在地": "三重県名張市鴻之台１番町１５", "緯度": 34.629383, "経度": 136.106837, "url": "https://www.iryou.teikyouseido.mhlw.go.jp/znk-web/juminkanja/S2430/initialize?prefCd=24&kikanCd=2240011830&kikanKbn=2", "url2": null, "内容": "やすだクリニック【2:診療所】【診療科目:内科_循環器内科】三重県名張市鴻之台１番町１５" }, "geometry": { "type": "Point", "coordinates": [ 136.106837, 34.629383 ] } },
{ "type": "Feature", "properties": { "ID": 2422240011840, "正式名称": "山尾医院", "機関区分": 2, "都道府県コード": 24, "市区町村コード": 208, "所在地": "三重県名張市つつじが丘北４番町４", "緯度": 34.608385, "経度": 136.129781, "url": "https://www.iryou.teikyouseido.mhlw.go.jp/znk-web/juminkanja/S2430/initialize?prefCd=24&kikanCd=2240011840&kikanKbn=2", "url2": null, "内容": "山尾医院【2:診療所】【診療科目:内科_循環器内科_外科_血管外科】三重県名張市つつじが丘北４番町４" }, "geometry": { "type": "Point", "coordinates": [ 136.129781, 34.608385 ] } },
{ "type": "Feature", "properties": { "ID": 2422240011860, "正式名称": "湯村内科", "機関区分": 2, "都道府県コード": 24, "市区町村コード": 208, "所在地": "三重県名張市松崎町１３４３－１", "緯度": 34.624244, "経度": 136.088034, "url": "https://www.iryou.teikyouseido.mhlw.go.jp/znk-web/juminkanja/S2430/initialize?prefCd=24&kikanCd=2240011860&kikanKbn=2", "url2": null, "内容": "湯村内科【2:診療所】【診療科目:内科_呼吸器内科_循環器内科_胃腸内科】三重県名張市松崎町１３４３－１" }, "geometry": { "type": "Point", "coordinates": [ 136.088034, 34.624244 ] } },
{ "type": "Feature", "properties": { "ID": 2422240011870, "正式名称": "百合が丘クリニック", "機関区分": 2, "都道府県コード": 24, "市区町村コード": 208, "所在地": "三重県名張市百合が丘東１番町１４", "緯度": 34.608218, "経度": 136.101561, "url": "https://www.iryou.teikyouseido.mhlw.go.jp/znk-web/juminkanja/S2430/initialize?prefCd=24&kikanCd=2240011870&kikanKbn=2", "url2": "http://kampo-yurigaoka.com/", "内容": "百合が丘クリニック【2:診療所】【診療科目:内科_漢方内科_小児科_アレルギー科】三重県名張市百合が丘東１番町１４" }, "geometry": { "type": "Point", "coordinates": [ 136.101561, 34.608218 ] } },
{ "type": "Feature", "properties": { "ID": 2422240011940, "正式名称": "さとう糖尿病・訪問診療クリニック", "機関区分": 2, "都道府県コード": 24, "市区町村コード": 205, "所在地": "三重県桑名市大央町２１ー１５番地", "緯度": 35.062069, "経度": 136.689464, "url": "https://www.iryou.teikyouseido.mhlw.go.jp/znk-web/juminkanja/S2430/initialize?prefCd=24&kikanCd=2240011940&kikanKbn=2", "url2": "http://www.sato-group.jp/clinic/", "内容": "さとう糖尿病・訪問診療クリニック【2:診療所】【診療科目:内科_糖尿病内科_代謝内科_小児科】三重県桑名市大央町２１ー１５番地" }, "geometry": { "type": "Point", "coordinates": [ 136.689464, 35.062069 ] } },
{ "type": "Feature", "properties": { "ID": 2422240011960, "正式名称": "寺西胃腸科内科クリニック", "機関区分": 2, "都道府県コード": 24, "市区町村コード": 201, "所在地": "三重県津市野田浜垣内３６－１０", "緯度": 34.72049, "経度": 136.466998, "url": "https://www.iryou.teikyouseido.mhlw.go.jp/znk-web/juminkanja/S2430/initialize?prefCd=24&kikanCd=2240011960&kikanKbn=2", "url2": null, "内容": "寺西胃腸科内科クリニック【2:診療所】【診療科目:内科_胃腸内科_外科_肛門外科】三重県津市野田浜垣内３６－１０" }, "geometry": { "type": "Point", "coordinates": [ 136.466998, 34.72049 ] } },
{ "type": "Feature", "properties": { "ID": 2422240011970, "正式名称": "はやかわこどもクリニック", "機関区分": 2, "都道府県コード": 24, "市区町村コード": 201, "所在地": "三重県津市一身田上津部田１８１７", "緯度": 34.748071, "経度": 136.501549, "url": "https://www.iryou.teikyouseido.mhlw.go.jp/znk-web/juminkanja/S2430/initialize?prefCd=24&kikanCd=2240011970&kikanKbn=2", "url2": "http://www.hayakawakodomo.jp", "内容": "はやかわこどもクリニック【2:診療所】【診療科目:小児科】三重県津市一身田上津部田１８１７" }, "geometry": { "type": "Point", "coordinates": [ 136.501549, 34.748071 ] } },
{ "type": "Feature", "properties": { "ID": 2422240011980, "正式名称": "津眼科", "機関区分": 2, "都道府県コード": 24, "市区町村コード": 201, "所在地": "三重県津市一身田上津部田１８２４", "緯度": 34.748488, "経度": 136.501771, "url": "https://www.iryou.teikyouseido.mhlw.go.jp/znk-web/juminkanja/S2430/initialize?prefCd=24&kikanCd=2240011980&kikanKbn=2", "url2": null, "内容": "津眼科【2:診療所】【診療科目:眼科】三重県津市一身田上津部田１８２４" }, "geometry": { "type": "Point", "coordinates": [ 136.501771, 34.748488 ] } },
{ "type": "Feature", "properties": { "ID": 2422240012000, "正式名称": "ひかり心身クリニック", "機関区分": 2, "都道府県コード": 24, "市区町村コード": 202, "所在地": "三重県四日市市羽津町２３－２１", "緯度": 34.991631, "経度": 136.635582, "url": "https://www.iryou.teikyouseido.mhlw.go.jp/znk-web/juminkanja/S2430/initialize?prefCd=24&kikanCd=2240012000&kikanKbn=2", "url2": "http://www.hikari-kokoro.com/", "内容": "ひかり心身クリニック【2:診療所】【診療科目:精神科_心療内科_老年精神科】三重県四日市市羽津町２３－２１" }, "geometry": { "type": "Point", "coordinates": [ 136.635582, 34.991631 ] } },
{ "type": "Feature", "properties": { "ID": 2422240012010, "正式名称": "内科・消化器科　つかもとクリニック", "機関区分": 2, "都道府県コード": 24, "市区町村コード": 202, "所在地": "三重県四日市市三重１－６", "緯度": 34.991408, "経度": 136.588975, "url": "https://www.iryou.teikyouseido.mhlw.go.jp/znk-web/juminkanja/S2430/initialize?prefCd=24&kikanCd=2240012010&kikanKbn=2", "url2": "http://tsukamoto-clinic.com", "内容": "内科・消化器科　つかもとクリニック【2:診療所】【診療科目:内科_循環器内科_消化器内科】三重県四日市市三重１－６" }, "geometry": { "type": "Point", "coordinates": [ 136.588975, 34.991408 ] } },
{ "type": "Feature", "properties": { "ID": 2422240012020, "正式名称": "清水レディースクリニック", "機関区分": 2, "都道府県コード": 24, "市区町村コード": 201, "所在地": "三重県津市久居新町３００６　ポルタ久居１Ｆ", "緯度": 34.675607, "経度": 136.477193, "url": "https://www.iryou.teikyouseido.mhlw.go.jp/znk-web/juminkanja/S2430/initialize?prefCd=24&kikanCd=2240012020&kikanKbn=2", "url2": null, "内容": "清水レディースクリニック【2:診療所】【診療科目:産婦人科】三重県津市久居新町３００６　ポルタ久居１Ｆ" }, "geometry": { "type": "Point", "coordinates": [ 136.477193, 34.675607 ] } },
{ "type": "Feature", "properties": { "ID": 2422240012030, "正式名称": "長谷川耳鼻咽喉科", "機関区分": 2, "都道府県コード": 24, "市区町村コード": 202, "所在地": "三重県四日市市楠町南五味塚１５３－１", "緯度": 34.904918, "経度": 136.635559, "url": "https://www.iryou.teikyouseido.mhlw.go.jp/znk-web/juminkanja/S2430/initialize?prefCd=24&kikanCd=2240012030&kikanKbn=2", "url2": null, "内容": "長谷川耳鼻咽喉科【2:診療所】【診療科目:耳鼻いんこう科】三重県四日市市楠町南五味塚１５３－１" }, "geometry": { "type": "Point", "coordinates": [ 136.635559, 34.904918 ] } },
{ "type": "Feature", "properties": { "ID": 2422240012050, "正式名称": "おおすみ整形外科", "機関区分": 2, "都道府県コード": 24, "市区町村コード": 216, "所在地": "三重県伊賀市柏野６００番地の１", "緯度": 34.812531, "経度": 136.1901, "url": "https://www.iryou.teikyouseido.mhlw.go.jp/znk-web/juminkanja/S2430/initialize?prefCd=24&kikanCd=2240012050&kikanKbn=2", "url2": "http://www.ict.ne.jp/~oosumi/", "内容": "おおすみ整形外科【2:診療所】【診療科目:整形外科_リウマチ科_リハビリテーション科】三重県伊賀市柏野６００番地の１" }, "geometry": { "type": "Point", "coordinates": [ 136.1901, 34.812531 ] } },
{ "type": "Feature", "properties": { "ID": 2422240012060, "正式名称": "医療法人　整形外科　たかしクリニック", "機関区分": 2, "都道府県コード": 24, "市区町村コード": 201, "所在地": "三重県津市一身田上津部田１８１７", "緯度": 34.748738, "経度": 136.501216, "url": "https://www.iryou.teikyouseido.mhlw.go.jp/znk-web/juminkanja/S2430/initialize?prefCd=24&kikanCd=2240012060&kikanKbn=2", "url2": "http://www.tsu-m-mall.com", "内容": "医療法人　整形外科　たかしクリニック【2:診療所】【診療科目:整形外科_小児外科_リウマチ科_リハビリテーション科】三重県津市一身田上津部田１８１７" }, "geometry": { "type": "Point", "coordinates": [ 136.501216, 34.748738 ] } },
{ "type": "Feature", "properties": { "ID": 2422240012070, "正式名称": "大橋クリニック", "機関区分": 2, "都道府県コード": 24, "市区町村コード": 201, "所在地": "三重県津市桜橋３－６１－４", "緯度": 34.739989, "経度": 136.518076, "url": "https://www.iryou.teikyouseido.mhlw.go.jp/znk-web/juminkanja/S2430/initialize?prefCd=24&kikanCd=2240012070&kikanKbn=2", "url2": null, "内容": "大橋クリニック【2:診療所】【診療科目:内科_胃腸内科_肛門外科_リハビリテーション科】三重県津市桜橋３－６１－４" }, "geometry": { "type": "Point", "coordinates": [ 136.518076, 34.739989 ] } },
{ "type": "Feature", "properties": { "ID": 2422240012080, "正式名称": "野町どい眼科", "機関区分": 2, "都道府県コード": 24, "市区町村コード": 207, "所在地": "三重県鈴鹿市野町東１丁目１１番１０号", "緯度": 34.851589, "経度": 136.572066, "url": "https://www.iryou.teikyouseido.mhlw.go.jp/znk-web/juminkanja/S2430/initialize?prefCd=24&kikanCd=2240012080&kikanKbn=2", "url2": "https://www.doiganka.jp/", "内容": "野町どい眼科【2:診療所】【診療科目:眼科】三重県鈴鹿市野町東１丁目１１番１０号" }, "geometry": { "type": "Point", "coordinates": [ 136.572066, 34.851589 ] } },
{ "type": "Feature", "properties": { "ID": 2422240012090, "正式名称": "まつおか整形外科", "機関区分": 2, "都道府県コード": 24, "市区町村コード": 201, "所在地": "三重県津市幸町１２－１０", "緯度": 34.70702, "経度": 136.505356, "url": "https://www.iryou.teikyouseido.mhlw.go.jp/znk-web/juminkanja/S2430/initialize?prefCd=24&kikanCd=2240012090&kikanKbn=2", "url2": "https://seikei-matsuoka.com", "内容": "まつおか整形外科【2:診療所】【診療科目:整形外科_リウマチ科_リハビリテーション科】三重県津市幸町１２－１０" }, "geometry": { "type": "Point", "coordinates": [ 136.505356, 34.70702 ] } },
{ "type": "Feature", "properties": { "ID": 2422240012100, "正式名称": "日置クリニック", "機関区分": 2, "都道府県コード": 24, "市区町村コード": 202, "所在地": "三重県四日市市室山町５０３－１", "緯度": 34.955051, "経度": 136.575478, "url": "https://www.iryou.teikyouseido.mhlw.go.jp/znk-web/juminkanja/S2430/initialize?prefCd=24&kikanCd=2240012100&kikanKbn=2", "url2": "https//hioki-clinic.jp", "内容": "日置クリニック【2:診療所】【診療科目:小児皮膚科_小児泌尿器科_皮膚科_皮膚泌尿器科_泌尿器科_男性泌尿器科_神経泌尿器科_腎臓・泌尿器科】三重県四日市市室山町５０３－１" }, "geometry": { "type": "Point", "coordinates": [ 136.575478, 34.955051 ] } },
{ "type": "Feature", "properties": { "ID": 2422240012110, "正式名称": "医療法人社団愛敬会　山崎外科内科", "機関区分": 2, "都道府県コード": 24, "市区町村コード": 203, "所在地": "三重県伊勢市楠部町乙７７", "緯度": 34.476188, "経度": 136.729348, "url": "https://www.iryou.teikyouseido.mhlw.go.jp/znk-web/juminkanja/S2430/initialize?prefCd=24&kikanCd=2240012110&kikanKbn=2", "url2": "http://yamazaki-gekanaika.com", "内容": "医療法人社団愛敬会　山崎外科内科【2:診療所】【診療科目:内科_胃腸内科_外科_肛門外科_リハビリテーション科】三重県伊勢市楠部町乙７７" }, "geometry": { "type": "Point", "coordinates": [ 136.729348, 34.476188 ] } },
{ "type": "Feature", "properties": { "ID": 2422240012120, "正式名称": "医療法人　奈々光会　ナオミレディースクリニック", "機関区分": 2, "都道府県コード": 24, "市区町村コード": 204, "所在地": "三重県松阪市深長町８２３", "緯度": 34.577756, "経度": 136.483725, "url": "https://www.iryou.teikyouseido.mhlw.go.jp/znk-web/juminkanja/S2430/initialize?prefCd=24&kikanCd=2240012120&kikanKbn=2", "url2": "http://www.naomi-ladies.jp/", "内容": "医療法人　奈々光会　ナオミレディースクリニック【2:診療所】【診療科目:産婦人科】三重県松阪市深長町８２３" }, "geometry": { "type": "Point", "coordinates": [ 136.483725, 34.577756 ] } },
{ "type": "Feature", "properties": { "ID": 2422240012130, "正式名称": "社会福祉法人　大和高原育成福祉会", "機関区分": 2, "都道府県コード": 24, "市区町村コード": 201, "所在地": "三重県津市一身田上津部田１８１７", "緯度": 34.748627, "経度": 136.501494, "url": "https://www.iryou.teikyouseido.mhlw.go.jp/znk-web/juminkanja/S2430/initialize?prefCd=24&kikanCd=2240012130&kikanKbn=2", "url2": null, "内容": "社会福祉法人　大和高原育成福祉会【2:診療所】【診療科目:内科_呼吸器内科_循環器内科_消化器内科】三重県津市一身田上津部田１８１７" }, "geometry": { "type": "Point", "coordinates": [ 136.501494, 34.748627 ] } },
{ "type": "Feature", "properties": { "ID": 2422240012140, "正式名称": "つおき高橋クリニック", "機関区分": 2, "都道府県コード": 24, "市区町村コード": 201, "所在地": "三重県津市三重町津興４３３－８７", "緯度": 62206530574.0, "経度": 136.518216, "url": "https://www.iryou.teikyouseido.mhlw.go.jp/znk-web/juminkanja/S2430/initialize?prefCd=24&kikanCd=2240012140&kikanKbn=2", "url2": null, "内容": "つおき高橋クリニック【2:診療所】【診療科目:内科_消化器内科_外科_肛門外科_リハビリテーション科】三重県津市三重町津興４３３－８７" }, "geometry": { "type": "Point", "coordinates": [ 136.518216, 62206530574.0 ] } },
{ "type": "Feature", "properties": { "ID": 2422240012170, "正式名称": "医療法人　佐那具医院", "機関区分": 2, "都道府県コード": 24, "市区町村コード": 216, "所在地": "三重県伊賀市佐那具町４２０", "緯度": 34.802893, "経度": 136.17013, "url": "https://www.iryou.teikyouseido.mhlw.go.jp/znk-web/juminkanja/S2430/initialize?prefCd=24&kikanCd=2240012170&kikanKbn=2", "url2": "https://samaguclinic.com", "内容": "医療法人　佐那具医院【2:診療所】【診療科目:内科_消化器内科_泌尿器科】三重県伊賀市佐那具町４２０" }, "geometry": { "type": "Point", "coordinates": [ 136.17013, 34.802893 ] } },
{ "type": "Feature", "properties": { "ID": 2422240012180, "正式名称": "医療法人　恵生会　嬉野医院", "機関区分": 2, "都道府県コード": 24, "市区町村コード": 204, "所在地": "三重県松阪市嬉野町１４２５－３", "緯度": 34.62439, "経度": 136.48089, "url": "https://www.iryou.teikyouseido.mhlw.go.jp/znk-web/juminkanja/S2430/initialize?prefCd=24&kikanCd=2240012180&kikanKbn=2", "url2": "http://ureshino4455.jp/", "内容": "医療法人　恵生会　嬉野医院【2:診療所】【診療科目:内科_消化器内科_リウマチ科_放射線科】三重県松阪市嬉野町１４２５－３" }, "geometry": { "type": "Point", "coordinates": [ 136.48089, 34.62439 ] } },
{ "type": "Feature", "properties": { "ID": 2422240012200, "正式名称": "やまもと胃腸科内科", "機関区分": 2, "都道府県コード": 24, "市区町村コード": 202, "所在地": "三重県四日市市日永西１－４５４５", "緯度": 34.955495, "経度": 136.600587, "url": "https://www.iryou.teikyouseido.mhlw.go.jp/znk-web/juminkanja/S2430/initialize?prefCd=24&kikanCd=2240012200&kikanKbn=2", "url2": null, "内容": "やまもと胃腸科内科【2:診療所】【診療科目:内科_胃腸内科】三重県四日市市日永西１－４５４５" }, "geometry": { "type": "Point", "coordinates": [ 136.600587, 34.955495 ] } },
{ "type": "Feature", "properties": { "ID": 2422240012210, "正式名称": "西山クリニック", "機関区分": 2, "都道府県コード": 24, "市区町村コード": 203, "所在地": "三重県伊勢市一之木２－１１－１８", "緯度": 34.495602, "経度": 136.704849, "url": "https://www.iryou.teikyouseido.mhlw.go.jp/znk-web/juminkanja/S2430/initialize?prefCd=24&kikanCd=2240012210&kikanKbn=2", "url2": "https://nishiyama-clinic.jp/index2.html", "内容": "西山クリニック【2:診療所】【診療科目:内科_循環器内科】三重県伊勢市一之木２－１１－１８" }, "geometry": { "type": "Point", "coordinates": [ 136.704849, 34.495602 ] } },
{ "type": "Feature", "properties": { "ID": 2422240012220, "正式名称": "まえのへた脳神経クリニック", "機関区分": 2, "都道府県コード": 24, "市区町村コード": 204, "所在地": "三重県松阪市駅部田町７５２－１", "緯度": 34.552954, "経度": 136.525473, "url": "https://www.iryou.teikyouseido.mhlw.go.jp/znk-web/juminkanja/S2430/initialize?prefCd=24&kikanCd=2240012220&kikanKbn=2", "url2": "https://neuron.undo.jp", "内容": "まえのへた脳神経クリニック【2:診療所】【診療科目:内科_神経内科_脳神経外科】三重県松阪市駅部田町７５２－１" }, "geometry": { "type": "Point", "coordinates": [ 136.525473, 34.552954 ] } },
{ "type": "Feature", "properties": { "ID": 2422240012230, "正式名称": "関岡クリニック", "機関区分": 2, "都道府県コード": 24, "市区町村コード": 472, "所在地": "三重県度会郡南伊勢町五ケ所浦４１３３", "緯度": 34.350423, "経度": 136.705412, "url": "https://www.iryou.teikyouseido.mhlw.go.jp/znk-web/juminkanja/S2430/initialize?prefCd=24&kikanCd=2240012230&kikanKbn=2", "url2": "http://www.sekioka-clinic.org", "内容": "関岡クリニック【2:診療所】【診療科目:内科_糖尿病内科_呼吸器内科_循環器内科_消化器内科_アレルギー科】三重県度会郡南伊勢町五ケ所浦４１３３" }, "geometry": { "type": "Point", "coordinates": [ 136.705412, 34.350423 ] } },
{ "type": "Feature", "properties": { "ID": 2422240012250, "正式名称": "はまぐち内科クリニック", "機関区分": 2, "都道府県コード": 24, "市区町村コード": 203, "所在地": "三重県伊勢市上地町４２１０－３", "緯度": 34.493935, "経度": 136.660964, "url": "https://www.iryou.teikyouseido.mhlw.go.jp/znk-web/juminkanja/S2430/initialize?prefCd=24&kikanCd=2240012250&kikanKbn=2", "url2": null, "内容": "はまぐち内科クリニック【2:診療所】【診療科目:内科】三重県伊勢市上地町４２１０－３" }, "geometry": { "type": "Point", "coordinates": [ 136.660964, 34.493935 ] } },
{ "type": "Feature", "properties": { "ID": 2422240012260, "正式名称": "ますずがわ神経内科クリニック", "機関区分": 2, "都道府県コード": 24, "市区町村コード": 207, "所在地": "三重県鈴鹿市飯野寺家町８１７－３", "緯度": 34.876865, "経度": 136.573093, "url": "https://www.iryou.teikyouseido.mhlw.go.jp/znk-web/juminkanja/S2430/initialize?prefCd=24&kikanCd=2240012260&kikanKbn=2", "url2": "http://www.masuzugawa.com/", "内容": "ますずがわ神経内科クリニック【2:診療所】【診療科目:内科_神経内科】三重県鈴鹿市飯野寺家町８１７－３" }, "geometry": { "type": "Point", "coordinates": [ 136.573093, 34.876865 ] } },
{ "type": "Feature", "properties": { "ID": 2422240012270, "正式名称": "梅田クリニック", "機関区分": 2, "都道府県コード": 24, "市区町村コード": 442, "所在地": "三重県多気郡明和町斎宮北野３７２６－２", "緯度": 34.544123, "経度": 136.623937, "url": "https://www.iryou.teikyouseido.mhlw.go.jp/znk-web/juminkanja/S2430/initialize?prefCd=24&kikanCd=2240012270&kikanKbn=2", "url2": "https://www.umedacl.com  https://www.489map.com/helios/A3699044/reserve/syoshin", "内容": "梅田クリニック【2:診療所】【診療科目:内科_消化器内科_外科_リハビリテーション科】三重県多気郡明和町斎宮北野３７２６－２" }, "geometry": { "type": "Point", "coordinates": [ 136.623937, 34.544123 ] } },
{ "type": "Feature", "properties": { "ID": 2422240012280, "正式名称": "いなべこどもクリニック", "機関区分": 2, "都道府県コード": 24, "市区町村コード": 214, "所在地": "三重県いなべ市員弁町大泉２５１２－１", "緯度": 35.094647, "経度": 136.570277, "url": "https://www.iryou.teikyouseido.mhlw.go.jp/znk-web/juminkanja/S2430/initialize?prefCd=24&kikanCd=2240012280&kikanKbn=2", "url2": "http://www.inabekodomo.com", "内容": "いなべこどもクリニック【2:診療所】【診療科目:小児科_アレルギー科】三重県いなべ市員弁町大泉２５１２－１" }, "geometry": { "type": "Point", "coordinates": [ 136.570277, 35.094647 ] } },
{ "type": "Feature", "properties": { "ID": 2422240012290, "正式名称": "医療法人のぼのクリニック", "機関区分": 2, "都道府県コード": 24, "市区町村コード": 210, "所在地": "三重県亀山市能褒野町７９－２２", "緯度": 34.88764, "経度": 136.482961, "url": "https://www.iryou.teikyouseido.mhlw.go.jp/znk-web/juminkanja/S2430/initialize?prefCd=24&kikanCd=2240012290&kikanKbn=2", "url2": "https://nobonoclinic.jp", "内容": "医療法人のぼのクリニック【2:診療所】【診療科目:内科_外科_脳神経外科_リハビリテーション科】三重県亀山市能褒野町７９－２２" }, "geometry": { "type": "Point", "coordinates": [ 136.482961, 34.88764 ] } },
{ "type": "Feature", "properties": { "ID": 2422240012300, "正式名称": "医療法人こだま　木村クリニック", "機関区分": 2, "都道府県コード": 24, "市区町村コード": 203, "所在地": "三重県伊勢市船江１－２－３８", "緯度": 34.497658, "経度": 136.714682, "url": "https://www.iryou.teikyouseido.mhlw.go.jp/znk-web/juminkanja/S2430/initialize?prefCd=24&kikanCd=2240012300&kikanKbn=2", "url2": "http://www.kimura-c.jp", "内容": "医療法人こだま　木村クリニック【2:診療所】【診療科目:内科_呼吸器内科_循環器内科】三重県伊勢市船江１－２－３８" }, "geometry": { "type": "Point", "coordinates": [ 136.714682, 34.497658 ] } },
{ "type": "Feature", "properties": { "ID": 2422240012410, "正式名称": "きひら内科消化器科", "機関区分": 2, "都道府県コード": 24, "市区町村コード": 324, "所在地": "三重県員弁郡東員町山田１７６１", "緯度": 35.074982, "経度": 136.584333, "url": "https://www.iryou.teikyouseido.mhlw.go.jp/znk-web/juminkanja/S2430/initialize?prefCd=24&kikanCd=2240012410&kikanKbn=2", "url2": null, "内容": "きひら内科消化器科【2:診療所】【診療科目:内科_消化器内科_皮膚科】三重県員弁郡東員町山田１７６１" }, "geometry": { "type": "Point", "coordinates": [ 136.584333, 35.074982 ] } },
{ "type": "Feature", "properties": { "ID": 2422240012420, "正式名称": "大辻整形外科", "機関区分": 2, "都道府県コード": 24, "市区町村コード": 204, "所在地": "三重県松阪市大黒田町１８４１－１", "緯度": 34.571119, "経度": 136.522917, "url": "https://www.iryou.teikyouseido.mhlw.go.jp/znk-web/juminkanja/S2430/initialize?prefCd=24&kikanCd=2240012420&kikanKbn=2", "url2": null, "内容": "大辻整形外科【2:診療所】【診療科目:整形外科_リウマチ科_リハビリテーション科】三重県松阪市大黒田町１８４１－１" }, "geometry": { "type": "Point", "coordinates": [ 136.522917, 34.571119 ] } },
{ "type": "Feature", "properties": { "ID": 2422240012430, "正式名称": "伊勢外宮前クリニック", "機関区分": 2, "都道府県コード": 24, "市区町村コード": 203, "所在地": "三重県伊勢市宮後１－６－１０", "緯度": 34.491797, "経度": 136.707211, "url": "https://www.iryou.teikyouseido.mhlw.go.jp/znk-web/juminkanja/S2430/initialize?prefCd=24&kikanCd=2240012430&kikanKbn=2", "url2": "http://gekumae.com/", "内容": "伊勢外宮前クリニック【2:診療所】【診療科目:形成外科_皮膚科】三重県伊勢市宮後１－６－１０" }, "geometry": { "type": "Point", "coordinates": [ 136.707211, 34.491797 ] } },
{ "type": "Feature", "properties": { "ID": 2422240012450, "正式名称": "コスモスクリニック", "機関区分": 2, "都道府県コード": 24, "市区町村コード": 201, "所在地": "三重県津市一志町小山１４３４－２", "緯度": 34.644248, "経度": 136.450142, "url": "https://www.iryou.teikyouseido.mhlw.go.jp/znk-web/juminkanja/S2430/initialize?prefCd=24&kikanCd=2240012450&kikanKbn=2", "url2": "https://cosmos-cl.com/", "内容": "コスモスクリニック【2:診療所】【診療科目:内科_小児科】三重県津市一志町小山１４３４－２" }, "geometry": { "type": "Point", "coordinates": [ 136.450142, 34.644248 ] } },
{ "type": "Feature", "properties": { "ID": 2422240012460, "正式名称": "鈴鹿腎クリニック", "機関区分": 2, "都道府県コード": 24, "市区町村コード": 207, "所在地": "三重県鈴鹿市安塚町８８０番地", "緯度": 34.866477, "経度": 136.577343, "url": "https://www.iryou.teikyouseido.mhlw.go.jp/znk-web/juminkanja/S2430/initialize?prefCd=24&kikanCd=2240012460&kikanKbn=2", "url2": "http://www.josuikai.jp", "内容": "鈴鹿腎クリニック【2:診療所】【診療科目:内科_人工透析内科_皮膚科】三重県鈴鹿市安塚町８８０番地" }, "geometry": { "type": "Point", "coordinates": [ 136.577343, 34.866477 ] } },
{ "type": "Feature", "properties": { "ID": 2422240012490, "正式名称": "医療法人　せと整形外科", "機関区分": 2, "都道府県コード": 24, "市区町村コード": 207, "所在地": "三重県鈴鹿市道伯町２０６５－５", "緯度": 34.860227, "経度": 136.547207, "url": "https://www.iryou.teikyouseido.mhlw.go.jp/znk-web/juminkanja/S2430/initialize?prefCd=24&kikanCd=2240012490&kikanKbn=2", "url2": "http://www.setomedical.com/index.htm", "内容": "医療法人　せと整形外科【2:診療所】【診療科目:整形外科_リウマチ科_リハビリテーション科】三重県鈴鹿市道伯町２０６５－５" }, "geometry": { "type": "Point", "coordinates": [ 136.547207, 34.860227 ] } },
{ "type": "Feature", "properties": { "ID": 2422240012500, "正式名称": "医療法人　山の手内科クリニック", "機関区分": 2, "都道府県コード": 24, "市区町村コード": 201, "所在地": "三重県津市一身田上津部田３０８６－３", "緯度": 34.740961, "経度": 136.501161, "url": "https://www.iryou.teikyouseido.mhlw.go.jp/znk-web/juminkanja/S2430/initialize?prefCd=24&kikanCd=2240012500&kikanKbn=2", "url2": "http://www.zb.ztv.ne.jp/yamanote.clinic/", "内容": "医療法人　山の手内科クリニック【2:診療所】【診療科目:内科_糖尿病内科_代謝内科_内分泌内科】三重県津市一身田上津部田３０８６－３" }, "geometry": { "type": "Point", "coordinates": [ 136.501161, 34.740961 ] } },
{ "type": "Feature", "properties": { "ID": 2422240012510, "正式名称": "在宅医療クリニック　ゆめ", "機関区分": 2, "都道府県コード": 24, "市区町村コード": 204, "所在地": "三重県松阪市田村町４７６－１", "緯度": 34.560175, "経度": 136.513418, "url": "https://www.iryou.teikyouseido.mhlw.go.jp/znk-web/juminkanja/S2430/initialize?prefCd=24&kikanCd=2240012510&kikanKbn=2", "url2": null, "内容": "在宅医療クリニック　ゆめ【2:診療所】【診療科目:内科_外科】三重県松阪市田村町４７６－１" }, "geometry": { "type": "Point", "coordinates": [ 136.513418, 34.560175 ] } },
{ "type": "Feature", "properties": { "ID": 2422240012520, "正式名称": "医療法人　なかむら心身医学クリニック", "機関区分": 2, "都道府県コード": 24, "市区町村コード": 203, "所在地": "三重県伊勢市御薗町新開１０－３", "緯度": 34.506546, "経度": 136.719014, "url": "https://www.iryou.teikyouseido.mhlw.go.jp/znk-web/juminkanja/S2430/initialize?prefCd=24&kikanCd=2240012520&kikanKbn=2", "url2": null, "内容": "医療法人　なかむら心身医学クリニック【2:診療所】【診療科目:精神科_心療内科】三重県伊勢市御薗町新開１０－３" }, "geometry": { "type": "Point", "coordinates": [ 136.719014, 34.506546 ] } },
{ "type": "Feature", "properties": { "ID": 2422240012530, "正式名称": "医療法人　清潮会　赤坂クリニック", "機関区分": 2, "都道府県コード": 24, "市区町村コード": 211, "所在地": "三重県鳥羽市大明東町２０９０－３０５", "緯度": 34.467691, "経度": 136.849061, "url": "https://www.iryou.teikyouseido.mhlw.go.jp/znk-web/juminkanja/S2430/initialize?prefCd=24&kikanCd=2240012530&kikanKbn=2", "url2": "http://www.akasaka-clinic.com", "内容": "医療法人　清潮会　赤坂クリニック【2:診療所】【診療科目:内科_消化器内科_外科_肛門外科_婦人科_リハビリテーション科】三重県鳥羽市大明東町２０９０－３０５" }, "geometry": { "type": "Point", "coordinates": [ 136.849061, 34.467691 ] } },
{ "type": "Feature", "properties": { "ID": 2422240012540, "正式名称": "おかむらクリニック", "機関区分": 2, "都道府県コード": 24, "市区町村コード": 215, "所在地": "三重県志摩市阿児町鵜方３０１６－２４　三重ファミリービル２階", "緯度": 34.328011, "経度": 136.835985, "url": "https://www.iryou.teikyouseido.mhlw.go.jp/znk-web/juminkanja/S2430/initialize?prefCd=24&kikanCd=2240012540&kikanKbn=2", "url2": null, "内容": "おかむらクリニック【2:診療所】【診療科目:内科_胃腸内科_外科_肛門外科】三重県志摩市阿児町鵜方３０１６－２４　三重ファミリービル２階" }, "geometry": { "type": "Point", "coordinates": [ 136.835985, 34.328011 ] } },
{ "type": "Feature", "properties": { "ID": 2422240012550, "正式名称": "医療法人そんじん会　伊勢志摩腎クリニック志摩分院", "機関区分": 2, "都道府県コード": 24, "市区町村コード": 215, "所在地": "三重県志摩市阿児町鵜方１０４７－２５０", "緯度": 34.328733, "経度": 136.813209, "url": "https://www.iryou.teikyouseido.mhlw.go.jp/znk-web/juminkanja/S2430/initialize?prefCd=24&kikanCd=2240012550&kikanKbn=2", "url2": "https://isejin.jp/shima.html", "内容": "医療法人そんじん会　伊勢志摩腎クリニック志摩分院【2:診療所】【診療科目:人工透析内科】三重県志摩市阿児町鵜方１０４７－２５０" }, "geometry": { "type": "Point", "coordinates": [ 136.813209, 34.328733 ] } },
{ "type": "Feature", "properties": { "ID": 2422240012560, "正式名称": "ひらぬま内科クリニック", "機関区分": 2, "都道府県コード": 24, "市区町村コード": 207, "所在地": "三重県鈴鹿市柳町１６５７－１", "緯度": 34.874088, "経度": 136.600591, "url": "https://www.iryou.teikyouseido.mhlw.go.jp/znk-web/juminkanja/S2430/initialize?prefCd=24&kikanCd=2240012560&kikanKbn=2", "url2": null, "内容": "ひらぬま内科クリニック【2:診療所】【診療科目:内科_循環器内科_胃腸内科】三重県鈴鹿市柳町１６５７－１" }, "geometry": { "type": "Point", "coordinates": [ 136.600591, 34.874088 ] } },
{ "type": "Feature", "properties": { "ID": 2422240012580, "正式名称": "松山神経内科", "機関区分": 2, "都道府県コード": 24, "市区町村コード": 204, "所在地": "三重県松阪市川井町７２８－８", "緯度": 34.578534, "経度": 136.516945, "url": "https://www.iryou.teikyouseido.mhlw.go.jp/znk-web/juminkanja/S2430/initialize?prefCd=24&kikanCd=2240012580&kikanKbn=2", "url2": null, "内容": "松山神経内科【2:診療所】【診療科目:内科_神経内科】三重県松阪市川井町７２８－８" }, "geometry": { "type": "Point", "coordinates": [ 136.516945, 34.578534 ] } },
{ "type": "Feature", "properties": { "ID": 2422240012590, "正式名称": "いせ山川クリニック", "機関区分": 2, "都道府県コード": 24, "市区町村コード": 203, "所在地": "三重県伊勢市小木町５５７", "緯度": 34.505851, "経度": 136.723597, "url": "https://www.iryou.teikyouseido.mhlw.go.jp/znk-web/juminkanja/S2430/initialize?prefCd=24&kikanCd=2240012590&kikanKbn=2", "url2": "http://www.iseyamakawa-clinic.com", "内容": "いせ山川クリニック【2:診療所】【診療科目:内科_神経内科_脳神経外科_リハビリテーション科】三重県伊勢市小木町５５７" }, "geometry": { "type": "Point", "coordinates": [ 136.723597, 34.505851 ] } },
{ "type": "Feature", "properties": { "ID": 2422240012600, "正式名称": "あずまクリニック", "機関区分": 2, "都道府県コード": 24, "市区町村コード": 216, "所在地": "三重県伊賀市服部町３－１０１", "緯度": 34.771813, "経度": 136.142383, "url": "https://www.iryou.teikyouseido.mhlw.go.jp/znk-web/juminkanja/S2430/initialize?prefCd=24&kikanCd=2240012600&kikanKbn=2", "url2": null, "内容": "あずまクリニック【2:診療所】【診療科目:内科_胃腸内科_外科】三重県伊賀市服部町３－１０１" }, "geometry": { "type": "Point", "coordinates": [ 136.142383, 34.771813 ] } },
{ "type": "Feature", "properties": { "ID": 2422240012610, "正式名称": "もりえい病院附属伊勢湾岸クリニック", "機関区分": 2, "都道府県コード": 24, "市区町村コード": 303, "所在地": "三重県桑名郡木曽岬町和富１０番１７", "緯度": 35.066903, "経度": 136.751153, "url": "https://www.iryou.teikyouseido.mhlw.go.jp/znk-web/juminkanja/S2430/initialize?prefCd=24&kikanCd=2240012610&kikanKbn=2", "url2": "https://www.isewangan.jp/", "内容": "もりえい病院附属伊勢湾岸クリニック【2:診療所】【診療科目:内科_外科_乳腺外科_肛門外科_整形外科_小児科_婦人科_皮膚科_リハビリテーション科】三重県桑名郡木曽岬町和富１０番１７" }, "geometry": { "type": "Point", "coordinates": [ 136.751153, 35.066903 ] } },
{ "type": "Feature", "properties": { "ID": 2422240012640, "正式名称": "医療法人　優進会　いまむら整形外科", "機関区分": 2, "都道府県コード": 24, "市区町村コード": 216, "所在地": "三重県伊賀市久米町字大坪６６６", "緯度": 34.75437, "経度": 136.133579, "url": "https://www.iryou.teikyouseido.mhlw.go.jp/znk-web/juminkanja/S2430/initialize?prefCd=24&kikanCd=2240012640&kikanKbn=2", "url2": "https://imamura-seikei.com/", "内容": "医療法人　優進会　いまむら整形外科【2:診療所】【診療科目:整形外科_リウマチ科_リハビリテーション科】三重県伊賀市久米町字大坪６６６" }, "geometry": { "type": "Point", "coordinates": [ 136.133579, 34.75437 ] } },
{ "type": "Feature", "properties": { "ID": 2422240012650, "正式名称": "おおたキッズクリニック", "機関区分": 2, "都道府県コード": 24, "市区町村コード": 207, "所在地": "三重県鈴鹿市弓削町１１６０－１", "緯度": 34.884919, "経度": 136.549344, "url": "https://www.iryou.teikyouseido.mhlw.go.jp/znk-web/juminkanja/S2430/initialize?prefCd=24&kikanCd=2240012650&kikanKbn=2", "url2": "http://otakidsclinic.com", "内容": "おおたキッズクリニック【2:診療所】【診療科目:小児科】三重県鈴鹿市弓削町１１６０－１" }, "geometry": { "type": "Point", "coordinates": [ 136.549344, 34.884919 ] } },
{ "type": "Feature", "properties": { "ID": 2422240012670, "正式名称": "川野眼科", "機関区分": 2, "都道府県コード": 24, "市区町村コード": 202, "所在地": "三重県四日市市日永西１丁目３０－１２", "緯度": 34.955607, "経度": 136.600365, "url": "https://www.iryou.teikyouseido.mhlw.go.jp/znk-web/juminkanja/S2430/initialize?prefCd=24&kikanCd=2240012670&kikanKbn=2", "url2": "http://www.kawano-eye.com", "内容": "川野眼科【2:診療所】【診療科目:眼科】三重県四日市市日永西１丁目３０－１２" }, "geometry": { "type": "Point", "coordinates": [ 136.600365, 34.955607 ] } },
{ "type": "Feature", "properties": { "ID": 2422240012710, "正式名称": "桑名アイクリニック", "機関区分": 2, "都道府県コード": 24, "市区町村コード": 205, "所在地": "三重県桑名市寿町２丁目３１－１２三交桑名駅前ビル１Ｆ", "緯度": 35.065422, "経度": 136.684153, "url": "https://www.iryou.teikyouseido.mhlw.go.jp/znk-web/juminkanja/S2430/initialize?prefCd=24&kikanCd=2240012710&kikanKbn=2", "url2": null, "内容": "桑名アイクリニック【2:診療所】【診療科目:眼科】三重県桑名市寿町２丁目３１－１２三交桑名駅前ビル１Ｆ" }, "geometry": { "type": "Point", "coordinates": [ 136.684153, 35.065422 ] } },
{ "type": "Feature", "properties": { "ID": 2422240012730, "正式名称": "一般財団法人　三重県産業衛生協会　くわな健康クリニック", "機関区分": 2, "都道府県コード": 24, "市区町村コード": 205, "所在地": "三重県桑名市中央町３－２３　桑名シティホテル２Ｆ", "緯度": 35.064291, "経度": 136.686436, "url": "https://www.iryou.teikyouseido.mhlw.go.jp/znk-web/juminkanja/S2430/initialize?prefCd=24&kikanCd=2240012730&kikanKbn=2", "url2": "https://www.kenkoshindan.or.jp", "内容": "一般財団法人　三重県産業衛生協会　くわな健康クリニック【2:診療所】【診療科目:内科_消化器内科】三重県桑名市中央町３－２３　桑名シティホテル２Ｆ" }, "geometry": { "type": "Point", "coordinates": [ 136.686436, 35.064291 ] } },
{ "type": "Feature", "properties": { "ID": 2422240012740, "正式名称": "佐藤内科", "機関区分": 2, "都道府県コード": 24, "市区町村コード": 205, "所在地": "三重県桑名市福島新町２６", "緯度": 35.076928, "経度": 136.682186, "url": "https://www.iryou.teikyouseido.mhlw.go.jp/znk-web/juminkanja/S2430/initialize?prefCd=24&kikanCd=2240012740&kikanKbn=2", "url2": "http://www.sato-naika.com/", "内容": "佐藤内科【2:診療所】【診療科目:内科_呼吸器内科_循環器内科_リウマチ科】三重県桑名市福島新町２６" }, "geometry": { "type": "Point", "coordinates": [ 136.682186, 35.076928 ] } },
{ "type": "Feature", "properties": { "ID": 2422240012970, "正式名称": "ゆう眼科クリニック", "機関区分": 2, "都道府県コード": 24, "市区町村コード": 202, "所在地": "三重県四日市市安島１－３－３１　アピタ四日市店２階", "緯度": 34.968828, "経度": 136.616418, "url": "https://www.iryou.teikyouseido.mhlw.go.jp/znk-web/juminkanja/S2430/initialize?prefCd=24&kikanCd=2240012970&kikanKbn=2", "url2": null, "内容": "ゆう眼科クリニック【2:診療所】【診療科目:眼科】三重県四日市市安島１－３－３１　アピタ四日市店２階" }, "geometry": { "type": "Point", "coordinates": [ 136.616418, 34.968828 ] } },
{ "type": "Feature", "properties": { "ID": 2422240012980, "正式名称": "医療法人　愛済会　らんクリニック", "機関区分": 2, "都道府県コード": 24, "市区町村コード": 202, "所在地": "三重県四日市市松本３－９－１１", "緯度": 34.969883, "経度": 136.589032, "url": "https://www.iryou.teikyouseido.mhlw.go.jp/znk-web/juminkanja/S2430/initialize?prefCd=24&kikanCd=2240012980&kikanKbn=2", "url2": null, "内容": "医療法人　愛済会　らんクリニック【2:診療所】【診療科目:内科_脳神経外科_リハビリテーション科】三重県四日市市松本３－９－１１" }, "geometry": { "type": "Point", "coordinates": [ 136.589032, 34.969883 ] } },
{ "type": "Feature", "properties": { "ID": 2422240012990, "正式名称": "リハビリ整形外科Ｉクリニック", "機関区分": 2, "都道府県コード": 24, "市区町村コード": 341, "所在地": "三重県三重郡菰野町潤田１１９８－１", "緯度": 35.021292, "経度": 136.507175, "url": "https://www.iryou.teikyouseido.mhlw.go.jp/znk-web/juminkanja/S2430/initialize?prefCd=24&kikanCd=2240012990&kikanKbn=2", "url2": "https://sites.google.com/view/komonoiclinic/", "内容": "リハビリ整形外科Ｉクリニック【2:診療所】【診療科目:整形外科_リウマチ科】三重県三重郡菰野町潤田１１９８－１" }, "geometry": { "type": "Point", "coordinates": [ 136.507175, 35.021292 ] } },
{ "type": "Feature", "properties": { "ID": 2422240013230, "正式名称": "医療法人　健真会", "機関区分": 2, "都道府県コード": 24, "市区町村コード": 202, "所在地": "三重県四日市市鵜の森１丁目１番１９号太平洋鵜の森ビル２階", "緯度": 34.965356, "経度": 136.618029, "url": "https://www.iryou.teikyouseido.mhlw.go.jp/znk-web/juminkanja/S2430/initialize?prefCd=24&kikanCd=2240013230&kikanKbn=2", "url2": "https://www.shiromoto.to/clinic/yokkaichi/", "内容": "医療法人　健真会【2:診療所】【診療科目:形成外科_美容外科_皮膚科】三重県四日市市鵜の森１丁目１番１９号太平洋鵜の森ビル２階" }, "geometry": { "type": "Point", "coordinates": [ 136.618029, 34.965356 ] } },
{ "type": "Feature", "properties": { "ID": 2422240013240, "正式名称": "水沢病院附属四日市診療所", "機関区分": 2, "都道府県コード": 24, "市区町村コード": 202, "所在地": "三重県四日市市九の城町１５－１０", "緯度": 34.963523, "経度": 136.615863, "url": "https://www.iryou.teikyouseido.mhlw.go.jp/znk-web/juminkanja/S2430/initialize?prefCd=24&kikanCd=2240013240&kikanKbn=2", "url2": "http://www.suizawahp.com", "内容": "水沢病院附属四日市診療所【2:診療所】【診療科目:精神科】三重県四日市市九の城町１５－１０" }, "geometry": { "type": "Point", "coordinates": [ 136.615863, 34.963523 ] } },
{ "type": "Feature", "properties": { "ID": 2422240013460, "正式名称": "医療法人坂倉ペインクリニック在宅診療所", "機関区分": 2, "都道府県コード": 24, "市区町村コード": 207, "所在地": "三重県鈴鹿市伊船町１０１０－１", "緯度": 34.930607, "経度": 136.478765, "url": "https://www.iryou.teikyouseido.mhlw.go.jp/znk-web/juminkanja/S2430/initialize?prefCd=24&kikanCd=2240013460&kikanKbn=2", "url2": null, "内容": "医療法人坂倉ペインクリニック在宅診療所【2:診療所】【診療科目:内科_外科_麻酔科】三重県鈴鹿市伊船町１０１０－１" }, "geometry": { "type": "Point", "coordinates": [ 136.478765, 34.930607 ] } },
{ "type": "Feature", "properties": { "ID": 2422240013620, "正式名称": "鈴鹿回生病院附属クリニック", "機関区分": 2, "都道府県コード": 24, "市区町村コード": 207, "所在地": "三重県鈴鹿市国府町１１２－２", "緯度": 34.859587, "経度": 136.495156, "url": "https://www.iryou.teikyouseido.mhlw.go.jp/znk-web/juminkanja/S2430/initialize?prefCd=24&kikanCd=2240013620&kikanKbn=2", "url2": "http://www.kaiseihp.com", "内容": "鈴鹿回生病院附属クリニック【2:診療所】【診療科目:内科_血液内科_脳神経内科_呼吸器内科_循環器内科_消化器内科_腎臓内科_神経内科_外科_脳神経外科_呼吸器外科_心臓血管外科_消化器外科_整形外科_形成外科_小児科_産婦人科_眼科_耳鼻いんこう科_皮膚科】三重県鈴鹿市国府町１１２－２" }, "geometry": { "type": "Point", "coordinates": [ 136.495156, 34.859587 ] } },
{ "type": "Feature", "properties": { "ID": 2422240013790, "正式名称": "医療法人　和　さくら美容外科", "機関区分": 2, "都道府県コード": 24, "市区町村コード": 201, "所在地": "三重県津市柳山津興３３０６", "緯度": 34.708715, "経度": 136.512106, "url": "https://www.iryou.teikyouseido.mhlw.go.jp/znk-web/juminkanja/S2430/initialize?prefCd=24&kikanCd=2240013790&kikanKbn=2", "url2": "https://www.sakurabiyougeka.com", "内容": "医療法人　和　さくら美容外科【2:診療所】【診療科目:形成外科_美容外科_皮膚科】三重県津市柳山津興３３０６" }, "geometry": { "type": "Point", "coordinates": [ 136.512106, 34.708715 ] } },
{ "type": "Feature", "properties": { "ID": 2422240013800, "正式名称": "しおりの里クリニック", "機関区分": 2, "都道府県コード": 24, "市区町村コード": 201, "所在地": "三重県津市野田２０３３ー１", "緯度": 34.715352, "経度": 136.461943, "url": "https://www.iryou.teikyouseido.mhlw.go.jp/znk-web/juminkanja/S2430/initialize?prefCd=24&kikanCd=2240013800&kikanKbn=2", "url2": null, "内容": "しおりの里クリニック【2:診療所】【診療科目:内科_リハビリテーション科】三重県津市野田２０３３ー１" }, "geometry": { "type": "Point", "coordinates": [ 136.461943, 34.715352 ] } },
{ "type": "Feature", "properties": { "ID": 2422240013830, "正式名称": "つつじメンタルクリニック", "機関区分": 2, "都道府県コード": 24, "市区町村コード": 201, "所在地": "三重県津市大谷町２２６　喜多ビル２階", "緯度": 34.733795, "経度": 136.508855, "url": "https://www.iryou.teikyouseido.mhlw.go.jp/znk-web/juminkanja/S2430/initialize?prefCd=24&kikanCd=2240013830&kikanKbn=2", "url2": null, "内容": "つつじメンタルクリニック【2:診療所】【診療科目:精神科_心療内科】三重県津市大谷町２２６　喜多ビル２階" }, "geometry": { "type": "Point", "coordinates": [ 136.508855, 34.733795 ] } },
{ "type": "Feature", "properties": { "ID": 2422240014040, "正式名称": "西出医院", "機関区分": 2, "都道府県コード": 24, "市区町村コード": 201, "所在地": "三重県津市久居野村町６００－２１", "緯度": 34.674829, "経度": 136.493081, "url": "https://www.iryou.teikyouseido.mhlw.go.jp/znk-web/juminkanja/S2430/initialize?prefCd=24&kikanCd=2240014040&kikanKbn=2", "url2": null, "内容": "西出医院【2:診療所】【診療科目:内科】三重県津市久居野村町６００－２１" }, "geometry": { "type": "Point", "coordinates": [ 136.493081, 34.674829 ] } },
{ "type": "Feature", "properties": { "ID": 2422240014130, "正式名称": "藤本内科", "機関区分": 2, "都道府県コード": 24, "市区町村コード": 201, "所在地": "三重県津市戸木町７８６０－３", "緯度": 34.68055, "経度": 136.450057, "url": "https://www.iryou.teikyouseido.mhlw.go.jp/znk-web/juminkanja/S2430/initialize?prefCd=24&kikanCd=2240014130&kikanKbn=2", "url2": null, "内容": "藤本内科【2:診療所】【診療科目:内科_消化器内科】三重県津市戸木町７８６０－３" }, "geometry": { "type": "Point", "coordinates": [ 136.450057, 34.68055 ] } },
{ "type": "Feature", "properties": { "ID": 2422240014300, "正式名称": "緑の街医院", "機関区分": 2, "都道府県コード": 24, "市区町村コード": 201, "所在地": "三重県津市長岡町３０１８－３", "緯度": 34.741461, "経度": 136.485801, "url": "https://www.iryou.teikyouseido.mhlw.go.jp/znk-web/juminkanja/S2430/initialize?prefCd=24&kikanCd=2240014300&kikanKbn=2", "url2": null, "内容": "緑の街医院【2:診療所】【診療科目:内科_胃腸内科_外科】三重県津市長岡町３０１８－３" }, "geometry": { "type": "Point", "coordinates": [ 136.485801, 34.741461 ] } },
{ "type": "Feature", "properties": { "ID": 2422240014310, "正式名称": "澤田眼科", "機関区分": 2, "都道府県コード": 24, "市区町村コード": 201, "所在地": "三重県津市久居明神町２０８９－１", "緯度": 34.687938, "経度": 136.465194, "url": "https://www.iryou.teikyouseido.mhlw.go.jp/znk-web/juminkanja/S2430/initialize?prefCd=24&kikanCd=2240014310&kikanKbn=2", "url2": null, "内容": "澤田眼科【2:診療所】【診療科目:眼科】三重県津市久居明神町２０８９－１" }, "geometry": { "type": "Point", "coordinates": [ 136.465194, 34.687938 ] } },
{ "type": "Feature", "properties": { "ID": 2422240014540, "正式名称": "波瀬診療所", "機関区分": 2, "都道府県コード": 24, "市区町村コード": 204, "所在地": "三重県松阪市飯高町波瀬１４８", "緯度": 34.421572, "経度": 136.141872, "url": "https://www.iryou.teikyouseido.mhlw.go.jp/znk-web/juminkanja/S2430/initialize?prefCd=24&kikanCd=2240014540&kikanKbn=2", "url2": null, "内容": "波瀬診療所【2:診療所】【診療科目:内科】三重県松阪市飯高町波瀬１４８" }, "geometry": { "type": "Point", "coordinates": [ 136.141872, 34.421572 ] } },
{ "type": "Feature", "properties": { "ID": 2422240014600, "正式名称": "大杉谷診療所", "機関区分": 2, "都道府県コード": 24, "市区町村コード": 443, "所在地": "三重県多気郡大台町久豆２６６－１", "緯度": 34.280339, "経度": 136.214011, "url": "https://www.iryou.teikyouseido.mhlw.go.jp/znk-web/juminkanja/S2430/initialize?prefCd=24&kikanCd=2240014600&kikanKbn=2", "url2": null, "内容": "大杉谷診療所【2:診療所】【診療科目:内科】三重県多気郡大台町久豆２６６－１" }, "geometry": { "type": "Point", "coordinates": [ 136.214011, 34.280339 ] } },
{ "type": "Feature", "properties": { "ID": 2422240014700, "正式名称": "医療法人緑心会　おざき内科クリニック", "機関区分": 2, "都道府県コード": 24, "市区町村コード": 203, "所在地": "三重県伊勢市御薗町高向６８６－２７", "緯度": 34.497518, "経度": 136.698128, "url": "https://www.iryou.teikyouseido.mhlw.go.jp/znk-web/juminkanja/S2430/initialize?prefCd=24&kikanCd=2240014700&kikanKbn=2", "url2": null, "内容": "医療法人緑心会　おざき内科クリニック【2:診療所】【診療科目:内科_循環器内科】三重県伊勢市御薗町高向６８６－２７" }, "geometry": { "type": "Point", "coordinates": [ 136.698128, 34.497518 ] } },
{ "type": "Feature", "properties": { "ID": 2422240014710, "正式名称": "横浜ゴム健康保険組合三重診療所", "機関区分": 2, "都道府県コード": 24, "市区町村コード": 203, "所在地": "三重県伊勢市御薗町高向１０３８番地", "緯度": 34.497046, "経度": 136.695933, "url": "https://www.iryou.teikyouseido.mhlw.go.jp/znk-web/juminkanja/S2430/initialize?prefCd=24&kikanCd=2240014710&kikanKbn=2", "url2": null, "内容": "横浜ゴム健康保険組合三重診療所【2:診療所】【診療科目:内科_糖尿病・代謝内科】三重県伊勢市御薗町高向１０３８番地" }, "geometry": { "type": "Point", "coordinates": [ 136.695933, 34.497046 ] } },
{ "type": "Feature", "properties": { "ID": 2422240014900, "正式名称": "鳥羽市立鏡浦診療所", "機関区分": 2, "都道府県コード": 24, "市区町村コード": 211, "所在地": "三重県鳥羽市浦村町１３７３－４", "緯度": 34.443139, "経度": 136.889364, "url": "https://www.iryou.teikyouseido.mhlw.go.jp/znk-web/juminkanja/S2430/initialize?prefCd=24&kikanCd=2240014900&kikanKbn=2", "url2": null, "内容": "鳥羽市立鏡浦診療所【2:診療所】【診療科目:内科_外科_小児科】三重県鳥羽市浦村町１３７３－４" }, "geometry": { "type": "Point", "coordinates": [ 136.889364, 34.443139 ] } },
{ "type": "Feature", "properties": { "ID": 2422240014910, "正式名称": "医療法人　夕凪会", "機関区分": 2, "都道府県コード": 24, "市区町村コード": 211, "所在地": "三重県鳥羽市大明西町１－１　イオン鳥羽店２階", "緯度": 34.470163, "経度": 136.84745, "url": "https://www.iryou.teikyouseido.mhlw.go.jp/znk-web/juminkanja/S2430/initialize?prefCd=24&kikanCd=2240014910&kikanKbn=2", "url2": "http://www.kobayashi-naika-cl.com/", "内容": "医療法人　夕凪会【2:診療所】【診療科目:内科_消化器内科_リハビリテーション科】三重県鳥羽市大明西町１－１　イオン鳥羽店２階" }, "geometry": { "type": "Point", "coordinates": [ 136.84745, 34.470163 ] } },
{ "type": "Feature", "properties": { "ID": 2422240015180, "正式名称": "社会福祉法人　伊賀市社会事業協会　梨ノ木診療所", "機関区分": 2, "都道府県コード": 24, "市区町村コード": 216, "所在地": "三重県伊賀市朝屋２２８４", "緯度": 34.755703, "経度": 136.107248, "url": "https://www.iryou.teikyouseido.mhlw.go.jp/znk-web/juminkanja/S2430/initialize?prefCd=24&kikanCd=2240015180&kikanKbn=2", "url2": "http://www.iga-sjk.or.jp/", "内容": "社会福祉法人　伊賀市社会事業協会　梨ノ木診療所【2:診療所】【診療科目:内科_整形外科_リウマチ科_リハビリテーション科】三重県伊賀市朝屋２２８４" }, "geometry": { "type": "Point", "coordinates": [ 136.107248, 34.755703 ] } },
{ "type": "Feature", "properties": { "ID": 2422240015280, "正式名称": "医療法人　紀南会　尾鷲診療所", "機関区分": 2, "都道府県コード": 24, "市区町村コード": 209, "所在地": "三重県尾鷲市野地町１３番地２", "緯度": 34.074971, "経度": 136.190773, "url": "https://www.iryou.teikyouseido.mhlw.go.jp/znk-web/juminkanja/S2430/initialize?prefCd=24&kikanCd=2240015280&kikanKbn=2", "url2": "https://www.kumano-hp.jp/", "内容": "医療法人　紀南会　尾鷲診療所【2:診療所】【診療科目:内科_精神科】三重県尾鷲市野地町１３番地２" }, "geometry": { "type": "Point", "coordinates": [ 136.190773, 34.074971 ] } },
{ "type": "Feature", "properties": { "ID": 2422240015310, "正式名称": "三浦診療所", "機関区分": 2, "都道府県コード": 24, "市区町村コード": 543, "所在地": "三重県北牟婁郡紀北町三浦２０５－１", "緯度": 34.167019, "経度": 136.28115, "url": "https://www.iryou.teikyouseido.mhlw.go.jp/znk-web/juminkanja/S2430/initialize?prefCd=24&kikanCd=2240015310&kikanKbn=2", "url2": null, "内容": "三浦診療所【2:診療所】【診療科目:内科_外科】三重県北牟婁郡紀北町三浦２０５－１" }, "geometry": { "type": "Point", "coordinates": [ 136.28115, 34.167019 ] } },
{ "type": "Feature", "properties": { "ID": 2422240015350, "正式名称": "熊野市立育生へき地出張診療所", "機関区分": 2, "都道府県コード": 24, "市区町村コード": 212, "所在地": "三重県熊野市育生町長井３６２番地２", "緯度": 33.92665, "経度": 135.981436, "url": "https://www.iryou.teikyouseido.mhlw.go.jp/znk-web/juminkanja/S2430/initialize?prefCd=24&kikanCd=2240015350&kikanKbn=2", "url2": null, "内容": "熊野市立育生へき地出張診療所【2:診療所】【診療科目:内科_外科】三重県熊野市育生町長井３６２番地２" }, "geometry": { "type": "Point", "coordinates": [ 135.981436, 33.92665 ] } },
{ "type": "Feature", "properties": { "ID": 2422240015360, "正式名称": "紀南病院附属小森診療所", "機関区分": 2, "都道府県コード": 24, "市区町村コード": 212, "所在地": "三重県熊野市紀和町小森６１９", "緯度": 33.934593, "経度": 135.939661, "url": "https://www.iryou.teikyouseido.mhlw.go.jp/znk-web/juminkanja/S2430/initialize?prefCd=24&kikanCd=2240015360&kikanKbn=2", "url2": null, "内容": "紀南病院附属小森診療所【2:診療所】【診療科目:内科_外科】三重県熊野市紀和町小森６１９" }, "geometry": { "type": "Point", "coordinates": [ 135.939661, 33.934593 ] } },
{ "type": "Feature", "properties": { "ID": 2422240015390, "正式名称": "熊野市立西山診療所", "機関区分": 2, "都道府県コード": 24, "市区町村コード": 212, "所在地": "三重県熊野市紀和町長尾１３３５", "緯度": 33.903319, "経度": 135.963494, "url": "https://www.iryou.teikyouseido.mhlw.go.jp/znk-web/juminkanja/S2430/initialize?prefCd=24&kikanCd=2240015390&kikanKbn=2", "url2": null, "内容": "熊野市立西山診療所【2:診療所】【診療科目:内科_外科】三重県熊野市紀和町長尾１３３５" }, "geometry": { "type": "Point", "coordinates": [ 135.963494, 33.903319 ] } },
{ "type": "Feature", "properties": { "ID": 2422240015400, "正式名称": "熊野市立楊枝出張診療所", "機関区分": 2, "都道府県コード": 24, "市区町村コード": 212, "所在地": "三重県熊野市紀和町楊枝２９５－１", "緯度": 33.813855, "経度": 135.864589, "url": "https://www.iryou.teikyouseido.mhlw.go.jp/znk-web/juminkanja/S2430/initialize?prefCd=24&kikanCd=2240015400&kikanKbn=2", "url2": null, "内容": "熊野市立楊枝出張診療所【2:診療所】【診療科目:内科_外科】三重県熊野市紀和町楊枝２９５－１" }, "geometry": { "type": "Point", "coordinates": [ 135.864589, 33.813855 ] } },
{ "type": "Feature", "properties": { "ID": 2422240015410, "正式名称": "熊野市立上川診療所", "機関区分": 2, "都道府県コード": 24, "市区町村コード": 212, "所在地": "三重県熊野市紀和町和気７０９", "緯度": 33.807189, "経度": 135.881422, "url": "https://www.iryou.teikyouseido.mhlw.go.jp/znk-web/juminkanja/S2430/initialize?prefCd=24&kikanCd=2240015410&kikanKbn=2", "url2": null, "内容": "熊野市立上川診療所【2:診療所】【診療科目:内科_外科】三重県熊野市紀和町和気７０９" }, "geometry": { "type": "Point", "coordinates": [ 135.881422, 33.807189 ] } },
{ "type": "Feature", "properties": { "ID": 2422240015440, "正式名称": "紀宝町立相野谷診療所", "機関区分": 2, "都道府県コード": 24, "市区町村コード": 562, "所在地": "三重県南牟婁郡紀宝町井内１２３番地１９", "緯度": 33.785304, "経度": 135.987692, "url": "https://www.iryou.teikyouseido.mhlw.go.jp/znk-web/juminkanja/S2430/initialize?prefCd=24&kikanCd=2240015440&kikanKbn=2", "url2": null, "内容": "紀宝町立相野谷診療所【2:診療所】【診療科目:内科】三重県南牟婁郡紀宝町井内１２３番地１９" }, "geometry": { "type": "Point", "coordinates": [ 135.987692, 33.785304 ] } },
{ "type": "Feature", "properties": { "ID": 2422240015500, "正式名称": "よしむら耳鼻咽喉科", "機関区分": 2, "都道府県コード": 24, "市区町村コード": 202, "所在地": "三重県四日市市天カ須賀４丁目７－１７", "緯度": 35.015962, "経度": 136.668217, "url": "https://www.iryou.teikyouseido.mhlw.go.jp/znk-web/juminkanja/S2430/initialize?prefCd=24&kikanCd=2240015500&kikanKbn=2", "url2": null, "内容": "よしむら耳鼻咽喉科【2:診療所】【診療科目:耳鼻いんこう科_アレルギー科】三重県四日市市天カ須賀４丁目７－１７" }, "geometry": { "type": "Point", "coordinates": [ 136.668217, 35.015962 ] } },
{ "type": "Feature", "properties": { "ID": 2422240015510, "正式名称": "かつき内科", "機関区分": 2, "都道府県コード": 24, "市区町村コード": 210, "所在地": "三重県亀山市東町１丁目２番１９号２", "緯度": 34.85492, "経度": 136.453965, "url": "https://www.iryou.teikyouseido.mhlw.go.jp/znk-web/juminkanja/S2430/initialize?prefCd=24&kikanCd=2240015510&kikanKbn=2", "url2": null, "内容": "かつき内科【2:診療所】【診療科目:内科】三重県亀山市東町１丁目２番１９号２" }, "geometry": { "type": "Point", "coordinates": [ 136.453965, 34.85492 ] } },
{ "type": "Feature", "properties": { "ID": 2422240015520, "正式名称": "ザ・クリニック", "機関区分": 2, "都道府県コード": 24, "市区町村コード": 343, "所在地": "三重県三重郡朝日町柿７７６－１", "緯度": 35.032655, "経度": 136.663911, "url": "https://www.iryou.teikyouseido.mhlw.go.jp/znk-web/juminkanja/S2430/initialize?prefCd=24&kikanCd=2240015520&kikanKbn=2", "url2": "http://www.the-clinic.jp/", "内容": "ザ・クリニック【2:診療所】【診療科目:産婦人科】三重県三重郡朝日町柿７７６－１" }, "geometry": { "type": "Point", "coordinates": [ 136.663911, 35.032655 ] } },
{ "type": "Feature", "properties": { "ID": 2422240015530, "正式名称": "海山レディースクリニック", "機関区分": 2, "都道府県コード": 24, "市区町村コード": 543, "所在地": "三重県北牟婁郡紀北町相賀４８９－５", "緯度": 34.10969, "経度": 136.229434, "url": "https://www.iryou.teikyouseido.mhlw.go.jp/znk-web/juminkanja/S2430/initialize?prefCd=24&kikanCd=2240015530&kikanKbn=2", "url2": null, "内容": "海山レディースクリニック【2:診療所】【診療科目:婦人科】三重県北牟婁郡紀北町相賀４８９－５" }, "geometry": { "type": "Point", "coordinates": [ 136.229434, 34.10969 ] } },
{ "type": "Feature", "properties": { "ID": 2422240015540, "正式名称": "ハートフルクリニック北井内科", "機関区分": 2, "都道府県コード": 24, "市区町村コード": 207, "所在地": "三重県鈴鹿市安塚町１６５１－３", "緯度": 34.866893, "経度": 136.573732, "url": "https://www.iryou.teikyouseido.mhlw.go.jp/znk-web/juminkanja/S2430/initialize?prefCd=24&kikanCd=2240015540&kikanKbn=2", "url2": "http://www.kitainaika.com", "内容": "ハートフルクリニック北井内科【2:診療所】【診療科目:内科】三重県鈴鹿市安塚町１６５１－３" }, "geometry": { "type": "Point", "coordinates": [ 136.573732, 34.866893 ] } },
{ "type": "Feature", "properties": { "ID": 2422240015550, "正式名称": "医療法人　凪の会　沖中内科循環器科", "機関区分": 2, "都道府県コード": 24, "市区町村コード": 207, "所在地": "三重県鈴鹿市桜島町２－１－２", "緯度": 34.853145, "経度": 136.574427, "url": "https://www.iryou.teikyouseido.mhlw.go.jp/znk-web/juminkanja/S2430/initialize?prefCd=24&kikanCd=2240015550&kikanKbn=2", "url2": null, "内容": "医療法人　凪の会　沖中内科循環器科【2:診療所】【診療科目:内科_循環器内科】三重県鈴鹿市桜島町２－１－２" }, "geometry": { "type": "Point", "coordinates": [ 136.574427, 34.853145 ] } },
{ "type": "Feature", "properties": { "ID": 2422240015560, "正式名称": "新藤小児科クリニック", "機関区分": 2, "都道府県コード": 24, "市区町村コード": 207, "所在地": "三重県鈴鹿市野町東２－４－１５", "緯度": 34.849367, "経度": 136.569678, "url": "https://www.iryou.teikyouseido.mhlw.go.jp/znk-web/juminkanja/S2430/initialize?prefCd=24&kikanCd=2240015560&kikanKbn=2", "url2": null, "内容": "新藤小児科クリニック【2:診療所】【診療科目:小児科】三重県鈴鹿市野町東２－４－１５" }, "geometry": { "type": "Point", "coordinates": [ 136.569678, 34.849367 ] } },
{ "type": "Feature", "properties": { "ID": 2422240015580, "正式名称": "みえ消化器内科", "機関区分": 2, "都道府県コード": 24, "市区町村コード": 201, "所在地": "三重県津市観音寺町７９９－７　ＴＴＣ医療グループビル内２階", "緯度": 34.736934, "経度": 136.501244, "url": "https://www.iryou.teikyouseido.mhlw.go.jp/znk-web/juminkanja/S2430/initialize?prefCd=24&kikanCd=2240015580&kikanKbn=2", "url2": "http://www.miesho.com", "内容": "みえ消化器内科【2:診療所】【診療科目:内科_消化器内科】三重県津市観音寺町７９９－７　ＴＴＣ医療グループビル内２階" }, "geometry": { "type": "Point", "coordinates": [ 136.501244, 34.736934 ] } },
{ "type": "Feature", "properties": { "ID": 2422240015590, "正式名称": "小西内科クリニック", "機関区分": 2, "都道府県コード": 24, "市区町村コード": 207, "所在地": "三重県鈴鹿市中箕田町１１２４－６", "緯度": 34.880531, "経度": 136.612784, "url": "https://www.iryou.teikyouseido.mhlw.go.jp/znk-web/juminkanja/S2430/initialize?prefCd=24&kikanCd=2240015590&kikanKbn=2", "url2": "http://www.konishi-naika.jp", "内容": "小西内科クリニック【2:診療所】【診療科目:内科】三重県鈴鹿市中箕田町１１２４－６" }, "geometry": { "type": "Point", "coordinates": [ 136.612784, 34.880531 ] } },
{ "type": "Feature", "properties": { "ID": 2422240015610, "正式名称": "みえスマイル眼科", "機関区分": 2, "都道府県コード": 24, "市区町村コード": 207, "所在地": "三重県鈴鹿市柳町１６６４－１", "緯度": 34.87381, "経度": 136.599396, "url": "https://www.iryou.teikyouseido.mhlw.go.jp/znk-web/juminkanja/S2430/initialize?prefCd=24&kikanCd=2240015610&kikanKbn=2", "url2": null, "内容": "みえスマイル眼科【2:診療所】【診療科目:眼科】三重県鈴鹿市柳町１６６４－１" }, "geometry": { "type": "Point", "coordinates": [ 136.599396, 34.87381 ] } },
{ "type": "Feature", "properties": { "ID": 2422240015630, "正式名称": "いいだクリニック", "機関区分": 2, "都道府県コード": 24, "市区町村コード": 202, "所在地": "三重県四日市市西阿倉川３０４－１", "緯度": 34.986798, "経度": 136.61689, "url": "https://www.iryou.teikyouseido.mhlw.go.jp/znk-web/juminkanja/S2430/initialize?prefCd=24&kikanCd=2240015630&kikanKbn=2", "url2": null, "内容": "いいだクリニック【2:診療所】【診療科目:内科_消化器内科_外科_乳腺外科_肛門外科_小児外科_リハビリテーション科】三重県四日市市西阿倉川３０４－１" }, "geometry": { "type": "Point", "coordinates": [ 136.61689, 34.986798 ] } },
{ "type": "Feature", "properties": { "ID": 2422240015640, "正式名称": "さいとう内科呼吸器科　三重スリープクリニック", "機関区分": 2, "都道府県コード": 24, "市区町村コード": 203, "所在地": "三重県伊勢市小俣町相合４４６", "緯度": 34.510517, "経度": 136.672296, "url": "https://www.iryou.teikyouseido.mhlw.go.jp/znk-web/juminkanja/S2430/initialize?prefCd=24&kikanCd=2240015640&kikanKbn=2", "url2": "https://saito-naika.com", "内容": "さいとう内科呼吸器科　三重スリープクリニック【2:診療所】【診療科目:内科_呼吸器内科_循環器内科】三重県伊勢市小俣町相合４４６" }, "geometry": { "type": "Point", "coordinates": [ 136.672296, 34.510517 ] } },
{ "type": "Feature", "properties": { "ID": 2422240015650, "正式名称": "しもむら内科", "機関区分": 2, "都道府県コード": 24, "市区町村コード": 207, "所在地": "三重県鈴鹿市住吉２丁目１７－７", "緯度": 34.861338, "経度": 136.539124, "url": "https://www.iryou.teikyouseido.mhlw.go.jp/znk-web/juminkanja/S2430/initialize?prefCd=24&kikanCd=2240015650&kikanKbn=2", "url2": "http://www.shimomura-naika.com", "内容": "しもむら内科【2:診療所】【診療科目:内科_循環器内科_胃腸内科】三重県鈴鹿市住吉２丁目１７－７" }, "geometry": { "type": "Point", "coordinates": [ 136.539124, 34.861338 ] } },
{ "type": "Feature", "properties": { "ID": 2422240015670, "正式名称": "とら整形クリニック", "機関区分": 2, "都道府県コード": 24, "市区町村コード": 210, "所在地": "三重県亀山市江ケ室２丁目４－２１", "緯度": 34.855809, "経度": 136.45552, "url": "https://www.iryou.teikyouseido.mhlw.go.jp/znk-web/juminkanja/S2430/initialize?prefCd=24&kikanCd=2240015670&kikanKbn=2", "url2": "http://www.toracl.com", "内容": "とら整形クリニック【2:診療所】【診療科目:整形外科_リウマチ科_リハビリテーション科】三重県亀山市江ケ室２丁目４－２１" }, "geometry": { "type": "Point", "coordinates": [ 136.45552, 34.855809 ] } },
{ "type": "Feature", "properties": { "ID": 2422240015680, "正式名称": "かとうクリニック", "機関区分": 2, "都道府県コード": 24, "市区町村コード": 203, "所在地": "三重県伊勢市一之木４丁目５－３６", "緯度": 34.500296, "経度": 136.705071, "url": "https://www.iryou.teikyouseido.mhlw.go.jp/znk-web/juminkanja/S2430/initialize?prefCd=24&kikanCd=2240015680&kikanKbn=2", "url2": "https://www.ise-katoclinic.com/", "内容": "かとうクリニック【2:診療所】【診療科目:内科_神経内科】三重県伊勢市一之木４丁目５－３６" }, "geometry": { "type": "Point", "coordinates": [ 136.705071, 34.500296 ] } },
{ "type": "Feature", "properties": { "ID": 2422240015690, "正式名称": "三重心身クリニック", "機関区分": 2, "都道府県コード": 24, "市区町村コード": 207, "所在地": "三重県鈴鹿市道伯町２０６４－１", "緯度": 34.860227, "経度": 136.547207, "url": "https://www.iryou.teikyouseido.mhlw.go.jp/znk-web/juminkanja/S2430/initialize?prefCd=24&kikanCd=2240015690&kikanKbn=2", "url2": "http://www.mp-clinic.jp", "内容": "三重心身クリニック【2:診療所】【診療科目:内科_精神科_心療内科】三重県鈴鹿市道伯町２０６４－１" }, "geometry": { "type": "Point", "coordinates": [ 136.547207, 34.860227 ] } },
{ "type": "Feature", "properties": { "ID": 2422240015700, "正式名称": "ゆうあいクリニック", "機関区分": 2, "都道府県コード": 24, "市区町村コード": 201, "所在地": "三重県津市雲出本郷町１３１－８３", "緯度": 34.665497, "経度": 136.515996, "url": "https://www.iryou.teikyouseido.mhlw.go.jp/znk-web/juminkanja/S2430/initialize?prefCd=24&kikanCd=2240015700&kikanKbn=2", "url2": "http://yuuai-clinic.com/index.html", "内容": "ゆうあいクリニック【2:診療所】【診療科目:内科_呼吸器内科_循環器内科_消化器内科_外科_乳腺外科_整形外科_リハビリテーション科】三重県津市雲出本郷町１３１－８３" }, "geometry": { "type": "Point", "coordinates": [ 136.515996, 34.665497 ] } },
{ "type": "Feature", "properties": { "ID": 2422240015710, "正式名称": "みうら眼科", "機関区分": 2, "都道府県コード": 24, "市区町村コード": 441, "所在地": "三重県多気郡多気町相可１５１３番地２", "緯度": 34.497099, "経度": 136.548973, "url": "https://www.iryou.teikyouseido.mhlw.go.jp/znk-web/juminkanja/S2430/initialize?prefCd=24&kikanCd=2240015710&kikanKbn=2", "url2": "http://www.miuraganka.com", "内容": "みうら眼科【2:診療所】【診療科目:眼科】三重県多気郡多気町相可１５１３番地２" }, "geometry": { "type": "Point", "coordinates": [ 136.548973, 34.497099 ] } },
{ "type": "Feature", "properties": { "ID": 2422240015730, "正式名称": "ひらいファミリークリニック", "機関区分": 2, "都道府県コード": 24, "市区町村コード": 207, "所在地": "三重県鈴鹿市庄野東３丁目１－３０", "緯度": 34.879919, "経度": 136.532596, "url": "https://www.iryou.teikyouseido.mhlw.go.jp/znk-web/juminkanja/S2430/initialize?prefCd=24&kikanCd=2240015730&kikanKbn=2", "url2": "http://hirai-familyclinic.jp", "内容": "ひらいファミリークリニック【2:診療所】【診療科目:内科_循環器内科_消化器内科_小児科】三重県鈴鹿市庄野東３丁目１－３０" }, "geometry": { "type": "Point", "coordinates": [ 136.532596, 34.879919 ] } },
{ "type": "Feature", "properties": { "ID": 2422240015750, "正式名称": "すえながばしクリニック", "機関区分": 2, "都道府県コード": 24, "市区町村コード": 202, "所在地": "三重県四日市市清水町１－１２", "緯度": 34.980271, "経度": 136.614751, "url": "https://www.iryou.teikyouseido.mhlw.go.jp/znk-web/juminkanja/S2430/initialize?prefCd=24&kikanCd=2240015750&kikanKbn=2", "url2": "http://www.suenagabashi-clinic.jp", "内容": "すえながばしクリニック【2:診療所】【診療科目:内科_糖尿病内科】三重県四日市市清水町１－１２" }, "geometry": { "type": "Point", "coordinates": [ 136.614751, 34.980271 ] } },
{ "type": "Feature", "properties": { "ID": 2422240015760, "正式名称": "いなべ糖尿病・内分泌内科", "機関区分": 2, "都道府県コード": 24, "市区町村コード": 324, "所在地": "三重県員弁郡東員町八幡新田１３９番地１", "緯度": 35.089786, "経度": 136.578694, "url": "https://www.iryou.teikyouseido.mhlw.go.jp/znk-web/juminkanja/S2430/initialize?prefCd=24&kikanCd=2240015760&kikanKbn=2", "url2": "https://inabeclinic.com/", "内容": "いなべ糖尿病・内分泌内科【2:診療所】【診療科目:内科_糖尿病・内分泌内科】三重県員弁郡東員町八幡新田１３９番地１" }, "geometry": { "type": "Point", "coordinates": [ 136.578694, 35.089786 ] } },
{ "type": "Feature", "properties": { "ID": 2422240015780, "正式名称": "やまかみ内科クリニック", "機関区分": 2, "都道府県コード": 24, "市区町村コード": 201, "所在地": "三重県津市河芸町中別保３１４－１", "緯度": 34.786874, "経度": 136.542461, "url": "https://www.iryou.teikyouseido.mhlw.go.jp/znk-web/juminkanja/S2430/initialize?prefCd=24&kikanCd=2240015780&kikanKbn=2", "url2": null, "内容": "やまかみ内科クリニック【2:診療所】【診療科目:内科】三重県津市河芸町中別保３１４－１" }, "geometry": { "type": "Point", "coordinates": [ 136.542461, 34.786874 ] } },
{ "type": "Feature", "properties": { "ID": 2422240015800, "正式名称": "なべしま消化器内科クリニック", "機関区分": 2, "都道府県コード": 24, "市区町村コード": 202, "所在地": "三重県四日市市堀木２丁目７－１８", "緯度": 34.973688, "経度": 136.614613, "url": "https://www.iryou.teikyouseido.mhlw.go.jp/znk-web/juminkanja/S2430/initialize?prefCd=24&kikanCd=2240015800&kikanKbn=2", "url2": "https://www.nabeshima-shokaki.com/", "内容": "なべしま消化器内科クリニック【2:診療所】【診療科目:内科_消化器内科】三重県四日市市堀木２丁目７－１８" }, "geometry": { "type": "Point", "coordinates": [ 136.614613, 34.973688 ] } },
{ "type": "Feature", "properties": { "ID": 2422240015810, "正式名称": "たにぐち皮フ科", "機関区分": 2, "都道府県コード": 24, "市区町村コード": 216, "所在地": "三重県伊賀市上野茅町２６６６－１", "緯度": 34.761258, "経度": 136.137273, "url": "https://www.iryou.teikyouseido.mhlw.go.jp/znk-web/juminkanja/S2430/initialize?prefCd=24&kikanCd=2240015810&kikanKbn=2", "url2": null, "内容": "たにぐち皮フ科【2:診療所】【診療科目:皮膚科】三重県伊賀市上野茅町２６６６－１" }, "geometry": { "type": "Point", "coordinates": [ 136.137273, 34.761258 ] } },
{ "type": "Feature", "properties": { "ID": 2422240015820, "正式名称": "南島メディカルセンター", "機関区分": 2, "都道府県コード": 24, "市区町村コード": 472, "所在地": "三重県度会郡南伊勢町慥柄浦１－１", "緯度": 34.289344, "経度": 136.569481, "url": "https://www.iryou.teikyouseido.mhlw.go.jp/znk-web/juminkanja/S2430/initialize?prefCd=24&kikanCd=2240015820&kikanKbn=2", "url2": "http://www.miekosei.or.jp/6_nah/", "内容": "南島メディカルセンター【2:診療所】【診療科目:内科_脳神経内科_消化器内科_脳神経外科_整形外科_眼科_皮膚科_泌尿器科_リハビリテーション科】三重県度会郡南伊勢町慥柄浦１－１" }, "geometry": { "type": "Point", "coordinates": [ 136.569481, 34.289344 ] } },
{ "type": "Feature", "properties": { "ID": 2422240015830, "正式名称": "畑肛門医院", "機関区分": 2, "都道府県コード": 24, "市区町村コード": 203, "所在地": "三重県伊勢市宮後１－８－７", "緯度": 34.491103, "経度": 136.70635, "url": "https://www.iryou.teikyouseido.mhlw.go.jp/znk-web/juminkanja/S2430/initialize?prefCd=24&kikanCd=2240015830&kikanKbn=2", "url2": "http://www.clinic-hata.com/", "内容": "畑肛門医院【2:診療所】【診療科目:肛門外科】三重県伊勢市宮後１－８－７" }, "geometry": { "type": "Point", "coordinates": [ 136.70635, 34.491103 ] } },
{ "type": "Feature", "properties": { "ID": 2422240016010, "正式名称": "志摩市立前島診療所", "機関区分": 2, "都道府県コード": 24, "市区町村コード": 215, "所在地": "三重県志摩市志摩町和具１０６６", "緯度": 34.256768, "経度": 136.81149, "url": "https://www.iryou.teikyouseido.mhlw.go.jp/znk-web/juminkanja/S2430/initialize?prefCd=24&kikanCd=2240016010&kikanKbn=2", "url2": null, "内容": "志摩市立前島診療所【2:診療所】【診療科目:内科_外科_整形外科_皮膚科_泌尿器科_リハビリテーション科】三重県志摩市志摩町和具１０６６" }, "geometry": { "type": "Point", "coordinates": [ 136.81149, 34.256768 ] } },
{ "type": "Feature", "properties": { "ID": 2422240016030, "正式名称": "江崎眼科クリニック", "機関区分": 2, "都道府県コード": 24, "市区町村コード": 203, "所在地": "三重県伊勢市小木町４７０－１", "緯度": 34.504546, "経度": 136.722153, "url": "https://www.iryou.teikyouseido.mhlw.go.jp/znk-web/juminkanja/S2430/initialize?prefCd=24&kikanCd=2240016030&kikanKbn=2", "url2": "http://www.esakiganka.jp/", "内容": "江崎眼科クリニック【2:診療所】【診療科目:眼科】三重県伊勢市小木町４７０－１" }, "geometry": { "type": "Point", "coordinates": [ 136.722153, 34.504546 ] } },
{ "type": "Feature", "properties": { "ID": 2422240016040, "正式名称": "まつうらクリニック", "機関区分": 2, "都道府県コード": 24, "市区町村コード": 561, "所在地": "三重県南牟婁郡御浜町下市木４６４９番地２８", "緯度": 33.839716, "経度": 136.0626, "url": "https://www.iryou.teikyouseido.mhlw.go.jp/znk-web/juminkanja/S2430/initialize?prefCd=24&kikanCd=2240016040&kikanKbn=2", "url2": "http://www.matsuuraclinic-mihama.com", "内容": "まつうらクリニック【2:診療所】【診療科目:内科_耳鼻いんこう科】三重県南牟婁郡御浜町下市木４６４９番地２８" }, "geometry": { "type": "Point", "coordinates": [ 136.0626, 33.839716 ] } },
{ "type": "Feature", "properties": { "ID": 2422240016060, "正式名称": "やまぐちレディースクリニック", "機関区分": 2, "都道府県コード": 24, "市区町村コード": 203, "所在地": "三重県伊勢市小俣町本町３３２１", "緯度": 34.504628, "経度": 136.669602, "url": "https://www.iryou.teikyouseido.mhlw.go.jp/znk-web/juminkanja/S2430/initialize?prefCd=24&kikanCd=2240016060&kikanKbn=2", "url2": "http://www.ylcylc.com/", "内容": "やまぐちレディースクリニック【2:診療所】【診療科目:性感染症内科_漢方内科_女性内科_産婦人科】三重県伊勢市小俣町本町３３２１" }, "geometry": { "type": "Point", "coordinates": [ 136.669602, 34.504628 ] } },
{ "type": "Feature", "properties": { "ID": 2422240016080, "正式名称": "松阪宮村眼科", "機関区分": 2, "都道府県コード": 24, "市区町村コード": 204, "所在地": "三重県松阪市若葉町４８６", "緯度": 34.582423, "経度": 136.544025, "url": "https://www.iryou.teikyouseido.mhlw.go.jp/znk-web/juminkanja/S2430/initialize?prefCd=24&kikanCd=2240016080&kikanKbn=2", "url2": null, "内容": "松阪宮村眼科【2:診療所】【診療科目:眼科】三重県松阪市若葉町４８６" }, "geometry": { "type": "Point", "coordinates": [ 136.544025, 34.582423 ] } },
{ "type": "Feature", "properties": { "ID": 2422240016100, "正式名称": "こうのとりＷＯＭＥＮ’ＳＣＡＲＥクリニック", "機関区分": 2, "都道府県コード": 24, "市区町村コード": 202, "所在地": "三重県四日市市諏訪栄町１７６番地　ロ－レルタワーシュロア四日市２０４", "緯度": 34.966522, "経度": 136.620779, "url": "https://www.iryou.teikyouseido.mhlw.go.jp/znk-web/juminkanja/S2430/initialize?prefCd=24&kikanCd=2240016100&kikanKbn=2", "url2": "http://www.ko-notori-ivf.com/", "内容": "こうのとりＷＯＭＥＮ’ＳＣＡＲＥクリニック【2:診療所】【診療科目:産科_婦人科_産婦人科（生殖医療）】三重県四日市市諏訪栄町１７６番地　ロ－レルタワーシュロア四日市２０４" }, "geometry": { "type": "Point", "coordinates": [ 136.620779, 34.966522 ] } },
{ "type": "Feature", "properties": { "ID": 2422240016130, "正式名称": "一志眼科", "機関区分": 2, "都道府県コード": 24, "市区町村コード": 201, "所在地": "三重県津市一志町高野２７１", "緯度": 34.660774, "経度": 136.434503, "url": "https://www.iryou.teikyouseido.mhlw.go.jp/znk-web/juminkanja/S2430/initialize?prefCd=24&kikanCd=2240016130&kikanKbn=2", "url2": null, "内容": "一志眼科【2:診療所】【診療科目:眼科】三重県津市一志町高野２７１" }, "geometry": { "type": "Point", "coordinates": [ 136.434503, 34.660774 ] } },
{ "type": "Feature", "properties": { "ID": 2422240016140, "正式名称": "みその内科クリニック", "機関区分": 2, "都道府県コード": 24, "市区町村コード": 207, "所在地": "三重県鈴鹿市御薗町５３２８－１", "緯度": 34.827702, "経度": 136.531737, "url": "https://www.iryou.teikyouseido.mhlw.go.jp/znk-web/juminkanja/S2430/initialize?prefCd=24&kikanCd=2240016140&kikanKbn=2", "url2": "http://www.misono-naika-clinic.com", "内容": "みその内科クリニック【2:診療所】【診療科目:内科_血液内科】三重県鈴鹿市御薗町５３２８－１" }, "geometry": { "type": "Point", "coordinates": [ 136.531737, 34.827702 ] } },
{ "type": "Feature", "properties": { "ID": 2422240016170, "正式名称": "医療法人道しるべ　四日市道しるべ", "機関区分": 2, "都道府県コード": 24, "市区町村コード": 202, "所在地": "三重県四日市市八田１丁目１４－２７ベルサーヤ１階", "緯度": 34.99402, "経度": 136.637693, "url": "https://www.iryou.teikyouseido.mhlw.go.jp/znk-web/juminkanja/S2430/initialize?prefCd=24&kikanCd=2240016170&kikanKbn=2", "url2": "https://touseki.ne.jp", "内容": "医療法人道しるべ　四日市道しるべ【2:診療所】【診療科目:人工透析内科】三重県四日市市八田１丁目１４－２７ベルサーヤ１階" }, "geometry": { "type": "Point", "coordinates": [ 136.637693, 34.99402 ] } },
{ "type": "Feature", "properties": { "ID": 2422240016180, "正式名称": "ひなが胃腸内科・乳腺外科", "機関区分": 2, "都道府県コード": 24, "市区町村コード": 202, "所在地": "三重県四日市市日永１丁目１３－２６", "緯度": 34.95494, "経度": 136.604725, "url": "https://www.iryou.teikyouseido.mhlw.go.jp/znk-web/juminkanja/S2430/initialize?prefCd=24&kikanCd=2240016180&kikanKbn=2", "url2": "hinaganyusen.com", "内容": "ひなが胃腸内科・乳腺外科【2:診療所】【診療科目:内科_胃腸内科_乳腺外科_肛門外科】三重県四日市市日永１丁目１３－２６" }, "geometry": { "type": "Point", "coordinates": [ 136.604725, 34.95494 ] } },
{ "type": "Feature", "properties": { "ID": 2422240016190, "正式名称": "四日市整形外科", "機関区分": 2, "都道府県コード": 24, "市区町村コード": 202, "所在地": "三重県四日市市新正４－３－１９", "緯度": 34.956107, "経度": 136.61728, "url": "https://www.iryou.teikyouseido.mhlw.go.jp/znk-web/juminkanja/S2430/initialize?prefCd=24&kikanCd=2240016190&kikanKbn=2", "url2": "http://yokkaichi-seikei.com/", "内容": "四日市整形外科【2:診療所】【診療科目:外科_整形外科_リウマチ科_リハビリテーション科】三重県四日市市新正４－３－１９" }, "geometry": { "type": "Point", "coordinates": [ 136.61728, 34.956107 ] } },
{ "type": "Feature", "properties": { "ID": 2422240016220, "正式名称": "にじがおか整形外科クリニック", "機関区分": 2, "都道府県コード": 24, "市区町村コード": 204, "所在地": "三重県松阪市上川町４３２２－６", "緯度": 34.546122, "経度": 136.553249, "url": "https://www.iryou.teikyouseido.mhlw.go.jp/znk-web/juminkanja/S2430/initialize?prefCd=24&kikanCd=2240016220&kikanKbn=2", "url2": "http://www.mctv.ne.jp/~nijioka/", "内容": "にじがおか整形外科クリニック【2:診療所】【診療科目:整形外科_リハビリテーション科】三重県松阪市上川町４３２２－６" }, "geometry": { "type": "Point", "coordinates": [ 136.553249, 34.546122 ] } },
{ "type": "Feature", "properties": { "ID": 2422240016230, "正式名称": "大西内科ハートクリニック", "機関区分": 2, "都道府県コード": 24, "市区町村コード": 201, "所在地": "三重県津市半田３４３１－５", "緯度": 34.696244, "経度": 136.498718, "url": "https://www.iryou.teikyouseido.mhlw.go.jp/znk-web/juminkanja/S2430/initialize?prefCd=24&kikanCd=2240016230&kikanKbn=2", "url2": "http://www.onishi-heart.com", "内容": "大西内科ハートクリニック【2:診療所】【診療科目:内科_呼吸器内科_循環器内科_消化器内科_乳腺外科】三重県津市半田３４３１－５" }, "geometry": { "type": "Point", "coordinates": [ 136.498718, 34.696244 ] } },
{ "type": "Feature", "properties": { "ID": 2422240016240, "正式名称": "いしが在宅ケアクリニック", "機関区分": 2, "都道府県コード": 24, "市区町村コード": 202, "所在地": "三重県四日市市山城町７４９番地３７", "緯度": 35.031889, "経度": 136.585449, "url": "https://www.iryou.teikyouseido.mhlw.go.jp/znk-web/juminkanja/S2430/initialize?prefCd=24&kikanCd=2240016240&kikanKbn=2", "url2": "http://www.ishiga-cl.com", "内容": "いしが在宅ケアクリニック【2:診療所】【診療科目:内科_疼痛緩和内科】三重県四日市市山城町７４９番地３７" }, "geometry": { "type": "Point", "coordinates": [ 136.585449, 35.031889 ] } },
{ "type": "Feature", "properties": { "ID": 2422240016250, "正式名称": "おおしま無呼吸治療クリニック", "機関区分": 2, "都道府県コード": 24, "市区町村コード": 202, "所在地": "三重県四日市市小杉町３７８－１", "緯度": 34.985631, "経度": 136.607779, "url": "https://www.iryou.teikyouseido.mhlw.go.jp/znk-web/juminkanja/S2430/initialize?prefCd=24&kikanCd=2240016250&kikanKbn=2", "url2": "http://oshima-cl.net", "内容": "おおしま無呼吸治療クリニック【2:診療所】【診療科目:内科_呼吸器内科】三重県四日市市小杉町３７８－１" }, "geometry": { "type": "Point", "coordinates": [ 136.607779, 34.985631 ] } },
{ "type": "Feature", "properties": { "ID": 2422240016280, "正式名称": "小関ひろしクリニック", "機関区分": 2, "都道府県コード": 24, "市区町村コード": 471, "所在地": "三重県度会郡大紀町錦９１５－４５", "緯度": 34.219682, "経度": 136.397749, "url": "https://www.iryou.teikyouseido.mhlw.go.jp/znk-web/juminkanja/S2430/initialize?prefCd=24&kikanCd=2240016280&kikanKbn=2", "url2": null, "内容": "小関ひろしクリニック【2:診療所】【診療科目:内科_循環器内科】三重県度会郡大紀町錦９１５－４５" }, "geometry": { "type": "Point", "coordinates": [ 136.397749, 34.219682 ] } },
{ "type": "Feature", "properties": { "ID": 2422240016290, "正式名称": "くまざわクリニック", "機関区分": 2, "都道府県コード": 24, "市区町村コード": 207, "所在地": "三重県鈴鹿市東庄内町３８８２", "緯度": 34.90711, "経度": 136.476627, "url": "https://www.iryou.teikyouseido.mhlw.go.jp/znk-web/juminkanja/S2430/initialize?prefCd=24&kikanCd=2240016290&kikanKbn=2", "url2": null, "内容": "くまざわクリニック【2:診療所】【診療科目:内科_消化器内科】三重県鈴鹿市東庄内町３８８２" }, "geometry": { "type": "Point", "coordinates": [ 136.476627, 34.90711 ] } },
{ "type": "Feature", "properties": { "ID": 2422240016300, "正式名称": "耳鼻咽喉科　陽だまりクリニック", "機関区分": 2, "都道府県コード": 24, "市区町村コード": 205, "所在地": "三重県桑名市陽だまりの丘８丁目９０１番地", "緯度": 35.08651, "経度": 136.63605, "url": "https://www.iryou.teikyouseido.mhlw.go.jp/znk-web/juminkanja/S2430/initialize?prefCd=24&kikanCd=2240016300&kikanKbn=2", "url2": "https://hidamariclinic.com/", "内容": "耳鼻咽喉科　陽だまりクリニック【2:診療所】【診療科目:耳鼻いんこう科】三重県桑名市陽だまりの丘８丁目９０１番地" }, "geometry": { "type": "Point", "coordinates": [ 136.63605, 35.08651 ] } },
{ "type": "Feature", "properties": { "ID": 2422240016310, "正式名称": "なかむら内科クリニック", "機関区分": 2, "都道府県コード": 24, "市区町村コード": 204, "所在地": "三重県松阪市鎌田町１９５番地１８", "緯度": 34.581118, "経度": 136.533499, "url": "https://www.iryou.teikyouseido.mhlw.go.jp/znk-web/juminkanja/S2430/initialize?prefCd=24&kikanCd=2240016310&kikanKbn=2", "url2": "http://www.nakamuranaikaclinic.com/", "内容": "なかむら内科クリニック【2:診療所】【診療科目:内科_循環器内科】三重県松阪市鎌田町１９５番地１８" }, "geometry": { "type": "Point", "coordinates": [ 136.533499, 34.581118 ] } },
{ "type": "Feature", "properties": { "ID": 2422240016320, "正式名称": "池田ファミリークリニック", "機関区分": 2, "都道府県コード": 24, "市区町村コード": 215, "所在地": "三重県志摩市阿児町鵜方７４８－５", "緯度": 34.338593, "経度": 136.81532, "url": "https://www.iryou.teikyouseido.mhlw.go.jp/znk-web/juminkanja/S2430/initialize?prefCd=24&kikanCd=2240016320&kikanKbn=2", "url2": "http://www.myclinic.ne.jp/ikeda_seki/pc/", "内容": "池田ファミリークリニック【2:診療所】【診療科目:内科_小児科】三重県志摩市阿児町鵜方７４８－５" }, "geometry": { "type": "Point", "coordinates": [ 136.81532, 34.338593 ] } },
{ "type": "Feature", "properties": { "ID": 2422240016330, "正式名称": "いちかわ内科クリニック", "機関区分": 2, "都道府県コード": 24, "市区町村コード": 207, "所在地": "三重県鈴鹿市秋永町７６３－１", "緯度": 34.817699, "経度": 136.553992, "url": "https://www.iryou.teikyouseido.mhlw.go.jp/znk-web/juminkanja/S2430/initialize?prefCd=24&kikanCd=2240016330&kikanKbn=2", "url2": null, "内容": "いちかわ内科クリニック【2:診療所】【診療科目:内科_呼吸器内科_循環器内科_胃腸内科_アレルギー科_リハビリテーション科】三重県鈴鹿市秋永町７６３－１" }, "geometry": { "type": "Point", "coordinates": [ 136.553992, 34.817699 ] } },
{ "type": "Feature", "properties": { "ID": 2422240016340, "正式名称": "ながや内科クリニック", "機関区分": 2, "都道府県コード": 24, "市区町村コード": 203, "所在地": "三重県伊勢市船江３－３－９", "緯度": 34.500324, "経度": 136.716348, "url": "https://www.iryou.teikyouseido.mhlw.go.jp/znk-web/juminkanja/S2430/initialize?prefCd=24&kikanCd=2240016340&kikanKbn=2", "url2": "http://www.nagayanaika.com", "内容": "ながや内科クリニック【2:診療所】【診療科目:内科_胃腸内科】三重県伊勢市船江３－３－９" }, "geometry": { "type": "Point", "coordinates": [ 136.716348, 34.500324 ] } },
{ "type": "Feature", "properties": { "ID": 2422240016350, "正式名称": "きのしたクリニック", "機関区分": 2, "都道府県コード": 24, "市区町村コード": 207, "所在地": "三重県鈴鹿市東旭が丘２丁目１７番８号", "緯度": 34.849812, "経度": 136.57701, "url": "https://www.iryou.teikyouseido.mhlw.go.jp/znk-web/juminkanja/S2430/initialize?prefCd=24&kikanCd=2240016350&kikanKbn=2", "url2": null, "内容": "きのしたクリニック【2:診療所】【診療科目:内科_胃腸内科_外科】三重県鈴鹿市東旭が丘２丁目１７番８号" }, "geometry": { "type": "Point", "coordinates": [ 136.57701, 34.849812 ] } },
{ "type": "Feature", "properties": { "ID": 2422240016360, "正式名称": "医療法人　康成会　ほりいクリニック希央台", "機関区分": 2, "都道府県コード": 24, "市区町村コード": 208, "所在地": "三重県名張市希央台５番町３５メディハウスみ・かさ名張２階", "緯度": 34.623911, "経度": 136.098311, "url": "https://www.iryou.teikyouseido.mhlw.go.jp/znk-web/juminkanja/S2430/initialize?prefCd=24&kikanCd=2240016360&kikanKbn=2", "url2": "https://www.kouseikai-med.com/kioudai/", "内容": "医療法人　康成会　ほりいクリニック希央台【2:診療所】【診療科目:内科_腎臓内科_泌尿器科】三重県名張市希央台５番町３５メディハウスみ・かさ名張２階" }, "geometry": { "type": "Point", "coordinates": [ 136.098311, 34.623911 ] } },
{ "type": "Feature", "properties": { "ID": 2422240016370, "正式名称": "ひぐち整形外科クリニック", "機関区分": 2, "都道府県コード": 24, "市区町村コード": 201, "所在地": "三重県津市久居射場町３３－３", "緯度": 34.680856, "経度": 136.46725, "url": "https://www.iryou.teikyouseido.mhlw.go.jp/znk-web/juminkanja/S2430/initialize?prefCd=24&kikanCd=2240016370&kikanKbn=2", "url2": "https://higuchiseikei.com/", "内容": "ひぐち整形外科クリニック【2:診療所】【診療科目:整形外科_リウマチ科_リハビリテーション科】三重県津市久居射場町３３－３" }, "geometry": { "type": "Point", "coordinates": [ 136.46725, 34.680856 ] } },
{ "type": "Feature", "properties": { "ID": 2422240016390, "正式名称": "小林医院", "機関区分": 2, "都道府県コード": 24, "市区町村コード": 204, "所在地": "三重県松阪市丹生寺町１２７－４０", "緯度": 34.547898, "経度": 136.493503, "url": "https://www.iryou.teikyouseido.mhlw.go.jp/znk-web/juminkanja/S2430/initialize?prefCd=24&kikanCd=2240016390&kikanKbn=2", "url2": null, "内容": "小林医院【2:診療所】【診療科目:内科_呼吸器内科】三重県松阪市丹生寺町１２７－４０" }, "geometry": { "type": "Point", "coordinates": [ 136.493503, 34.547898 ] } },
{ "type": "Feature", "properties": { "ID": 2422240016940, "正式名称": "さかえ整形外科", "機関区分": 2, "都道府県コード": 24, "市区町村コード": 210, "所在地": "三重県亀山市栄町１４８８－１７", "緯度": 34.859003, "経度": 136.470852, "url": "https://www.iryou.teikyouseido.mhlw.go.jp/znk-web/juminkanja/S2430/initialize?prefCd=24&kikanCd=2240016940&kikanKbn=2", "url2": null, "内容": "さかえ整形外科【2:診療所】【診療科目:整形外科_リウマチ科_リハビリテーション科】三重県亀山市栄町１４８８－１７" }, "geometry": { "type": "Point", "coordinates": [ 136.470852, 34.859003 ] } },
{ "type": "Feature", "properties": { "ID": 2422240016950, "正式名称": "足立耳鼻咽喉科", "機関区分": 2, "都道府県コード": 24, "市区町村コード": 202, "所在地": "三重県四日市市羽津山町７－８", "緯度": 34.99128, "経度": 136.624967, "url": "https://www.iryou.teikyouseido.mhlw.go.jp/znk-web/juminkanja/S2430/initialize?prefCd=24&kikanCd=2240016950&kikanKbn=2", "url2": "https://adachijibika.com", "内容": "足立耳鼻咽喉科【2:診療所】【診療科目:小児耳鼻いんこう科_耳鼻いんこう科_アレルギー科】三重県四日市市羽津山町７－８" }, "geometry": { "type": "Point", "coordinates": [ 136.624967, 34.99128 ] } },
{ "type": "Feature", "properties": { "ID": 2422240016960, "正式名称": "世古口消化器内科なぎさまち診療所", "機関区分": 2, "都道府県コード": 24, "市区町村コード": 201, "所在地": "三重県津市海岸町４－１０", "緯度": 34.716242, "経度": 136.520493, "url": "https://www.iryou.teikyouseido.mhlw.go.jp/znk-web/juminkanja/S2430/initialize?prefCd=24&kikanCd=2240016960&kikanKbn=2", "url2": "http://www.sekoguchi-clinic.jp", "内容": "世古口消化器内科なぎさまち診療所【2:診療所】【診療科目:内科_消化器内科_胃腸内科】三重県津市海岸町４－１０" }, "geometry": { "type": "Point", "coordinates": [ 136.520493, 34.716242 ] } },
{ "type": "Feature", "properties": { "ID": 2422240016970, "正式名称": "奥島クリニック", "機関区分": 2, "都道府県コード": 24, "市区町村コード": 202, "所在地": "三重県四日市市安島１－４－１６カネニビルディング２Ｆ", "緯度": 34.968244, "経度": 136.615141, "url": "https://www.iryou.teikyouseido.mhlw.go.jp/znk-web/juminkanja/S2430/initialize?prefCd=24&kikanCd=2240016970&kikanKbn=2", "url2": "http://www.okushima-clinic.com", "内容": "奥島クリニック【2:診療所】【診療科目:精神科_心療内科】三重県四日市市安島１－４－１６カネニビルディング２Ｆ" }, "geometry": { "type": "Point", "coordinates": [ 136.615141, 34.968244 ] } },
{ "type": "Feature", "properties": { "ID": 2422240016980, "正式名称": "うめだクリニック", "機関区分": 2, "都道府県コード": 24, "市区町村コード": 203, "所在地": "三重県伊勢市小木町曽弥５２０－１", "緯度": 34.504407, "経度": 136.722986, "url": "https://www.iryou.teikyouseido.mhlw.go.jp/znk-web/juminkanja/S2430/initialize?prefCd=24&kikanCd=2240016980&kikanKbn=2", "url2": "http://www.umedaclinic.net/", "内容": "うめだクリニック【2:診療所】【診療科目:皮膚科_泌尿器科】三重県伊勢市小木町曽弥５２０－１" }, "geometry": { "type": "Point", "coordinates": [ 136.722986, 34.504407 ] } },
{ "type": "Feature", "properties": { "ID": 2422240016990, "正式名称": "すずき胃腸肛門クリニック", "機関区分": 2, "都道府県コード": 24, "市区町村コード": 205, "所在地": "三重県桑名市江場９２０番地", "緯度": 35.052709, "経度": 136.689353, "url": "https://www.iryou.teikyouseido.mhlw.go.jp/znk-web/juminkanja/S2430/initialize?prefCd=24&kikanCd=2240016990&kikanKbn=2", "url2": "http://www.suzuki-ik-clinic.com", "内容": "すずき胃腸肛門クリニック【2:診療所】【診療科目:胃腸内科_肛門外科】三重県桑名市江場９２０番地" }, "geometry": { "type": "Point", "coordinates": [ 136.689353, 35.052709 ] } },
{ "type": "Feature", "properties": { "ID": 2422240017010, "正式名称": "おくだ内科クリニック", "機関区分": 2, "都道府県コード": 24, "市区町村コード": 201, "所在地": "三重県津市上浜町５丁目５７番地１", "緯度": 34.74385, "経度": 136.513021, "url": "https://www.iryou.teikyouseido.mhlw.go.jp/znk-web/juminkanja/S2430/initialize?prefCd=24&kikanCd=2240017010&kikanKbn=2", "url2": "http://www.okuda-naika.com/", "内容": "おくだ内科クリニック【2:診療所】【診療科目:内科_消化器内科】三重県津市上浜町５丁目５７番地１" }, "geometry": { "type": "Point", "coordinates": [ 136.513021, 34.74385 ] } },
{ "type": "Feature", "properties": { "ID": 2422240017020, "正式名称": "くわな共立クリニック", "機関区分": 2, "都道府県コード": 24, "市区町村コード": 343, "所在地": "三重県三重郡朝日町縄生３５３－１", "緯度": 35.036127, "経度": 136.673799, "url": "https://www.iryou.teikyouseido.mhlw.go.jp/znk-web/juminkanja/S2430/initialize?prefCd=24&kikanCd=2240017020&kikanKbn=2", "url2": "https://www.kaikou.or.jp/touseki/kuwana/", "内容": "くわな共立クリニック【2:診療所】【診療科目:人工透析内科】三重県三重郡朝日町縄生３５３－１" }, "geometry": { "type": "Point", "coordinates": [ 136.673799, 35.036127 ] } },
{ "type": "Feature", "properties": { "ID": 2422240017040, "正式名称": "坂倉眼科クリニック", "機関区分": 2, "都道府県コード": 24, "市区町村コード": 201, "所在地": "三重県津市上弁財町１１番２８号", "緯度": 34.702354, "経度": 136.509551, "url": "https://www.iryou.teikyouseido.mhlw.go.jp/znk-web/juminkanja/S2430/initialize?prefCd=24&kikanCd=2240017040&kikanKbn=2", "url2": "http://www.sakakuraganka.com", "内容": "坂倉眼科クリニック【2:診療所】【診療科目:眼科】三重県津市上弁財町１１番２８号" }, "geometry": { "type": "Point", "coordinates": [ 136.509551, 34.702354 ] } },
{ "type": "Feature", "properties": { "ID": 2422240017050, "正式名称": "川戸レディースクリニック", "機関区分": 2, "都道府県コード": 24, "市区町村コード": 202, "所在地": "三重県四日市市別名１丁目１６－１１", "緯度": 34.996353, "経度": 136.626916, "url": "https://www.iryou.teikyouseido.mhlw.go.jp/znk-web/juminkanja/S2430/initialize?prefCd=24&kikanCd=2240017050&kikanKbn=2", "url2": "http://www.kawato-lc.com", "内容": "川戸レディースクリニック【2:診療所】【診療科目:産婦人科】三重県四日市市別名１丁目１６－１１" }, "geometry": { "type": "Point", "coordinates": [ 136.626916, 34.996353 ] } },
{ "type": "Feature", "properties": { "ID": 2422240017060, "正式名称": "新町整形外科診療所", "機関区分": 2, "都道府県コード": 24, "市区町村コード": 201, "所在地": "三重県津市大園町４－２９", "緯度": 34.714714, "経度": 136.491218, "url": "https://www.iryou.teikyouseido.mhlw.go.jp/znk-web/juminkanja/S2430/initialize?prefCd=24&kikanCd=2240017060&kikanKbn=2", "url2": "http://www.shinmachi.ortho-clin.com", "内容": "新町整形外科診療所【2:診療所】【診療科目:整形外科_小児科_精神科_リウマチ科_リハビリテーション科】三重県津市大園町４－２９" }, "geometry": { "type": "Point", "coordinates": [ 136.491218, 34.714714 ] } },
{ "type": "Feature", "properties": { "ID": 2422240017100, "正式名称": "清水内科", "機関区分": 2, "都道府県コード": 24, "市区町村コード": 203, "所在地": "三重県伊勢市神田久志本町１６４８番地", "緯度": 34.49102, "経度": 136.727875, "url": "https://www.iryou.teikyouseido.mhlw.go.jp/znk-web/juminkanja/S2430/initialize?prefCd=24&kikanCd=2240017100&kikanKbn=2", "url2": "http://www.shimizu-naika.jp", "内容": "清水内科【2:診療所】【診療科目:内科_循環器内科】三重県伊勢市神田久志本町１６４８番地" }, "geometry": { "type": "Point", "coordinates": [ 136.727875, 34.49102 ] } },
{ "type": "Feature", "properties": { "ID": 2422240017110, "正式名称": "医療法人糖クリ　四日市糖尿病クリニック", "機関区分": 2, "都道府県コード": 24, "市区町村コード": 202, "所在地": "三重県四日市市城西町１５ー３７", "緯度": 34.965023, "経度": 136.601462, "url": "https://www.iryou.teikyouseido.mhlw.go.jp/znk-web/juminkanja/S2430/initialize?prefCd=24&kikanCd=2240017110&kikanKbn=2", "url2": "http://www.to-cli.com", "内容": "医療法人糖クリ　四日市糖尿病クリニック【2:診療所】【診療科目:糖尿病内科_糖尿病・内分泌内科_糖尿病・代謝内科_代謝・内分泌内科】三重県四日市市城西町１５ー３７" }, "geometry": { "type": "Point", "coordinates": [ 136.601462, 34.965023 ] } },
{ "type": "Feature", "properties": { "ID": 2422240017120, "正式名称": "医療法人如水会四日市腎クリニック", "機関区分": 2, "都道府県コード": 24, "市区町村コード": 202, "所在地": "三重県四日市市生桑町２９１番地１", "緯度": 34.986464, "経度": 136.602752, "url": "https://www.iryou.teikyouseido.mhlw.go.jp/znk-web/juminkanja/S2430/initialize?prefCd=24&kikanCd=2240017120&kikanKbn=2", "url2": "http://josuikai.jp/yokkaichi", "内容": "医療法人如水会四日市腎クリニック【2:診療所】【診療科目:腎臓内科_人工透析内科_皮膚科】三重県四日市市生桑町２９１番地１" }, "geometry": { "type": "Point", "coordinates": [ 136.602752, 34.986464 ] } },
{ "type": "Feature", "properties": { "ID": 2422240017130, "正式名称": "すこやかこどもクリニック", "機関区分": 2, "都道府県コード": 24, "市区町村コード": 202, "所在地": "三重県四日市市高角町６９４－１", "緯度": 34.983409, "経度": 136.565422, "url": "https://www.iryou.teikyouseido.mhlw.go.jp/znk-web/juminkanja/S2430/initialize?prefCd=24&kikanCd=2240017130&kikanKbn=2", "url2": "https://www.sukoyaka-kodomo.com", "内容": "すこやかこどもクリニック【2:診療所】【診療科目:小児科】三重県四日市市高角町６９４－１" }, "geometry": { "type": "Point", "coordinates": [ 136.565422, 34.983409 ] } },
{ "type": "Feature", "properties": { "ID": 2422240017140, "正式名称": "みえ呼吸嚥下リハビリクリニック", "機関区分": 2, "都道府県コード": 24, "市区町村コード": 210, "所在地": "三重県亀山市アイリス町１４－７", "緯度": 34.867141, "経度": 136.46063, "url": "https://www.iryou.teikyouseido.mhlw.go.jp/znk-web/juminkanja/S2430/initialize?prefCd=24&kikanCd=2240017140&kikanKbn=2", "url2": "http://www.mie-enge.jp/original14.html", "内容": "みえ呼吸嚥下リハビリクリニック【2:診療所】【診療科目:内科_糖尿病内科_呼吸器内科_気管食道内科_消化器内科_リハビリテーション科】三重県亀山市アイリス町１４－７" }, "geometry": { "type": "Point", "coordinates": [ 136.46063, 34.867141 ] } },
{ "type": "Feature", "properties": { "ID": 2422240017150, "正式名称": "医療法人　明医会　北勢ケアクリニック", "機関区分": 2, "都道府県コード": 24, "市区町村コード": 341, "所在地": "三重県三重郡菰野町千草６４６０－２７", "緯度": 35.047762, "経度": 136.497758, "url": "https://www.iryou.teikyouseido.mhlw.go.jp/znk-web/juminkanja/S2430/initialize?prefCd=24&kikanCd=2240017150&kikanKbn=2", "url2": "https://hokusei-care.clinic/", "内容": "医療法人　明医会　北勢ケアクリニック【2:診療所】【診療科目:内科_皮膚科_精神科】三重県三重郡菰野町千草６４６０－２７" }, "geometry": { "type": "Point", "coordinates": [ 136.497758, 35.047762 ] } },
{ "type": "Feature", "properties": { "ID": 2422240017170, "正式名称": "垂見内科クリニック", "機関区分": 2, "都道府県コード": 24, "市区町村コード": 204, "所在地": "三重県松阪市小津町２７４", "緯度": 34.615447, "経度": 136.509943, "url": "https://www.iryou.teikyouseido.mhlw.go.jp/znk-web/juminkanja/S2430/initialize?prefCd=24&kikanCd=2240017170&kikanKbn=2", "url2": null, "内容": "垂見内科クリニック【2:診療所】【診療科目:内科_循環器内科】三重県松阪市小津町２７４" }, "geometry": { "type": "Point", "coordinates": [ 136.509943, 34.615447 ] } },
{ "type": "Feature", "properties": { "ID": 2422240017180, "正式名称": "にしい耳鼻咽喉科クリニック", "機関区分": 2, "都道府県コード": 24, "市区町村コード": 201, "所在地": "三重県津市久居北口町５７０－７", "緯度": 34.679495, "経度": 136.474471, "url": "https://www.iryou.teikyouseido.mhlw.go.jp/znk-web/juminkanja/S2430/initialize?prefCd=24&kikanCd=2240017180&kikanKbn=2", "url2": "http://www.nishii-jibika.com", "内容": "にしい耳鼻咽喉科クリニック【2:診療所】【診療科目:耳鼻いんこう科_アレルギー科】三重県津市久居北口町５７０－７" }, "geometry": { "type": "Point", "coordinates": [ 136.474471, 34.679495 ] } },
{ "type": "Feature", "properties": { "ID": 2422240017190, "正式名称": "たまき玉川クリニック", "機関区分": 2, "都道府県コード": 24, "市区町村コード": 461, "所在地": "三重県度会郡玉城町玉川２８６－１", "緯度": 34.503266, "経度": 136.622273, "url": "https://www.iryou.teikyouseido.mhlw.go.jp/znk-web/juminkanja/S2430/initialize?prefCd=24&kikanCd=2240017190&kikanKbn=2", "url2": "http://www.tamaki-tamagawa.com", "内容": "たまき玉川クリニック【2:診療所】【診療科目:内科_消化器内科_胃腸内科】三重県度会郡玉城町玉川２８６－１" }, "geometry": { "type": "Point", "coordinates": [ 136.622273, 34.503266 ] } },
{ "type": "Feature", "properties": { "ID": 2422240017220, "正式名称": "かっさいレディースクリニック", "機関区分": 2, "都道府県コード": 24, "市区町村コード": 202, "所在地": "三重県四日市市陶栄町２番２号", "緯度": 34.977632, "経度": 136.625445, "url": "https://www.iryou.teikyouseido.mhlw.go.jp/znk-web/juminkanja/S2430/initialize?prefCd=24&kikanCd=2240017220&kikanKbn=2", "url2": "http://www.kassai-lc.com", "内容": "かっさいレディースクリニック【2:診療所】【診療科目:産婦人科】三重県四日市市陶栄町２番２号" }, "geometry": { "type": "Point", "coordinates": [ 136.625445, 34.977632 ] } },
{ "type": "Feature", "properties": { "ID": 2422240017230, "正式名称": "むれクリニック", "機関区分": 2, "都道府県コード": 24, "市区町村コード": 201, "所在地": "三重県津市河辺町３５４７－１", "緯度": 34.746627, "経度": 136.482245, "url": "https://www.iryou.teikyouseido.mhlw.go.jp/znk-web/juminkanja/S2430/initialize?prefCd=24&kikanCd=2240017230&kikanKbn=2", "url2": "http://www.taniclinic.net/", "内容": "むれクリニック【2:診療所】【診療科目:内科_循環器内科_心臓血管外科】三重県津市河辺町３５４７－１" }, "geometry": { "type": "Point", "coordinates": [ 136.482245, 34.746627 ] } },
{ "type": "Feature", "properties": { "ID": 2422240017240, "正式名称": "まきた内科クリニック", "機関区分": 2, "都道府県コード": 24, "市区町村コード": 202, "所在地": "三重県四日市市貝家町２６６番地２", "緯度": 34.932581, "経度": 136.567841, "url": "https://www.iryou.teikyouseido.mhlw.go.jp/znk-web/juminkanja/S2430/initialize?prefCd=24&kikanCd=2240017240&kikanKbn=2", "url2": null, "内容": "まきた内科クリニック【2:診療所】【診療科目:内科_呼吸器内科_循環器内科_消化器内科】三重県四日市市貝家町２６６番地２" }, "geometry": { "type": "Point", "coordinates": [ 136.567841, 34.932581 ] } },
{ "type": "Feature", "properties": { "ID": 2422240017250, "正式名称": "名張よこやま眼科", "機関区分": 2, "都道府県コード": 24, "市区町村コード": 208, "所在地": "三重県名張市桔梗が丘７番町３街区１８１３－１４", "緯度": 34.644048, "経度": 136.130724, "url": "https://www.iryou.teikyouseido.mhlw.go.jp/znk-web/juminkanja/S2430/initialize?prefCd=24&kikanCd=2240017250&kikanKbn=2", "url2": "http://nabari-ganka.com/", "内容": "名張よこやま眼科【2:診療所】【診療科目:眼科】三重県名張市桔梗が丘７番町３街区１８１３－１４" }, "geometry": { "type": "Point", "coordinates": [ 136.130724, 34.644048 ] } },
{ "type": "Feature", "properties": { "ID": 2422240017260, "正式名称": "ときめ皮膚科クリニック", "機関区分": 2, "都道府県コード": 24, "市区町村コード": 202, "所在地": "三重県四日市市石塚町５－６", "緯度": 34.961328, "経度": 136.605531, "url": "https://www.iryou.teikyouseido.mhlw.go.jp/znk-web/juminkanja/S2430/initialize?prefCd=24&kikanCd=2240017260&kikanKbn=2", "url2": "http://www.tokime.jp", "内容": "ときめ皮膚科クリニック【2:診療所】【診療科目:皮膚科_アレルギー科】三重県四日市市石塚町５－６" }, "geometry": { "type": "Point", "coordinates": [ 136.605531, 34.961328 ] } },
{ "type": "Feature", "properties": { "ID": 2422240017270, "正式名称": "整形外科　網谷医院", "機関区分": 2, "都道府県コード": 24, "市区町村コード": 203, "所在地": "三重県伊勢市八日市場町９－１２", "緯度": 34.490297, "経度": 136.700072, "url": "https://www.iryou.teikyouseido.mhlw.go.jp/znk-web/juminkanja/S2430/initialize?prefCd=24&kikanCd=2240017270&kikanKbn=2", "url2": null, "内容": "整形外科　網谷医院【2:診療所】【診療科目:整形外科_リウマチ科_リハビリテーション科】三重県伊勢市八日市場町９－１２" }, "geometry": { "type": "Point", "coordinates": [ 136.700072, 34.490297 ] } },
{ "type": "Feature", "properties": { "ID": 2422240017290, "正式名称": "医療法人　秋山整形外科クリニック", "機関区分": 2, "都道府県コード": 24, "市区町村コード": 208, "所在地": "三重県名張市蔵持町原出７６９番１", "緯度": 34.63641, "経度": 136.116308, "url": "https://www.iryou.teikyouseido.mhlw.go.jp/znk-web/juminkanja/S2430/initialize?prefCd=24&kikanCd=2240017290&kikanKbn=2", "url2": "http://www.akiyama-seikei.com", "内容": "医療法人　秋山整形外科クリニック【2:診療所】【診療科目:整形外科_リウマチ科_リハビリテーション科】三重県名張市蔵持町原出７６９番１" }, "geometry": { "type": "Point", "coordinates": [ 136.116308, 34.63641 ] } },
{ "type": "Feature", "properties": { "ID": 2422240017310, "正式名称": "あゆみ診療所", "機関区分": 2, "都道府県コード": 24, "市区町村コード": 471, "所在地": "三重県度会郡大紀町滝原８７３", "緯度": 34.366963, "経度": 136.418972, "url": "https://www.iryou.teikyouseido.mhlw.go.jp/znk-web/juminkanja/S2430/initialize?prefCd=24&kikanCd=2240017310&kikanKbn=2", "url2": "http://kissoukai.com/index.html", "内容": "あゆみ診療所【2:診療所】【診療科目:内科_リハビリテーション科】三重県度会郡大紀町滝原８７３" }, "geometry": { "type": "Point", "coordinates": [ 136.418972, 34.366963 ] } },
{ "type": "Feature", "properties": { "ID": 2422240017420, "正式名称": "医療法人　篤志　岩尾こどもクリニック", "機関区分": 2, "都道府県コード": 24, "市区町村コード": 201, "所在地": "三重県津市河芸町杜の街１丁目１－５", "緯度": 34.805177, "経度": 136.536877, "url": "https://www.iryou.teikyouseido.mhlw.go.jp/znk-web/juminkanja/S2430/initialize?prefCd=24&kikanCd=2240017420&kikanKbn=2", "url2": "https://iwao-kc.doctorsfile.jp/", "内容": "医療法人　篤志　岩尾こどもクリニック【2:診療所】【診療科目:内科_小児科_アレルギー科】三重県津市河芸町杜の街１丁目１－５" }, "geometry": { "type": "Point", "coordinates": [ 136.536877, 34.805177 ] } },
{ "type": "Feature", "properties": { "ID": 2422240017430, "正式名称": "医療法人　慶幸会　刀根クリニック", "機関区分": 2, "都道府県コード": 24, "市区町村コード": 201, "所在地": "三重県津市香良洲町１８７５－１", "緯度": 34.65311, "経度": 136.533245, "url": "https://www.iryou.teikyouseido.mhlw.go.jp/znk-web/juminkanja/S2430/initialize?prefCd=24&kikanCd=2240017430&kikanKbn=2", "url2": "https://toneclinic.jp/", "内容": "医療法人　慶幸会　刀根クリニック【2:診療所】【診療科目:内科_糖尿病内科_消化器内科_小児科_皮膚科】三重県津市香良洲町１８７５－１" }, "geometry": { "type": "Point", "coordinates": [ 136.533245, 34.65311 ] } },
{ "type": "Feature", "properties": { "ID": 2422240017470, "正式名称": "あらおと整形クリニック", "機関区分": 2, "都道府県コード": 24, "市区町村コード": 204, "所在地": "三重県松阪市久保田町字南沖５－７", "緯度": 34.583117, "経度": 136.527166, "url": "https://www.iryou.teikyouseido.mhlw.go.jp/znk-web/juminkanja/S2430/initialize?prefCd=24&kikanCd=2240017470&kikanKbn=2", "url2": "http://araoto.net", "内容": "あらおと整形クリニック【2:診療所】【診療科目:整形外科_リハビリテーション科】三重県松阪市久保田町字南沖５－７" }, "geometry": { "type": "Point", "coordinates": [ 136.527166, 34.583117 ] } },
{ "type": "Feature", "properties": { "ID": 2422240017480, "正式名称": "医療法人　藤の会　加藤医院", "機関区分": 2, "都道府県コード": 24, "市区町村コード": 201, "所在地": "三重県津市藤方１５９０－１", "緯度": 34.688217, "経度": 136.512412, "url": "https://www.iryou.teikyouseido.mhlw.go.jp/znk-web/juminkanja/S2430/initialize?prefCd=24&kikanCd=2240017480&kikanKbn=2", "url2": null, "内容": "医療法人　藤の会　加藤医院【2:診療所】【診療科目:内科_消化器内科】三重県津市藤方１５９０－１" }, "geometry": { "type": "Point", "coordinates": [ 136.512412, 34.688217 ] } },
{ "type": "Feature", "properties": { "ID": 2422240017490, "正式名称": "おわせ耳鼻科", "機関区分": 2, "都道府県コード": 24, "市区町村コード": 209, "所在地": "三重県尾鷲市朝日町９－２２", "緯度": 34.072499, "経度": 136.198467, "url": "https://www.iryou.teikyouseido.mhlw.go.jp/znk-web/juminkanja/S2430/initialize?prefCd=24&kikanCd=2240017490&kikanKbn=2", "url2": null, "内容": "おわせ耳鼻科【2:診療所】【診療科目:耳鼻いんこう科】三重県尾鷲市朝日町９－２２" }, "geometry": { "type": "Point", "coordinates": [ 136.198467, 34.072499 ] } },
{ "type": "Feature", "properties": { "ID": 2422240017520, "正式名称": "水野眼科", "機関区分": 2, "都道府県コード": 24, "市区町村コード": 214, "所在地": "三重県いなべ市北勢町麻生田３５９７－１", "緯度": 35.137829, "経度": 136.539007, "url": "https://www.iryou.teikyouseido.mhlw.go.jp/znk-web/juminkanja/S2430/initialize?prefCd=24&kikanCd=2240017520&kikanKbn=2", "url2": "http://www.mizuno-ganka.com/", "内容": "水野眼科【2:診療所】【診療科目:眼科】三重県いなべ市北勢町麻生田３５９７－１" }, "geometry": { "type": "Point", "coordinates": [ 136.539007, 35.137829 ] } },
{ "type": "Feature", "properties": { "ID": 2422240017550, "正式名称": "加藤内科", "機関区分": 2, "都道府県コード": 24, "市区町村コード": 207, "所在地": "三重県鈴鹿市算所２丁目１４番１２号", "緯度": 34.872448, "経度": 136.548234, "url": "https://www.iryou.teikyouseido.mhlw.go.jp/znk-web/juminkanja/S2430/initialize?prefCd=24&kikanCd=2240017550&kikanKbn=2", "url2": "http://www.katonaika.net/", "内容": "加藤内科【2:診療所】【診療科目:内科】三重県鈴鹿市算所２丁目１４番１２号" }, "geometry": { "type": "Point", "coordinates": [ 136.548234, 34.872448 ] } },
{ "type": "Feature", "properties": { "ID": 2422240017560, "正式名称": "医療法人　いいだ整形外科", "機関区分": 2, "都道府県コード": 24, "市区町村コード": 202, "所在地": "三重県四日市市楠町小倉７６８－１", "緯度": 34.922472, "経度": 136.626142, "url": "https://www.iryou.teikyouseido.mhlw.go.jp/znk-web/juminkanja/S2430/initialize?prefCd=24&kikanCd=2240017560&kikanKbn=2", "url2": "http://www.iida-seikei.com/pc/", "内容": "医療法人　いいだ整形外科【2:診療所】【診療科目:整形外科_リウマチ科_リハビリテーション科】三重県四日市市楠町小倉７６８－１" }, "geometry": { "type": "Point", "coordinates": [ 136.626142, 34.922472 ] } },
{ "type": "Feature", "properties": { "ID": 2422240017570, "正式名称": "植村整形外科", "機関区分": 2, "都道府県コード": 24, "市区町村コード": 201, "所在地": "三重県津市藤方２５６６番地", "緯度": 34.700993, "経度": 136.514772, "url": "https://www.iryou.teikyouseido.mhlw.go.jp/znk-web/juminkanja/S2430/initialize?prefCd=24&kikanCd=2240017570&kikanKbn=2", "url2": null, "内容": "植村整形外科【2:診療所】【診療科目:整形外科_リウマチ科_リハビリテーション科】三重県津市藤方２５６６番地" }, "geometry": { "type": "Point", "coordinates": [ 136.514772, 34.700993 ] } },
{ "type": "Feature", "properties": { "ID": 2422240017580, "正式名称": "西久保内科クリニック", "機関区分": 2, "都道府県コード": 24, "市区町村コード": 561, "所在地": "三重県南牟婁郡御浜町阿田和５１８９－１", "緯度": 33.80647, "経度": 136.043658, "url": "https://www.iryou.teikyouseido.mhlw.go.jp/znk-web/juminkanja/S2430/initialize?prefCd=24&kikanCd=2240017580&kikanKbn=2", "url2": null, "内容": "西久保内科クリニック【2:診療所】【診療科目:内科_糖尿病内科_呼吸器内科_リウマチ科】三重県南牟婁郡御浜町阿田和５１８９－１" }, "geometry": { "type": "Point", "coordinates": [ 136.043658, 33.80647 ] } },
{ "type": "Feature", "properties": { "ID": 2422240017590, "正式名称": "ありまクリニック", "機関区分": 2, "都道府県コード": 24, "市区町村コード": 202, "所在地": "三重県四日市市下海老町１０８－２", "緯度": 35.023043, "経度": 136.575725, "url": "https://www.iryou.teikyouseido.mhlw.go.jp/znk-web/juminkanja/S2430/initialize?prefCd=24&kikanCd=2240017590&kikanKbn=2", "url2": "https://home.cs-contact.jp/~shinouma/index.html", "内容": "ありまクリニック【2:診療所】【診療科目:小児科_耳鼻いんこう科】三重県四日市市下海老町１０８－２" }, "geometry": { "type": "Point", "coordinates": [ 136.575725, 35.023043 ] } },
{ "type": "Feature", "properties": { "ID": 2422240017600, "正式名称": "医療法人ＡＹＮＳ　ゆたクリニック", "機関区分": 2, "都道府県コード": 24, "市区町村コード": 201, "所在地": "三重県津市修成町２－３", "緯度": 34.709465, "経度": 136.504273, "url": "https://www.iryou.teikyouseido.mhlw.go.jp/znk-web/juminkanja/S2430/initialize?prefCd=24&kikanCd=2240017600&kikanKbn=2", "url2": "http://yuta-clinic.jp", "内容": "医療法人ＡＹＮＳ　ゆたクリニック【2:診療所】【診療科目:耳鼻いんこう科】三重県津市修成町２－３" }, "geometry": { "type": "Point", "coordinates": [ 136.504273, 34.709465 ] } },
{ "type": "Feature", "properties": { "ID": 2422240017620, "正式名称": "医療法人ＣｏＣｏＬｏ　玉田内科循環器内科", "機関区分": 2, "都道府県コード": 24, "市区町村コード": 207, "所在地": "三重県鈴鹿市西条１丁目１７－１５", "緯度": 34.882392, "経度": 136.573898, "url": "https://www.iryou.teikyouseido.mhlw.go.jp/znk-web/juminkanja/S2430/initialize?prefCd=24&kikanCd=2240017620&kikanKbn=2", "url2": "http://tamadanaika.com/", "内容": "医療法人ＣｏＣｏＬｏ　玉田内科循環器内科【2:診療所】【診療科目:内科_循環器内科】三重県鈴鹿市西条１丁目１７－１５" }, "geometry": { "type": "Point", "coordinates": [ 136.573898, 34.882392 ] } },
{ "type": "Feature", "properties": { "ID": 2422240017640, "正式名称": "青山循環器内科クリニック", "機関区分": 2, "都道府県コード": 24, "市区町村コード": 202, "所在地": "三重県四日市市西伊倉町３－２", "緯度": 34.974771, "経度": 136.603752, "url": "https://www.iryou.teikyouseido.mhlw.go.jp/znk-web/juminkanja/S2430/initialize?prefCd=24&kikanCd=2240017640&kikanKbn=2", "url2": "http://aoyama-heart-clinic.com", "内容": "青山循環器内科クリニック【2:診療所】【診療科目:内科_循環器内科】三重県四日市市西伊倉町３－２" }, "geometry": { "type": "Point", "coordinates": [ 136.603752, 34.974771 ] } },
{ "type": "Feature", "properties": { "ID": 2422240017660, "正式名称": "医療法人　泉澄会　亀田クリニック", "機関区分": 2, "都道府県コード": 24, "市区町村コード": 216, "所在地": "三重県伊賀市ゆめが丘３－１－２", "緯度": 34.737705, "経度": 136.160134, "url": "https://www.iryou.teikyouseido.mhlw.go.jp/znk-web/juminkanja/S2430/initialize?prefCd=24&kikanCd=2240017660&kikanKbn=2", "url2": "http://www.kameda-cl.jp", "内容": "医療法人　泉澄会　亀田クリニック【2:診療所】【診療科目:内科_外科】三重県伊賀市ゆめが丘３－１－２" }, "geometry": { "type": "Point", "coordinates": [ 136.160134, 34.737705 ] } },
{ "type": "Feature", "properties": { "ID": 2422240017670, "正式名称": "羽津眼科", "機関区分": 2, "都道府県コード": 24, "市区町村コード": 202, "所在地": "三重県四日市市羽津中一丁目４番２１号", "緯度": 34.990964, "経度": 136.633888, "url": "https://www.iryou.teikyouseido.mhlw.go.jp/znk-web/juminkanja/S2430/initialize?prefCd=24&kikanCd=2240017670&kikanKbn=2", "url2": "http://hazuganka.jp/", "内容": "羽津眼科【2:診療所】【診療科目:眼科】三重県四日市市羽津中一丁目４番２１号" }, "geometry": { "type": "Point", "coordinates": [ 136.633888, 34.990964 ] } },
{ "type": "Feature", "properties": { "ID": 2422240017680, "正式名称": "村松有滝診療所", "機関区分": 2, "都道府県コード": 24, "市区町村コード": 203, "所在地": "三重県伊勢市村松町３２９４－１５", "緯度": 34.544874, "経度": 136.689654, "url": "https://www.iryou.teikyouseido.mhlw.go.jp/znk-web/juminkanja/S2430/initialize?prefCd=24&kikanCd=2240017680&kikanKbn=2", "url2": "http://www.myclinic.ne.jp/mac_f/", "内容": "村松有滝診療所【2:診療所】【診療科目:内科_神経内科_脳神経外科_リハビリテーション科】三重県伊勢市村松町３２９４－１５" }, "geometry": { "type": "Point", "coordinates": [ 136.689654, 34.544874 ] } },
{ "type": "Feature", "properties": { "ID": 2422240017690, "正式名称": "長谷川脳神経外科クリニック", "機関区分": 2, "都道府県コード": 24, "市区町村コード": 202, "所在地": "三重県四日市市羽津中２丁目２－６", "緯度": 34.993714, "経度": 136.633416, "url": "https://www.iryou.teikyouseido.mhlw.go.jp/znk-web/juminkanja/S2430/initialize?prefCd=24&kikanCd=2240017690&kikanKbn=2", "url2": "http://hasegawa-ns.com", "内容": "長谷川脳神経外科クリニック【2:診療所】【診療科目:内科_神経内科_外科_脳神経外科】三重県四日市市羽津中２丁目２－６" }, "geometry": { "type": "Point", "coordinates": [ 136.633416, 34.993714 ] } },
{ "type": "Feature", "properties": { "ID": 2422240017720, "正式名称": "おかもと耳鼻咽喉科", "機関区分": 2, "都道府県コード": 24, "市区町村コード": 202, "所在地": "三重県四日市市茂福７８５－１", "緯度": 35.005296, "経度": 136.643803, "url": "https://www.iryou.teikyouseido.mhlw.go.jp/znk-web/juminkanja/S2430/initialize?prefCd=24&kikanCd=2240017720&kikanKbn=2", "url2": "http://www.okamotojibika.com", "内容": "おかもと耳鼻咽喉科【2:診療所】【診療科目:頭頸部外科_耳鼻いんこう科_アレルギー科】三重県四日市市茂福７８５－１" }, "geometry": { "type": "Point", "coordinates": [ 136.643803, 35.005296 ] } },
{ "type": "Feature", "properties": { "ID": 2422240017730, "正式名称": "鳥羽市立鏡浦診療所今浦分室", "機関区分": 2, "都道府県コード": 24, "市区町村コード": 211, "所在地": "三重県鳥羽市浦村町２４４番地４", "緯度": 34.4405, "経度": 136.879504, "url": "https://www.iryou.teikyouseido.mhlw.go.jp/znk-web/juminkanja/S2430/initialize?prefCd=24&kikanCd=2240017730&kikanKbn=2", "url2": null, "内容": "鳥羽市立鏡浦診療所今浦分室【2:診療所】【診療科目:内科_外科】三重県鳥羽市浦村町２４４番地４" }, "geometry": { "type": "Point", "coordinates": [ 136.879504, 34.4405 ] } },
{ "type": "Feature", "properties": { "ID": 2422240017740, "正式名称": "桑名クリニック", "機関区分": 2, "都道府県コード": 24, "市区町村コード": 205, "所在地": "三重県桑名市長島町横満蔵５７３番地", "緯度": 35.051765, "経度": 136.722322, "url": "https://www.iryou.teikyouseido.mhlw.go.jp/znk-web/juminkanja/S2430/initialize?prefCd=24&kikanCd=2240017740&kikanKbn=2", "url2": "http://www.kuwana-clinic.com/", "内容": "桑名クリニック【2:診療所】【診療科目:内科_腎臓内科_神経内科_脳神経外科_小児科】三重県桑名市長島町横満蔵５７３番地" }, "geometry": { "type": "Point", "coordinates": [ 136.722322, 35.051765 ] } },
{ "type": "Feature", "properties": { "ID": 2422240017750, "正式名称": "水口内科クリニック", "機関区分": 2, "都道府県コード": 24, "市区町村コード": 207, "所在地": "三重県鈴鹿市北江島町１５－２１", "緯度": 34.842341, "経度": 136.596759, "url": "https://www.iryou.teikyouseido.mhlw.go.jp/znk-web/juminkanja/S2430/initialize?prefCd=24&kikanCd=2240017750&kikanKbn=2", "url2": "http://www.mizuguchi-naika.com", "内容": "水口内科クリニック【2:診療所】【診療科目:内科_循環器内科】三重県鈴鹿市北江島町１５－２１" }, "geometry": { "type": "Point", "coordinates": [ 136.596759, 34.842341 ] } },
{ "type": "Feature", "properties": { "ID": 2422240017760, "正式名称": "名張こころのクリニック", "機関区分": 2, "都道府県コード": 24, "市区町村コード": 208, "所在地": "三重県名張市希央台５番町１９番地なばりえ１Ｆ", "緯度": 34.623689, "経度": 136.097394, "url": "https://www.iryou.teikyouseido.mhlw.go.jp/znk-web/juminkanja/S2430/initialize?prefCd=24&kikanCd=2240017760&kikanKbn=2", "url2": "http://www.nabari-cocoro.com/", "内容": "名張こころのクリニック【2:診療所】【診療科目:内科_精神科_心療内科】三重県名張市希央台５番町１９番地なばりえ１Ｆ" }, "geometry": { "type": "Point", "coordinates": [ 136.097394, 34.623689 ] } },
{ "type": "Feature", "properties": { "ID": 2422240017770, "正式名称": "森岡皮膚科クリニック", "機関区分": 2, "都道府県コード": 24, "市区町村コード": 442, "所在地": "三重県多気郡明和町金剛坂８１２－３９", "緯度": 34.530347, "経度": 136.607217, "url": "https://www.iryou.teikyouseido.mhlw.go.jp/znk-web/juminkanja/S2430/initialize?prefCd=24&kikanCd=2240017770&kikanKbn=2", "url2": "http://www.moriokahifuka.com/", "内容": "森岡皮膚科クリニック【2:診療所】【診療科目:皮膚科_アレルギー科】三重県多気郡明和町金剛坂８１２－３９" }, "geometry": { "type": "Point", "coordinates": [ 136.607217, 34.530347 ] } },
{ "type": "Feature", "properties": { "ID": 2422240017890, "正式名称": "高士医院", "機関区分": 2, "都道府県コード": 24, "市区町村コード": 202, "所在地": "三重県四日市市蒔田４－２－２", "緯度": 35.018156, "経度": 136.648691, "url": "https://www.iryou.teikyouseido.mhlw.go.jp/znk-web/juminkanja/S2430/initialize?prefCd=24&kikanCd=2240017890&kikanKbn=2", "url2": null, "内容": "高士医院【2:診療所】【診療科目:内科_外科_整形外科_眼科_皮膚科_リハビリテーション科】三重県四日市市蒔田４－２－２" }, "geometry": { "type": "Point", "coordinates": [ 136.648691, 35.018156 ] } },
{ "type": "Feature", "properties": { "ID": 2422240017900, "正式名称": "重盛医院・乳腺クリニック", "機関区分": 2, "都道府県コード": 24, "市区町村コード": 202, "所在地": "三重県四日市市笹川６丁目２９番地の２", "緯度": 34.948912, "経度": 136.576923, "url": "https://www.iryou.teikyouseido.mhlw.go.jp/znk-web/juminkanja/S2430/initialize?prefCd=24&kikanCd=2240017900&kikanKbn=2", "url2": "http://www.shigemorinyusen.com/index.html", "内容": "重盛医院・乳腺クリニック【2:診療所】【診療科目:外科_乳腺外科】三重県四日市市笹川６丁目２９番地の２" }, "geometry": { "type": "Point", "coordinates": [ 136.576923, 34.948912 ] } },
{ "type": "Feature", "properties": { "ID": 2422240017910, "正式名称": "しまむら外科内科", "機関区分": 2, "都道府県コード": 24, "市区町村コード": 207, "所在地": "三重県鈴鹿市野村町１６５－１", "緯度": 34.837785, "経度": 136.568734, "url": "https://www.iryou.teikyouseido.mhlw.go.jp/znk-web/juminkanja/S2430/initialize?prefCd=24&kikanCd=2240017910&kikanKbn=2", "url2": null, "内容": "しまむら外科内科【2:診療所】【診療科目:内科_消化器内科_外科_肛門外科】三重県鈴鹿市野村町１６５－１" }, "geometry": { "type": "Point", "coordinates": [ 136.568734, 34.837785 ] } },
{ "type": "Feature", "properties": { "ID": 2422240017920, "正式名称": "医療法人　和楽　ふくい心クリニック", "機関区分": 2, "都道府県コード": 24, "市区町村コード": 205, "所在地": "三重県桑名市北別所１８４１－１", "緯度": 35.080039, "経度": 136.672381, "url": "https://www.iryou.teikyouseido.mhlw.go.jp/znk-web/juminkanja/S2430/initialize?prefCd=24&kikanCd=2240017920&kikanKbn=2", "url2": null, "内容": "医療法人　和楽　ふくい心クリニック【2:診療所】【診療科目:精神科_心療内科】三重県桑名市北別所１８４１－１" }, "geometry": { "type": "Point", "coordinates": [ 136.672381, 35.080039 ] } },
{ "type": "Feature", "properties": { "ID": 2422240017980, "正式名称": "いくわ林クリニック", "機関区分": 2, "都道府県コード": 24, "市区町村コード": 202, "所在地": "三重県四日市市生桑町２９５－１", "緯度": 34.986076, "経度": 136.60178, "url": "https://www.iryou.teikyouseido.mhlw.go.jp/znk-web/juminkanja/S2430/initialize?prefCd=24&kikanCd=2240017980&kikanKbn=2", "url2": "http://ikwahayashiclinic.com/index.html", "内容": "いくわ林クリニック【2:診療所】【診療科目:内科_循環器内科_皮膚科_アレルギー科】三重県四日市市生桑町２９５－１" }, "geometry": { "type": "Point", "coordinates": [ 136.60178, 34.986076 ] } },
{ "type": "Feature", "properties": { "ID": 2422240017990, "正式名称": "皮ふ科野内クリニック", "機関区分": 2, "都道府県コード": 24, "市区町村コード": 210, "所在地": "三重県亀山市南崎町７３５－１６", "緯度": 34.852908, "経度": 136.451252, "url": "https://www.iryou.teikyouseido.mhlw.go.jp/znk-web/juminkanja/S2430/initialize?prefCd=24&kikanCd=2240017990&kikanKbn=2", "url2": "http://www.nouchi-clinic.com", "内容": "皮ふ科野内クリニック【2:診療所】【診療科目:皮膚科】三重県亀山市南崎町７３５－１６" }, "geometry": { "type": "Point", "coordinates": [ 136.451252, 34.852908 ] } },
{ "type": "Feature", "properties": { "ID": 2422240018010, "正式名称": "みどりクリニック", "機関区分": 2, "都道府県コード": 24, "市区町村コード": 201, "所在地": "三重県津市久居野村町字権田３１４番地１３", "緯度": 34.674357, "経度": 136.486082, "url": "https://www.iryou.teikyouseido.mhlw.go.jp/znk-web/juminkanja/S2430/initialize?prefCd=24&kikanCd=2240018010&kikanKbn=2", "url2": "http://msmcmidoriclinic.com", "内容": "みどりクリニック【2:診療所】【診療科目:整形外科_リハビリテーション科_麻酔科】三重県津市久居野村町字権田３１４番地１３" }, "geometry": { "type": "Point", "coordinates": [ 136.486082, 34.674357 ] } },
{ "type": "Feature", "properties": { "ID": 2422240018030, "正式名称": "医療法人　社団　菊川産婦人科", "機関区分": 2, "都道府県コード": 24, "市区町村コード": 203, "所在地": "三重県伊勢市一之木５丁目１５番５号", "緯度": 34.504462, "経度": 136.708321, "url": "https://www.iryou.teikyouseido.mhlw.go.jp/znk-web/juminkanja/S2430/initialize?prefCd=24&kikanCd=2240018030&kikanKbn=2", "url2": "http://www.kikukawa.org/", "内容": "医療法人　社団　菊川産婦人科【2:診療所】【診療科目:産科_婦人科】三重県伊勢市一之木５丁目１５番５号" }, "geometry": { "type": "Point", "coordinates": [ 136.708321, 34.504462 ] } },
{ "type": "Feature", "properties": { "ID": 2422240018050, "正式名称": "医療法人トータルヘルス　タカオカクリニック", "機関区分": 2, "都道府県コード": 24, "市区町村コード": 201, "所在地": "三重県津市河辺町３０４１－６", "緯度": 34.752515, "経度": 136.481828, "url": "https://www.iryou.teikyouseido.mhlw.go.jp/znk-web/juminkanja/S2430/initialize?prefCd=24&kikanCd=2240018050&kikanKbn=2", "url2": "http://www.takaoka-clinic.com/", "内容": "医療法人トータルヘルス　タカオカクリニック【2:診療所】【診療科目:内科】三重県津市河辺町３０４１－６" }, "geometry": { "type": "Point", "coordinates": [ 136.481828, 34.752515 ] } },
{ "type": "Feature", "properties": { "ID": 2422240018100, "正式名称": "津メンタルクリニック", "機関区分": 2, "都道府県コード": 24, "市区町村コード": 201, "所在地": "三重県津市久居明神町２０８８－１", "緯度": 34.687577, "経度": 136.465416, "url": "https://www.iryou.teikyouseido.mhlw.go.jp/znk-web/juminkanja/S2430/initialize?prefCd=24&kikanCd=2240018100&kikanKbn=2", "url2": "http://www.ztv.ne.jp/kaige/", "内容": "津メンタルクリニック【2:診療所】【診療科目:精神科_心療内科】三重県津市久居明神町２０８８－１" }, "geometry": { "type": "Point", "coordinates": [ 136.465416, 34.687577 ] } },
{ "type": "Feature", "properties": { "ID": 2422240018110, "正式名称": "やまかみクリニック", "機関区分": 2, "都道府県コード": 24, "市区町村コード": 201, "所在地": "三重県津市長岡町２５－１", "緯度": 34.735265, "経度": 136.48933, "url": "https://www.iryou.teikyouseido.mhlw.go.jp/znk-web/juminkanja/S2430/initialize?prefCd=24&kikanCd=2240018110&kikanKbn=2", "url2": "http://yamakami-clinic.com/", "内容": "やまかみクリニック【2:診療所】【診療科目:皮膚科_アレルギー科】三重県津市長岡町２５－１" }, "geometry": { "type": "Point", "coordinates": [ 136.48933, 34.735265 ] } },
{ "type": "Feature", "properties": { "ID": 2422240018120, "正式名称": "医療法人　はくほうクリニック", "機関区分": 2, "都道府県コード": 24, "市区町村コード": 216, "所在地": "三重県伊賀市平野西町６６", "緯度": 34.772646, "経度": 136.133912, "url": "https://www.iryou.teikyouseido.mhlw.go.jp/znk-web/juminkanja/S2430/initialize?prefCd=24&kikanCd=2240018120&kikanKbn=2", "url2": null, "内容": "医療法人　はくほうクリニック【2:診療所】【診療科目:耳鼻いんこう科】三重県伊賀市平野西町６６" }, "geometry": { "type": "Point", "coordinates": [ 136.133912, 34.772646 ] } },
{ "type": "Feature", "properties": { "ID": 2422240018130, "正式名称": "医療法人　わき内科クリニック", "機関区分": 2, "都道府県コード": 24, "市区町村コード": 215, "所在地": "三重県志摩市阿児町甲賀字鹿谷４１２８－１", "緯度": 34.306514, "経度": 136.872511, "url": "https://www.iryou.teikyouseido.mhlw.go.jp/znk-web/juminkanja/S2430/initialize?prefCd=24&kikanCd=2240018130&kikanKbn=2", "url2": null, "内容": "医療法人　わき内科クリニック【2:診療所】【診療科目:内科_糖尿病内科_消化器内科】三重県志摩市阿児町甲賀字鹿谷４１２８－１" }, "geometry": { "type": "Point", "coordinates": [ 136.872511, 34.306514 ] } },
{ "type": "Feature", "properties": { "ID": 2422240018140, "正式名称": "熊野市立小船診療所", "機関区分": 2, "都道府県コード": 24, "市区町村コード": 212, "所在地": "三重県熊野市紀和町小船２１４－２", "緯度": 33.838852, "経度": 135.858644, "url": "https://www.iryou.teikyouseido.mhlw.go.jp/znk-web/juminkanja/S2430/initialize?prefCd=24&kikanCd=2240018140&kikanKbn=2", "url2": null, "内容": "熊野市立小船診療所【2:診療所】【診療科目:内科_外科】三重県熊野市紀和町小船２１４－２" }, "geometry": { "type": "Point", "coordinates": [ 135.858644, 33.838852 ] } },
{ "type": "Feature", "properties": { "ID": 2422240018150, "正式名称": "あさけメンタルクリニック", "機関区分": 2, "都道府県コード": 24, "市区町村コード": 202, "所在地": "三重県四日市市西富田町１７２", "緯度": 35.013268, "経度": 136.642859, "url": "https://www.iryou.teikyouseido.mhlw.go.jp/znk-web/juminkanja/S2430/initialize?prefCd=24&kikanCd=2240018150&kikanKbn=2", "url2": "http://www.asake-mental.com", "内容": "あさけメンタルクリニック【2:診療所】【診療科目:精神科_心療内科】三重県四日市市西富田町１７２" }, "geometry": { "type": "Point", "coordinates": [ 136.642859, 35.013268 ] } },
{ "type": "Feature", "properties": { "ID": 2422240018160, "正式名称": "八木皮フ科クリニック", "機関区分": 2, "都道府県コード": 24, "市区町村コード": 202, "所在地": "三重県四日市市貝家町２６６－３", "緯度": 34.932636, "経度": 136.567896, "url": "https://www.iryou.teikyouseido.mhlw.go.jp/znk-web/juminkanja/S2430/initialize?prefCd=24&kikanCd=2240018160&kikanKbn=2", "url2": "http://yagihifuka.com/index.html", "内容": "八木皮フ科クリニック【2:診療所】【診療科目:皮膚科】三重県四日市市貝家町２６６－３" }, "geometry": { "type": "Point", "coordinates": [ 136.567896, 34.932636 ] } },
{ "type": "Feature", "properties": { "ID": 2422240018170, "正式名称": "津在宅ケア診療所", "機関区分": 2, "都道府県コード": 24, "市区町村コード": 201, "所在地": "三重県津市大谷町２５５オフィス金子１階１Ｆ号室", "緯度": 34.73499, "経度": 136.509882, "url": "https://www.iryou.teikyouseido.mhlw.go.jp/znk-web/juminkanja/S2430/initialize?prefCd=24&kikanCd=2240018170&kikanKbn=2", "url2": "http://nttbj.itp.ne.jp/0592241661/index.html", "内容": "津在宅ケア診療所【2:診療所】【診療科目:消化器内科_緩和ケア内科_外科】三重県津市大谷町２５５オフィス金子１階１Ｆ号室" }, "geometry": { "type": "Point", "coordinates": [ 136.509882, 34.73499 ] } },
{ "type": "Feature", "properties": { "ID": 2422240018180, "正式名称": "伊勢かめや眼科", "機関区分": 2, "都道府県コード": 24, "市区町村コード": 203, "所在地": "三重県伊勢市神田久志本町１７８３", "緯度": 34.488214, "経度": 136.721987, "url": "https://www.iryou.teikyouseido.mhlw.go.jp/znk-web/juminkanja/S2430/initialize?prefCd=24&kikanCd=2240018180&kikanKbn=2", "url2": "http://ise-kameya-ganka.jp/", "内容": "伊勢かめや眼科【2:診療所】【診療科目:眼科】三重県伊勢市神田久志本町１７８３" }, "geometry": { "type": "Point", "coordinates": [ 136.721987, 34.488214 ] } },
{ "type": "Feature", "properties": { "ID": 2422240018190, "正式名称": "小林眼科", "機関区分": 2, "都道府県コード": 24, "市区町村コード": 207, "所在地": "三重県鈴鹿市庄野羽山４－１－２　ベルシティ鈴鹿１階", "緯度": 34.871948, "経度": 136.531124, "url": "https://www.iryou.teikyouseido.mhlw.go.jp/znk-web/juminkanja/S2430/initialize?prefCd=24&kikanCd=2240018190&kikanKbn=2", "url2": "http://www.kobayashi-ganka.com", "内容": "小林眼科【2:診療所】【診療科目:眼科】三重県鈴鹿市庄野羽山４－１－２　ベルシティ鈴鹿１階" }, "geometry": { "type": "Point", "coordinates": [ 136.531124, 34.871948 ] } },
{ "type": "Feature", "properties": { "ID": 2422240018210, "正式名称": "産婦人科ゆずり葉", "機関区分": 2, "都道府県コード": 24, "市区町村コード": 205, "所在地": "三重県桑名市和泉２４８番地１", "緯度": 35.043349, "経度": 136.687603, "url": "https://www.iryou.teikyouseido.mhlw.go.jp/znk-web/juminkanja/S2430/initialize?prefCd=24&kikanCd=2240018210&kikanKbn=2", "url2": "https://yuzuriha-mie.jp", "内容": "産婦人科ゆずり葉【2:診療所】【診療科目:小児科_産婦人科】三重県桑名市和泉２４８番地１" }, "geometry": { "type": "Point", "coordinates": [ 136.687603, 35.043349 ] } },
{ "type": "Feature", "properties": { "ID": 2422240018280, "正式名称": "西井外科胃腸科", "機関区分": 2, "都道府県コード": 24, "市区町村コード": 209, "所在地": "三重県尾鷲市中央町１０－２４", "緯度": 34.070305, "経度": 136.190717, "url": "https://www.iryou.teikyouseido.mhlw.go.jp/znk-web/juminkanja/S2430/initialize?prefCd=24&kikanCd=2240018280&kikanKbn=2", "url2": "http://www.nishiiclinic.jp/", "内容": "西井外科胃腸科【2:診療所】【診療科目:内科_消化器内科_外科_呼吸器外科】三重県尾鷲市中央町１０－２４" }, "geometry": { "type": "Point", "coordinates": [ 136.190717, 34.070305 ] } },
{ "type": "Feature", "properties": { "ID": 2422240018290, "正式名称": "伊勢リウマチハンドクリニック", "機関区分": 2, "都道府県コード": 24, "市区町村コード": 203, "所在地": "三重県伊勢市勢田町５６９－２", "緯度": 34.478548, "経度": 136.710405, "url": "https://www.iryou.teikyouseido.mhlw.go.jp/znk-web/juminkanja/S2430/initialize?prefCd=24&kikanCd=2240018290&kikanKbn=2", "url2": "http://mamoruhandclinic.web.fc2.com/consultation.html", "内容": "伊勢リウマチハンドクリニック【2:診療所】【診療科目:整形外科_リウマチ科_リハビリテーション科】三重県伊勢市勢田町５６９－２" }, "geometry": { "type": "Point", "coordinates": [ 136.710405, 34.478548 ] } },
{ "type": "Feature", "properties": { "ID": 2422240018300, "正式名称": "医療法人楊柳会しまヒフ科クリニック", "機関区分": 2, "都道府県コード": 24, "市区町村コード": 207, "所在地": "三重県鈴鹿市柳町１６７５", "緯度": 34.874532, "経度": 136.596785, "url": "https://www.iryou.teikyouseido.mhlw.go.jp/znk-web/juminkanja/S2430/initialize?prefCd=24&kikanCd=2240018300&kikanKbn=2", "url2": "http://shimahifuka-clinic.com", "内容": "医療法人楊柳会しまヒフ科クリニック【2:診療所】【診療科目:皮膚科_美容皮膚科_アレルギー科】三重県鈴鹿市柳町１６７５" }, "geometry": { "type": "Point", "coordinates": [ 136.596785, 34.874532 ] } },
{ "type": "Feature", "properties": { "ID": 2422240018350, "正式名称": "別府内科クリニック", "機関区分": 2, "都道府県コード": 24, "市区町村コード": 207, "所在地": "三重県鈴鹿市東磯山３丁目１９番２５号", "緯度": 34.814788, "経度": 136.574346, "url": "https://www.iryou.teikyouseido.mhlw.go.jp/znk-web/juminkanja/S2430/initialize?prefCd=24&kikanCd=2240018350&kikanKbn=2", "url2": "https://www.beppunaikacl.com/", "内容": "別府内科クリニック【2:診療所】【診療科目:内科_消化器内科_肝臓内科】三重県鈴鹿市東磯山３丁目１９番２５号" }, "geometry": { "type": "Point", "coordinates": [ 136.574346, 34.814788 ] } },
{ "type": "Feature", "properties": { "ID": 2422240018380, "正式名称": "やまがみ眼科", "機関区分": 2, "都道府県コード": 24, "市区町村コード": 208, "所在地": "三重県名張市希央台４番町２番地", "緯度": 34.623411, "経度": 136.098838, "url": "https://www.iryou.teikyouseido.mhlw.go.jp/znk-web/juminkanja/S2430/initialize?prefCd=24&kikanCd=2240018380&kikanKbn=2", "url2": "http://yamagamiganka.com/", "内容": "やまがみ眼科【2:診療所】【診療科目:眼科】三重県名張市希央台４番町２番地" }, "geometry": { "type": "Point", "coordinates": [ 136.098838, 34.623411 ] } },
{ "type": "Feature", "properties": { "ID": 2422240018430, "正式名称": "医療法人　林檎会　はる整形外科クリニック", "機関区分": 2, "都道府県コード": 24, "市区町村コード": 207, "所在地": "三重県鈴鹿市野村町２００番地１", "緯度": 34.836813, "経度": 136.568928, "url": "https://www.iryou.teikyouseido.mhlw.go.jp/znk-web/juminkanja/S2430/initialize?prefCd=24&kikanCd=2240018430&kikanKbn=2", "url2": "http://haru-seikei.com", "内容": "医療法人　林檎会　はる整形外科クリニック【2:診療所】【診療科目:整形外科_リウマチ科_リハビリテーション科】三重県鈴鹿市野村町２００番地１" }, "geometry": { "type": "Point", "coordinates": [ 136.568928, 34.836813 ] } },
{ "type": "Feature", "properties": { "ID": 2422240018440, "正式名称": "さの眼科クリニック", "機関区分": 2, "都道府県コード": 24, "市区町村コード": 207, "所在地": "三重県鈴鹿市野村町２００－２", "緯度": 34.83748, "経度": 136.568095, "url": "https://www.iryou.teikyouseido.mhlw.go.jp/znk-web/juminkanja/S2430/initialize?prefCd=24&kikanCd=2240018440&kikanKbn=2", "url2": "http://www.sano.me", "内容": "さの眼科クリニック【2:診療所】【診療科目:眼科】三重県鈴鹿市野村町２００－２" }, "geometry": { "type": "Point", "coordinates": [ 136.568095, 34.83748 ] } },
{ "type": "Feature", "properties": { "ID": 2422240018460, "正式名称": "みらいのこどもクリニック", "機関区分": 2, "都道府県コード": 24, "市区町村コード": 208, "所在地": "三重県名張市希央台４番町２番地　医療法人グリーンスウォードビル４階", "緯度": 34.623494, "経度": 136.098894, "url": "https://www.iryou.teikyouseido.mhlw.go.jp/znk-web/juminkanja/S2430/initialize?prefCd=24&kikanCd=2240018460&kikanKbn=2", "url2": "http://mirainokodomo.net/", "内容": "みらいのこどもクリニック【2:診療所】【診療科目:小児科】三重県名張市希央台４番町２番地　医療法人グリーンスウォードビル４階" }, "geometry": { "type": "Point", "coordinates": [ 136.098894, 34.623494 ] } },
{ "type": "Feature", "properties": { "ID": 2422240018490, "正式名称": "医療法人　聖弘会　松永整形外科クリニック", "機関区分": 2, "都道府県コード": 24, "市区町村コード": 208, "所在地": "三重県名張市希央台４番町２２番地", "緯度": 34.623522, "経度": 136.100783, "url": "https://www.iryou.teikyouseido.mhlw.go.jp/znk-web/juminkanja/S2430/initialize?prefCd=24&kikanCd=2240018490&kikanKbn=2", "url2": "http://www.matsunaga-seikei.com", "内容": "医療法人　聖弘会　松永整形外科クリニック【2:診療所】【診療科目:整形外科_リウマチ科_リハビリテーション科】三重県名張市希央台４番町２２番地" }, "geometry": { "type": "Point", "coordinates": [ 136.100783, 34.623522 ] } },
{ "type": "Feature", "properties": { "ID": 2422240018500, "正式名称": "丸の内まつなが眼科", "機関区分": 2, "都道府県コード": 24, "市区町村コード": 201, "所在地": "三重県津市東丸之内２１番６号ハクボタンビル３階", "緯度": 34.717603, "経度": 136.510522, "url": "https://www.iryou.teikyouseido.mhlw.go.jp/znk-web/juminkanja/S2430/initialize?prefCd=24&kikanCd=2240018500&kikanKbn=2", "url2": "http://marunouchimatsunaga.com/", "内容": "丸の内まつなが眼科【2:診療所】【診療科目:眼科】三重県津市東丸之内２１番６号ハクボタンビル３階" }, "geometry": { "type": "Point", "coordinates": [ 136.510522, 34.717603 ] } },
{ "type": "Feature", "properties": { "ID": 2422240018530, "正式名称": "小谷眼科", "機関区分": 2, "都道府県コード": 24, "市区町村コード": 202, "所在地": "三重県四日市市中町８－１３", "緯度": 34.969439, "経度": 136.629139, "url": "https://www.iryou.teikyouseido.mhlw.go.jp/znk-web/juminkanja/S2430/initialize?prefCd=24&kikanCd=2240018530&kikanKbn=2", "url2": "http://kotani-ganka.com/", "内容": "小谷眼科【2:診療所】【診療科目:眼科】三重県四日市市中町８－１３" }, "geometry": { "type": "Point", "coordinates": [ 136.629139, 34.969439 ] } },
{ "type": "Feature", "properties": { "ID": 2422240018560, "正式名称": "医療法人ＩＲＯ　　三重膠原病リウマチ痛風クリニック", "機関区分": 2, "都道府県コード": 24, "市区町村コード": 207, "所在地": "三重県鈴鹿市白子町３７０７番１", "緯度": 34.831342, "経度": 136.5804, "url": "https://www.iryou.teikyouseido.mhlw.go.jp/znk-web/juminkanja/S2430/initialize?prefCd=24&kikanCd=2240018560&kikanKbn=2", "url2": "http://iro-mr-clinic.com", "内容": "医療法人ＩＲＯ　　三重膠原病リウマチ痛風クリニック【2:診療所】【診療科目:内科_整形外科_リウマチ科】三重県鈴鹿市白子町３７０７番１" }, "geometry": { "type": "Point", "coordinates": [ 136.5804, 34.831342 ] } },
{ "type": "Feature", "properties": { "ID": 2422240018590, "正式名称": "いせ眼科クリニック", "機関区分": 2, "都道府県コード": 24, "市区町村コード": 203, "所在地": "三重県伊勢市宮後３丁目８番５２号", "緯度": 34.498963, "経度": 136.709377, "url": "https://www.iryou.teikyouseido.mhlw.go.jp/znk-web/juminkanja/S2430/initialize?prefCd=24&kikanCd=2240018590&kikanKbn=2", "url2": "http://msssfamily.p-kit.com/page0002.html", "内容": "いせ眼科クリニック【2:診療所】【診療科目:眼科】三重県伊勢市宮後３丁目８番５２号" }, "geometry": { "type": "Point", "coordinates": [ 136.709377, 34.498963 ] } },
{ "type": "Feature", "properties": { "ID": 2422240018610, "正式名称": "ちひろ内科クリニック", "機関区分": 2, "都道府県コード": 24, "市区町村コード": 208, "所在地": "三重県名張市希央台４番町２番地メディカルセンター３Ｆ", "緯度": 34.62355, "経度": 136.098894, "url": "https://www.iryou.teikyouseido.mhlw.go.jp/znk-web/juminkanja/S2430/initialize?prefCd=24&kikanCd=2240018610&kikanKbn=2", "url2": "http://chihiro-clinic.net/", "内容": "ちひろ内科クリニック【2:診療所】【診療科目:内科】三重県名張市希央台４番町２番地メディカルセンター３Ｆ" }, "geometry": { "type": "Point", "coordinates": [ 136.098894, 34.62355 ] } },
{ "type": "Feature", "properties": { "ID": 2422240018660, "正式名称": "すずかいとう皮膚科クリニック", "機関区分": 2, "都道府県コード": 24, "市区町村コード": 207, "所在地": "三重県鈴鹿市野村町１６８－１", "緯度": 34.837258, "経度": 136.568262, "url": "https://www.iryou.teikyouseido.mhlw.go.jp/znk-web/juminkanja/S2430/initialize?prefCd=24&kikanCd=2240018660&kikanKbn=2", "url2": "http://suzukaitoclinic.com/", "内容": "すずかいとう皮膚科クリニック【2:診療所】【診療科目:皮膚科_アレルギー科】三重県鈴鹿市野村町１６８－１" }, "geometry": { "type": "Point", "coordinates": [ 136.568262, 34.837258 ] } },
{ "type": "Feature", "properties": { "ID": 2422240018680, "正式名称": "ＫＫＣ健康スクエア　ウエルネス三重健診クリニック", "機関区分": 2, "都道府県コード": 24, "市区町村コード": 201, "所在地": "三重県津市あのつ台４丁目１番３", "緯度": 34.790067, "経度": 136.493826, "url": "https://www.iryou.teikyouseido.mhlw.go.jp/znk-web/juminkanja/S2430/initialize?prefCd=24&kikanCd=2240018680&kikanKbn=2", "url2": "https://www.zai-kkc.or.jp/clinic/mie/", "内容": "ＫＫＣ健康スクエア　ウエルネス三重健診クリニック【2:診療所】【診療科目:内科】三重県津市あのつ台４丁目１番３" }, "geometry": { "type": "Point", "coordinates": [ 136.493826, 34.790067 ] } },
{ "type": "Feature", "properties": { "ID": 2422240018700, "正式名称": "和田眼科クリニック", "機関区分": 2, "都道府県コード": 24, "市区町村コード": 209, "所在地": "三重県尾鷲市中村町７－１３", "緯度": 34.074083, "経度": 136.190828, "url": "https://www.iryou.teikyouseido.mhlw.go.jp/znk-web/juminkanja/S2430/initialize?prefCd=24&kikanCd=2240018700&kikanKbn=2", "url2": "http://wadaganka.com", "内容": "和田眼科クリニック【2:診療所】【診療科目:眼科】三重県尾鷲市中村町７－１３" }, "geometry": { "type": "Point", "coordinates": [ 136.190828, 34.074083 ] } },
{ "type": "Feature", "properties": { "ID": 2422240018720, "正式名称": "ひまわり皮フ科", "機関区分": 2, "都道府県コード": 24, "市区町村コード": 207, "所在地": "三重県鈴鹿市矢橋１－４－１２", "緯度": 34.883753, "経度": 136.58873, "url": "https://www.iryou.teikyouseido.mhlw.go.jp/znk-web/juminkanja/S2430/initialize?prefCd=24&kikanCd=2240018720&kikanKbn=2", "url2": "https://www.himahifu.com/", "内容": "ひまわり皮フ科【2:診療所】【診療科目:皮膚科】三重県鈴鹿市矢橋１－４－１２" }, "geometry": { "type": "Point", "coordinates": [ 136.58873, 34.883753 ] } },
{ "type": "Feature", "properties": { "ID": 2422240018730, "正式名称": "ゆう心のクリニック", "機関区分": 2, "都道府県コード": 24, "市区町村コード": 201, "所在地": "三重県津市河芸町東千里１５５－１", "緯度": 34.800622, "経度": 136.557014, "url": "https://www.iryou.teikyouseido.mhlw.go.jp/znk-web/juminkanja/S2430/initialize?prefCd=24&kikanCd=2240018730&kikanKbn=2", "url2": "http://mental-patho.com/", "内容": "ゆう心のクリニック【2:診療所】【診療科目:精神科_心療内科_病理診断科】三重県津市河芸町東千里１５５－１" }, "geometry": { "type": "Point", "coordinates": [ 136.557014, 34.800622 ] } },
{ "type": "Feature", "properties": { "ID": 2422240018750, "正式名称": "さかい循環器内科クリニック", "機関区分": 2, "都道府県コード": 24, "市区町村コード": 208, "所在地": "三重県名張市希央台３番町６番１", "緯度": 34.623328, "経度": 136.102921, "url": "https://www.iryou.teikyouseido.mhlw.go.jp/znk-web/juminkanja/S2430/initialize?prefCd=24&kikanCd=2240018750&kikanKbn=2", "url2": "http://sakaiclinic-nabari.com/", "内容": "さかい循環器内科クリニック【2:診療所】【診療科目:内科_循環器内科_消化器内科】三重県名張市希央台３番町６番１" }, "geometry": { "type": "Point", "coordinates": [ 136.102921, 34.623328 ] } },
{ "type": "Feature", "properties": { "ID": 2422240018760, "正式名称": "山中胃腸科クリニック", "機関区分": 2, "都道府県コード": 24, "市区町村コード": 204, "所在地": "三重県松阪市田村町４４６－２", "緯度": 34.558285, "経度": 136.511505, "url": "https://www.iryou.teikyouseido.mhlw.go.jp/znk-web/juminkanja/S2430/initialize?prefCd=24&kikanCd=2240018760&kikanKbn=2", "url2": "http://yamanaka-ichouka.com/", "内容": "山中胃腸科クリニック【2:診療所】【診療科目:内科_消化器内科】三重県松阪市田村町４４６－２" }, "geometry": { "type": "Point", "coordinates": [ 136.511505, 34.558285 ] } },
{ "type": "Feature", "properties": { "ID": 2422240018870, "正式名称": "大台町報徳診療所", "機関区分": 2, "都道府県コード": 24, "市区町村コード": 443, "所在地": "三重県多気郡大台町江馬１２７番地", "緯度": 34.364054, "経度": 136.337219, "url": "https://www.iryou.teikyouseido.mhlw.go.jp/znk-web/juminkanja/S2430/initialize?prefCd=24&kikanCd=2240018870&kikanKbn=2", "url2": "odaitown.jp/soshiki/hotokushinryosho/421.html", "内容": "大台町報徳診療所【2:診療所】【診療科目:内科_整形外科_眼科】三重県多気郡大台町江馬１２７番地" }, "geometry": { "type": "Point", "coordinates": [ 136.337219, 34.364054 ] } },
{ "type": "Feature", "properties": { "ID": 2422240018880, "正式名称": "鳥羽市立鏡浦診療所石鏡分室", "機関区分": 2, "都道府県コード": 24, "市区町村コード": 211, "所在地": "三重県鳥羽市石鏡町３４１－６", "緯度": 34.447194, "経度": 136.917695, "url": "https://www.iryou.teikyouseido.mhlw.go.jp/znk-web/juminkanja/S2430/initialize?prefCd=24&kikanCd=2240018880&kikanKbn=2", "url2": null, "内容": "鳥羽市立鏡浦診療所石鏡分室【2:診療所】【診療科目:内科_外科_小児科】三重県鳥羽市石鏡町３４１－６" }, "geometry": { "type": "Point", "coordinates": [ 136.917695, 34.447194 ] } },
{ "type": "Feature", "properties": { "ID": 2422240018890, "正式名称": "医療法人　イワサ小児科", "機関区分": 2, "都道府県コード": 24, "市区町村コード": 204, "所在地": "三重県松阪市下村町５２７", "緯度": 34.557509, "経度": 136.547804, "url": "https://www.iryou.teikyouseido.mhlw.go.jp/znk-web/juminkanja/S2430/initialize?prefCd=24&kikanCd=2240018890&kikanKbn=2", "url2": "http://weloveeggs.byoinnavi.jp/pc/", "内容": "医療法人　イワサ小児科【2:診療所】【診療科目:小児科】三重県松阪市下村町５２７" }, "geometry": { "type": "Point", "coordinates": [ 136.547804, 34.557509 ] } },
{ "type": "Feature", "properties": { "ID": 2422240018900, "正式名称": "かいばな内科クリニック", "機関区分": 2, "都道府県コード": 24, "市区町村コード": 204, "所在地": "三重県松阪市垣鼻町１７６１－２３", "緯度": 34.562647, "経度": 136.534749, "url": "https://www.iryou.teikyouseido.mhlw.go.jp/znk-web/juminkanja/S2430/initialize?prefCd=24&kikanCd=2240018900&kikanKbn=2", "url2": "https://kaibanaclinic.jp/", "内容": "かいばな内科クリニック【2:診療所】【診療科目:内科_血液内科_糖尿病内科_呼吸器内科_循環器内科_消化器内科】三重県松阪市垣鼻町１７６１－２３" }, "geometry": { "type": "Point", "coordinates": [ 136.534749, 34.562647 ] } },
{ "type": "Feature", "properties": { "ID": 2422240018940, "正式名称": "医療法人　友和会　たけざわクリニック", "機関区分": 2, "都道府県コード": 24, "市区町村コード": 216, "所在地": "三重県伊賀市小田町７４９番地の１", "緯度": 34.777589, "経度": 136.122635, "url": "https://www.iryou.teikyouseido.mhlw.go.jp/znk-web/juminkanja/S2430/initialize?prefCd=24&kikanCd=2240018940&kikanKbn=2", "url2": "http://www.drtakezawa.com", "内容": "医療法人　友和会　たけざわクリニック【2:診療所】【診療科目:内科_腎臓内科】三重県伊賀市小田町７４９番地の１" }, "geometry": { "type": "Point", "coordinates": [ 136.122635, 34.777589 ] } },
{ "type": "Feature", "properties": { "ID": 2422240019010, "正式名称": "あきやま腎泌尿器科", "機関区分": 2, "都道府県コード": 24, "市区町村コード": 216, "所在地": "三重県伊賀市服部町２－９０－２", "緯度": 34.780312, "経度": 136.141689, "url": "https://www.iryou.teikyouseido.mhlw.go.jp/znk-web/juminkanja/S2430/initialize?prefCd=24&kikanCd=2240019010&kikanKbn=2", "url2": "http://www.akiyama-uro.com/", "内容": "あきやま腎泌尿器科【2:診療所】【診療科目:泌尿器科】三重県伊賀市服部町２－９０－２" }, "geometry": { "type": "Point", "coordinates": [ 136.141689, 34.780312 ] } },
{ "type": "Feature", "properties": { "ID": 2422240019020, "正式名称": "田中医院", "機関区分": 2, "都道府県コード": 24, "市区町村コード": 202, "所在地": "三重県四日市市浜田町１２－２５－１", "緯度": 34.963134, "経度": 136.619696, "url": "https://www.iryou.teikyouseido.mhlw.go.jp/znk-web/juminkanja/S2430/initialize?prefCd=24&kikanCd=2240019020&kikanKbn=2", "url2": "http://yokkaichi-tanakaiin.jp", "内容": "田中医院【2:診療所】【診療科目:内科_外科_呼吸器外科_肛門外科】三重県四日市市浜田町１２－２５－１" }, "geometry": { "type": "Point", "coordinates": [ 136.619696, 34.963134 ] } },
{ "type": "Feature", "properties": { "ID": 2422240019030, "正式名称": "亀山腎・泌尿器科クリニック", "機関区分": 2, "都道府県コード": 24, "市区町村コード": 210, "所在地": "三重県亀山市栄町字萩野１４８８－２１５", "緯度": 34.858059, "経度": 136.47063, "url": "https://www.iryou.teikyouseido.mhlw.go.jp/znk-web/juminkanja/S2430/initialize?prefCd=24&kikanCd=2240019030&kikanKbn=2", "url2": "http://www.kameyama-uro.com/", "内容": "亀山腎・泌尿器科クリニック【2:診療所】【診療科目:腎臓内科_泌尿器科】三重県亀山市栄町字萩野１４８８－２１５" }, "geometry": { "type": "Point", "coordinates": [ 136.47063, 34.858059 ] } },
{ "type": "Feature", "properties": { "ID": 2422240019040, "正式名称": "四日市やまだ眼科", "機関区分": 2, "都道府県コード": 24, "市区町村コード": 202, "所在地": "三重県四日市市波木町８０１－１", "緯度": 34.933192, "経度": 136.567785, "url": "https://www.iryou.teikyouseido.mhlw.go.jp/znk-web/juminkanja/S2430/initialize?prefCd=24&kikanCd=2240019040&kikanKbn=2", "url2": "http://www.yamadaganka.net/", "内容": "四日市やまだ眼科【2:診療所】【診療科目:小児眼科_眼科】三重県四日市市波木町８０１－１" }, "geometry": { "type": "Point", "coordinates": [ 136.567785, 34.933192 ] } },
{ "type": "Feature", "properties": { "ID": 2422240019070, "正式名称": "鈴鹿メンタルヘルスクリニック", "機関区分": 2, "都道府県コード": 24, "市区町村コード": 207, "所在地": "三重県鈴鹿市矢橋１丁目４－１２", "緯度": 34.879577, "経度": 136.587579, "url": "https://www.iryou.teikyouseido.mhlw.go.jp/znk-web/juminkanja/S2430/initialize?prefCd=24&kikanCd=2240019070&kikanKbn=2", "url2": "https://www.suzumen.com/", "内容": "鈴鹿メンタルヘルスクリニック【2:診療所】【診療科目:精神科】三重県鈴鹿市矢橋１丁目４－１２" }, "geometry": { "type": "Point", "coordinates": [ 136.587579, 34.879577 ] } },
{ "type": "Feature", "properties": { "ID": 2422240019170, "正式名称": "おの内科クリニック", "機関区分": 2, "都道府県コード": 24, "市区町村コード": 207, "所在地": "三重県鈴鹿市江島町４０３７番地", "緯度": 34.842916, "経度": 136.587312, "url": "https://www.iryou.teikyouseido.mhlw.go.jp/znk-web/juminkanja/S2430/initialize?prefCd=24&kikanCd=2240019170&kikanKbn=2", "url2": "http://onoclinic.byoinnavi.jp", "内容": "おの内科クリニック【2:診療所】【診療科目:内科_消化器内科_小児科】三重県鈴鹿市江島町４０３７番地" }, "geometry": { "type": "Point", "coordinates": [ 136.587312, 34.842916 ] } },
{ "type": "Feature", "properties": { "ID": 2422240019180, "正式名称": "アイ美容外科　リベールクリニック", "機関区分": 2, "都道府県コード": 24, "市区町村コード": 202, "所在地": "三重県四日市市諏訪栄町５－８ローレルタワーシュロア四日市医療モール２階２０２", "緯度": 34.967356, "経度": 136.621168, "url": "https://www.iryou.teikyouseido.mhlw.go.jp/znk-web/juminkanja/S2430/initialize?prefCd=24&kikanCd=2240019180&kikanKbn=2", "url2": "http://liveil-c.jp/", "内容": "アイ美容外科　リベールクリニック【2:診療所】【診療科目:美容外科】三重県四日市市諏訪栄町５－８ローレルタワーシュロア四日市医療モール２階２０２" }, "geometry": { "type": "Point", "coordinates": [ 136.621168, 34.967356 ] } },
{ "type": "Feature", "properties": { "ID": 2422240019190, "正式名称": "医療法人　海山会", "機関区分": 2, "都道府県コード": 24, "市区町村コード": 543, "所在地": "三重県北牟婁郡紀北町相賀１９４１－４", "緯度": 34.109329, "経度": 136.229073, "url": "https://www.iryou.teikyouseido.mhlw.go.jp/znk-web/juminkanja/S2430/initialize?prefCd=24&kikanCd=2240019190&kikanKbn=2", "url2": null, "内容": "医療法人　海山会【2:診療所】【診療科目:内科_循環器内科_リハビリテーション科】三重県北牟婁郡紀北町相賀１９４１－４" }, "geometry": { "type": "Point", "coordinates": [ 136.229073, 34.109329 ] } },
{ "type": "Feature", "properties": { "ID": 2422240019210, "正式名称": "医療法人　やまもと心身クリニック", "機関区分": 2, "都道府県コード": 24, "市区町村コード": 207, "所在地": "三重県鈴鹿市南玉垣町６８１４－１", "緯度": 34.855867, "経度": 136.585537, "url": "https://www.iryou.teikyouseido.mhlw.go.jp/znk-web/juminkanja/S2430/initialize?prefCd=24&kikanCd=2240019210&kikanKbn=2", "url2": "http://yamamoto-shinshin.com/", "内容": "医療法人　やまもと心身クリニック【2:診療所】【診療科目:児童精神科_精神科_心療内科_老年精神科】三重県鈴鹿市南玉垣町６８１４－１" }, "geometry": { "type": "Point", "coordinates": [ 136.585537, 34.855867 ] } },
{ "type": "Feature", "properties": { "ID": 2422240019230, "正式名称": "みえひふ科クリニック", "機関区分": 2, "都道府県コード": 24, "市区町村コード": 201, "所在地": "三重県津市高野尾町６３３－６１", "緯度": 34.786775, "経度": 136.468714, "url": "https://www.iryou.teikyouseido.mhlw.go.jp/znk-web/juminkanja/S2430/initialize?prefCd=24&kikanCd=2240019230&kikanKbn=2", "url2": "https://miehifu.jp", "内容": "みえひふ科クリニック【2:診療所】【診療科目:皮膚科_アレルギー科】三重県津市高野尾町６３３－６１" }, "geometry": { "type": "Point", "coordinates": [ 136.468714, 34.786775 ] } },
{ "type": "Feature", "properties": { "ID": 2422240019270, "正式名称": "まとかた大西クリニック", "機関区分": 2, "都道府県コード": 24, "市区町村コード": 204, "所在地": "三重県松阪市東黒部町８３５", "緯度": 34.591284, "経度": 136.591243, "url": "https://www.iryou.teikyouseido.mhlw.go.jp/znk-web/juminkanja/S2430/initialize?prefCd=24&kikanCd=2240019270&kikanKbn=2", "url2": "http://www.matokata.com/", "内容": "まとかた大西クリニック【2:診療所】【診療科目:内科_消化器内科_脳神経外科】三重県松阪市東黒部町８３５" }, "geometry": { "type": "Point", "coordinates": [ 136.591243, 34.591284 ] } },
{ "type": "Feature", "properties": { "ID": 2422240019300, "正式名称": "薬王堂医院", "機関区分": 2, "都道府県コード": 24, "市区町村コード": 204, "所在地": "三重県松阪市嬉野薬王寺町７８６", "緯度": 34.607058, "経度": 136.45056, "url": "https://www.iryou.teikyouseido.mhlw.go.jp/znk-web/juminkanja/S2430/initialize?prefCd=24&kikanCd=2240019300&kikanKbn=2", "url2": null, "内容": "薬王堂医院【2:診療所】【診療科目:内科_循環器内科_リハビリテーション科】三重県松阪市嬉野薬王寺町７８６" }, "geometry": { "type": "Point", "coordinates": [ 136.45056, 34.607058 ] } },
{ "type": "Feature", "properties": { "ID": 2422240019340, "正式名称": "社会福祉法人　カサデマドレクリニック", "機関区分": 2, "都道府県コード": 24, "市区町村コード": 201, "所在地": "三重県津市安濃町戸島５６９－８", "緯度": 34.782094, "経度": 136.42947, "url": "https://www.iryou.teikyouseido.mhlw.go.jp/znk-web/juminkanja/S2430/initialize?prefCd=24&kikanCd=2240019340&kikanKbn=2", "url2": null, "内容": "社会福祉法人　カサデマドレクリニック【2:診療所】【診療科目:内科】三重県津市安濃町戸島５６９－８" }, "geometry": { "type": "Point", "coordinates": [ 136.42947, 34.782094 ] } },
{ "type": "Feature", "properties": { "ID": 2422240019380, "正式名称": "公益社団法人　地域医療振興協会　鳥羽市立長岡診療所", "機関区分": 2, "都道府県コード": 24, "市区町村コード": 211, "所在地": "三重県鳥羽市相差町１０２８－１", "緯度": 34.391145, "経度": 136.907698, "url": "https://www.iryou.teikyouseido.mhlw.go.jp/znk-web/juminkanja/S2430/initialize?prefCd=24&kikanCd=2240019380&kikanKbn=2", "url2": "http://nagaoka.jadecom.or.jp", "内容": "公益社団法人　地域医療振興協会　鳥羽市立長岡診療所【2:診療所】【診療科目:内科_外科_小児科】三重県鳥羽市相差町１０２８－１" }, "geometry": { "type": "Point", "coordinates": [ 136.907698, 34.391145 ] } },
{ "type": "Feature", "properties": { "ID": 2422240019410, "正式名称": "かわばた皮フ科", "機関区分": 2, "都道府県コード": 24, "市区町村コード": 207, "所在地": "三重県鈴鹿市三日市三丁目３番１号", "緯度": 34.877698, "経度": 136.561344, "url": "https://www.iryou.teikyouseido.mhlw.go.jp/znk-web/juminkanja/S2430/initialize?prefCd=24&kikanCd=2240019410&kikanKbn=2", "url2": "http://kawabata-hifuka.com", "内容": "かわばた皮フ科【2:診療所】【診療科目:皮膚科】三重県鈴鹿市三日市三丁目３番１号" }, "geometry": { "type": "Point", "coordinates": [ 136.561344, 34.877698 ] } },
{ "type": "Feature", "properties": { "ID": 2422240019420, "正式名称": "医療法人グリーンスウォードますだ呼吸器科クリニック", "機関区分": 2, "都道府県コード": 24, "市区町村コード": 208, "所在地": "三重県名張市瀬古口３４１番地３", "緯度": 34.614551, "経度": 136.094561, "url": "https://www.iryou.teikyouseido.mhlw.go.jp/znk-web/juminkanja/S2430/initialize?prefCd=24&kikanCd=2240019420&kikanKbn=2", "url2": "http://masuda-cl.net/", "内容": "医療法人グリーンスウォードますだ呼吸器科クリニック【2:診療所】【診療科目:内科_呼吸器内科】三重県名張市瀬古口３４１番地３" }, "geometry": { "type": "Point", "coordinates": [ 136.094561, 34.614551 ] } },
{ "type": "Feature", "properties": { "ID": 2422240019440, "正式名称": "日咲クリニック", "機関区分": 2, "都道府県コード": 24, "市区町村コード": 208, "所在地": "三重県名張市希央台４番町８２番地", "緯度": 34.623411, "経度": 136.10181, "url": "https://www.iryou.teikyouseido.mhlw.go.jp/znk-web/juminkanja/S2430/initialize?prefCd=24&kikanCd=2240019440&kikanKbn=2", "url2": null, "内容": "日咲クリニック【2:診療所】【診療科目:皮膚科_アレルギー科】三重県名張市希央台４番町８２番地" }, "geometry": { "type": "Point", "coordinates": [ 136.10181, 34.623411 ] } },
{ "type": "Feature", "properties": { "ID": 2422240019450, "正式名称": "中井整形外科", "機関区分": 2, "都道府県コード": 24, "市区町村コード": 442, "所在地": "三重県多気郡明和町竹川３３－３１", "緯度": 34.530399, "経度": 136.608704, "url": "https://www.iryou.teikyouseido.mhlw.go.jp/znk-web/juminkanja/S2430/initialize?prefCd=24&kikanCd=2240019450&kikanKbn=2", "url2": "http://www.nakai-seikei.com", "内容": "中井整形外科【2:診療所】【診療科目:整形外科】三重県多気郡明和町竹川３３－３１" }, "geometry": { "type": "Point", "coordinates": [ 136.608704, 34.530399 ] } },
{ "type": "Feature", "properties": { "ID": 2422240019580, "正式名称": "津市応急クリニック", "機関区分": 2, "都道府県コード": 24, "市区町村コード": 201, "所在地": "三重県津市西丸之内３７番８号", "緯度": 34.720186, "経度": 136.504772, "url": "https://www.iryou.teikyouseido.mhlw.go.jp/znk-web/juminkanja/S2430/initialize?prefCd=24&kikanCd=2240019580&kikanKbn=2", "url2": "https://www.info.city.tsu.mie.jp/kurashi/bousai-kyuukyuu_syoubou/1003310/1009830/1002983.html", "内容": "津市応急クリニック【2:診療所】【診療科目:内科】三重県津市西丸之内３７番８号" }, "geometry": { "type": "Point", "coordinates": [ 136.504772, 34.720186 ] } },
{ "type": "Feature", "properties": { "ID": 2422240019590, "正式名称": "えば内科・循環器内科", "機関区分": 2, "都道府県コード": 24, "市区町村コード": 205, "所在地": "三重県桑名市大福寺跡４３７－１", "緯度": 35.052903, "経度": 136.685325, "url": "https://www.iryou.teikyouseido.mhlw.go.jp/znk-web/juminkanja/S2430/initialize?prefCd=24&kikanCd=2240019590&kikanKbn=2", "url2": "http://www.eba-naika.jp/", "内容": "えば内科・循環器内科【2:診療所】【診療科目:内科_循環器内科】三重県桑名市大福寺跡４３７－１" }, "geometry": { "type": "Point", "coordinates": [ 136.685325, 35.052903 ] } },
{ "type": "Feature", "properties": { "ID": 2422240019600, "正式名称": "医療法人　西井医院", "機関区分": 2, "都道府県コード": 24, "市区町村コード": 204, "所在地": "三重県松阪市曽原町８１１－１", "緯度": 34.631362, "経度": 136.516998, "url": "https://www.iryou.teikyouseido.mhlw.go.jp/znk-web/juminkanja/S2430/initialize?prefCd=24&kikanCd=2240019600&kikanKbn=2", "url2": "https://nishii-iin.com/", "内容": "医療法人　西井医院【2:診療所】【診療科目:内科_消化器内科_精神科_リハビリテーション科】三重県松阪市曽原町８１１－１" }, "geometry": { "type": "Point", "coordinates": [ 136.516998, 34.631362 ] } },
{ "type": "Feature", "properties": { "ID": 2422240019610, "正式名称": "なかむら耳鼻咽喉科", "機関区分": 2, "都道府県コード": 24, "市区町村コード": 461, "所在地": "三重県度会郡玉城町玉川６５３－１", "緯度": 34.502544, "経度": 136.621967, "url": "https://www.iryou.teikyouseido.mhlw.go.jp/znk-web/juminkanja/S2430/initialize?prefCd=24&kikanCd=2240019610&kikanKbn=2", "url2": "http://www.nakamura-ent17.com", "内容": "なかむら耳鼻咽喉科【2:診療所】【診療科目:耳鼻いんこう科】三重県度会郡玉城町玉川６５３－１" }, "geometry": { "type": "Point", "coordinates": [ 136.621967, 34.502544 ] } },
{ "type": "Feature", "properties": { "ID": 2422240019620, "正式名称": "志摩市立国民健康保険浜島診療所", "機関区分": 2, "都道府県コード": 24, "市区町村コード": 215, "所在地": "三重県志摩市浜島町浜島３２６１－１", "緯度": 34.298346, "経度": 136.74891, "url": "https://www.iryou.teikyouseido.mhlw.go.jp/znk-web/juminkanja/S2430/initialize?prefCd=24&kikanCd=2240019620&kikanKbn=2", "url2": null, "内容": "志摩市立国民健康保険浜島診療所【2:診療所】【診療科目:内科_整形外科_小児科_泌尿器科_アレルギー科】三重県志摩市浜島町浜島３２６１－１" }, "geometry": { "type": "Point", "coordinates": [ 136.74891, 34.298346 ] } },
{ "type": "Feature", "properties": { "ID": 2422240019640, "正式名称": "医療法人社団孝友会　ながくら整形外科", "機関区分": 2, "都道府県コード": 24, "市区町村コード": 201, "所在地": "三重県津市戸木町７８３８番１", "緯度": 34.680244, "経度": 136.45039, "url": "https://www.iryou.teikyouseido.mhlw.go.jp/znk-web/juminkanja/S2430/initialize?prefCd=24&kikanCd=2240019640&kikanKbn=2", "url2": "http://nagakura-seikei.com/", "内容": "医療法人社団孝友会　ながくら整形外科【2:診療所】【診療科目:整形外科_リウマチ科_リハビリテーション科】三重県津市戸木町７８３８番１" }, "geometry": { "type": "Point", "coordinates": [ 136.45039, 34.680244 ] } },
{ "type": "Feature", "properties": { "ID": 2422240019660, "正式名称": "いのうえ整形外科", "機関区分": 2, "都道府県コード": 24, "市区町村コード": 202, "所在地": "三重県四日市市高角町１５６６", "緯度": 34.98613, "経度": 136.557756, "url": "https://www.iryou.teikyouseido.mhlw.go.jp/znk-web/juminkanja/S2430/initialize?prefCd=24&kikanCd=2240019660&kikanKbn=2", "url2": "http://www.inoue-seikei.clinic", "内容": "いのうえ整形外科【2:診療所】【診療科目:整形外科】三重県四日市市高角町１５６６" }, "geometry": { "type": "Point", "coordinates": [ 136.557756, 34.98613 ] } },
{ "type": "Feature", "properties": { "ID": 2422240019670, "正式名称": "津市家庭医療クリニック", "機関区分": 2, "都道府県コード": 24, "市区町村コード": 201, "所在地": "三重県津市美杉町奥津９２９", "緯度": 34.511426, "経度": 136.269052, "url": "https://www.iryou.teikyouseido.mhlw.go.jp/znk-web/juminkanja/S2430/initialize?prefCd=24&kikanCd=2240019670&kikanKbn=2", "url2": "https://www.info.city.tsu.mie.jp/www/contents/1488346052552/index.html", "内容": "津市家庭医療クリニック【2:診療所】【診療科目:内科_外科_小児科_心療内科】三重県津市美杉町奥津９２９" }, "geometry": { "type": "Point", "coordinates": [ 136.269052, 34.511426 ] } },
{ "type": "Feature", "properties": { "ID": 2422240019700, "正式名称": "鈴鹿医療科学大学附属こころのクリニック", "機関区分": 2, "都道府県コード": 24, "市区町村コード": 207, "所在地": "三重県鈴鹿市岸岡町１００１番地１", "緯度": 34.857256, "経度": 136.59948, "url": "https://www.iryou.teikyouseido.mhlw.go.jp/znk-web/juminkanja/S2430/initialize?prefCd=24&kikanCd=2240019700&kikanKbn=2", "url2": "http://www.suzuka-u.ac.jp/facilities/kokoro-clinic/index.html", "内容": "鈴鹿医療科学大学附属こころのクリニック【2:診療所】【診療科目:精神科_心療内科】三重県鈴鹿市岸岡町１００１番地１" }, "geometry": { "type": "Point", "coordinates": [ 136.59948, 34.857256 ] } },
{ "type": "Feature", "properties": { "ID": 2422240019710, "正式名称": "津さくらばしクリニック", "機関区分": 2, "都道府県コード": 24, "市区町村コード": 201, "所在地": "三重県津市桜橋３丁目４４６－２０", "緯度": 34.736601, "経度": 136.519437, "url": "https://www.iryou.teikyouseido.mhlw.go.jp/znk-web/juminkanja/S2430/initialize?prefCd=24&kikanCd=2240019710&kikanKbn=2", "url2": "https://tsu-sakurabashi-clinic.com/", "内容": "津さくらばしクリニック【2:診療所】【診療科目:内科_循環器内科_外科_循環器外科】三重県津市桜橋３丁目４４６－２０" }, "geometry": { "type": "Point", "coordinates": [ 136.519437, 34.736601 ] } },
{ "type": "Feature", "properties": { "ID": 2422240019720, "正式名称": "山本医院", "機関区分": 2, "都道府県コード": 24, "市区町村コード": 203, "所在地": "三重県伊勢市神久６丁目８番４８号", "緯度": 34.496436, "経度": 136.725931, "url": "https://www.iryou.teikyouseido.mhlw.go.jp/znk-web/juminkanja/S2430/initialize?prefCd=24&kikanCd=2240019720&kikanKbn=2", "url2": "http://ise.skr.jp", "内容": "山本医院【2:診療所】【診療科目:精神科_心療内科】三重県伊勢市神久６丁目８番４８号" }, "geometry": { "type": "Point", "coordinates": [ 136.725931, 34.496436 ] } },
{ "type": "Feature", "properties": { "ID": 2422240019740, "正式名称": "鈴鹿いとう眼科", "機関区分": 2, "都道府県コード": 24, "市区町村コード": 207, "所在地": "三重県鈴鹿市算所２－１４－１９", "緯度": 34.871809, "経度": 136.548151, "url": "https://www.iryou.teikyouseido.mhlw.go.jp/znk-web/juminkanja/S2430/initialize?prefCd=24&kikanCd=2240019740&kikanKbn=2", "url2": "http://www.suzuka-ito-eyeclinic.com", "内容": "鈴鹿いとう眼科【2:診療所】【診療科目:眼科】三重県鈴鹿市算所２－１４－１９" }, "geometry": { "type": "Point", "coordinates": [ 136.548151, 34.871809 ] } },
{ "type": "Feature", "properties": { "ID": 2422240019770, "正式名称": "医療法人　そんじん会　伊勢志摩腎クリニック松阪分院", "機関区分": 2, "都道府県コード": 24, "市区町村コード": 204, "所在地": "三重県松阪市宮町堂ノ後１５３－１", "緯度": 34.577313, "経度": 136.544442, "url": "https://www.iryou.teikyouseido.mhlw.go.jp/znk-web/juminkanja/S2430/initialize?prefCd=24&kikanCd=2240019770&kikanKbn=2", "url2": "isejin.jp/matsu.html.", "内容": "医療法人　そんじん会　伊勢志摩腎クリニック松阪分院【2:診療所】【診療科目:内科_人工透析内科】三重県松阪市宮町堂ノ後１５３－１" }, "geometry": { "type": "Point", "coordinates": [ 136.544442, 34.577313 ] } },
{ "type": "Feature", "properties": { "ID": 2422240019790, "正式名称": "ひだまりメンタルクリニック", "機関区分": 2, "都道府県コード": 24, "市区町村コード": 207, "所在地": "三重県鈴鹿市野村町１６３－１", "緯度": 34.837535, "経度": 136.568484, "url": "https://www.iryou.teikyouseido.mhlw.go.jp/znk-web/juminkanja/S2430/initialize?prefCd=24&kikanCd=2240019790&kikanKbn=2", "url2": "https://hidamari-mental.jp", "内容": "ひだまりメンタルクリニック【2:診療所】【診療科目:精神科_心療内科】三重県鈴鹿市野村町１６３－１" }, "geometry": { "type": "Point", "coordinates": [ 136.568484, 34.837535 ] } },
{ "type": "Feature", "properties": { "ID": 2422240019800, "正式名称": "医療法人西山産婦人科", "機関区分": 2, "都道府県コード": 24, "市区町村コード": 201, "所在地": "三重県津市栄町４丁目５３６", "緯度": 34.736628, "経度": 136.512965, "url": "https://www.iryou.teikyouseido.mhlw.go.jp/znk-web/juminkanja/S2430/initialize?prefCd=24&kikanCd=2240019800&kikanKbn=2", "url2": "http://www.nycl.jp/", "内容": "医療法人西山産婦人科【2:診療所】【診療科目:産婦人科_産婦人科（生殖医療）】三重県津市栄町４丁目５３６" }, "geometry": { "type": "Point", "coordinates": [ 136.512965, 34.736628 ] } },
{ "type": "Feature", "properties": { "ID": 2422240019840, "正式名称": "洗心福祉会美杉クリニック", "機関区分": 2, "都道府県コード": 24, "市区町村コード": 201, "所在地": "三重県津市美杉町下之川５２９９番１", "緯度": 34.552565, "経度": 136.3346, "url": "https://www.iryou.teikyouseido.mhlw.go.jp/znk-web/juminkanja/S2430/initialize?prefCd=24&kikanCd=2240019840&kikanKbn=2", "url2": "http://www.sensin.or.jp/medical/", "内容": "洗心福祉会美杉クリニック【2:診療所】【診療科目:内科_外科_リハビリテーション科】三重県津市美杉町下之川５２９９番１" }, "geometry": { "type": "Point", "coordinates": [ 136.3346, 34.552565 ] } },
{ "type": "Feature", "properties": { "ID": 2422240019860, "正式名称": "どうでんクリニック", "機関区分": 2, "都道府県コード": 24, "市区町村コード": 207, "所在地": "三重県鈴鹿市三日市町１９６２－１", "緯度": 34.866393, "経度": 136.555706, "url": "https://www.iryou.teikyouseido.mhlw.go.jp/znk-web/juminkanja/S2430/initialize?prefCd=24&kikanCd=2240019860&kikanKbn=2", "url2": "https://doden-clinic.jp", "内容": "どうでんクリニック【2:診療所】【診療科目:内科_脳神経内科】三重県鈴鹿市三日市町１９６２－１" }, "geometry": { "type": "Point", "coordinates": [ 136.555706, 34.866393 ] } },
{ "type": "Feature", "properties": { "ID": 2422240019880, "正式名称": "玉田クリニック", "機関区分": 2, "都道府県コード": 24, "市区町村コード": 207, "所在地": "三重県鈴鹿市稲生４丁目４８７８番２", "緯度": 34.841007, "経度": 136.562873, "url": "https://www.iryou.teikyouseido.mhlw.go.jp/znk-web/juminkanja/S2430/initialize?prefCd=24&kikanCd=2240019880&kikanKbn=2", "url2": "https://tamada-group.jp/isyukai", "内容": "玉田クリニック【2:診療所】【診療科目:内科_腎臓内科_人工透析内科_リハビリテーション科】三重県鈴鹿市稲生４丁目４８７８番２" }, "geometry": { "type": "Point", "coordinates": [ 136.562873, 34.841007 ] } },
{ "type": "Feature", "properties": { "ID": 2422242240018, "正式名称": "くろだファミリークリニック", "機関区分": 2, "都道府県コード": 24, "市区町村コード": 205, "所在地": "三重県桑名市福島８５０－５", "緯度": 35.074971, "経度": 136.685285, "url": "https://www.iryou.teikyouseido.mhlw.go.jp/znk-web/juminkanja/S2430/initialize?prefCd=24&kikanCd=2242240018&kikanKbn=2", "url2": "http://kuroda-fc.com/", "内容": "くろだファミリークリニック【2:診療所】【診療科目:内科】三重県桑名市福島８５０－５" }, "geometry": { "type": "Point", "coordinates": [ 136.685285, 35.074971 ] } },
{ "type": "Feature", "properties": { "ID": 2422242240019, "正式名称": "やまむら内科内視鏡クリニック", "機関区分": 2, "都道府県コード": 24, "市区町村コード": 203, "所在地": "三重県伊勢市一之木４丁目２番４４号", "緯度": 34.499692, "経度": 136.706917, "url": "https://www.iryou.teikyouseido.mhlw.go.jp/znk-web/juminkanja/S2430/initialize?prefCd=24&kikanCd=2242240019&kikanKbn=2", "url2": "http://yamamura-naika.com/", "内容": "やまむら内科内視鏡クリニック【2:診療所】【診療科目:内科_消化器内科_内視鏡内科】三重県伊勢市一之木４丁目２番４４号" }, "geometry": { "type": "Point", "coordinates": [ 136.706917, 34.499692 ] } },
{ "type": "Feature", "properties": { "ID": 2422242240020, "正式名称": "ペルソナクリニック", "機関区分": 2, "都道府県コード": 24, "市区町村コード": 205, "所在地": "三重県桑名市福島８５０－３", "緯度": 35.075418, "経度": 136.68651, "url": "https://www.iryou.teikyouseido.mhlw.go.jp/znk-web/juminkanja/S2430/initialize?prefCd=24&kikanCd=2242240020&kikanKbn=2", "url2": "http://persona-clinic.jp/", "内容": "ペルソナクリニック【2:診療所】【診療科目:脳神経外科】三重県桑名市福島８５０－３" }, "geometry": { "type": "Point", "coordinates": [ 136.68651, 35.075418 ] } },
{ "type": "Feature", "properties": { "ID": 2422242240021, "正式名称": "よこやま皮ふ科クリニック", "機関区分": 2, "都道府県コード": 24, "市区町村コード": 203, "所在地": "三重県伊勢市宮町１丁目３－２４", "緯度": 34.494207, "経度": 136.69801, "url": "https://www.iryou.teikyouseido.mhlw.go.jp/znk-web/juminkanja/S2430/initialize?prefCd=24&kikanCd=2242240021&kikanKbn=2", "url2": "http://yokoyamahifuka.com", "内容": "よこやま皮ふ科クリニック【2:診療所】【診療科目:皮膚科_アレルギー科】三重県伊勢市宮町１丁目３－２４" }, "geometry": { "type": "Point", "coordinates": [ 136.69801, 34.494207 ] } },
{ "type": "Feature", "properties": { "ID": 2422242240023, "正式名称": "いしがみ整形外科", "機関区分": 2, "都道府県コード": 24, "市区町村コード": 215, "所在地": "三重県志摩市阿児町鵜方２４２０－６", "緯度": 34.330365, "経度": 136.832607, "url": "https://www.iryou.teikyouseido.mhlw.go.jp/znk-web/juminkanja/S2430/initialize?prefCd=24&kikanCd=2242240023&kikanKbn=2", "url2": null, "内容": "いしがみ整形外科【2:診療所】【診療科目:整形外科_リハビリテーション科】三重県志摩市阿児町鵜方２４２０－６" }, "geometry": { "type": "Point", "coordinates": [ 136.832607, 34.330365 ] } },
{ "type": "Feature", "properties": { "ID": 2422242240025, "正式名称": "医療法人　育成会　四日市レディースクリニック", "機関区分": 2, "都道府県コード": 24, "市区町村コード": 202, "所在地": "三重県四日市市小生町字西川原８００番地", "緯度": 34.977317, "経度": 136.572822, "url": "https://www.iryou.teikyouseido.mhlw.go.jp/znk-web/juminkanja/S2430/initialize?prefCd=24&kikanCd=2242240025&kikanKbn=2", "url2": "http://www.yokkaichi-ladys.com/", "内容": "医療法人　育成会　四日市レディースクリニック【2:診療所】【診療科目:内科_小児科_産科_婦人科】三重県四日市市小生町字西川原８００番地" }, "geometry": { "type": "Point", "coordinates": [ 136.572822, 34.977317 ] } },
{ "type": "Feature", "properties": { "ID": 2422242240026, "正式名称": "まつばら整形外科クリニック", "機関区分": 2, "都道府県コード": 24, "市区町村コード": 201, "所在地": "三重県津市城山３－４－２５", "緯度": 34.67711, "経度": 136.503658, "url": "https://www.iryou.teikyouseido.mhlw.go.jp/znk-web/juminkanja/S2430/initialize?prefCd=24&kikanCd=2242240026&kikanKbn=2", "url2": "http://www.matsubara-seikei.com", "内容": "まつばら整形外科クリニック【2:診療所】【診療科目:整形外科_リウマチ科_リハビリテーション科】三重県津市城山３－４－２５" }, "geometry": { "type": "Point", "coordinates": [ 136.503658, 34.67711 ] } },
{ "type": "Feature", "properties": { "ID": 2422242240027, "正式名称": "陽だまりの丘なかむら内科", "機関区分": 2, "都道府県コード": 24, "市区町村コード": 205, "所在地": "三重県桑名市陽だまりの丘７丁目１５１０番地", "緯度": 35.087432, "経度": 136.635851, "url": "https://www.iryou.teikyouseido.mhlw.go.jp/znk-web/juminkanja/S2430/initialize?prefCd=24&kikanCd=2242240027&kikanKbn=2", "url2": "http://hidamari-naika.jp", "内容": "陽だまりの丘なかむら内科【2:診療所】【診療科目:内科_循環器内科_小児科_リハビリテーション科】三重県桑名市陽だまりの丘７丁目１５１０番地" }, "geometry": { "type": "Point", "coordinates": [ 136.635851, 35.087432 ] } },
{ "type": "Feature", "properties": { "ID": 2422242240028, "正式名称": "二宮メディカルクリニック", "機関区分": 2, "都道府県コード": 24, "市区町村コード": 202, "所在地": "三重県四日市市中部６番８号", "緯度": 34.968463, "経度": 136.624012, "url": "https://www.iryou.teikyouseido.mhlw.go.jp/znk-web/juminkanja/S2430/initialize?prefCd=24&kikanCd=2242240028&kikanKbn=2", "url2": "http://www.rijinkai.jp", "内容": "二宮メディカルクリニック【2:診療所】【診療科目:内科_消化器内科_小児科】三重県四日市市中部６番８号" }, "geometry": { "type": "Point", "coordinates": [ 136.624012, 34.968463 ] } },
{ "type": "Feature", "properties": { "ID": 2422242240030, "正式名称": "医療法人　正英会", "機関区分": 2, "都道府県コード": 24, "市区町村コード": 341, "所在地": "三重県三重郡菰野町潤田１１８７－４", "緯度": 35.021082, "経度": 136.507555, "url": "https://www.iryou.teikyouseido.mhlw.go.jp/znk-web/juminkanja/S2430/initialize?prefCd=24&kikanCd=2242240030&kikanKbn=2", "url2": "http://hifuka-eigo.com/komono/", "内容": "医療法人　正英会【2:診療所】【診療科目:皮膚科_アレルギー科】三重県三重郡菰野町潤田１１８７－４" }, "geometry": { "type": "Point", "coordinates": [ 136.507555, 35.021082 ] } },
{ "type": "Feature", "properties": { "ID": 2422242240032, "正式名称": "医療法人　社団　中世古眼科", "機関区分": 2, "都道府県コード": 24, "市区町村コード": 211, "所在地": "三重県鳥羽市鳥羽１丁目５－５", "緯度": 34.483744, "経度": 136.842558, "url": "https://www.iryou.teikyouseido.mhlw.go.jp/znk-web/juminkanja/S2430/initialize?prefCd=24&kikanCd=2242240032&kikanKbn=2", "url2": null, "内容": "医療法人　社団　中世古眼科【2:診療所】【診療科目:眼科】三重県鳥羽市鳥羽１丁目５－５" }, "geometry": { "type": "Point", "coordinates": [ 136.842558, 34.483744 ] } },
{ "type": "Feature", "properties": { "ID": 2422242240034, "正式名称": "竹沢医院", "機関区分": 2, "都道府県コード": 24, "市区町村コード": 216, "所在地": "三重県伊賀市島ケ原５８７９番地", "緯度": 34.768375, "経度": 136.055475, "url": "https://www.iryou.teikyouseido.mhlw.go.jp/znk-web/juminkanja/S2430/initialize?prefCd=24&kikanCd=2242240034&kikanKbn=2", "url2": null, "内容": "竹沢医院【2:診療所】【診療科目:内科】三重県伊賀市島ケ原５８７９番地" }, "geometry": { "type": "Point", "coordinates": [ 136.055475, 34.768375 ] } },
{ "type": "Feature", "properties": { "ID": 2422242240039, "正式名称": "医療法人　ひなが西眼科", "機関区分": 2, "都道府県コード": 24, "市区町村コード": 202, "所在地": "三重県四日市市日永西５丁目２０－１１", "緯度": 34.942633, "経度": 136.597235, "url": "https://www.iryou.teikyouseido.mhlw.go.jp/znk-web/juminkanja/S2430/initialize?prefCd=24&kikanCd=2242240039&kikanKbn=2", "url2": null, "内容": "医療法人　ひなが西眼科【2:診療所】【診療科目:眼科】三重県四日市市日永西５丁目２０－１１" }, "geometry": { "type": "Point", "coordinates": [ 136.597235, 34.942633 ] } },
{ "type": "Feature", "properties": { "ID": 2422242240042, "正式名称": "桑名耳鼻咽喉科", "機関区分": 2, "都道府県コード": 24, "市区町村コード": 205, "所在地": "三重県桑名市桑名６２８－８", "緯度": 35.070163, "経度": 136.687455, "url": "https://www.iryou.teikyouseido.mhlw.go.jp/znk-web/juminkanja/S2430/initialize?prefCd=24&kikanCd=2242240042&kikanKbn=2", "url2": "http://www.kuwana-jibika.com/", "内容": "桑名耳鼻咽喉科【2:診療所】【診療科目:耳鼻いんこう科_アレルギー科】三重県桑名市桑名６２８－８" }, "geometry": { "type": "Point", "coordinates": [ 136.687455, 35.070163 ] } },
{ "type": "Feature", "properties": { "ID": 2422242240043, "正式名称": "ふくしま整形外科クリニック", "機関区分": 2, "都道府県コード": 24, "市区町村コード": 207, "所在地": "三重県鈴鹿市三日市町１９６４", "緯度": 34.866352, "経度": 136.555876, "url": "https://www.iryou.teikyouseido.mhlw.go.jp/znk-web/juminkanja/S2430/initialize?prefCd=24&kikanCd=2242240043&kikanKbn=2", "url2": "https://fukushima-seikei.com/", "内容": "ふくしま整形外科クリニック【2:診療所】【診療科目:整形外科_リハビリテーション科】三重県鈴鹿市三日市町１９６４" }, "geometry": { "type": "Point", "coordinates": [ 136.555876, 34.866352 ] } },
{ "type": "Feature", "properties": { "ID": 2422242240046, "正式名称": "きのここどもクリニック", "機関区分": 2, "都道府県コード": 24, "市区町村コード": 201, "所在地": "三重県津市久居藤ケ丘町２５９８－３", "緯度": 34.691536, "経度": 136.482392, "url": "https://www.iryou.teikyouseido.mhlw.go.jp/znk-web/juminkanja/S2430/initialize?prefCd=24&kikanCd=2242240046&kikanKbn=2", "url2": "https://kinoko-kodomo.clinic", "内容": "きのここどもクリニック【2:診療所】【診療科目:小児科_アレルギー科】三重県津市久居藤ケ丘町２５９８－３" }, "geometry": { "type": "Point", "coordinates": [ 136.482392, 34.691536 ] } },
{ "type": "Feature", "properties": { "ID": 2422242240049, "正式名称": "医療法人　啓晃会　福喜多耳鼻咽喉科", "機関区分": 2, "都道府県コード": 24, "市区町村コード": 208, "所在地": "三重県名張市鴻之台３番町３４", "緯度": 34.627368, "経度": 136.105935, "url": "https://www.iryou.teikyouseido.mhlw.go.jp/znk-web/juminkanja/S2430/initialize?prefCd=24&kikanCd=2242240049&kikanKbn=2", "url2": "http://www.fukukita-jibika.com/", "内容": "医療法人　啓晃会　福喜多耳鼻咽喉科【2:診療所】【診療科目:耳鼻いんこう科_アレルギー科】三重県名張市鴻之台３番町３４" }, "geometry": { "type": "Point", "coordinates": [ 136.105935, 34.627368 ] } },
{ "type": "Feature", "properties": { "ID": 2422242240050, "正式名称": "津みなみ眼科", "機関区分": 2, "都道府県コード": 24, "市区町村コード": 201, "所在地": "三重県津市高茶屋小森町１４５　イオンモール津みなみ２階", "緯度": 34.670879, "経度": 136.517708, "url": "https://www.iryou.teikyouseido.mhlw.go.jp/znk-web/juminkanja/S2430/initialize?prefCd=24&kikanCd=2242240050&kikanKbn=2", "url2": "https://tsuminami-ganka.com", "内容": "津みなみ眼科【2:診療所】【診療科目:眼科】三重県津市高茶屋小森町１４５　イオンモール津みなみ２階" }, "geometry": { "type": "Point", "coordinates": [ 136.517708, 34.670879 ] } },
{ "type": "Feature", "properties": { "ID": 2422242240052, "正式名称": "もろおか内科クリニック", "機関区分": 2, "都道府県コード": 24, "市区町村コード": 205, "所在地": "三重県桑名市筒尾６丁目９－１９", "緯度": 35.082263, "経度": 136.646436, "url": "https://www.iryou.teikyouseido.mhlw.go.jp/znk-web/juminkanja/S2430/initialize?prefCd=24&kikanCd=2242240052&kikanKbn=2", "url2": "https://ruminic.jp", "内容": "もろおか内科クリニック【2:診療所】【診療科目:内科_循環器内科_消化器内科_肝臓内科】三重県桑名市筒尾６丁目９－１９" }, "geometry": { "type": "Point", "coordinates": [ 136.646436, 35.082263 ] } },
{ "type": "Feature", "properties": { "ID": 2422242240053, "正式名称": "医療法人社団志誠会　　四日市眼科クリニック", "機関区分": 2, "都道府県コード": 24, "市区町村コード": 202, "所在地": "三重県四日市市諏訪栄町５－８　ローレルタワーシュロア四日市　１階", "緯度": 34.96653, "経度": 136.621015, "url": "https://www.iryou.teikyouseido.mhlw.go.jp/znk-web/juminkanja/S2430/initialize?prefCd=24&kikanCd=2242240053&kikanKbn=2", "url2": "https://www.yokkaichi-c.jp/index.html", "内容": "医療法人社団志誠会　　四日市眼科クリニック【2:診療所】【診療科目:眼科】三重県四日市市諏訪栄町５－８　ローレルタワーシュロア四日市　１階" }, "geometry": { "type": "Point", "coordinates": [ 136.621015, 34.96653 ] } },
{ "type": "Feature", "properties": { "ID": 2422242240057, "正式名称": "豊田クリニック", "機関区分": 2, "都道府県コード": 24, "市区町村コード": 210, "所在地": "三重県亀山市南野町４ー１５", "緯度": 34.852362, "経度": 136.445257, "url": "https://www.iryou.teikyouseido.mhlw.go.jp/znk-web/juminkanja/S2430/initialize?prefCd=24&kikanCd=2242240057&kikanKbn=2", "url2": "http://www.toyoda-cl.jp/", "内容": "豊田クリニック【2:診療所】【診療科目:内科_消化器内科_外科_肛門外科】三重県亀山市南野町４ー１５" }, "geometry": { "type": "Point", "coordinates": [ 136.445257, 34.852362 ] } },
{ "type": "Feature", "properties": { "ID": 2422242240058, "正式名称": "まつおか内科循環器内科", "機関区分": 2, "都道府県コード": 24, "市区町村コード": 204, "所在地": "三重県松阪市川井町９６９ー３", "緯度": 34.584306, "経度": 136.525169, "url": "https://www.iryou.teikyouseido.mhlw.go.jp/znk-web/juminkanja/S2430/initialize?prefCd=24&kikanCd=2242240058&kikanKbn=2", "url2": "http://matsuoka-junkanki.com/", "内容": "まつおか内科循環器内科【2:診療所】【診療科目:内科_循環器内科】三重県松阪市川井町９６９ー３" }, "geometry": { "type": "Point", "coordinates": [ 136.525169, 34.584306 ] } },
{ "type": "Feature", "properties": { "ID": 2422242240059, "正式名称": "ほくせい整形外科クリニック", "機関区分": 2, "都道府県コード": 24, "市区町村コード": 341, "所在地": "三重県三重郡菰野町永井３８１７", "緯度": 35.051123, "経度": 136.526307, "url": "https://www.iryou.teikyouseido.mhlw.go.jp/znk-web/juminkanja/S2430/initialize?prefCd=24&kikanCd=2242240059&kikanKbn=2", "url2": "http://www.hokusei-seikei.com/", "内容": "ほくせい整形外科クリニック【2:診療所】【診療科目:整形外科_リウマチ科_リハビリテーション科】三重県三重郡菰野町永井３８１７" }, "geometry": { "type": "Point", "coordinates": [ 136.526307, 35.051123 ] } },
{ "type": "Feature", "properties": { "ID": 2422242240061, "正式名称": "熊野市立五郷診療所", "機関区分": 2, "都道府県コード": 24, "市区町村コード": 212, "所在地": "三重県熊野市五郷町寺谷１０６５－４", "緯度": 33.984176, "経度": 136.048377, "url": "https://www.iryou.teikyouseido.mhlw.go.jp/znk-web/juminkanja/S2430/initialize?prefCd=24&kikanCd=2242240061&kikanKbn=2", "url2": "https://sites.google.com/view/isatokumano", "内容": "熊野市立五郷診療所【2:診療所】【診療科目:内科_漢方内科_外科_精神科_心療内科】三重県熊野市五郷町寺谷１０６５－４" }, "geometry": { "type": "Point", "coordinates": [ 136.048377, 33.984176 ] } },
{ "type": "Feature", "properties": { "ID": 2422242240065, "正式名称": "いなべ眼科", "機関区分": 2, "都道府県コード": 24, "市区町村コード": 214, "所在地": "三重県いなべ市員弁町大泉新田５０４－１", "緯度": 35.105742, "経度": 136.568424, "url": "https://www.iryou.teikyouseido.mhlw.go.jp/znk-web/juminkanja/S2430/initialize?prefCd=24&kikanCd=2242240065&kikanKbn=2", "url2": "http://www.inabe-eye.com/", "内容": "いなべ眼科【2:診療所】【診療科目:眼科】三重県いなべ市員弁町大泉新田５０４－１" }, "geometry": { "type": "Point", "coordinates": [ 136.568424, 35.105742 ] } },
{ "type": "Feature", "properties": { "ID": 2422242240066, "正式名称": "井村整形外科", "機関区分": 2, "都道府県コード": 24, "市区町村コード": 202, "所在地": "三重県四日市市小杉町平松４８０－１", "緯度": 34.986748, "経度": 136.607788, "url": "https://www.iryou.teikyouseido.mhlw.go.jp/znk-web/juminkanja/S2430/initialize?prefCd=24&kikanCd=2242240066&kikanKbn=2", "url2": null, "内容": "井村整形外科【2:診療所】【診療科目:整形外科_リハビリテーション科】三重県四日市市小杉町平松４８０－１" }, "geometry": { "type": "Point", "coordinates": [ 136.607788, 34.986748 ] } },
{ "type": "Feature", "properties": { "ID": 2422242240069, "正式名称": "学校法人　協栄学園　伊勢志摩クリニック", "機関区分": 2, "都道府県コード": 24, "市区町村コード": 203, "所在地": "三重県伊勢市御薗町高向１７４６－２", "緯度": 34.505949, "経度": 136.69526, "url": "https://www.iryou.teikyouseido.mhlw.go.jp/znk-web/juminkanja/S2430/initialize?prefCd=24&kikanCd=2242240069&kikanKbn=2", "url2": null, "内容": "学校法人　協栄学園　伊勢志摩クリニック【2:診療所】【診療科目:内科】三重県伊勢市御薗町高向１７４６－２" }, "geometry": { "type": "Point", "coordinates": [ 136.69526, 34.505949 ] } },
{ "type": "Feature", "properties": { "ID": 2422242240070, "正式名称": "四日市内科ハートクリニック", "機関区分": 2, "都道府県コード": 24, "市区町村コード": 202, "所在地": "三重県四日市市城西町３－１７－１", "緯度": 34.963931, "経度": 136.605612, "url": "https://www.iryou.teikyouseido.mhlw.go.jp/znk-web/juminkanja/S2430/initialize?prefCd=24&kikanCd=2242240070&kikanKbn=2", "url2": "http://www.yokkaichi-heart.com/", "内容": "四日市内科ハートクリニック【2:診療所】【診療科目:内科_循環器内科_アレルギー疾患内科_アレルギー科】三重県四日市市城西町３－１７－１" }, "geometry": { "type": "Point", "coordinates": [ 136.605612, 34.963931 ] } },
{ "type": "Feature", "properties": { "ID": 2422242240071, "正式名称": "にいみ整形外科", "機関区分": 2, "都道府県コード": 24, "市区町村コード": 205, "所在地": "三重県桑名市赤尾２０２９", "緯度": 35.056362, "経度": 136.62935, "url": "https://www.iryou.teikyouseido.mhlw.go.jp/znk-web/juminkanja/S2430/initialize?prefCd=24&kikanCd=2242240071&kikanKbn=2", "url2": "http://niimi-op.jp/", "内容": "にいみ整形外科【2:診療所】【診療科目:整形外科_リハビリテーション科】三重県桑名市赤尾２０２９" }, "geometry": { "type": "Point", "coordinates": [ 136.62935, 35.056362 ] } },
{ "type": "Feature", "properties": { "ID": 2422242240074, "正式名称": "医療法人社団　俊成会　明和ファミリークリニック", "機関区分": 2, "都道府県コード": 24, "市区町村コード": 442, "所在地": "三重県多気郡明和町前野４１５－８", "緯度": 34.570714, "経度": 136.623121, "url": "https://www.iryou.teikyouseido.mhlw.go.jp/znk-web/juminkanja/S2430/initialize?prefCd=24&kikanCd=2242240074&kikanKbn=2", "url2": "https://www.meiwa-familyclinic.com/", "内容": "医療法人社団　俊成会　明和ファミリークリニック【2:診療所】【診療科目:内科_血液内科_消化器内科_老年内科】三重県多気郡明和町前野４１５－８" }, "geometry": { "type": "Point", "coordinates": [ 136.623121, 34.570714 ] } },
{ "type": "Feature", "properties": { "ID": 2422242240075, "正式名称": "松原クリニック", "機関区分": 2, "都道府県コード": 24, "市区町村コード": 205, "所在地": "三重県桑名市東方１４３－８桑名スイミングスクール１階", "緯度": 35.068688, "経度": 136.683183, "url": "https://www.iryou.teikyouseido.mhlw.go.jp/znk-web/juminkanja/S2430/initialize?prefCd=24&kikanCd=2242240075&kikanKbn=2", "url2": "http://www.myclinic.ne.jp/matubaracl/pc/", "内容": "松原クリニック【2:診療所】【診療科目:精神科_心療内科】三重県桑名市東方１４３－８桑名スイミングスクール１階" }, "geometry": { "type": "Point", "coordinates": [ 136.683183, 35.068688 ] } },
{ "type": "Feature", "properties": { "ID": 2422242240076, "正式名称": "田中内科", "機関区分": 2, "都道府県コード": 24, "市区町村コード": 201, "所在地": "三重県津市久居新町８６７－２", "緯度": 34.674354, "経度": 136.475712, "url": "https://www.iryou.teikyouseido.mhlw.go.jp/znk-web/juminkanja/S2430/initialize?prefCd=24&kikanCd=2242240076&kikanKbn=2", "url2": "https://hi-med.jp/medical.php?num=29", "内容": "田中内科【2:診療所】【診療科目:内科_糖尿病内科_呼吸器内科_循環器内科_消化器内科】三重県津市久居新町８６７－２" }, "geometry": { "type": "Point", "coordinates": [ 136.475712, 34.674354 ] } },
{ "type": "Feature", "properties": { "ID": 2422242240077, "正式名称": "増井内科", "機関区分": 2, "都道府県コード": 24, "市区町村コード": 201, "所在地": "三重県津市長岡町８００－５０１", "緯度": 34.740169, "経度": 136.489524, "url": "https://www.iryou.teikyouseido.mhlw.go.jp/znk-web/juminkanja/S2430/initialize?prefCd=24&kikanCd=2242240077&kikanKbn=2", "url2": null, "内容": "増井内科【2:診療所】【診療科目:内科_呼吸器内科_循環器内科_消化器内科】三重県津市長岡町８００－５０１" }, "geometry": { "type": "Point", "coordinates": [ 136.489524, 34.740169 ] } },
{ "type": "Feature", "properties": { "ID": 2422242240081, "正式名称": "こまち内科クリニック", "機関区分": 2, "都道府県コード": 24, "市区町村コード": 205, "所在地": "三重県桑名市五反田２００８－１２０", "緯度": 35.077197, "経度": 136.627662, "url": "https://www.iryou.teikyouseido.mhlw.go.jp/znk-web/juminkanja/S2430/initialize?prefCd=24&kikanCd=2242240081&kikanKbn=2", "url2": "https://komachiclinic.jp", "内容": "こまち内科クリニック【2:診療所】【診療科目:内科_循環器内科_漢方内科_漢方婦人科_漢方皮膚科】三重県桑名市五反田２００８－１２０" }, "geometry": { "type": "Point", "coordinates": [ 136.627662, 35.077197 ] } },
{ "type": "Feature", "properties": { "ID": 2422242240084, "正式名称": "にのみやクリニック内科外科", "機関区分": 2, "都道府県コード": 24, "市区町村コード": 202, "所在地": "三重県四日市市生桑町５８２－５", "緯度": 34.982242, "経度": 136.599662, "url": "https://www.iryou.teikyouseido.mhlw.go.jp/znk-web/juminkanja/S2430/initialize?prefCd=24&kikanCd=2242240084&kikanKbn=2", "url2": "https://www.nino-clinic.com/", "内容": "にのみやクリニック内科外科【2:診療所】【診療科目:内科_呼吸器内科_胃腸内科_外科_肛門外科_小児科】三重県四日市市生桑町５８２－５" }, "geometry": { "type": "Point", "coordinates": [ 136.599662, 34.982242 ] } },
{ "type": "Feature", "properties": { "ID": 2422242240085, "正式名称": "ゆめこどもクリニック伊賀", "機関区分": 2, "都道府県コード": 24, "市区町村コード": 216, "所在地": "三重県伊賀市小田町２５８番地１", "緯度": 34.775568, "経度": 136.126919, "url": "https://www.iryou.teikyouseido.mhlw.go.jp/znk-web/juminkanja/S2430/initialize?prefCd=24&kikanCd=2242240085&kikanKbn=2", "url2": "http://yumekodomo.com/", "内容": "ゆめこどもクリニック伊賀【2:診療所】【診療科目:小児科_アレルギー科】三重県伊賀市小田町２５８番地１" }, "geometry": { "type": "Point", "coordinates": [ 136.126919, 34.775568 ] } },
{ "type": "Feature", "properties": { "ID": 2422242240086, "正式名称": "井上医院", "機関区分": 2, "都道府県コード": 24, "市区町村コード": 215, "所在地": "三重県志摩市志摩町越賀１６３７－３", "緯度": 34.263986, "経度": 136.790523, "url": "https://www.iryou.teikyouseido.mhlw.go.jp/znk-web/juminkanja/S2430/initialize?prefCd=24&kikanCd=2242240086&kikanKbn=2", "url2": "https://shima-inoueiin.com/", "内容": "井上医院【2:診療所】【診療科目:内科_循環器内科_消化器内科_小児科】三重県志摩市志摩町越賀１６３７－３" }, "geometry": { "type": "Point", "coordinates": [ 136.790523, 34.263986 ] } },
{ "type": "Feature", "properties": { "ID": 2422242240087, "正式名称": "トータルサポートクリニック長島", "機関区分": 2, "都道府県コード": 24, "市区町村コード": 205, "所在地": "三重県桑名市長島町西外面２０１２－３加藤ビル２階", "緯度": 35.098011, "経度": 136.69739, "url": "https://www.iryou.teikyouseido.mhlw.go.jp/znk-web/juminkanja/S2430/initialize?prefCd=24&kikanCd=2242240087&kikanKbn=2", "url2": null, "内容": "トータルサポートクリニック長島【2:診療所】【診療科目:内科】三重県桑名市長島町西外面２０１２－３加藤ビル２階" }, "geometry": { "type": "Point", "coordinates": [ 136.69739, 35.098011 ] } },
{ "type": "Feature", "properties": { "ID": 2422242240090, "正式名称": "ＡＧＡスキンクリニック四日市院", "機関区分": 2, "都道府県コード": 24, "市区町村コード": 202, "所在地": "三重県四日市市安島一丁目２番２４号ＴＫビルディング５階", "緯度": 34.967296, "経度": 136.617483, "url": "https://www.iryou.teikyouseido.mhlw.go.jp/znk-web/juminkanja/S2430/initialize?prefCd=24&kikanCd=2242240090&kikanKbn=2", "url2": "https://www.agaskin.net/clinic/yk/", "内容": "ＡＧＡスキンクリニック四日市院【2:診療所】【診療科目:美容皮膚科_頭部皮膚科】三重県四日市市安島一丁目２番２４号ＴＫビルディング５階" }, "geometry": { "type": "Point", "coordinates": [ 136.617483, 34.967296 ] } },
{ "type": "Feature", "properties": { "ID": 2422242240091, "正式名称": "四日市泊駅西整形外科腰痛頭痛クリニック", "機関区分": 2, "都道府県コード": 24, "市区町村コード": 202, "所在地": "三重県四日市市泊山崎町２－１４", "緯度": 34.940391, "経度": 136.597431, "url": "https://www.iryou.teikyouseido.mhlw.go.jp/znk-web/juminkanja/S2430/initialize?prefCd=24&kikanCd=2242240091&kikanKbn=2", "url2": "https://www.tomariekinishi-seikei.net/", "内容": "四日市泊駅西整形外科腰痛頭痛クリニック【2:診療所】【診療科目:整形外科_リウマチ科_リハビリテーション科】三重県四日市市泊山崎町２－１４" }, "geometry": { "type": "Point", "coordinates": [ 136.597431, 34.940391 ] } },
{ "type": "Feature", "properties": { "ID": 2422242240092, "正式名称": "なかにし整形外科", "機関区分": 2, "都道府県コード": 24, "市区町村コード": 203, "所在地": "三重県伊勢市上地町４２１４－１", "緯度": 34.492786, "経度": 136.663292, "url": "https://www.iryou.teikyouseido.mhlw.go.jp/znk-web/juminkanja/S2430/initialize?prefCd=24&kikanCd=2242240092&kikanKbn=2", "url2": "https://nakanishi-seikeigeka.com/", "内容": "なかにし整形外科【2:診療所】【診療科目:整形外科_リハビリテーション科】三重県伊勢市上地町４２１４－１" }, "geometry": { "type": "Point", "coordinates": [ 136.663292, 34.492786 ] } },
{ "type": "Feature", "properties": { "ID": 2422242240095, "正式名称": "あらき内科クリニック", "機関区分": 2, "都道府県コード": 24, "市区町村コード": 201, "所在地": "三重県津市半田平木２０２－５", "緯度": 34.707748, "経度": 136.490719, "url": "https://www.iryou.teikyouseido.mhlw.go.jp/znk-web/juminkanja/S2430/initialize?prefCd=24&kikanCd=2242240095&kikanKbn=2", "url2": "http://www.arakinaika-clinic.com/", "内容": "あらき内科クリニック【2:診療所】【診療科目:内科_呼吸器内科_循環器内科_消化器内科】三重県津市半田平木２０２－５" }, "geometry": { "type": "Point", "coordinates": [ 136.490719, 34.707748 ] } },
{ "type": "Feature", "properties": { "ID": 2422242240097, "正式名称": "たいしん堂医院", "機関区分": 2, "都道府県コード": 24, "市区町村コード": 203, "所在地": "三重県伊勢市上地町４８２５番地", "緯度": 34.490308, "経度": 136.656581, "url": "https://www.iryou.teikyouseido.mhlw.go.jp/znk-web/juminkanja/S2430/initialize?prefCd=24&kikanCd=2242240097&kikanKbn=2", "url2": "https://taisindo.jimdosite.com/", "内容": "たいしん堂医院【2:診療所】【診療科目:精神科】三重県伊勢市上地町４８２５番地" }, "geometry": { "type": "Point", "coordinates": [ 136.656581, 34.490308 ] } },
{ "type": "Feature", "properties": { "ID": 2422242240098, "正式名称": "宅間内科", "機関区分": 2, "都道府県コード": 24, "市区町村コード": 203, "所在地": "三重県伊勢市船江３－６－１８", "緯度": 34.500978, "経度": 136.718301, "url": "https://www.iryou.teikyouseido.mhlw.go.jp/znk-web/juminkanja/S2430/initialize?prefCd=24&kikanCd=2242240098&kikanKbn=2", "url2": "http://takumanaika.com", "内容": "宅間内科【2:診療所】【診療科目:内科_神経内科】三重県伊勢市船江３－６－１８" }, "geometry": { "type": "Point", "coordinates": [ 136.718301, 34.500978 ] } },
{ "type": "Feature", "properties": { "ID": 2422242240099, "正式名称": "さの整形外科クリニック", "機関区分": 2, "都道府県コード": 24, "市区町村コード": 201, "所在地": "三重県津市観音寺町４４５－１３", "緯度": 34.727529, "経度": 136.505127, "url": "https://www.iryou.teikyouseido.mhlw.go.jp/znk-web/juminkanja/S2430/initialize?prefCd=24&kikanCd=2242240099&kikanKbn=2", "url2": "https://sanoseikei.com", "内容": "さの整形外科クリニック【2:診療所】【診療科目:整形外科_リウマチ科_リハビリテーション科】三重県津市観音寺町４４５－１３" }, "geometry": { "type": "Point", "coordinates": [ 136.505127, 34.727529 ] } },
{ "type": "Feature", "properties": { "ID": 2422242240101, "正式名称": "ひさい脳神経外科クリニック", "機関区分": 2, "都道府県コード": 24, "市区町村コード": 201, "所在地": "三重県津市久居明神町風早２３３６", "緯度": 34.685663, "経度": 136.46361, "url": "https://www.iryou.teikyouseido.mhlw.go.jp/znk-web/juminkanja/S2430/initialize?prefCd=24&kikanCd=2242240101&kikanKbn=2", "url2": "http://hisai-cl.com", "内容": "ひさい脳神経外科クリニック【2:診療所】【診療科目:脳神経外科】三重県津市久居明神町風早２３３６" }, "geometry": { "type": "Point", "coordinates": [ 136.46361, 34.685663 ] } },
{ "type": "Feature", "properties": { "ID": 2422242240102, "正式名称": "ＭＧ糖尿病・内分泌・甲状腺クリニック", "機関区分": 2, "都道府県コード": 24, "市区町村コード": 203, "所在地": "三重県伊勢市勢田町４３１", "緯度": 34.476427, "経度": 136.709517, "url": "https://www.iryou.teikyouseido.mhlw.go.jp/znk-web/juminkanja/S2430/initialize?prefCd=24&kikanCd=2242240102&kikanKbn=2", "url2": "https://mgclinic.jp", "内容": "ＭＧ糖尿病・内分泌・甲状腺クリニック【2:診療所】【診療科目:内科_糖尿病内科_腎臓内科】三重県伊勢市勢田町４３１" }, "geometry": { "type": "Point", "coordinates": [ 136.709517, 34.476427 ] } },
{ "type": "Feature", "properties": { "ID": 2422242240104, "正式名称": "くまのなる在宅診療所", "機関区分": 2, "都道府県コード": 24, "市区町村コード": 562, "所在地": "三重県南牟婁郡紀宝町井田１４７８－３", "緯度": 33.761004, "経度": 136.00571, "url": "https://www.iryou.teikyouseido.mhlw.go.jp/znk-web/juminkanja/S2430/initialize?prefCd=24&kikanCd=2242240104&kikanKbn=2", "url2": null, "内容": "くまのなる在宅診療所【2:診療所】【診療科目:内科】三重県南牟婁郡紀宝町井田１４７８－３" }, "geometry": { "type": "Point", "coordinates": [ 136.00571, 33.761004 ] } },
{ "type": "Feature", "properties": { "ID": 2422242240105, "正式名称": "おひさま在宅クリニック", "機関区分": 2, "都道府県コード": 24, "市区町村コード": 204, "所在地": "三重県松阪市川井町１５７－１", "緯度": 34.583068, "経度": 136.512879, "url": "https://www.iryou.teikyouseido.mhlw.go.jp/znk-web/juminkanja/S2430/initialize?prefCd=24&kikanCd=2242240105&kikanKbn=2", "url2": "http://ohisama-zaitaku.com", "内容": "おひさま在宅クリニック【2:診療所】【診療科目:内科_緩和ケア内科】三重県松阪市川井町１５７－１" }, "geometry": { "type": "Point", "coordinates": [ 136.512879, 34.583068 ] } },
{ "type": "Feature", "properties": { "ID": 2422242240106, "正式名称": "にしはら整形外科スポーツクリニック", "機関区分": 2, "都道府県コード": 24, "市区町村コード": 344, "所在地": "三重県三重郡川越町豊田一色２７２－１", "緯度": 35.024429, "経度": 136.67165, "url": "https://www.iryou.teikyouseido.mhlw.go.jp/znk-web/juminkanja/S2430/initialize?prefCd=24&kikanCd=2242240106&kikanKbn=2", "url2": "http://nishihara-seikei.com", "内容": "にしはら整形外科スポーツクリニック【2:診療所】【診療科目:整形外科_リハビリテーション科】三重県三重郡川越町豊田一色２７２－１" }, "geometry": { "type": "Point", "coordinates": [ 136.67165, 35.024429 ] } },
{ "type": "Feature", "properties": { "ID": 2422242240110, "正式名称": "やまもと総合診療クリニック", "機関区分": 2, "都道府県コード": 24, "市区町村コード": 201, "所在地": "三重県津市丸之内２１－２０", "緯度": 34.716823, "経度": 136.50843, "url": "https://www.iryou.teikyouseido.mhlw.go.jp/znk-web/juminkanja/S2430/initialize?prefCd=24&kikanCd=2242240110&kikanKbn=2", "url2": "http://yamamoto-gpclinic.com/", "内容": "やまもと総合診療クリニック【2:診療所】【診療科目:内科_小児科】三重県津市丸之内２１－２０" }, "geometry": { "type": "Point", "coordinates": [ 136.50843, 34.716823 ] } },
{ "type": "Feature", "properties": { "ID": 2422242240111, "正式名称": "瀧原診療所", "機関区分": 2, "都道府県コード": 24, "市区町村コード": 471, "所在地": "三重県度会郡大紀町滝原１５１６－３", "緯度": 34.359836, "経度": 136.415839, "url": "https://www.iryou.teikyouseido.mhlw.go.jp/znk-web/juminkanja/S2430/initialize?prefCd=24&kikanCd=2242240111&kikanKbn=2", "url2": null, "内容": "瀧原診療所【2:診療所】【診療科目:内科_外科_整形外科】三重県度会郡大紀町滝原１５１６－３" }, "geometry": { "type": "Point", "coordinates": [ 136.415839, 34.359836 ] } },
{ "type": "Feature", "properties": { "ID": 2422242240112, "正式名称": "医療法人　とみむろクリニック", "機関区分": 2, "都道府県コード": 24, "市区町村コード": 562, "所在地": "三重県南牟婁郡紀宝町成川４４－１", "緯度": 33.741411, "経度": 136.004224, "url": "https://www.iryou.teikyouseido.mhlw.go.jp/znk-web/juminkanja/S2430/initialize?prefCd=24&kikanCd=2242240112&kikanKbn=2", "url2": null, "内容": "医療法人　とみむろクリニック【2:診療所】【診療科目:内科_外科_整形外科_リハビリテーション科】三重県南牟婁郡紀宝町成川４４－１" }, "geometry": { "type": "Point", "coordinates": [ 136.004224, 33.741411 ] } },
{ "type": "Feature", "properties": { "ID": 2422242240113, "正式名称": "医療法人　かわいクリニック", "機関区分": 2, "都道府県コード": 24, "市区町村コード": 201, "所在地": "三重県津市河芸町浜田６８８－１", "緯度": 34.784276, "経度": 136.532447, "url": "https://www.iryou.teikyouseido.mhlw.go.jp/znk-web/juminkanja/S2430/initialize?prefCd=24&kikanCd=2242240113&kikanKbn=2", "url2": "http://www.kawaiclinic.jp", "内容": "医療法人　かわいクリニック【2:診療所】【診療科目:内科_呼吸器内科_循環器内科_外科_リハビリテーション科】三重県津市河芸町浜田６８８－１" }, "geometry": { "type": "Point", "coordinates": [ 136.532447, 34.784276 ] } },
{ "type": "Feature", "properties": { "ID": 2422242240114, "正式名称": "医療法人　敬人会　金丸脳脊椎外科クリニック", "機関区分": 2, "都道府県コード": 24, "市区町村コード": 216, "所在地": "三重県伊賀市佐那具町８０４－１", "緯度": 34.799746, "経度": 136.162943, "url": "https://www.iryou.teikyouseido.mhlw.go.jp/znk-web/juminkanja/S2430/initialize?prefCd=24&kikanCd=2242240114&kikanKbn=2", "url2": "http://kanamaru-cl.com/", "内容": "医療法人　敬人会　金丸脳脊椎外科クリニック【2:診療所】【診療科目:循環器内科_脳神経外科_脳・血管外科_リハビリテーション科】三重県伊賀市佐那具町８０４－１" }, "geometry": { "type": "Point", "coordinates": [ 136.162943, 34.799746 ] } },
{ "type": "Feature", "properties": { "ID": 2422242240115, "正式名称": "医療法人　貴英会", "機関区分": 2, "都道府県コード": 24, "市区町村コード": 201, "所在地": "三重県津市久居明神町２０９０－１", "緯度": 34.687855, "経度": 136.464981, "url": "https://www.iryou.teikyouseido.mhlw.go.jp/znk-web/juminkanja/S2430/initialize?prefCd=24&kikanCd=2242240115&kikanKbn=2", "url2": "http://www.hanabusa-md.jp/", "内容": "医療法人　貴英会【2:診療所】【診療科目:内科_糖尿病内科_内分泌内科_糖尿病・内分泌内科_乳腺外科】三重県津市久居明神町２０９０－１" }, "geometry": { "type": "Point", "coordinates": [ 136.464981, 34.687855 ] } },
{ "type": "Feature", "properties": { "ID": 2422242240117, "正式名称": "いぐち内科・消化器内科クリニック", "機関区分": 2, "都道府県コード": 24, "市区町村コード": 201, "所在地": "三重県津市久居新町２１１５－８", "緯度": 34.683771, "経度": 136.484463, "url": "https://www.iryou.teikyouseido.mhlw.go.jp/znk-web/juminkanja/S2430/initialize?prefCd=24&kikanCd=2242240117&kikanKbn=2", "url2": "http://iguchi-syoukakinaika.com/", "内容": "いぐち内科・消化器内科クリニック【2:診療所】【診療科目:内科_消化器内科_内視鏡内科】三重県津市久居新町２１１５－８" }, "geometry": { "type": "Point", "coordinates": [ 136.484463, 34.683771 ] } },
{ "type": "Feature", "properties": { "ID": 2422242240118, "正式名称": "すずかこころのクリニック", "機関区分": 2, "都道府県コード": 24, "市区町村コード": 207, "所在地": "三重県鈴鹿市神戸１丁目１１－２　３Ｆ", "緯度": 34.883616, "経度": 136.582492, "url": "https://www.iryou.teikyouseido.mhlw.go.jp/znk-web/juminkanja/S2430/initialize?prefCd=24&kikanCd=2242240118&kikanKbn=2", "url2": "http://suzukakokoro.jp", "内容": "すずかこころのクリニック【2:診療所】【診療科目:精神科】三重県鈴鹿市神戸１丁目１１－２　３Ｆ" }, "geometry": { "type": "Point", "coordinates": [ 136.582492, 34.883616 ] } },
{ "type": "Feature", "properties": { "ID": 2422242240119, "正式名称": "カトウ医院", "機関区分": 2, "都道府県コード": 24, "市区町村コード": 205, "所在地": "三重県桑名市有楽町１４", "緯度": 35.068123, "経度": 136.68514, "url": "https://www.iryou.teikyouseido.mhlw.go.jp/znk-web/juminkanja/S2430/initialize?prefCd=24&kikanCd=2242240119&kikanKbn=2", "url2": "https://www.katoclinic-kuwana.com", "内容": "カトウ医院【2:診療所】【診療科目:内科】三重県桑名市有楽町１４" }, "geometry": { "type": "Point", "coordinates": [ 136.68514, 35.068123 ] } },
{ "type": "Feature", "properties": { "ID": 2422242240120, "正式名称": "松本街道クリニック", "機関区分": 2, "都道府県コード": 24, "市区町村コード": 202, "所在地": "三重県四日市市赤堀２丁目５－２４　２階", "緯度": 34.962402, "経度": 136.607986, "url": "https://www.iryou.teikyouseido.mhlw.go.jp/znk-web/juminkanja/S2430/initialize?prefCd=24&kikanCd=2242240120&kikanKbn=2", "url2": "https://matsumotokaido-clinic.com/", "内容": "松本街道クリニック【2:診療所】【診療科目:内科_リウマチ科】三重県四日市市赤堀２丁目５－２４　２階" }, "geometry": { "type": "Point", "coordinates": [ 136.607986, 34.962402 ] } },
{ "type": "Feature", "properties": { "ID": 2422242240121, "正式名称": "ルミナス　クリニック", "機関区分": 2, "都道府県コード": 24, "市区町村コード": 201, "所在地": "三重県津市安濃町曽根８３３－６", "緯度": 34.753613, "経度": 136.461267, "url": "https://www.iryou.teikyouseido.mhlw.go.jp/znk-web/juminkanja/S2430/initialize?prefCd=24&kikanCd=2242240121&kikanKbn=2", "url2": null, "内容": "ルミナス　クリニック【2:診療所】【診療科目:内科】三重県津市安濃町曽根８３３－６" }, "geometry": { "type": "Point", "coordinates": [ 136.461267, 34.753613 ] } },
{ "type": "Feature", "properties": { "ID": 2422242240125, "正式名称": "やまなか脳神経クリニック", "機関区分": 2, "都道府県コード": 24, "市区町村コード": 204, "所在地": "三重県松阪市嬉野中川新町１丁目３番", "緯度": 34.632514, "経度": 136.475379, "url": "https://www.iryou.teikyouseido.mhlw.go.jp/znk-web/juminkanja/S2430/initialize?prefCd=24&kikanCd=2242240125&kikanKbn=2", "url2": "https://yamanaka-bc.com", "内容": "やまなか脳神経クリニック【2:診療所】【診療科目:内科_脳神経内科_外科_脳神経外科_リハビリテーション科】三重県松阪市嬉野中川新町１丁目３番" }, "geometry": { "type": "Point", "coordinates": [ 136.475379, 34.632514 ] } },
{ "type": "Feature", "properties": { "ID": 2422242240126, "正式名称": "みやむら耳鼻咽喉科", "機関区分": 2, "都道府県コード": 24, "市区町村コード": 207, "所在地": "三重県鈴鹿市柳町１６５９－１", "緯度": 34.873727, "経度": 136.59996, "url": "https://www.iryou.teikyouseido.mhlw.go.jp/znk-web/juminkanja/S2430/initialize?prefCd=24&kikanCd=2242240126&kikanKbn=2", "url2": "https://miyamura-ent.clinic", "内容": "みやむら耳鼻咽喉科【2:診療所】【診療科目:耳鼻いんこう科_アレルギー科】三重県鈴鹿市柳町１６５９－１" }, "geometry": { "type": "Point", "coordinates": [ 136.59996, 34.873727 ] } },
{ "type": "Feature", "properties": { "ID": 2422242240127, "正式名称": "しま相和透析クリニック", "機関区分": 2, "都道府県コード": 24, "市区町村コード": 215, "所在地": "三重県志摩市磯部町穴川字座頭橋１１４１番地６", "緯度": 34.355738, "経度": 136.803461, "url": "https://www.iryou.teikyouseido.mhlw.go.jp/znk-web/juminkanja/S2430/initialize?prefCd=24&kikanCd=2242240127&kikanKbn=2", "url2": null, "内容": "しま相和透析クリニック【2:診療所】【診療科目:人工透析内科】三重県志摩市磯部町穴川字座頭橋１１４１番地６" }, "geometry": { "type": "Point", "coordinates": [ 136.803461, 34.355738 ] } },
{ "type": "Feature", "properties": { "ID": 2422242240128, "正式名称": "萩原内科胃腸科", "機関区分": 2, "都道府県コード": 24, "市区町村コード": 207, "所在地": "三重県鈴鹿市神戸１丁目１１－２", "緯度": 34.883616, "経度": 136.582473, "url": "https://www.iryou.teikyouseido.mhlw.go.jp/znk-web/juminkanja/S2430/initialize?prefCd=24&kikanCd=2242240128&kikanKbn=2", "url2": null, "内容": "萩原内科胃腸科【2:診療所】【診療科目:内科_精神科_心療内科】三重県鈴鹿市神戸１丁目１１－２" }, "geometry": { "type": "Point", "coordinates": [ 136.582473, 34.883616 ] } },
{ "type": "Feature", "properties": { "ID": 2422242240129, "正式名称": "泊ファミリークリニック", "機関区分": 2, "都道府県コード": 24, "市区町村コード": 202, "所在地": "三重県四日市市日永西５丁目１７番１号", "緯度": 34.942831, "経度": 136.594015, "url": "https://www.iryou.teikyouseido.mhlw.go.jp/znk-web/juminkanja/S2430/initialize?prefCd=24&kikanCd=2242240129&kikanKbn=2", "url2": "https://tomari-familyclinic.com", "内容": "泊ファミリークリニック【2:診療所】【診療科目:泌尿器科_精神科_心療内科】三重県四日市市日永西５丁目１７番１号" }, "geometry": { "type": "Point", "coordinates": [ 136.594015, 34.942831 ] } },
{ "type": "Feature", "properties": { "ID": 2422242240130, "正式名称": "駅前ＡＧＡクリニック三重四日市院", "機関区分": 2, "都道府県コード": 24, "市区町村コード": 202, "所在地": "三重県四日市市諏訪栄町２番３号　生和第３ビル３階", "緯度": 34.965969, "経度": 136.621305, "url": "https://www.iryou.teikyouseido.mhlw.go.jp/znk-web/juminkanja/S2430/initialize?prefCd=24&kikanCd=2242240130&kikanKbn=2", "url2": "https://e-aga.jp/intro/yokkaichi", "内容": "駅前ＡＧＡクリニック三重四日市院【2:診療所】【診療科目:美容皮膚科】三重県四日市市諏訪栄町２番３号　生和第３ビル３階" }, "geometry": { "type": "Point", "coordinates": [ 136.621305, 34.965969 ] } },
{ "type": "Feature", "properties": { "ID": 2422242240132, "正式名称": "医療法人　ときわ雅会", "機関区分": 2, "都道府県コード": 24, "市区町村コード": 202, "所在地": "三重県四日市市ときわ２丁目９番１３号", "緯度": 34.967578, "経度": 136.595919, "url": "https://www.iryou.teikyouseido.mhlw.go.jp/znk-web/juminkanja/S2430/initialize?prefCd=24&kikanCd=2242240132&kikanKbn=2", "url2": "https://www.miyabi-eye-clinic.com", "内容": "医療法人　ときわ雅会【2:診療所】【診療科目:眼科】三重県四日市市ときわ２丁目９番１３号" }, "geometry": { "type": "Point", "coordinates": [ 136.595919, 34.967578 ] } },
{ "type": "Feature", "properties": { "ID": 2422242240133, "正式名称": "たけうち内科クリニック", "機関区分": 2, "都道府県コード": 24, "市区町村コード": 201, "所在地": "三重県津市久居野村町８７２－２", "緯度": 34.679315, "経度": 136.485289, "url": "https://www.iryou.teikyouseido.mhlw.go.jp/znk-web/juminkanja/S2430/initialize?prefCd=24&kikanCd=2242240133&kikanKbn=2", "url2": "http://takeuchi-naikaclinic.com/", "内容": "たけうち内科クリニック【2:診療所】【診療科目:内科_消化器内科】三重県津市久居野村町８７２－２" }, "geometry": { "type": "Point", "coordinates": [ 136.485289, 34.679315 ] } },
{ "type": "Feature", "properties": { "ID": 2422242240136, "正式名称": "はば内科ハートクリニック", "機関区分": 2, "都道府県コード": 24, "市区町村コード": 205, "所在地": "三重県桑名市西別所９９６", "緯度": 35.058648, "経度": 136.653204, "url": "https://www.iryou.teikyouseido.mhlw.go.jp/znk-web/juminkanja/S2430/initialize?prefCd=24&kikanCd=2242240136&kikanKbn=2", "url2": "https://haba-heart.com/", "内容": "はば内科ハートクリニック【2:診療所】【診療科目:内科_循環器内科_小児科】三重県桑名市西別所９９６" }, "geometry": { "type": "Point", "coordinates": [ 136.653204, 35.058648 ] } },
{ "type": "Feature", "properties": { "ID": 2422242240140, "正式名称": "かわごえこどもクリニック", "機関区分": 2, "都道府県コード": 24, "市区町村コード": 344, "所在地": "三重県三重郡川越町北福崎７０番地", "緯度": 35.028624, "経度": 136.678381, "url": "https://www.iryou.teikyouseido.mhlw.go.jp/znk-web/juminkanja/S2430/initialize?prefCd=24&kikanCd=2242240140&kikanKbn=2", "url2": "https://kawagoekodomo.com", "内容": "かわごえこどもクリニック【2:診療所】【診療科目:小児科_アレルギー科】三重県三重郡川越町北福崎７０番地" }, "geometry": { "type": "Point", "coordinates": [ 136.678381, 35.028624 ] } },
{ "type": "Feature", "properties": { "ID": 2422242240141, "正式名称": "つねおかクリニック", "機関区分": 2, "都道府県コード": 24, "市区町村コード": 208, "所在地": "三重県名張市栄町２９３２番地１", "緯度": 34.622268, "経度": 136.093459, "url": "https://www.iryou.teikyouseido.mhlw.go.jp/znk-web/juminkanja/S2430/initialize?prefCd=24&kikanCd=2242240141&kikanKbn=2", "url2": null, "内容": "つねおかクリニック【2:診療所】【診療科目:内科】三重県名張市栄町２９３２番地１" }, "geometry": { "type": "Point", "coordinates": [ 136.093459, 34.622268 ] } },
{ "type": "Feature", "properties": { "ID": 2422242240143, "正式名称": "医療法人　栄恵会　ＩＶＦ白子クリニック", "機関区分": 2, "都道府県コード": 24, "市区町村コード": 207, "所在地": "三重県鈴鹿市南江島町８－２", "緯度": 34.839199, "経度": 136.592949, "url": "https://www.iryou.teikyouseido.mhlw.go.jp/znk-web/juminkanja/S2430/initialize?prefCd=24&kikanCd=2242240143&kikanKbn=2", "url2": "https://www.ivf-shiroko.com", "内容": "医療法人　栄恵会　ＩＶＦ白子クリニック【2:診療所】【診療科目:産婦人科_産婦人科（生殖医療）】三重県鈴鹿市南江島町８－２" }, "geometry": { "type": "Point", "coordinates": [ 136.592949, 34.839199 ] } },
{ "type": "Feature", "properties": { "ID": 2422242240145, "正式名称": "医療法人　おもと皮フ科", "機関区分": 2, "都道府県コード": 24, "市区町村コード": 205, "所在地": "三重県桑名市赤尾２０３１－１", "緯度": 35.056467, "経度": 136.629199, "url": "https://www.iryou.teikyouseido.mhlw.go.jp/znk-web/juminkanja/S2430/initialize?prefCd=24&kikanCd=2242240145&kikanKbn=2", "url2": "http://www.omotohifuka.com", "内容": "医療法人　おもと皮フ科【2:診療所】【診療科目:皮膚科_アレルギー科】三重県桑名市赤尾２０３１－１" }, "geometry": { "type": "Point", "coordinates": [ 136.629199, 35.056467 ] } },
{ "type": "Feature", "properties": { "ID": 2422242240146, "正式名称": "医療法人　なかがわ整形外科リハビリクリニック", "機関区分": 2, "都道府県コード": 24, "市区町村コード": 205, "所在地": "三重県桑名市江場４５６－３", "緯度": 35.050286, "経度": 136.693396, "url": "https://www.iryou.teikyouseido.mhlw.go.jp/znk-web/juminkanja/S2430/initialize?prefCd=24&kikanCd=2242240146&kikanKbn=2", "url2": "https://seikei-nakagawa.jp/", "内容": "医療法人　なかがわ整形外科リハビリクリニック【2:診療所】【診療科目:整形外科_リウマチ科_リハビリテーション科】三重県桑名市江場４５６－３" }, "geometry": { "type": "Point", "coordinates": [ 136.693396, 35.050286 ] } },
{ "type": "Feature", "properties": { "ID": 2422242240152, "正式名称": "みえ医療福祉生活協同組合　高茶屋診療所", "機関区分": 2, "都道府県コード": 24, "市区町村コード": 201, "所在地": "三重県津市高茶屋５－１１－４８", "緯度": 34.669601, "経度": 136.50344, "url": "https://www.iryou.teikyouseido.mhlw.go.jp/znk-web/juminkanja/S2430/initialize?prefCd=24&kikanCd=2242240152&kikanKbn=2", "url2": "http://www.tsucoop.jp", "内容": "みえ医療福祉生活協同組合　高茶屋診療所【2:診療所】【診療科目:内科_整形外科_小児科_婦人科_放射線科】三重県津市高茶屋５－１１－４８" }, "geometry": { "type": "Point", "coordinates": [ 136.50344, 34.669601 ] } },
{ "type": "Feature", "properties": { "ID": 2422242240157, "正式名称": "医療法人和み会　まつだこどもクリニック", "機関区分": 2, "都道府県コード": 24, "市区町村コード": 203, "所在地": "三重県伊勢市桜木町８５－１８０", "緯度": 34.470804, "経度": 136.715261, "url": "https://www.iryou.teikyouseido.mhlw.go.jp/znk-web/juminkanja/S2430/initialize?prefCd=24&kikanCd=2242240157&kikanKbn=2", "url2": "https://matsudakodomo.clinic", "内容": "医療法人和み会　まつだこどもクリニック【2:診療所】【診療科目:小児科】三重県伊勢市桜木町８５－１８０" }, "geometry": { "type": "Point", "coordinates": [ 136.715261, 34.470804 ] } },
{ "type": "Feature", "properties": { "ID": 2422242240162, "正式名称": "もみじ皮ふ科クリニック", "機関区分": 2, "都道府県コード": 24, "市区町村コード": 208, "所在地": "三重県名張市上八町１４８６－１０アミティエビル１階", "緯度": 34.625019, "経度": 136.09028, "url": "https://www.iryou.teikyouseido.mhlw.go.jp/znk-web/juminkanja/S2430/initialize?prefCd=24&kikanCd=2242240162&kikanKbn=2", "url2": null, "内容": "もみじ皮ふ科クリニック【2:診療所】【診療科目:小児科_皮膚科】三重県名張市上八町１４８６－１０アミティエビル１階" }, "geometry": { "type": "Point", "coordinates": [ 136.09028, 34.625019 ] } },
{ "type": "Feature", "properties": { "ID": 2422242240166, "正式名称": "きない心のクリニック", "機関区分": 2, "都道府県コード": 24, "市区町村コード": 201, "所在地": "三重県津市藤方６６", "緯度": 34.68092, "経度": 136.505509, "url": "https://www.iryou.teikyouseido.mhlw.go.jp/znk-web/juminkanja/S2430/initialize?prefCd=24&kikanCd=2242240166&kikanKbn=2", "url2": "https://kinaikokoro.com", "内容": "きない心のクリニック【2:診療所】【診療科目:精神科_心療内科】三重県津市藤方６６" }, "geometry": { "type": "Point", "coordinates": [ 136.505509, 34.68092 ] } },
{ "type": "Feature", "properties": { "ID": 2422242240167, "正式名称": "諏訪メンタルクリニック", "機関区分": 2, "都道府県コード": 24, "市区町村コード": 202, "所在地": "三重県四日市市諏訪栄町５－８ローレルタワーシュロア四日市駅前２０３号", "緯度": 34.966555, "経度": 136.620761, "url": "https://www.iryou.teikyouseido.mhlw.go.jp/znk-web/juminkanja/S2430/initialize?prefCd=24&kikanCd=2242240167&kikanKbn=2", "url2": "http://suwa-mental.com", "内容": "諏訪メンタルクリニック【2:診療所】【診療科目:精神科】三重県四日市市諏訪栄町５－８ローレルタワーシュロア四日市駅前２０３号" }, "geometry": { "type": "Point", "coordinates": [ 136.620761, 34.966555 ] } },
{ "type": "Feature", "properties": { "ID": 2422242240168, "正式名称": "宇治眼科", "機関区分": 2, "都道府県コード": 24, "市区町村コード": 202, "所在地": "三重県四日市市高角町１５５６－１", "緯度": 34.986396, "経度": 136.55869, "url": "https://www.iryou.teikyouseido.mhlw.go.jp/znk-web/juminkanja/S2430/initialize?prefCd=24&kikanCd=2242240168&kikanKbn=2", "url2": "https://uji-eye.clinic", "内容": "宇治眼科【2:診療所】【診療科目:眼科】三重県四日市市高角町１５５６－１" }, "geometry": { "type": "Point", "coordinates": [ 136.55869, 34.986396 ] } },
{ "type": "Feature", "properties": { "ID": 2422242240169, "正式名称": "医療法人ＭｉｎａＴｏ　おおにし呼吸器・糖尿病内科　呼春の森診療所", "機関区分": 2, "都道府県コード": 24, "市区町村コード": 201, "所在地": "三重県津市一身田上津部田１５８１－１", "緯度": 34.745998, "経度": 136.498403, "url": "https://www.iryou.teikyouseido.mhlw.go.jp/znk-web/juminkanja/S2430/initialize?prefCd=24&kikanCd=2242240169&kikanKbn=2", "url2": "http://www.koharunomori.com", "内容": "医療法人ＭｉｎａＴｏ　おおにし呼吸器・糖尿病内科　呼春の森診療所【2:診療所】【診療科目:内科_糖尿病・代謝内科_呼吸器内科_アレルギー科】三重県津市一身田上津部田１５８１－１" }, "geometry": { "type": "Point", "coordinates": [ 136.498403, 34.745998 ] } },
{ "type": "Feature", "properties": { "ID": 2422242240174, "正式名称": "松阪駅前心身クリニック", "機関区分": 2, "都道府県コード": 24, "市区町村コード": 204, "所在地": "三重県松阪市日野町７６２－２", "緯度": 34.57514, "経度": 136.53248, "url": "https://www.iryou.teikyouseido.mhlw.go.jp/znk-web/juminkanja/S2430/initialize?prefCd=24&kikanCd=2242240174&kikanKbn=2", "url2": "http://www.ekimae-shinshin.jp", "内容": "松阪駅前心身クリニック【2:診療所】【診療科目:精神科_心療内科】三重県松阪市日野町７６２－２" }, "geometry": { "type": "Point", "coordinates": [ 136.53248, 34.57514 ] } },
{ "type": "Feature", "properties": { "ID": 2422242240175, "正式名称": "医療法人　糖クリ　すずか糖尿病クリニック", "機関区分": 2, "都道府県コード": 24, "市区町村コード": 207, "所在地": "三重県鈴鹿市道伯５丁目２４－１９", "緯度": 34.862535, "経度": 136.547604, "url": "https://www.iryou.teikyouseido.mhlw.go.jp/znk-web/juminkanja/S2430/initialize?prefCd=24&kikanCd=2242240175&kikanKbn=2", "url2": "http://www.to-cli.com", "内容": "医療法人　糖クリ　すずか糖尿病クリニック【2:診療所】【診療科目:糖尿病内科_糖尿病・内分泌内科_糖尿病・代謝内科_代謝・内分泌内科】三重県鈴鹿市道伯５丁目２４－１９" }, "geometry": { "type": "Point", "coordinates": [ 136.547604, 34.862535 ] } },
{ "type": "Feature", "properties": { "ID": 2422242240177, "正式名称": "医療法人ＫＭＣ　虹が丘クリニック", "機関区分": 2, "都道府県コード": 24, "市区町村コード": 204, "所在地": "三重県松阪市上川町４３２２－１", "緯度": 34.54617, "経度": 136.553134, "url": "https://www.iryou.teikyouseido.mhlw.go.jp/znk-web/juminkanja/S2430/initialize?prefCd=24&kikanCd=2242240177&kikanKbn=2", "url2": "http://nijigaokaclinic.jp", "内容": "医療法人ＫＭＣ　虹が丘クリニック【2:診療所】【診療科目:内科_呼吸器内科_外科】三重県松阪市上川町４３２２－１" }, "geometry": { "type": "Point", "coordinates": [ 136.553134, 34.54617 ] } },
{ "type": "Feature", "properties": { "ID": 2422242240179, "正式名称": "ヨナハレディースクリニック", "機関区分": 2, "都道府県コード": 24, "市区町村コード": 205, "所在地": "三重県桑名市和泉イノ割２１９番地", "緯度": 35.044409, "経度": 136.685444, "url": "https://www.iryou.teikyouseido.mhlw.go.jp/znk-web/juminkanja/S2430/initialize?prefCd=24&kikanCd=2242240179&kikanKbn=2", "url2": "https://yonaha.or.jp/lc/index.html", "内容": "ヨナハレディースクリニック【2:診療所】【診療科目:産婦人科_産婦人科（生殖医療）】三重県桑名市和泉イノ割２１９番地" }, "geometry": { "type": "Point", "coordinates": [ 136.685444, 35.044409 ] } },
{ "type": "Feature", "properties": { "ID": 2422242240180, "正式名称": "医療法人　桑名もり内科", "機関区分": 2, "都道府県コード": 24, "市区町村コード": 205, "所在地": "三重県桑名市西方４９９", "緯度": 35.065579, "経度": 136.67096, "url": "https://www.iryou.teikyouseido.mhlw.go.jp/znk-web/juminkanja/S2430/initialize?prefCd=24&kikanCd=2242240180&kikanKbn=2", "url2": "http://www.kuwana-morinaika.com/", "内容": "医療法人　桑名もり内科【2:診療所】【診療科目:内科_糖尿病内科_循環器内科_腎臓内科_小児科】三重県桑名市西方４９９" }, "geometry": { "type": "Point", "coordinates": [ 136.67096, 35.065579 ] } },
{ "type": "Feature", "properties": { "ID": 2422242240181, "正式名称": "医療法人　津みなみクリニック", "機関区分": 2, "都道府県コード": 24, "市区町村コード": 201, "所在地": "三重県津市久居野村町６００－２", "緯度": 34.674436, "経度": 136.491668, "url": "https://www.iryou.teikyouseido.mhlw.go.jp/znk-web/juminkanja/S2430/initialize?prefCd=24&kikanCd=2242240181&kikanKbn=2", "url2": "http://www.tsu-minami.com", "内容": "医療法人　津みなみクリニック【2:診療所】【診療科目:腎臓内科_人工透析内科_バスキュラーアクセス】三重県津市久居野村町６００－２" }, "geometry": { "type": "Point", "coordinates": [ 136.491668, 34.674436 ] } },
{ "type": "Feature", "properties": { "ID": 2422242240184, "正式名称": "きせ腎泌尿器科・かんぽうクリニック", "機関区分": 2, "都道府県コード": 24, "市区町村コード": 205, "所在地": "三重県桑名市赤尾２０２７－２", "緯度": 35.054054, "経度": 136.628303, "url": "https://www.iryou.teikyouseido.mhlw.go.jp/znk-web/juminkanja/S2430/initialize?prefCd=24&kikanCd=2242240184&kikanKbn=2", "url2": "https://kise.clinic", "内容": "きせ腎泌尿器科・かんぽうクリニック【2:診療所】【診療科目:漢方内科_泌尿器科】三重県桑名市赤尾２０２７－２" }, "geometry": { "type": "Point", "coordinates": [ 136.628303, 35.054054 ] } },
{ "type": "Feature", "properties": { "ID": 2422242240185, "正式名称": "医療法人徳知会　青木クリニック", "機関区分": 2, "都道府県コード": 24, "市区町村コード": 209, "所在地": "三重県尾鷲市中央町４－３", "緯度": 34.071311, "経度": 136.196282, "url": "https://www.iryou.teikyouseido.mhlw.go.jp/znk-web/juminkanja/S2430/initialize?prefCd=24&kikanCd=2242240185&kikanKbn=2", "url2": "https://website2.infomity.net//8390000077//", "内容": "医療法人徳知会　青木クリニック【2:診療所】【診療科目:内科_消化器内科】三重県尾鷲市中央町４－３" }, "geometry": { "type": "Point", "coordinates": [ 136.196282, 34.071311 ] } },
{ "type": "Feature", "properties": { "ID": 2422242240186, "正式名称": "松阪にしむら整形外科", "機関区分": 2, "都道府県コード": 24, "市区町村コード": 204, "所在地": "三重県松阪市船江町５１９－１", "緯度": 34.587325, "経度": 136.520865, "url": "https://www.iryou.teikyouseido.mhlw.go.jp/znk-web/juminkanja/S2430/initialize?prefCd=24&kikanCd=2242240186&kikanKbn=2", "url2": "https://nishimura-seikei.jp", "内容": "松阪にしむら整形外科【2:診療所】【診療科目:整形外科_リウマチ科_リハビリテーション科】三重県松阪市船江町５１９－１" }, "geometry": { "type": "Point", "coordinates": [ 136.520865, 34.587325 ] } },
{ "type": "Feature", "properties": { "ID": 2422242240187, "正式名称": "在宅・総合診療スマイルクリニック", "機関区分": 2, "都道府県コード": 24, "市区町村コード": 215, "所在地": "三重県志摩市浜島町浜島１７７９－１１", "緯度": 34.297087, "経度": 136.75732, "url": "https://www.iryou.teikyouseido.mhlw.go.jp/znk-web/juminkanja/S2430/initialize?prefCd=24&kikanCd=2242240187&kikanKbn=2", "url2": "https://shima-smile-clinic.com", "内容": "在宅・総合診療スマイルクリニック【2:診療所】【診療科目:内科_外科_整形外科_小児科_皮膚科】三重県志摩市浜島町浜島１７７９－１１" }, "geometry": { "type": "Point", "coordinates": [ 136.75732, 34.297087 ] } },
{ "type": "Feature", "properties": { "ID": 2422242240188, "正式名称": "医療法人どんぐり　どんぐり診療所", "機関区分": 2, "都道府県コード": 24, "市区町村コード": 214, "所在地": "三重県いなべ市大安町石榑下３０５番地", "緯度": 35.113949, "経度": 136.528051, "url": "https://www.iryou.teikyouseido.mhlw.go.jp/znk-web/juminkanja/S2430/initialize?prefCd=24&kikanCd=2242240188&kikanKbn=2", "url2": "https://dongri-cl.com", "内容": "医療法人どんぐり　どんぐり診療所【2:診療所】【診療科目:内科】三重県いなべ市大安町石榑下３０５番地" }, "geometry": { "type": "Point", "coordinates": [ 136.528051, 35.113949 ] } },
{ "type": "Feature", "properties": { "ID": 2422242240189, "正式名称": "谷奥医院", "機関区分": 2, "都道府県コード": 24, "市区町村コード": 215, "所在地": "三重県志摩市阿児町甲賀２３９０－１", "緯度": 34.319777, "経度": 136.880767, "url": "https://www.iryou.teikyouseido.mhlw.go.jp/znk-web/juminkanja/S2430/initialize?prefCd=24&kikanCd=2242240189&kikanKbn=2", "url2": "tanioku.net", "内容": "谷奥医院【2:診療所】【診療科目:内科_婦人科】三重県志摩市阿児町甲賀２３９０－１" }, "geometry": { "type": "Point", "coordinates": [ 136.880767, 34.319777 ] } },
{ "type": "Feature", "properties": { "ID": 2422242240190, "正式名称": "杉本眼科クリニック", "機関区分": 2, "都道府県コード": 24, "市区町村コード": 202, "所在地": "三重県四日市市堀木２丁目４－５", "緯度": 34.973314, "経度": 136.613191, "url": "https://www.iryou.teikyouseido.mhlw.go.jp/znk-web/juminkanja/S2430/initialize?prefCd=24&kikanCd=2242240190&kikanKbn=2", "url2": null, "内容": "杉本眼科クリニック【2:診療所】【診療科目:眼科】三重県四日市市堀木２丁目４－５" }, "geometry": { "type": "Point", "coordinates": [ 136.613191, 34.973314 ] } },
{ "type": "Feature", "properties": { "ID": 2422242240191, "正式名称": "なかむら耳鼻咽喉科", "機関区分": 2, "都道府県コード": 24, "市区町村コード": 201, "所在地": "三重県津市高野尾町１８９７－７５", "緯度": 34.803192, "経度": 136.452787, "url": "https://www.iryou.teikyouseido.mhlw.go.jp/znk-web/juminkanja/S2430/initialize?prefCd=24&kikanCd=2242240191&kikanKbn=2", "url2": "https://nakamura-ent.net", "内容": "なかむら耳鼻咽喉科【2:診療所】【診療科目:耳鼻いんこう科】三重県津市高野尾町１８９７－７５" }, "geometry": { "type": "Point", "coordinates": [ 136.452787, 34.803192 ] } },
{ "type": "Feature", "properties": { "ID": 2422242240194, "正式名称": "一志ささべクリニック", "機関区分": 2, "都道府県コード": 24, "市区町村コード": 201, "所在地": "三重県津市一志町高野２２９－１", "緯度": 34.660044, "経度": 136.431926, "url": "https://www.iryou.teikyouseido.mhlw.go.jp/znk-web/juminkanja/S2430/initialize?prefCd=24&kikanCd=2242240194&kikanKbn=2", "url2": "https://ichishi-sasabe.com/", "内容": "一志ささべクリニック【2:診療所】【診療科目:内科_呼吸器内科_循環器内科_胃腸内科_外科_肛門外科】三重県津市一志町高野２２９－１" }, "geometry": { "type": "Point", "coordinates": [ 136.431926, 34.660044 ] } },
{ "type": "Feature", "properties": { "ID": 2422242240196, "正式名称": "熊野市立神川へき地診療所", "機関区分": 2, "都道府県コード": 24, "市区町村コード": 212, "所在地": "三重県熊野市神川町神上６７１", "緯度": 33.950697, "経度": 136.005526, "url": "https://www.iryou.teikyouseido.mhlw.go.jp/znk-web/juminkanja/S2430/initialize?prefCd=24&kikanCd=2242240196&kikanKbn=2", "url2": null, "内容": "熊野市立神川へき地診療所【2:診療所】【診療科目:内科_外科】三重県熊野市神川町神上６７１" }, "geometry": { "type": "Point", "coordinates": [ 136.005526, 33.950697 ] } },
{ "type": "Feature", "properties": { "ID": 2422242240197, "正式名称": "医療法人大成会　こむら胃腸内科", "機関区分": 2, "都道府県コード": 24, "市区町村コード": 204, "所在地": "三重県松阪市船江町４７１－１０", "緯度": 34.585188, "経度": 136.519948, "url": "https://www.iryou.teikyouseido.mhlw.go.jp/znk-web/juminkanja/S2430/initialize?prefCd=24&kikanCd=2242240197&kikanKbn=2", "url2": "https://komura-cl.com/", "内容": "医療法人大成会　こむら胃腸内科【2:診療所】【診療科目:内科_消化器内科】三重県松阪市船江町４７１－１０" }, "geometry": { "type": "Point", "coordinates": [ 136.519948, 34.585188 ] } },
{ "type": "Feature", "properties": { "ID": 2422242240198, "正式名称": "医療法人むねゆき　むねゆき内科クリニック", "機関区分": 2, "都道府県コード": 24, "市区町村コード": 205, "所在地": "三重県桑名市赤尾２０３２－１", "緯度": 35.05666, "経度": 136.629146, "url": "https://www.iryou.teikyouseido.mhlw.go.jp/znk-web/juminkanja/S2430/initialize?prefCd=24&kikanCd=2242240198&kikanKbn=2", "url2": "http://muneyuki.clinic", "内容": "医療法人むねゆき　むねゆき内科クリニック【2:診療所】【診療科目:内科_消化器内科_外科_乳腺外科】三重県桑名市赤尾２０３２－１" }, "geometry": { "type": "Point", "coordinates": [ 136.629146, 35.05666 ] } },
{ "type": "Feature", "properties": { "ID": 2422242240201, "正式名称": "つだメンタルクリニック", "機関区分": 2, "都道府県コード": 24, "市区町村コード": 201, "所在地": "三重県津市広明町３５８　大橋ビル２階", "緯度": 34.732269, "経度": 136.509962, "url": "https://www.iryou.teikyouseido.mhlw.go.jp/znk-web/juminkanja/S2430/initialize?prefCd=24&kikanCd=2242240201&kikanKbn=2", "url2": "https://tsudamental-tsu.com", "内容": "つだメンタルクリニック【2:診療所】【診療科目:精神科】三重県津市広明町３５８　大橋ビル２階" }, "geometry": { "type": "Point", "coordinates": [ 136.509962, 34.732269 ] } },
{ "type": "Feature", "properties": { "ID": 2422242240202, "正式名称": "医療法人ＭＩＥ眼科　ＭＩＥ眼科四日市", "機関区分": 2, "都道府県コード": 24, "市区町村コード": 202, "所在地": "三重県四日市市諏訪町４－５　四日市諏訪町ビル４階", "緯度": 34.965611, "経度": 136.622784, "url": "https://www.iryou.teikyouseido.mhlw.go.jp/znk-web/juminkanja/S2430/initialize?prefCd=24&kikanCd=2242240202&kikanKbn=2", "url2": "mie-eyeclinic.com", "内容": "医療法人ＭＩＥ眼科　ＭＩＥ眼科四日市【2:診療所】【診療科目:眼科】三重県四日市市諏訪町４－５　四日市諏訪町ビル４階" }, "geometry": { "type": "Point", "coordinates": [ 136.622784, 34.965611 ] } },
{ "type": "Feature", "properties": { "ID": 2422242240203, "正式名称": "医療法人正和会　正和クリニック", "機関区分": 2, "都道府県コード": 24, "市区町村コード": 202, "所在地": "三重県四日市市小古曽町２７１７－１", "緯度": 34.919275, "経度": 136.59495, "url": "https://www.iryou.teikyouseido.mhlw.go.jp/znk-web/juminkanja/S2430/initialize?prefCd=24&kikanCd=2242240203&kikanKbn=2", "url2": "http:shouwa-cl.or.jp", "内容": "医療法人正和会　正和クリニック【2:診療所】【診療科目:内科_人工透析内科】三重県四日市市小古曽町２７１７－１" }, "geometry": { "type": "Point", "coordinates": [ 136.59495, 34.919275 ] } },
{ "type": "Feature", "properties": { "ID": 2422242240204, "正式名称": "津腎クリニック", "機関区分": 2, "都道府県コード": 24, "市区町村コード": 201, "所在地": "三重県津市北丸之内９２番地", "緯度": 34.723811, "経度": 136.509665, "url": "https://www.iryou.teikyouseido.mhlw.go.jp/znk-web/juminkanja/S2430/initialize?prefCd=24&kikanCd=2242240204&kikanKbn=2", "url2": "https://tsu-jin.jp", "内容": "津腎クリニック【2:診療所】【診療科目:腎臓内科】三重県津市北丸之内９２番地" }, "geometry": { "type": "Point", "coordinates": [ 136.509665, 34.723811 ] } },
{ "type": "Feature", "properties": { "ID": 2422242240207, "正式名称": "医療法人　もりした整形外科", "機関区分": 2, "都道府県コード": 24, "市区町村コード": 202, "所在地": "三重県四日市市山之一色町２４１４－１", "緯度": 35.010579, "経度": 136.600101, "url": "https://www.iryou.teikyouseido.mhlw.go.jp/znk-web/juminkanja/S2430/initialize?prefCd=24&kikanCd=2242240207&kikanKbn=2", "url2": "http://www.morishita-ortho.com/", "内容": "医療法人　もりした整形外科【2:診療所】【診療科目:整形外科_リハビリテーション科】三重県四日市市山之一色町２４１４－１" }, "geometry": { "type": "Point", "coordinates": [ 136.600101, 35.010579 ] } },
{ "type": "Feature", "properties": { "ID": 2422242240208, "正式名称": "ＣＬＩＮＩＣＶＩＳＯＮ", "機関区分": 2, "都道府県コード": 24, "市区町村コード": 441, "所在地": "三重県多気郡多気町前村６７２－１　ホテルヴィソン８階", "緯度": 34.45877, "経度": 136.514709, "url": "https://www.iryou.teikyouseido.mhlw.go.jp/znk-web/juminkanja/S2430/initialize?prefCd=24&kikanCd=2242240208&kikanKbn=2", "url2": "https://clinic-vison.com", "内容": "ＣＬＩＮＩＣＶＩＳＯＮ【2:診療所】【診療科目:内科_皮膚科】三重県多気郡多気町前村６７２－１　ホテルヴィソン８階" }, "geometry": { "type": "Point", "coordinates": [ 136.514709, 34.45877 ] } },
{ "type": "Feature", "properties": { "ID": 2422242240209, "正式名称": "はなみずき皮ふ科", "機関区分": 2, "都道府県コード": 24, "市区町村コード": 205, "所在地": "三重県桑名市伝馬町１２－２　アメニティ桑名１Ｆ", "緯度": 35.057678, "経度": 136.688933, "url": "https://www.iryou.teikyouseido.mhlw.go.jp/znk-web/juminkanja/S2430/initialize?prefCd=24&kikanCd=2242240209&kikanKbn=2", "url2": "https://hanamizukihifuka.com", "内容": "はなみずき皮ふ科【2:診療所】【診療科目:皮膚科】三重県桑名市伝馬町１２－２　アメニティ桑名１Ｆ" }, "geometry": { "type": "Point", "coordinates": [ 136.688933, 35.057678 ] } },
{ "type": "Feature", "properties": { "ID": 2422242240210, "正式名称": "泉内科・消化器内科", "機関区分": 2, "都道府県コード": 24, "市区町村コード": 205, "所在地": "三重県桑名市北別所４１６番地１", "緯度": 35.071639, "経度": 136.673363, "url": "https://www.iryou.teikyouseido.mhlw.go.jp/znk-web/juminkanja/S2430/initialize?prefCd=24&kikanCd=2242240210&kikanKbn=2", "url2": "https://izumi-c.jp", "内容": "泉内科・消化器内科【2:診療所】【診療科目:内科_消化器内科】三重県桑名市北別所４１６番地１" }, "geometry": { "type": "Point", "coordinates": [ 136.673363, 35.071639 ] } },
{ "type": "Feature", "properties": { "ID": 2422242240214, "正式名称": "花の道こてら整形外科クリニック", "機関区分": 2, "都道府県コード": 24, "市区町村コード": 201, "所在地": "三重県津市高野尾町１８９７－７４", "緯度": 34.803173, "経度": 136.453372, "url": "https://www.iryou.teikyouseido.mhlw.go.jp/znk-web/juminkanja/S2430/initialize?prefCd=24&kikanCd=2242240214&kikanKbn=2", "url2": "https://kotera-seikei.com", "内容": "花の道こてら整形外科クリニック【2:診療所】【診療科目:整形外科_リウマチ科_リハビリテーション科】三重県津市高野尾町１８９７－７４" }, "geometry": { "type": "Point", "coordinates": [ 136.453372, 34.803173 ] } },
{ "type": "Feature", "properties": { "ID": 2422242240216, "正式名称": "こばやし内科・呼吸器内科クリニック", "機関区分": 2, "都道府県コード": 24, "市区町村コード": 210, "所在地": "三重県亀山市亀田町３８０－４", "緯度": 34.86548, "経度": 136.453425, "url": "https://www.iryou.teikyouseido.mhlw.go.jp/znk-web/juminkanja/S2430/initialize?prefCd=24&kikanCd=2242240216&kikanKbn=2", "url2": "https://kobyashi-lung.com", "内容": "こばやし内科・呼吸器内科クリニック【2:診療所】【診療科目:内科_呼吸器内科】三重県亀山市亀田町３８０－４" }, "geometry": { "type": "Point", "coordinates": [ 136.453425, 34.86548 ] } },
{ "type": "Feature", "properties": { "ID": 2422242240218, "正式名称": "医療法人　樹の道　すがや皮フ科クリニック", "機関区分": 2, "都道府県コード": 24, "市区町村コード": 202, "所在地": "三重県四日市市小杉町４７４番地１", "緯度": 34.986412, "経度": 136.607693, "url": "https://www.iryou.teikyouseido.mhlw.go.jp/znk-web/juminkanja/S2430/initialize?prefCd=24&kikanCd=2242240218&kikanKbn=2", "url2": "http://www.sugayaclinic.com/", "内容": "医療法人　樹の道　すがや皮フ科クリニック【2:診療所】【診療科目:小児皮膚科_皮膚科_美容皮膚科_アレルギー科】三重県四日市市小杉町４７４番地１" }, "geometry": { "type": "Point", "coordinates": [ 136.607693, 34.986412 ] } },
{ "type": "Feature", "properties": { "ID": 2422242240219, "正式名称": "津ごとう整形外科クリニック", "機関区分": 2, "都道府県コード": 24, "市区町村コード": 201, "所在地": "三重県津市河芸町東千里１１０－１", "緯度": 34.799624, "経度": 136.555703, "url": "https://www.iryou.teikyouseido.mhlw.go.jp/znk-web/juminkanja/S2430/initialize?prefCd=24&kikanCd=2242240219&kikanKbn=2", "url2": "https://goto-seikei.com", "内容": "津ごとう整形外科クリニック【2:診療所】【診療科目:整形外科_リウマチ科_リハビリテーション科】三重県津市河芸町東千里１１０－１" }, "geometry": { "type": "Point", "coordinates": [ 136.555703, 34.799624 ] } },
{ "type": "Feature", "properties": { "ID": 2422242240220, "正式名称": "医療法人　もみの木整形外科", "機関区分": 2, "都道府県コード": 24, "市区町村コード": 201, "所在地": "三重県津市芸濃町椋本５０６９－６", "緯度": 34.812357, "経度": 136.429281, "url": "https://www.iryou.teikyouseido.mhlw.go.jp/znk-web/juminkanja/S2430/initialize?prefCd=24&kikanCd=2242240220&kikanKbn=2", "url2": "http://www.mominoki-seikeigeka.com", "内容": "医療法人　もみの木整形外科【2:診療所】【診療科目:整形外科_リウマチ科_リハビリテーション科】三重県津市芸濃町椋本５０６９－６" }, "geometry": { "type": "Point", "coordinates": [ 136.429281, 34.812357 ] } },
{ "type": "Feature", "properties": { "ID": 2422242240221, "正式名称": "医療法人　健文会", "機関区分": 2, "都道府県コード": 24, "市区町村コード": 208, "所在地": "三重県名張市桔梗が丘８番町５－１１０", "緯度": 34.646423, "経度": 136.13043, "url": "https://www.iryou.teikyouseido.mhlw.go.jp/znk-web/juminkanja/S2430/initialize?prefCd=24&kikanCd=2242240221&kikanKbn=2", "url2": null, "内容": "医療法人　健文会【2:診療所】【診療科目:整形外科_小児科_アレルギー科_リウマチ科_リハビリテーション科】三重県名張市桔梗が丘８番町５－１１０" }, "geometry": { "type": "Point", "coordinates": [ 136.13043, 34.646423 ] } },
{ "type": "Feature", "properties": { "ID": 2422242240223, "正式名称": "医療法人　阿山共生会　河合診療所", "機関区分": 2, "都道府県コード": 24, "市区町村コード": 216, "所在地": "三重県伊賀市馬場１１２８", "緯度": 34.830139, "経度": 136.17656, "url": "https://www.iryou.teikyouseido.mhlw.go.jp/znk-web/juminkanja/S2430/initialize?prefCd=24&kikanCd=2242240223&kikanKbn=2", "url2": null, "内容": "医療法人　阿山共生会　河合診療所【2:診療所】【診療科目:内科_外科_小児科】三重県伊賀市馬場１１２８" }, "geometry": { "type": "Point", "coordinates": [ 136.17656, 34.830139 ] } },
{ "type": "Feature", "properties": { "ID": 2422242240224, "正式名称": "医療法人紡ぐの会　たるさかこどもクリニック", "機関区分": 2, "都道府県コード": 24, "市区町村コード": 202, "所在地": "三重県四日市市垂坂町４１３－１", "緯度": 35.003583, "経度": 136.615386, "url": "https://www.iryou.teikyouseido.mhlw.go.jp/znk-web/juminkanja/S2430/initialize?prefCd=24&kikanCd=2242240224&kikanKbn=2", "url2": "https://tarusaka-kodomo.com", "内容": "医療法人紡ぐの会　たるさかこどもクリニック【2:診療所】【診療科目:小児科_アレルギー科】三重県四日市市垂坂町４１３－１" }, "geometry": { "type": "Point", "coordinates": [ 136.615386, 35.003583 ] } },
{ "type": "Feature", "properties": { "ID": 2422242240228, "正式名称": "医療法人久藤内科　津泌尿器科皮フ科診療所", "機関区分": 2, "都道府県コード": 24, "市区町村コード": 201, "所在地": "三重県津市中央２－１１", "緯度": 34.71944, "経度": 136.508911, "url": "https://www.iryou.teikyouseido.mhlw.go.jp/znk-web/juminkanja/S2430/initialize?prefCd=24&kikanCd=2242240228&kikanKbn=2", "url2": "http://www.tsu-uro.com", "内容": "医療法人久藤内科　津泌尿器科皮フ科診療所【2:診療所】【診療科目:内科_血液内科_皮膚科_泌尿器科】三重県津市中央２－１１" }, "geometry": { "type": "Point", "coordinates": [ 136.508911, 34.71944 ] } },
{ "type": "Feature", "properties": { "ID": 2422242240229, "正式名称": "医療法人ハーモニア　和気ペインクリニック", "機関区分": 2, "都道府県コード": 24, "市区町村コード": 203, "所在地": "三重県伊勢市岩渕２－２－１８　宇治山田ショッピングセンター内", "緯度": 34.487358, "経度": 136.713992, "url": "https://www.iryou.teikyouseido.mhlw.go.jp/znk-web/juminkanja/S2430/initialize?prefCd=24&kikanCd=2242240229&kikanKbn=2", "url2": "http://www.wake-painclinic.com/", "内容": "医療法人ハーモニア　和気ペインクリニック【2:診療所】【診療科目:ペインクリニック内科_麻酔科】三重県伊勢市岩渕２－２－１８　宇治山田ショッピングセンター内" }, "geometry": { "type": "Point", "coordinates": [ 136.713992, 34.487358 ] } },
{ "type": "Feature", "properties": { "ID": 2422242240231, "正式名称": "協立内科外科医院", "機関区分": 2, "都道府県コード": 24, "市区町村コード": 212, "所在地": "三重県熊野市井戸町３７８番地", "緯度": 33.888068, "経度": 136.094149, "url": "https://www.iryou.teikyouseido.mhlw.go.jp/znk-web/juminkanja/S2430/initialize?prefCd=24&kikanCd=2242240231&kikanKbn=2", "url2": "https://koide-gi-clinic.jp", "内容": "協立内科外科医院【2:診療所】【診療科目:内科_消化器内科_外科_皮膚科】三重県熊野市井戸町３７８番地" }, "geometry": { "type": "Point", "coordinates": [ 136.094149, 33.888068 ] } },
{ "type": "Feature", "properties": { "ID": 2422242240232, "正式名称": "伊賀市応急診療所", "機関区分": 2, "都道府県コード": 24, "市区町村コード": 216, "所在地": "三重県伊賀市上之庄１７００番地１", "緯度": 34.729863, "経度": 136.115814, "url": "https://www.iryou.teikyouseido.mhlw.go.jp/znk-web/juminkanja/S2430/initialize?prefCd=24&kikanCd=2242240232&kikanKbn=2", "url2": null, "内容": "伊賀市応急診療所【2:診療所】【診療科目:内科_小児科】三重県伊賀市上之庄１７００番地１" }, "geometry": { "type": "Point", "coordinates": [ 136.115814, 34.729863 ] } },
{ "type": "Feature", "properties": { "ID": 2422242240233, "正式名称": "ほしみ脳神経外科", "機関区分": 2, "都道府県コード": 24, "市区町村コード": 205, "所在地": "三重県桑名市星見ケ丘７丁目３０５番地", "緯度": 35.066751, "経度": 136.63561, "url": "https://www.iryou.teikyouseido.mhlw.go.jp/znk-web/juminkanja/S2430/initialize?prefCd=24&kikanCd=2242240233&kikanKbn=2", "url2": "http://www.hoshiminsc.com/", "内容": "ほしみ脳神経外科【2:診療所】【診療科目:内科_脳神経外科_リハビリテーション科】三重県桑名市星見ケ丘７丁目３０５番地" }, "geometry": { "type": "Point", "coordinates": [ 136.63561, 35.066751 ] } },
{ "type": "Feature", "properties": { "ID": 2422242240235, "正式名称": "医療法人　かわぐち脳神経クリニック", "機関区分": 2, "都道府県コード": 24, "市区町村コード": 207, "所在地": "三重県鈴鹿市桜島町６丁目２０－５", "緯度": 34.853958, "経度": 136.574255, "url": "https://www.iryou.teikyouseido.mhlw.go.jp/znk-web/juminkanja/S2430/initialize?prefCd=24&kikanCd=2242240235&kikanKbn=2", "url2": "https://kawaguchi-brain.com/", "内容": "医療法人　かわぐち脳神経クリニック【2:診療所】【診療科目:脳神経外科】三重県鈴鹿市桜島町６丁目２０－５" }, "geometry": { "type": "Point", "coordinates": [ 136.574255, 34.853958 ] } },
{ "type": "Feature", "properties": { "ID": 2422242240236, "正式名称": "畠中医院", "機関区分": 2, "都道府県コード": 24, "市区町村コード": 203, "所在地": "三重県伊勢市大湊町８６２", "緯度": 34.526275, "経度": 136.742327, "url": "https://www.iryou.teikyouseido.mhlw.go.jp/znk-web/juminkanja/S2430/initialize?prefCd=24&kikanCd=2242240236&kikanKbn=2", "url2": null, "内容": "畠中医院【2:診療所】【診療科目:内科_整形外科】三重県伊勢市大湊町８６２" }, "geometry": { "type": "Point", "coordinates": [ 136.742327, 34.526275 ] } },
{ "type": "Feature", "properties": { "ID": 2422242240237, "正式名称": "たけお耳鼻咽喉科", "機関区分": 2, "都道府県コード": 24, "市区町村コード": 202, "所在地": "三重県四日市市小杉新町１５３番地７", "緯度": 34.998732, "経度": 136.606839, "url": "https://www.iryou.teikyouseido.mhlw.go.jp/znk-web/juminkanja/S2430/initialize?prefCd=24&kikanCd=2242240237&kikanKbn=2", "url2": "https://takeo-ent.com", "内容": "たけお耳鼻咽喉科【2:診療所】【診療科目:小児耳鼻いんこう科_耳鼻いんこう科_アレルギー科】三重県四日市市小杉新町１５３番地７" }, "geometry": { "type": "Point", "coordinates": [ 136.606839, 34.998732 ] } },
{ "type": "Feature", "properties": { "ID": 2422242240238, "正式名称": "ＴＣＢ　東京中央美容外科・ＴＣＢ　スキンクリニック　四日市院", "機関区分": 2, "都道府県コード": 24, "市区町村コード": 202, "所在地": "三重県四日市市諏訪栄町１０－７　ことぶきビル２階", "緯度": 34.967674, "経度": 136.62003, "url": "https://www.iryou.teikyouseido.mhlw.go.jp/znk-web/juminkanja/S2430/initialize?prefCd=24&kikanCd=2242240238&kikanKbn=2", "url2": "https://aoki-tsuyoshi.com/", "内容": "ＴＣＢ　東京中央美容外科・ＴＣＢ　スキンクリニック　四日市院【2:診療所】【診療科目:形成外科_美容外科_皮膚科_美容皮膚科】三重県四日市市諏訪栄町１０－７　ことぶきビル２階" }, "geometry": { "type": "Point", "coordinates": [ 136.62003, 34.967674 ] } },
{ "type": "Feature", "properties": { "ID": 2422242240240, "正式名称": "ばんクリニック", "機関区分": 2, "都道府県コード": 24, "市区町村コード": 207, "所在地": "三重県鈴鹿市石薬師町２１５９－１", "緯度": 34.906693, "経度": 136.544284, "url": "https://www.iryou.teikyouseido.mhlw.go.jp/znk-web/juminkanja/S2430/initialize?prefCd=24&kikanCd=2242240240&kikanKbn=2", "url2": "https://ban-clinic.com", "内容": "ばんクリニック【2:診療所】【診療科目:内科_呼吸器内科_アレルギー疾患内科_小児科】三重県鈴鹿市石薬師町２１５９－１" }, "geometry": { "type": "Point", "coordinates": [ 136.544284, 34.906693 ] } },
{ "type": "Feature", "properties": { "ID": 2422242240243, "正式名称": "とうかい整形外科かわげ", "機関区分": 2, "都道府県コード": 24, "市区町村コード": 201, "所在地": "三重県津市河芸町西千里２７３－１", "緯度": 34.803611, "経度": 136.553123, "url": "https://www.iryou.teikyouseido.mhlw.go.jp/znk-web/juminkanja/S2430/initialize?prefCd=24&kikanCd=2242240243&kikanKbn=2", "url2": null, "内容": "とうかい整形外科かわげ【2:診療所】【診療科目:整形外科_リウマチ科_リハビリテーション科】三重県津市河芸町西千里２７３－１" }, "geometry": { "type": "Point", "coordinates": [ 136.553123, 34.803611 ] } },
{ "type": "Feature", "properties": { "ID": 2422242240244, "正式名称": "しんたに整形外科クリニック", "機関区分": 2, "都道府県コード": 24, "市区町村コード": 203, "所在地": "三重県伊勢市一之木４丁目５－１", "緯度": 34.499922, "経度": 136.704539, "url": "https://www.iryou.teikyouseido.mhlw.go.jp/znk-web/juminkanja/S2430/initialize?prefCd=24&kikanCd=2242240244&kikanKbn=2", "url2": "http://www.shintani-seikei-clinic.com/", "内容": "しんたに整形外科クリニック【2:診療所】【診療科目:整形外科_リウマチ科_リハビリテーション科】三重県伊勢市一之木４丁目５－１" }, "geometry": { "type": "Point", "coordinates": [ 136.704539, 34.499922 ] } },
{ "type": "Feature", "properties": { "ID": 2422242240245, "正式名称": "医療法人　Ｆ＆Ｆ　福喜多眼科", "機関区分": 2, "都道府県コード": 24, "市区町村コード": 201, "所在地": "三重県津市久居中町１３４－３７", "緯度": 34.679838, "経度": 136.465805, "url": "https://www.iryou.teikyouseido.mhlw.go.jp/znk-web/juminkanja/S2430/initialize?prefCd=24&kikanCd=2242240245&kikanKbn=2", "url2": "https://www.fukukitaeye.com", "内容": "医療法人　Ｆ＆Ｆ　福喜多眼科【2:診療所】【診療科目:眼科】三重県津市久居中町１３４－３７" }, "geometry": { "type": "Point", "coordinates": [ 136.465805, 34.679838 ] } },
{ "type": "Feature", "properties": { "ID": 2422242240246, "正式名称": "ゆあさ皮フ科", "機関区分": 2, "都道府県コード": 24, "市区町村コード": 205, "所在地": "三重県桑名市陽だまりの丘７丁目１６０４", "緯度": 35.086358, "経度": 136.637123, "url": "https://www.iryou.teikyouseido.mhlw.go.jp/znk-web/juminkanja/S2430/initialize?prefCd=24&kikanCd=2242240246&kikanKbn=2", "url2": null, "内容": "ゆあさ皮フ科【2:診療所】【診療科目:皮膚科_アレルギー科】三重県桑名市陽だまりの丘７丁目１６０４" }, "geometry": { "type": "Point", "coordinates": [ 136.637123, 35.086358 ] } },
{ "type": "Feature", "properties": { "ID": 2422242240247, "正式名称": "医療法人　黒田クリニック", "機関区分": 2, "都道府県コード": 24, "市区町村コード": 216, "所在地": "三重県伊賀市桐ケ丘３－３２５", "緯度": 34.662601, "経度": 136.192695, "url": "https://www.iryou.teikyouseido.mhlw.go.jp/znk-web/juminkanja/S2430/initialize?prefCd=24&kikanCd=2242240247&kikanKbn=2", "url2": "http://www.kuroda-cl.com/sp/", "内容": "医療法人　黒田クリニック【2:診療所】【診療科目:内科_消化器内科】三重県伊賀市桐ケ丘３－３２５" }, "geometry": { "type": "Point", "coordinates": [ 136.192695, 34.662601 ] } },
{ "type": "Feature", "properties": { "ID": 2422242240248, "正式名称": "丸の内在宅クリニック", "機関区分": 2, "都道府県コード": 24, "市区町村コード": 201, "所在地": "三重県津市西丸之内５－９", "緯度": 34.715974, "経度": 136.503149, "url": "https://www.iryou.teikyouseido.mhlw.go.jp/znk-web/juminkanja/S2430/initialize?prefCd=24&kikanCd=2242240248&kikanKbn=2", "url2": "https://marunouchi-zaitaku.jp", "内容": "丸の内在宅クリニック【2:診療所】【診療科目:内科_緩和ケア内科_小児科】三重県津市西丸之内５－９" }, "geometry": { "type": "Point", "coordinates": [ 136.503149, 34.715974 ] } },
{ "type": "Feature", "properties": { "ID": 2422242240249, "正式名称": "スマイルクリニック", "機関区分": 2, "都道府県コード": 24, "市区町村コード": 442, "所在地": "三重県多気郡明和町金剛坂７２８番１", "緯度": 34.527668, "経度": 136.601961, "url": "https://www.iryou.teikyouseido.mhlw.go.jp/znk-web/juminkanja/S2430/initialize?prefCd=24&kikanCd=2242240249&kikanKbn=2", "url2": null, "内容": "スマイルクリニック【2:診療所】【診療科目:内科_小児科】三重県多気郡明和町金剛坂７２８番１" }, "geometry": { "type": "Point", "coordinates": [ 136.601961, 34.527668 ] } },
{ "type": "Feature", "properties": { "ID": 2422242240250, "正式名称": "おつじ医院", "機関区分": 2, "都道府県コード": 24, "市区町村コード": 543, "所在地": "三重県北牟婁郡紀北町東長島３２３－１", "緯度": 34.209855, "経度": 136.339868, "url": "https://www.iryou.teikyouseido.mhlw.go.jp/znk-web/juminkanja/S2430/initialize?prefCd=24&kikanCd=2242240250&kikanKbn=2", "url2": null, "内容": "おつじ医院【2:診療所】【診療科目:内科_循環器内科】三重県北牟婁郡紀北町東長島３２３－１" }, "geometry": { "type": "Point", "coordinates": [ 136.339868, 34.209855 ] } },
{ "type": "Feature", "properties": { "ID": 2422242240251, "正式名称": "ＫＫＣウエルネス四日市健診クリニック", "機関区分": 2, "都道府県コード": 24, "市区町村コード": 202, "所在地": "三重県四日市市日永西３丁目５番３７号", "緯度": 34.951915, "経度": 136.594461, "url": "https://www.iryou.teikyouseido.mhlw.go.jp/znk-web/juminkanja/S2430/initialize?prefCd=24&kikanCd=2242240251&kikanKbn=2", "url2": "https://www.zai-kkc.or.jp/clinic/yokkaichi/", "内容": "ＫＫＣウエルネス四日市健診クリニック【2:診療所】【診療科目:内科】三重県四日市市日永西３丁目５番３７号" }, "geometry": { "type": "Point", "coordinates": [ 136.594461, 34.951915 ] } },
{ "type": "Feature", "properties": { "ID": 2422242240252, "正式名称": "医療法人明光会　川越あさひ眼科", "機関区分": 2, "都道府県コード": 24, "市区町村コード": 344, "所在地": "三重県三重郡川越町豊田一色３５１－１", "緯度": 35.02575, "経度": 136.672061, "url": "https://www.iryou.teikyouseido.mhlw.go.jp/znk-web/juminkanja/S2430/initialize?prefCd=24&kikanCd=2242240252&kikanKbn=2", "url2": "https://nobuchipepo.com/", "内容": "医療法人明光会　川越あさひ眼科【2:診療所】【診療科目:眼科】三重県三重郡川越町豊田一色３５１－１" }, "geometry": { "type": "Point", "coordinates": [ 136.672061, 35.02575 ] } },
{ "type": "Feature", "properties": { "ID": 2422242240253, "正式名称": "前川内科", "機関区分": 2, "都道府県コード": 24, "市区町村コード": 201, "所在地": "三重県津市垂水南浦１４２５", "緯度": 34.684533, "経度": 136.506288, "url": "https://www.iryou.teikyouseido.mhlw.go.jp/znk-web/juminkanja/S2430/initialize?prefCd=24&kikanCd=2242240253&kikanKbn=2", "url2": "http://maegawanaika.com/", "内容": "前川内科【2:診療所】【診療科目:内科_消化器内科_肝臓内科_内視鏡内科_小児科_アレルギー科】三重県津市垂水南浦１４２５" }, "geometry": { "type": "Point", "coordinates": [ 136.506288, 34.684533 ] } },
{ "type": "Feature", "properties": { "ID": 2422242240254, "正式名称": "なかい皮フ科クリニック", "機関区分": 2, "都道府県コード": 24, "市区町村コード": 201, "所在地": "三重県津市河芸町一色５５－１", "緯度": 34.784239, "経度": 136.538766, "url": "https://www.iryou.teikyouseido.mhlw.go.jp/znk-web/juminkanja/S2430/initialize?prefCd=24&kikanCd=2242240254&kikanKbn=2", "url2": "https://nakaihifuka.clinic", "内容": "なかい皮フ科クリニック【2:診療所】【診療科目:小児皮膚科_皮膚科_美容皮膚科】三重県津市河芸町一色５５－１" }, "geometry": { "type": "Point", "coordinates": [ 136.538766, 34.784239 ] } },
{ "type": "Feature", "properties": { "ID": 2422242240256, "正式名称": "松本クリニック", "機関区分": 2, "都道府県コード": 24, "市区町村コード": 207, "所在地": "三重県鈴鹿市南若松町２４５", "緯度": 34.844537, "経度": 136.602321, "url": "https://www.iryou.teikyouseido.mhlw.go.jp/znk-web/juminkanja/S2430/initialize?prefCd=24&kikanCd=2242240256&kikanKbn=2", "url2": null, "内容": "松本クリニック【2:診療所】【診療科目:内科_外科_乳腺外科_女性乳腺外科】三重県鈴鹿市南若松町２４５" }, "geometry": { "type": "Point", "coordinates": [ 136.602321, 34.844537 ] } },
{ "type": "Feature", "properties": { "ID": 2422242240257, "正式名称": "ぬのめ眼科", "機関区分": 2, "都道府県コード": 24, "市区町村コード": 216, "所在地": "三重県伊賀市服部町１１７２－５", "緯度": 34.778623, "経度": 136.141279, "url": "https://www.iryou.teikyouseido.mhlw.go.jp/znk-web/juminkanja/S2430/initialize?prefCd=24&kikanCd=2242240257&kikanKbn=2", "url2": null, "内容": "ぬのめ眼科【2:診療所】【診療科目:眼科】三重県伊賀市服部町１１７２－５" }, "geometry": { "type": "Point", "coordinates": [ 136.141279, 34.778623 ] } },
{ "type": "Feature", "properties": { "ID": 2422242240258, "正式名称": "四日市駅前こころのクリニック", "機関区分": 2, "都道府県コード": 24, "市区町村コード": 202, "所在地": "三重県四日市市安島１丁目２－１９ウエストエンドビル４階", "緯度": 34.96794, "経度": 136.617389, "url": "https://www.iryou.teikyouseido.mhlw.go.jp/znk-web/juminkanja/S2430/initialize?prefCd=24&kikanCd=2242240258&kikanKbn=2", "url2": "https://yokkaichi-kokoro-clinic.com", "内容": "四日市駅前こころのクリニック【2:診療所】【診療科目:精神科】三重県四日市市安島１丁目２－１９ウエストエンドビル４階" }, "geometry": { "type": "Point", "coordinates": [ 136.617389, 34.96794 ] } },
{ "type": "Feature", "properties": { "ID": 2422242240260, "正式名称": "みえキッズ＆ファミリーホームケアクリニック", "機関区分": 2, "都道府県コード": 24, "市区町村コード": 201, "所在地": "三重県津市高茶屋小森町向山１７１７－４", "緯度": 34.668213, "経度": 136.489794, "url": "https://www.iryou.teikyouseido.mhlw.go.jp/znk-web/juminkanja/S2430/initialize?prefCd=24&kikanCd=2242240260&kikanKbn=2", "url2": "miekids-fhc.com", "内容": "みえキッズ＆ファミリーホームケアクリニック【2:診療所】【診療科目:内科_血液内科_呼吸器内科_小児科】三重県津市高茶屋小森町向山１７１７－４" }, "geometry": { "type": "Point", "coordinates": [ 136.489794, 34.668213 ] } },
{ "type": "Feature", "properties": { "ID": 2422242240261, "正式名称": "医療法人ＥＱＭ　延久のみちクリニック", "機関区分": 2, "都道府県コード": 24, "市区町村コード": 461, "所在地": "三重県度会郡玉城町岡村４６１－２", "緯度": 34.500015, "経度": 136.622803, "url": "https://www.iryou.teikyouseido.mhlw.go.jp/znk-web/juminkanja/S2430/initialize?prefCd=24&kikanCd=2242240261&kikanKbn=2", "url2": null, "内容": "医療法人ＥＱＭ　延久のみちクリニック【2:診療所】【診療科目:人工透析内科】三重県度会郡玉城町岡村４６１－２" }, "geometry": { "type": "Point", "coordinates": [ 136.622803, 34.500015 ] } },
{ "type": "Feature", "properties": { "ID": 2422242240262, "正式名称": "医療法人聡修会　おきがみクリニック", "機関区分": 2, "都道府県コード": 24, "市区町村コード": 202, "所在地": "三重県四日市市西富田町１６８－１", "緯度": 35.012607, "経度": 136.64339, "url": "https://www.iryou.teikyouseido.mhlw.go.jp/znk-web/juminkanja/S2430/initialize?prefCd=24&kikanCd=2242240262&kikanKbn=2", "url2": null, "内容": "医療法人聡修会　おきがみクリニック【2:診療所】【診療科目:内科_消化器内科_外科_肛門外科】三重県四日市市西富田町１６８－１" }, "geometry": { "type": "Point", "coordinates": [ 136.64339, 35.012607 ] } },
{ "type": "Feature", "properties": { "ID": 2422242240263, "正式名称": "たなかファミリークリニック", "機関区分": 2, "都道府県コード": 24, "市区町村コード": 208, "所在地": "三重県名張市つつじが丘北５番町３０", "緯度": 34.608927, "経度": 136.132555, "url": "https://www.iryou.teikyouseido.mhlw.go.jp/znk-web/juminkanja/S2430/initialize?prefCd=24&kikanCd=2242240263&kikanKbn=2", "url2": null, "内容": "たなかファミリークリニック【2:診療所】【診療科目:内科_消化器内科_内視鏡内科_小児科】三重県名張市つつじが丘北５番町３０" }, "geometry": { "type": "Point", "coordinates": [ 136.132555, 34.608927 ] } },
{ "type": "Feature", "properties": { "ID": 2422242240264, "正式名称": "にしい腎泌尿器科", "機関区分": 2, "都道府県コード": 24, "市区町村コード": 202, "所在地": "三重県四日市市高角町１５５８－３", "緯度": 34.986657, "経度": 136.558411, "url": "https://www.iryou.teikyouseido.mhlw.go.jp/znk-web/juminkanja/S2430/initialize?prefCd=24&kikanCd=2242240264&kikanKbn=2", "url2": "https://nishii-urology.clinic/", "内容": "にしい腎泌尿器科【2:診療所】【診療科目:泌尿器科】三重県四日市市高角町１５５８－３" }, "geometry": { "type": "Point", "coordinates": [ 136.558411, 34.986657 ] } },
{ "type": "Feature", "properties": { "ID": 2422242240265, "正式名称": "医療法人　百寿会　西城外科内科", "機関区分": 2, "都道府県コード": 24, "市区町村コード": 207, "所在地": "三重県鈴鹿市長太旭町４－２３－２３", "緯度": 34.893089, "経度": 136.629407, "url": "https://www.iryou.teikyouseido.mhlw.go.jp/znk-web/juminkanja/S2430/initialize?prefCd=24&kikanCd=2242240265&kikanKbn=2", "url2": null, "内容": "医療法人　百寿会　西城外科内科【2:診療所】【診療科目:内科_消化器内科_外科_大腸・肛門外科_小児科_小児外科】三重県鈴鹿市長太旭町４－２３－２３" }, "geometry": { "type": "Point", "coordinates": [ 136.629407, 34.893089 ] } },
{ "type": "Feature", "properties": { "ID": 2422242240266, "正式名称": "湘南美容クリニック四日市院", "機関区分": 2, "都道府県コード": 24, "市区町村コード": 202, "所在地": "三重県四日市市諏訪栄町７－３４　近鉄百貨店四日市店８階", "緯度": 34.966717, "経度": 136.618805, "url": "https://www.iryou.teikyouseido.mhlw.go.jp/znk-web/juminkanja/S2430/initialize?prefCd=24&kikanCd=2242240266&kikanKbn=2", "url2": "https://www.s-b-c.net/clinic/branch/yokkaichi/", "内容": "湘南美容クリニック四日市院【2:診療所】【診療科目:美容外科_美容皮膚科】三重県四日市市諏訪栄町７－３４　近鉄百貨店四日市店８階" }, "geometry": { "type": "Point", "coordinates": [ 136.618805, 34.966717 ] } },
{ "type": "Feature", "properties": { "ID": 2422242240267, "正式名称": "なかむらクリニック", "機関区分": 2, "都道府県コード": 24, "市区町村コード": 203, "所在地": "三重県伊勢市一之木４丁目１－４１", "緯度": 34.498886, "経度": 136.706307, "url": "https://www.iryou.teikyouseido.mhlw.go.jp/znk-web/juminkanja/S2430/initialize?prefCd=24&kikanCd=2242240267&kikanKbn=2", "url2": "https://ise-nakamura.com", "内容": "なかむらクリニック【2:診療所】【診療科目:耳鼻いんこう科_アレルギー科】三重県伊勢市一之木４丁目１－４１" }, "geometry": { "type": "Point", "coordinates": [ 136.706307, 34.498886 ] } },
{ "type": "Feature", "properties": { "ID": 2422242240268, "正式名称": "外宮の杜クリニック", "機関区分": 2, "都道府県コード": 24, "市区町村コード": 203, "所在地": "三重県伊勢市岡本３－１４－１７", "緯度": 34.481842, "経度": 136.706836, "url": "https://www.iryou.teikyouseido.mhlw.go.jp/znk-web/juminkanja/S2430/initialize?prefCd=24&kikanCd=2242240268&kikanKbn=2", "url2": "http://gekunomori-clinic.com", "内容": "外宮の杜クリニック【2:診療所】【診療科目:内科_循環器内科】三重県伊勢市岡本３－１４－１７" }, "geometry": { "type": "Point", "coordinates": [ 136.706836, 34.481842 ] } },
{ "type": "Feature", "properties": { "ID": 2422242240270, "正式名称": "原田医院", "機関区分": 2, "都道府県コード": 24, "市区町村コード": 212, "所在地": "三重県熊野市木本町１２３", "緯度": 33.89165, "経度": 136.106239, "url": "https://www.iryou.teikyouseido.mhlw.go.jp/znk-web/juminkanja/S2430/initialize?prefCd=24&kikanCd=2242240270&kikanKbn=2", "url2": null, "内容": "原田医院【2:診療所】【診療科目:内科_消化器内科_内視鏡内科】三重県熊野市木本町１２３" }, "geometry": { "type": "Point", "coordinates": [ 136.106239, 33.89165 ] } },
{ "type": "Feature", "properties": { "ID": 2422242240271, "正式名称": "つじい整形外科・手の外科クリニック", "機関区分": 2, "都道府県コード": 24, "市区町村コード": 201, "所在地": "三重県津市一身田町４８５－１", "緯度": 34.763849, "経度": 136.507735, "url": "https://www.iryou.teikyouseido.mhlw.go.jp/znk-web/juminkanja/S2430/initialize?prefCd=24&kikanCd=2242240271&kikanKbn=2", "url2": "http://tsujii-seikei.com/", "内容": "つじい整形外科・手の外科クリニック【2:診療所】【診療科目:整形外科_リハビリテーション科】三重県津市一身田町４８５－１" }, "geometry": { "type": "Point", "coordinates": [ 136.507735, 34.763849 ] } },
{ "type": "Feature", "properties": { "ID": 2422242240272, "正式名称": "医療法人　あのだクリニック", "機関区分": 2, "都道府県コード": 24, "市区町村コード": 210, "所在地": "三重県亀山市阿野田町１６７５－２", "緯度": 34.844474, "経度": 136.463247, "url": "https://www.iryou.teikyouseido.mhlw.go.jp/znk-web/juminkanja/S2430/initialize?prefCd=24&kikanCd=2242240272&kikanKbn=2", "url2": null, "内容": "医療法人　あのだクリニック【2:診療所】【診療科目:内科_糖尿病・内分泌内科_循環器内科_消化器内科】三重県亀山市阿野田町１６７５－２" }, "geometry": { "type": "Point", "coordinates": [ 136.463247, 34.844474 ] } },
{ "type": "Feature", "properties": { "ID": 2422242240273, "正式名称": "ほりぐち内科ハートクリニック", "機関区分": 2, "都道府県コード": 24, "市区町村コード": 203, "所在地": "三重県伊勢市小俣町元町４９６", "緯度": 34.506317, "経度": 136.675862, "url": "https://www.iryou.teikyouseido.mhlw.go.jp/znk-web/juminkanja/S2430/initialize?prefCd=24&kikanCd=2242240273&kikanKbn=2", "url2": "horiguchi-clinic.com", "内容": "ほりぐち内科ハートクリニック【2:診療所】【診療科目:内科_糖尿病内科_循環器内科】三重県伊勢市小俣町元町４９６" }, "geometry": { "type": "Point", "coordinates": [ 136.675862, 34.506317 ] } },
{ "type": "Feature", "properties": { "ID": 2422242240274, "正式名称": "林医院", "機関区分": 2, "都道府県コード": 24, "市区町村コード": 207, "所在地": "三重県鈴鹿市阿古曽町２６－１８", "緯度": 34.866558, "経度": 136.546335, "url": "https://www.iryou.teikyouseido.mhlw.go.jp/znk-web/juminkanja/S2430/initialize?prefCd=24&kikanCd=2242240274&kikanKbn=2", "url2": "http://hayashi-iin.sakura.ne.jp/", "内容": "林医院【2:診療所】【診療科目:内科_糖尿病内科】三重県鈴鹿市阿古曽町２６－１８" }, "geometry": { "type": "Point", "coordinates": [ 136.546335, 34.866558 ] } },
{ "type": "Feature", "properties": { "ID": 2422242240275, "正式名称": "紀伊長島クリニック", "機関区分": 2, "都道府県コード": 24, "市区町村コード": 543, "所在地": "三重県北牟婁郡紀北町東長島２００－２１", "緯度": 34.21006, "経度": 136.339418, "url": "https://www.iryou.teikyouseido.mhlw.go.jp/znk-web/juminkanja/S2430/initialize?prefCd=24&kikanCd=2242240275&kikanKbn=2", "url2": "http:llt-noguchi-clinic.com", "内容": "紀伊長島クリニック【2:診療所】【診療科目:消化器内科_外科】三重県北牟婁郡紀北町東長島２００－２１" }, "geometry": { "type": "Point", "coordinates": [ 136.339418, 34.21006 ] } },
{ "type": "Feature", "properties": { "ID": 2422242240276, "正式名称": "志摩市休日夜間応急診療所", "機関区分": 2, "都道府県コード": 24, "市区町村コード": 215, "所在地": "三重県志摩市阿児町鵜方３０９８－１", "緯度": 34.32824, "経度": 136.831562, "url": "https://www.iryou.teikyouseido.mhlw.go.jp/znk-web/juminkanja/S2430/initialize?prefCd=24&kikanCd=2242240276&kikanKbn=2", "url2": "https://www.city.shima.mie.jp/kakuka/kenkofukushibu/kenkosuishinka/kenkoiryo/shimashikyujitsuyakanokyushinryoujo/7111.html", "内容": "志摩市休日夜間応急診療所【2:診療所】【診療科目:内科_小児科】三重県志摩市阿児町鵜方３０９８－１" }, "geometry": { "type": "Point", "coordinates": [ 136.831562, 34.32824 ] } },
{ "type": "Feature", "properties": { "ID": 2422242240277, "正式名称": "医療法人結樹会　スターフィールドクリニック鈴鹿", "機関区分": 2, "都道府県コード": 24, "市区町村コード": 207, "所在地": "三重県鈴鹿市庄野羽山４－１－２　イオンモール鈴鹿２階", "緯度": 34.871765, "経度": 136.5316, "url": "https://www.iryou.teikyouseido.mhlw.go.jp/znk-web/juminkanja/S2430/initialize?prefCd=24&kikanCd=2242240277&kikanKbn=2", "url2": "https://www.starfield-suzuka.com/", "内容": "医療法人結樹会　スターフィールドクリニック鈴鹿【2:診療所】【診療科目:内科_アレルギー科】三重県鈴鹿市庄野羽山４－１－２　イオンモール鈴鹿２階" }, "geometry": { "type": "Point", "coordinates": [ 136.5316, 34.871765 ] } },
{ "type": "Feature", "properties": { "ID": 2422242240278, "正式名称": "くわな駅前美容クリニック", "機関区分": 2, "都道府県コード": 24, "市区町村コード": 205, "所在地": "三重県桑名市寿町２－３１－１２三交桑名駅前ビル３階", "緯度": 35.065553, "経度": 136.684744, "url": "https://www.iryou.teikyouseido.mhlw.go.jp/znk-web/juminkanja/S2430/initialize?prefCd=24&kikanCd=2242240278&kikanKbn=2", "url2": "http://www.kuwanabiyou.jp/", "内容": "くわな駅前美容クリニック【2:診療所】【診療科目:美容皮膚科】三重県桑名市寿町２－３１－１２三交桑名駅前ビル３階" }, "geometry": { "type": "Point", "coordinates": [ 136.684744, 35.065553 ] } },
{ "type": "Feature", "properties": { "ID": 2422242240279, "正式名称": "三重津駅前つじうら胃腸肛門内視鏡クリニック", "機関区分": 2, "都道府県コード": 24, "市区町村コード": 201, "所在地": "三重県津市羽所町３４５番地　第一ビル２階", "緯度": 34.73315, "経度": 136.511035, "url": "https://www.iryou.teikyouseido.mhlw.go.jp/znk-web/juminkanja/S2430/initialize?prefCd=24&kikanCd=2242240279&kikanKbn=2", "url2": "http://www.tsujiura-naishikyo.com", "内容": "三重津駅前つじうら胃腸肛門内視鏡クリニック【2:診療所】【診療科目:内科_消化器内科_内視鏡内科_外科_肛門外科】三重県津市羽所町３４５番地　第一ビル２階" }, "geometry": { "type": "Point", "coordinates": [ 136.511035, 34.73315 ] } },
{ "type": "Feature", "properties": { "ID": 2422242240280, "正式名称": "いおうじ応急クリニック", "機関区分": 2, "都道府県コード": 24, "市区町村コード": 204, "所在地": "三重県松阪市立野町２００", "緯度": 34.54938, "経度": 136.499522, "url": "https://www.iryou.teikyouseido.mhlw.go.jp/znk-web/juminkanja/S2430/initialize?prefCd=24&kikanCd=2242240280&kikanKbn=2", "url2": "http://ioji.org/", "内容": "いおうじ応急クリニック【2:診療所】【診療科目:内科_外科_小児科】三重県松阪市立野町２００" }, "geometry": { "type": "Point", "coordinates": [ 136.499522, 34.54938 ] } },
{ "type": "Feature", "properties": { "ID": 2422242240284, "正式名称": "みやきリハビリテーションクリニック", "機関区分": 2, "都道府県コード": 24, "市区町村コード": 212, "所在地": "三重県熊野市久生屋町５４１", "緯度": 33.861856, "経度": 136.069175, "url": "https://www.iryou.teikyouseido.mhlw.go.jp/znk-web/juminkanja/S2430/initialize?prefCd=24&kikanCd=2242240284&kikanKbn=2", "url2": "sites.google.com/view/akanekai/", "内容": "みやきリハビリテーションクリニック【2:診療所】【診療科目:整形外科_リハビリテーション科】三重県熊野市久生屋町５４１" }, "geometry": { "type": "Point", "coordinates": [ 136.069175, 33.861856 ] } },
{ "type": "Feature", "properties": { "ID": 2422242240285, "正式名称": "みずほ台クリニック", "機関区分": 2, "都道府県コード": 24, "市区町村コード": 210, "所在地": "三重県亀山市川合町１１５５－９", "緯度": 34.871168, "経度": 136.4731, "url": "https://www.iryou.teikyouseido.mhlw.go.jp/znk-web/juminkanja/S2430/initialize?prefCd=24&kikanCd=2242240285&kikanKbn=2", "url2": "https://mizuhodai-clinic.com", "内容": "みずほ台クリニック【2:診療所】【診療科目:内科_呼吸器内科_アレルギー科】三重県亀山市川合町１１５５－９" }, "geometry": { "type": "Point", "coordinates": [ 136.4731, 34.871168 ] } },
{ "type": "Feature", "properties": { "ID": 2422242240286, "正式名称": "サンクリニック太陽の街", "機関区分": 2, "都道府県コード": 24, "市区町村コード": 207, "所在地": "三重県鈴鹿市中瀬古町２０３－７", "緯度": 34.811711, "経度": 136.542041, "url": "https://www.iryou.teikyouseido.mhlw.go.jp/znk-web/juminkanja/S2430/initialize?prefCd=24&kikanCd=2242240286&kikanKbn=2", "url2": "https://www.sun-clinic3929.com/", "内容": "サンクリニック太陽の街【2:診療所】【診療科目:内科_消化器内科_外科】三重県鈴鹿市中瀬古町２０３－７" }, "geometry": { "type": "Point", "coordinates": [ 136.542041, 34.811711 ] } },
{ "type": "Feature", "properties": { "ID": 2422242240287, "正式名称": "医療法人恵和会　すずか泌尿器科・腎クリニック", "機関区分": 2, "都道府県コード": 24, "市区町村コード": 207, "所在地": "三重県鈴鹿市柳町字森１６６５－２", "緯度": 34.87296, "経度": 136.599364, "url": "https://www.iryou.teikyouseido.mhlw.go.jp/znk-web/juminkanja/S2430/initialize?prefCd=24&kikanCd=2242240287&kikanKbn=2", "url2": "https://suzuka-urology.jp/about/", "内容": "医療法人恵和会　すずか泌尿器科・腎クリニック【2:診療所】【診療科目:腎臓内科_泌尿器科】三重県鈴鹿市柳町字森１６６５－２" }, "geometry": { "type": "Point", "coordinates": [ 136.599364, 34.87296 ] } },
{ "type": "Feature", "properties": { "ID": 2422242240289, "正式名称": "多田クリニック", "機関区分": 2, "都道府県コード": 24, "市区町村コード": 204, "所在地": "三重県松阪市嬉野中川町１１１０－４", "緯度": 34.631467, "経度": 136.471042, "url": "https://www.iryou.teikyouseido.mhlw.go.jp/znk-web/juminkanja/S2430/initialize?prefCd=24&kikanCd=2242240289&kikanKbn=2", "url2": null, "内容": "多田クリニック【2:診療所】【診療科目:内科】三重県松阪市嬉野中川町１１１０－４" }, "geometry": { "type": "Point", "coordinates": [ 136.471042, 34.631467 ] } },
{ "type": "Feature", "properties": { "ID": 2422242240290, "正式名称": "やなもと内科・内視鏡内科", "機関区分": 2, "都道府県コード": 24, "市区町村コード": 202, "所在地": "三重県四日市市萱生町５８１", "緯度": 35.030644, "経度": 136.602744, "url": "https://www.iryou.teikyouseido.mhlw.go.jp/znk-web/juminkanja/S2430/initialize?prefCd=24&kikanCd=2242240290&kikanKbn=2", "url2": "https://yanamoto-naika.com/", "内容": "やなもと内科・内視鏡内科【2:診療所】【診療科目:内科_消化器内科_内視鏡内科】三重県四日市市萱生町５８１" }, "geometry": { "type": "Point", "coordinates": [ 136.602744, 35.030644 ] } },
{ "type": "Feature", "properties": { "ID": 2422242240291, "正式名称": "四日市あおば内科・消化器内科クリニック", "機関区分": 2, "都道府県コード": 24, "市区町村コード": 202, "所在地": "三重県四日市市青葉町８００－２８３", "緯度": 34.971451, "経度": 136.582925, "url": "https://www.iryou.teikyouseido.mhlw.go.jp/znk-web/juminkanja/S2430/initialize?prefCd=24&kikanCd=2242240291&kikanKbn=2", "url2": "https://www.yokkaichi-aoba-naishikyo-clinic.com/", "内容": "四日市あおば内科・消化器内科クリニック【2:診療所】【診療科目:内科_消化器内科_内視鏡内科_皮膚科_美容皮膚科】三重県四日市市青葉町８００－２８３" }, "geometry": { "type": "Point", "coordinates": [ 136.582925, 34.971451 ] } },
{ "type": "Feature", "properties": { "ID": 2422242240292, "正式名称": "あいメンタルクリニック鈴鹿", "機関区分": 2, "都道府県コード": 24, "市区町村コード": 207, "所在地": "三重県鈴鹿市南江島町９－５", "緯度": 34.83868, "経度": 136.591963, "url": "https://www.iryou.teikyouseido.mhlw.go.jp/znk-web/juminkanja/S2430/initialize?prefCd=24&kikanCd=2242240292&kikanKbn=2", "url2": "http://ai-mental.jp/", "内容": "あいメンタルクリニック鈴鹿【2:診療所】【診療科目:精神科_心療内科】三重県鈴鹿市南江島町９－５" }, "geometry": { "type": "Point", "coordinates": [ 136.591963, 34.83868 ] } },
{ "type": "Feature", "properties": { "ID": 2422242240295, "正式名称": "医療法人　いくわ眼科", "機関区分": 2, "都道府県コード": 24, "市区町村コード": 202, "所在地": "三重県四日市市生桑町１９６－１", "緯度": 34.986092, "経度": 136.599705, "url": "https://www.iryou.teikyouseido.mhlw.go.jp/znk-web/juminkanja/S2430/initialize?prefCd=24&kikanCd=2242240295&kikanKbn=2", "url2": "https://www.ikuwaganka.jp/", "内容": "医療法人　いくわ眼科【2:診療所】【診療科目:眼科】三重県四日市市生桑町１９６－１" }, "geometry": { "type": "Point", "coordinates": [ 136.599705, 34.986092 ] } },
{ "type": "Feature", "properties": { "ID": 2422242240296, "正式名称": "こもの風の丘内科クリニック", "機関区分": 2, "都道府県コード": 24, "市区町村コード": 341, "所在地": "三重県三重郡菰野町菰野９８７－１", "緯度": 35.007464, "経度": 136.520761, "url": "https://www.iryou.teikyouseido.mhlw.go.jp/znk-web/juminkanja/S2430/initialize?prefCd=24&kikanCd=2242240296&kikanKbn=2", "url2": "https://kaze-cl.com/", "内容": "こもの風の丘内科クリニック【2:診療所】【診療科目:内科_消化器内科】三重県三重郡菰野町菰野９８７－１" }, "geometry": { "type": "Point", "coordinates": [ 136.520761, 35.007464 ] } },
{ "type": "Feature", "properties": { "ID": 2422242240303, "正式名称": "鈴鹿内科・呼吸器内科", "機関区分": 2, "都道府県コード": 24, "市区町村コード": 207, "所在地": "三重県鈴鹿市南玉垣町２８５２－３", "緯度": 34.855187, "経度": 136.590227, "url": "https://www.iryou.teikyouseido.mhlw.go.jp/znk-web/juminkanja/S2430/initialize?prefCd=24&kikanCd=2242240303&kikanKbn=2", "url2": "https://suzuka-cl.com", "内容": "鈴鹿内科・呼吸器内科【2:診療所】【診療科目:内科_糖尿病内科_脂質代謝内科_呼吸器内科_老年・呼吸器内科_循環器内科_心臓内科_心臓血管内科_消化器内科_胃腸内科_腎臓内科_肝臓内科_神経内科_漢方内科_老年内科_女性内科_アレルギー疾患内科_小児科_小児皮膚科_皮膚科_精神科_アレルギー科】三重県鈴鹿市南玉垣町２８５２－３" }, "geometry": { "type": "Point", "coordinates": [ 136.590227, 34.855187 ] } },
{ "type": "Feature", "properties": { "ID": 2422242240304, "正式名称": "大安クリニック", "機関区分": 2, "都道府県コード": 24, "市区町村コード": 214, "所在地": "三重県いなべ市大安町梅戸７３２－２", "緯度": 35.076184, "経度": 136.558074, "url": "https://www.iryou.teikyouseido.mhlw.go.jp/znk-web/juminkanja/S2430/initialize?prefCd=24&kikanCd=2242240304&kikanKbn=2", "url2": "https://dian-hosp.jp", "内容": "大安クリニック【2:診療所】【診療科目:内科】三重県いなべ市大安町梅戸７３２－２" }, "geometry": { "type": "Point", "coordinates": [ 136.558074, 35.076184 ] } },
{ "type": "Feature", "properties": { "ID": 2422242240305, "正式名称": "小野医院", "機関区分": 2, "都道府県コード": 24, "市区町村コード": 202, "所在地": "三重県四日市市川原町３４－７", "緯度": 34.976287, "経度": 136.627019, "url": "https://www.iryou.teikyouseido.mhlw.go.jp/znk-web/juminkanja/S2430/initialize?prefCd=24&kikanCd=2242240305&kikanKbn=2", "url2": null, "内容": "小野医院【2:診療所】【診療科目:内科_外科_乳腺外科_肛門外科_小児科】三重県四日市市川原町３４－７" }, "geometry": { "type": "Point", "coordinates": [ 136.627019, 34.976287 ] } },
{ "type": "Feature", "properties": { "ID": 2422242240306, "正式名称": "あけの脳神経内科クリニック", "機関区分": 2, "都道府県コード": 24, "市区町村コード": 203, "所在地": "三重県伊勢市小俣町明野１１０２番地６", "緯度": 34.521838, "経度": 136.672985, "url": "https://www.iryou.teikyouseido.mhlw.go.jp/znk-web/juminkanja/S2430/initialize?prefCd=24&kikanCd=2242240306&kikanKbn=2", "url2": "https://akeno-neurology.com", "内容": "あけの脳神経内科クリニック【2:診療所】【診療科目:内科_脳神経内科_漢方内科_精神科_心療内科】三重県伊勢市小俣町明野１１０２番地６" }, "geometry": { "type": "Point", "coordinates": [ 136.672985, 34.521838 ] } },
{ "type": "Feature", "properties": { "ID": 2422242240307, "正式名称": "うの森クリニック", "機関区分": 2, "都道府県コード": 24, "市区町村コード": 202, "所在地": "三重県四日市市浜田町７－１７－２", "緯度": 34.96491, "経度": 136.619676, "url": "https://www.iryou.teikyouseido.mhlw.go.jp/znk-web/juminkanja/S2430/initialize?prefCd=24&kikanCd=2242240307&kikanKbn=2", "url2": "http://unomoriclinic.com", "内容": "うの森クリニック【2:診療所】【診療科目:精神科_心療内科】三重県四日市市浜田町７－１７－２" }, "geometry": { "type": "Point", "coordinates": [ 136.619676, 34.96491 ] } },
{ "type": "Feature", "properties": { "ID": 2422242240308, "正式名称": "ゆめ在宅訪問クリニック", "機関区分": 2, "都道府県コード": 24, "市区町村コード": 207, "所在地": "三重県鈴鹿市中江島町１７－１５パレスピュアⅡ１０２", "緯度": 34.841165, "経度": 136.591335, "url": "https://www.iryou.teikyouseido.mhlw.go.jp/znk-web/juminkanja/S2430/initialize?prefCd=24&kikanCd=2242240308&kikanKbn=2", "url2": "https://yume-clinic.net/", "内容": "ゆめ在宅訪問クリニック【2:診療所】【診療科目:内科】三重県鈴鹿市中江島町１７－１５パレスピュアⅡ１０２" }, "geometry": { "type": "Point", "coordinates": [ 136.591335, 34.841165 ] } },
{ "type": "Feature", "properties": { "ID": 2422242240309, "正式名称": "レディースクリニックＮＯＲＩＫＯ", "機関区分": 2, "都道府県コード": 24, "市区町村コード": 201, "所在地": "三重県津市納所町６８６－１", "緯度": 34.729027, "経度": 136.476923, "url": "https://www.iryou.teikyouseido.mhlw.go.jp/znk-web/juminkanja/S2430/initialize?prefCd=24&kikanCd=2242240309&kikanKbn=2", "url2": "https://lc-noriko.com", "内容": "レディースクリニックＮＯＲＩＫＯ【2:診療所】【診療科目:産婦人科】三重県津市納所町６８６－１" }, "geometry": { "type": "Point", "coordinates": [ 136.476923, 34.729027 ] } },
{ "type": "Feature", "properties": { "ID": 2422242240310, "正式名称": "医療法人勢風会　亀山透析クリニック", "機関区分": 2, "都道府県コード": 24, "市区町村コード": 210, "所在地": "三重県亀山市羽若町８３３－５", "緯度": 34.862674, "経度": 136.45012, "url": "https://www.iryou.teikyouseido.mhlw.go.jp/znk-web/juminkanja/S2430/initialize?prefCd=24&kikanCd=2242240310&kikanKbn=2", "url2": "https://kameyama-touseki.clinic", "内容": "医療法人勢風会　亀山透析クリニック【2:診療所】【診療科目:腎臓内科_人工透析内科_血管外科】三重県亀山市羽若町８３３－５" }, "geometry": { "type": "Point", "coordinates": [ 136.45012, 34.862674 ] } },
{ "type": "Feature", "properties": { "ID": 2422242240312, "正式名称": "医療法人社団　みどりの風　さくらクリニック松阪", "機関区分": 2, "都道府県コード": 24, "市区町村コード": 204, "所在地": "三重県松阪市立田町字向田上１４１－１", "緯度": 34.563361, "経度": 136.570443, "url": "https://www.iryou.teikyouseido.mhlw.go.jp/znk-web/juminkanja/S2430/initialize?prefCd=24&kikanCd=2242240312&kikanKbn=2", "url2": null, "内容": "医療法人社団　みどりの風　さくらクリニック松阪【2:診療所】【診療科目:内科_人工透析内科】三重県松阪市立田町字向田上１４１－１" }, "geometry": { "type": "Point", "coordinates": [ 136.570443, 34.563361 ] } },
{ "type": "Feature", "properties": { "ID": 2422242240313, "正式名称": "医療法人翡翠会　ひとみウィメンズクリニック", "機関区分": 2, "都道府県コード": 24, "市区町村コード": 341, "所在地": "三重県三重郡菰野町大羽根園並木通１０－１", "緯度": 35.012509, "経度": 136.4941, "url": "https://www.iryou.teikyouseido.mhlw.go.jp/znk-web/juminkanja/S2430/initialize?prefCd=24&kikanCd=2242240313&kikanKbn=2", "url2": "http://hitomi-wcl.com", "内容": "医療法人翡翠会　ひとみウィメンズクリニック【2:診療所】【診療科目:女性内科_産婦人科_美容皮膚科】三重県三重郡菰野町大羽根園並木通１０－１" }, "geometry": { "type": "Point", "coordinates": [ 136.4941, 35.012509 ] } },
{ "type": "Feature", "properties": { "ID": 2422242240314, "正式名称": "いのうクリニック", "機関区分": 2, "都道府県コード": 24, "市区町村コード": 207, "所在地": "三重県鈴鹿市稲生塩屋３丁目３－２３", "緯度": 34.834779, "経度": 136.562218, "url": "https://www.iryou.teikyouseido.mhlw.go.jp/znk-web/juminkanja/S2430/initialize?prefCd=24&kikanCd=2242240314&kikanKbn=2", "url2": "https://ino.clinic", "内容": "いのうクリニック【2:診療所】【診療科目:内科_消化器内科_肝臓内科_内視鏡内科】三重県鈴鹿市稲生塩屋３丁目３－２３" }, "geometry": { "type": "Point", "coordinates": [ 136.562218, 34.834779 ] } },
{ "type": "Feature", "properties": { "ID": 2422242240315, "正式名称": "津西眼科クリニック", "機関区分": 2, "都道府県コード": 24, "市区町村コード": 201, "所在地": "三重県津市野田３３－９", "緯度": 34.72259, "経度": 136.468501, "url": "https://www.iryou.teikyouseido.mhlw.go.jp/znk-web/juminkanja/S2430/initialize?prefCd=24&kikanCd=2242240315&kikanKbn=2", "url2": null, "内容": "津西眼科クリニック【2:診療所】【診療科目:アレルギー疾患内科_眼科_アレルギー科】三重県津市野田３３－９" }, "geometry": { "type": "Point", "coordinates": [ 136.468501, 34.72259 ] } },
{ "type": "Feature", "properties": { "ID": 2422242240316, "正式名称": "おおやまだクリニック", "機関区分": 2, "都道府県コード": 24, "市区町村コード": 203, "所在地": "三重県伊勢市神久２丁目１－１５", "緯度": 34.488897, "経度": 136.720247, "url": "https://www.iryou.teikyouseido.mhlw.go.jp/znk-web/juminkanja/S2430/initialize?prefCd=24&kikanCd=2242240316&kikanKbn=2", "url2": "https://ooyamada-clinic.com/", "内容": "おおやまだクリニック【2:診療所】【診療科目:内科_消化器内科_内視鏡内科】三重県伊勢市神久２丁目１－１５" }, "geometry": { "type": "Point", "coordinates": [ 136.720247, 34.488897 ] } },
{ "type": "Feature", "properties": { "ID": 2422242240318, "正式名称": "医療法人慈修会　おおのクリニック", "機関区分": 2, "都道府県コード": 24, "市区町村コード": 216, "所在地": "三重県伊賀市服部町２丁目９７", "緯度": 34.772093, "経度": 136.141364, "url": "https://www.iryou.teikyouseido.mhlw.go.jp/znk-web/juminkanja/S2430/initialize?prefCd=24&kikanCd=2242240318&kikanKbn=2", "url2": null, "内容": "医療法人慈修会　おおのクリニック【2:診療所】【診療科目:内科_脳神経内科_老年精神科】三重県伊賀市服部町２丁目９７" }, "geometry": { "type": "Point", "coordinates": [ 136.141364, 34.772093 ] } },
{ "type": "Feature", "properties": { "ID": 2422242240319, "正式名称": "新山耳鼻咽喉科", "機関区分": 2, "都道府県コード": 24, "市区町村コード": 205, "所在地": "三重県桑名市益生町１２", "緯度": 35.058874, "経度": 136.679611, "url": "https://www.iryou.teikyouseido.mhlw.go.jp/znk-web/juminkanja/S2430/initialize?prefCd=24&kikanCd=2242240319&kikanKbn=2", "url2": "https://niiyama-jibika.com/", "内容": "新山耳鼻咽喉科【2:診療所】【診療科目:耳鼻いんこう科】三重県桑名市益生町１２" }, "geometry": { "type": "Point", "coordinates": [ 136.679611, 35.058874 ] } },
{ "type": "Feature", "properties": { "ID": 2422242240320, "正式名称": "医療法人　ちば皮フ科耳鼻咽喉科", "機関区分": 2, "都道府県コード": 24, "市区町村コード": 324, "所在地": "三重県員弁郡東員町鳥取菊若１２９６－１", "緯度": 35.092916, "経度": 136.589722, "url": "https://www.iryou.teikyouseido.mhlw.go.jp/znk-web/juminkanja/S2430/initialize?prefCd=24&kikanCd=2242240320&kikanKbn=2", "url2": "http://chiba-skin-ent.mdja.jp", "内容": "医療法人　ちば皮フ科耳鼻咽喉科【2:診療所】【診療科目:耳鼻いんこう科_皮膚科】三重県員弁郡東員町鳥取菊若１２９６－１" }, "geometry": { "type": "Point", "coordinates": [ 136.589722, 35.092916 ] } },
{ "type": "Feature", "properties": { "ID": 2422242240322, "正式名称": "医療法人　北大路眼科", "機関区分": 2, "都道府県コード": 24, "市区町村コード": 204, "所在地": "三重県松阪市嬉野中川町８３８－８", "緯度": 34.636417, "経度": 136.474668, "url": "https://www.iryou.teikyouseido.mhlw.go.jp/znk-web/juminkanja/S2430/initialize?prefCd=24&kikanCd=2242240322&kikanKbn=2", "url2": null, "内容": "医療法人　北大路眼科【2:診療所】【診療科目:眼科】三重県松阪市嬉野中川町８３８－８" }, "geometry": { "type": "Point", "coordinates": [ 136.474668, 34.636417 ] } },
{ "type": "Feature", "properties": { "ID": 2422242240323, "正式名称": "いしが在宅ケアクリニック鈴鹿", "機関区分": 2, "都道府県コード": 24, "市区町村コード": 207, "所在地": "三重県鈴鹿市高岡町６４４番地２", "緯度": 34.898328, "経度": 136.596181, "url": "https://www.iryou.teikyouseido.mhlw.go.jp/znk-web/juminkanja/S2430/initialize?prefCd=24&kikanCd=2242240323&kikanKbn=2", "url2": "http://www.ishiga-cl.com", "内容": "いしが在宅ケアクリニック鈴鹿【2:診療所】【診療科目:内科_疼痛緩和内科】三重県鈴鹿市高岡町６４４番地２" }, "geometry": { "type": "Point", "coordinates": [ 136.596181, 34.898328 ] } },
{ "type": "Feature", "properties": { "ID": 2422242240324, "正式名称": "紀南病院付属あたわ在宅診療所", "機関区分": 2, "都道府県コード": 24, "市区町村コード": 561, "所在地": "三重県南牟婁郡御浜町阿田和１７７", "緯度": 33.801646, "経度": 136.035388, "url": "https://www.iryou.teikyouseido.mhlw.go.jp/znk-web/juminkanja/S2430/initialize?prefCd=24&kikanCd=2242240324&kikanKbn=2", "url2": null, "内容": "紀南病院付属あたわ在宅診療所【2:診療所】【診療科目:内科_外科】三重県南牟婁郡御浜町阿田和１７７" }, "geometry": { "type": "Point", "coordinates": [ 136.035388, 33.801646 ] } },
{ "type": "Feature", "properties": { "ID": 2422242240325, "正式名称": "エミナルクリニック四日市院", "機関区分": 2, "都道府県コード": 24, "市区町村コード": 202, "所在地": "三重県四日市市諏訪栄町１０－５ランドマークアーバンビル５Ｆ", "緯度": 34.967569, "経度": 136.62003, "url": "https://www.iryou.teikyouseido.mhlw.go.jp/znk-web/juminkanja/S2430/initialize?prefCd=24&kikanCd=2242240325&kikanKbn=2", "url2": null, "内容": "エミナルクリニック四日市院【2:診療所】【診療科目:美容皮膚科】三重県四日市市諏訪栄町１０－５ランドマークアーバンビル５Ｆ" }, "geometry": { "type": "Point", "coordinates": [ 136.62003, 34.967569 ] } },
{ "type": "Feature", "properties": { "ID": 2422242240326, "正式名称": "みやた眼科", "機関区分": 2, "都道府県コード": 24, "市区町村コード": 201, "所在地": "三重県津市河芸町東千里２６０－３", "緯度": 34.803337, "経度": 136.55454, "url": "https://www.iryou.teikyouseido.mhlw.go.jp/znk-web/juminkanja/S2430/initialize?prefCd=24&kikanCd=2242240326&kikanKbn=2", "url2": "https://mie-miyata-ganka.com/", "内容": "みやた眼科【2:診療所】【診療科目:眼科】三重県津市河芸町東千里２６０－３" }, "geometry": { "type": "Point", "coordinates": [ 136.55454, 34.803337 ] } },
{ "type": "Feature", "properties": { "ID": 2422242240327, "正式名称": "いこか内科", "機関区分": 2, "都道府県コード": 24, "市区町村コード": 201, "所在地": "三重県津市城山１－１７－１７", "緯度": 34.677196, "経度": 136.505282, "url": "https://www.iryou.teikyouseido.mhlw.go.jp/znk-web/juminkanja/S2430/initialize?prefCd=24&kikanCd=2242240327&kikanKbn=2", "url2": "https://ikoka-naika.com", "内容": "いこか内科【2:診療所】【診療科目:内科_糖尿病内科_緩和ケア内科】三重県津市城山１－１７－１７" }, "geometry": { "type": "Point", "coordinates": [ 136.505282, 34.677196 ] } },
{ "type": "Feature", "properties": { "ID": 2422242240328, "正式名称": "ひだまり内科クリニック", "機関区分": 2, "都道府県コード": 24, "市区町村コード": 202, "所在地": "三重県四日市市上海老町１６３３－１４０", "緯度": 35.034557, "経度": 136.568979, "url": "https://www.iryou.teikyouseido.mhlw.go.jp/znk-web/juminkanja/S2430/initialize?prefCd=24&kikanCd=2242240328&kikanKbn=2", "url2": "https://www.hidamari-naika.com", "内容": "ひだまり内科クリニック【2:診療所】【診療科目:内科_血液内科_循環器内科_皮膚科】三重県四日市市上海老町１６３３－１４０" }, "geometry": { "type": "Point", "coordinates": [ 136.568979, 35.034557 ] } },
{ "type": "Feature", "properties": { "ID": 2422242240329, "正式名称": "とみだ眼科四日市", "機関区分": 2, "都道府県コード": 24, "市区町村コード": 202, "所在地": "三重県四日市市富州原町２－４０イオンモール四日市北", "緯度": 35.007753, "経度": 136.656996, "url": "https://www.iryou.teikyouseido.mhlw.go.jp/znk-web/juminkanja/S2430/initialize?prefCd=24&kikanCd=2242240329&kikanKbn=2", "url2": "https://www.tomida-eyeclinic.com", "内容": "とみだ眼科四日市【2:診療所】【診療科目:眼科】三重県四日市市富州原町２－４０イオンモール四日市北" }, "geometry": { "type": "Point", "coordinates": [ 136.656996, 35.007753 ] } },
{ "type": "Feature", "properties": { "ID": 2422242240330, "正式名称": "野々山耳鼻咽喉科", "機関区分": 2, "都道府県コード": 24, "市区町村コード": 204, "所在地": "三重県松阪市大黒田町４６９－１", "緯度": 34.563461, "経度": 136.529917, "url": "https://www.iryou.teikyouseido.mhlw.go.jp/znk-web/juminkanja/S2430/initialize?prefCd=24&kikanCd=2242240330&kikanKbn=2", "url2": null, "内容": "野々山耳鼻咽喉科【2:診療所】【診療科目:耳鼻いんこう科】三重県松阪市大黒田町４６９－１" }, "geometry": { "type": "Point", "coordinates": [ 136.529917, 34.563461 ] } },
{ "type": "Feature", "properties": { "ID": 2422242240331, "正式名称": "医療法人智仁会　水谷ヒフ科内科クリニック", "機関区分": 2, "都道府県コード": 24, "市区町村コード": 201, "所在地": "三重県津市安東町３９６－４", "緯度": 34.733702, "経度": 136.475923, "url": "https://www.iryou.teikyouseido.mhlw.go.jp/znk-web/juminkanja/S2430/initialize?prefCd=24&kikanCd=2242240331&kikanKbn=2", "url2": "https://mizutanihifukanaika.com/", "内容": "医療法人智仁会　水谷ヒフ科内科クリニック【2:診療所】【診療科目:内科_循環器内科_小児皮膚科_皮膚科_美容皮膚科_アレルギー科_リウマチ科】三重県津市安東町３９６－４" }, "geometry": { "type": "Point", "coordinates": [ 136.475923, 34.733702 ] } },
{ "type": "Feature", "properties": { "ID": 2422242240332, "正式名称": "菰野さくらい眼科", "機関区分": 2, "都道府県コード": 24, "市区町村コード": 341, "所在地": "三重県三重郡菰野町潤田字大工垣内８３５－１", "緯度": 35.024411, "経度": 136.513855, "url": "https://www.iryou.teikyouseido.mhlw.go.jp/znk-web/juminkanja/S2430/initialize?prefCd=24&kikanCd=2242240332&kikanKbn=2", "url2": "https://komonoganka.com/", "内容": "菰野さくらい眼科【2:診療所】【診療科目:眼科】三重県三重郡菰野町潤田字大工垣内８３５－１" }, "geometry": { "type": "Point", "coordinates": [ 136.513855, 35.024411 ] } },
{ "type": "Feature", "properties": { "ID": 2422242240333, "正式名称": "医療法人桜森会　さくらの森眼科", "機関区分": 2, "都道府県コード": 24, "市区町村コード": 207, "所在地": "Otsubo Medical Clinic", "緯度": 34.850659, "経度": 136.590675, "url": "https://www.iryou.teikyouseido.mhlw.go.jp/znk-web/juminkanja/S2430/initialize?prefCd=24&kikanCd=2242240333&kikanKbn=2", "url2": "https://sakuranomori-eye-clinic.com", "内容": "医療法人桜森会　さくらの森眼科【2:診療所】【診療科目:小児眼科_眼科】Otsubo Medical Clinic" }, "geometry": { "type": "Point", "coordinates": [ 136.590675, 34.850659 ] } },
{ "type": "Feature", "properties": { "ID": 2422242240334, "正式名称": "せんが内科・循環器クリニック", "機関区分": 2, "都道府県コード": 24, "市区町村コード": 205, "所在地": "三重県桑名市中央町１丁目３２番地２", "緯度": 35.063561, "経度": 136.6843, "url": "https://www.iryou.teikyouseido.mhlw.go.jp/znk-web/juminkanja/S2430/initialize?prefCd=24&kikanCd=2242240334&kikanKbn=2", "url2": "https://senga-heart.com", "内容": "せんが内科・循環器クリニック【2:診療所】【診療科目:内科_糖尿病内科_循環器内科_小児科】三重県桑名市中央町１丁目３２番地２" }, "geometry": { "type": "Point", "coordinates": [ 136.6843, 35.063561 ] } },
{ "type": "Feature", "properties": { "ID": 2422242240335, "正式名称": "医療法人和平会　総合医療クリニック桔梗", "機関区分": 2, "都道府県コード": 24, "市区町村コード": 208, "所在地": "三重県名張市桔梗が丘５番町９街区１８１２－１", "緯度": 34.639446, "経度": 136.126708, "url": "https://www.iryou.teikyouseido.mhlw.go.jp/znk-web/juminkanja/S2430/initialize?prefCd=24&kikanCd=2242240335&kikanKbn=2", "url2": "https://kikyo-medical.com", "内容": "医療法人和平会　総合医療クリニック桔梗【2:診療所】【診療科目:内科_循環器内科_消化器内科】三重県名張市桔梗が丘５番町９街区１８１２－１" }, "geometry": { "type": "Point", "coordinates": [ 136.126708, 34.639446 ] } },
{ "type": "Feature", "properties": { "ID": 2422242240336, "正式名称": "津久居皮ふ科クリニック", "機関区分": 2, "都道府県コード": 24, "市区町村コード": 201, "所在地": "三重県津市久居明神町２４０６－１", "緯度": 34.684885, "経度": 136.468396, "url": "https://www.iryou.teikyouseido.mhlw.go.jp/znk-web/juminkanja/S2430/initialize?prefCd=24&kikanCd=2242240336&kikanKbn=2", "url2": "https://fujita-skinclinic.com", "内容": "津久居皮ふ科クリニック【2:診療所】【診療科目:皮膚科_美容皮膚科】三重県津市久居明神町２４０６－１" }, "geometry": { "type": "Point", "coordinates": [ 136.468396, 34.684885 ] } },
{ "type": "Feature", "properties": { "ID": 2422242240337, "正式名称": "南伊勢町立古和浦へき地診療所", "機関区分": 2, "都道府県コード": 24, "市区町村コード": 472, "所在地": "三重県度会郡南伊勢町古和浦９３－１", "緯度": 34.256309, "経度": 136.460151, "url": "https://www.iryou.teikyouseido.mhlw.go.jp/znk-web/juminkanja/S2430/initialize?prefCd=24&kikanCd=2242240337&kikanKbn=2", "url2": "https://minamiise-hospital.com/kowa.php", "内容": "南伊勢町立古和浦へき地診療所【2:診療所】【診療科目:内科】三重県度会郡南伊勢町古和浦９３－１" }, "geometry": { "type": "Point", "coordinates": [ 136.460151, 34.256309 ] } },
{ "type": "Feature", "properties": { "ID": 2422242240339, "正式名称": "かめやま心身クリニック", "機関区分": 2, "都道府県コード": 24, "市区町村コード": 210, "所在地": "三重県亀山市栄町１４８８－１６０", "緯度": 34.857874, "経度": 136.471343, "url": "https://www.iryou.teikyouseido.mhlw.go.jp/znk-web/juminkanja/S2430/initialize?prefCd=24&kikanCd=2242240339&kikanKbn=2", "url2": null, "内容": "かめやま心身クリニック【2:診療所】【診療科目:精神科_心療内科_老年精神科_老年心療内科】三重県亀山市栄町１４８８－１６０" }, "geometry": { "type": "Point", "coordinates": [ 136.471343, 34.857874 ] } },
{ "type": "Feature", "properties": { "ID": 2422242240340, "正式名称": "岩間眼科", "機関区分": 2, "都道府県コード": 24, "市区町村コード": 207, "所在地": "三重県鈴鹿市白子駅前２－２０", "緯度": 34.837523, "経度": 136.590867, "url": "https://www.iryou.teikyouseido.mhlw.go.jp/znk-web/juminkanja/S2430/initialize?prefCd=24&kikanCd=2242240340&kikanKbn=2", "url2": "http://www.iwamaganka.jp", "内容": "岩間眼科【2:診療所】【診療科目:眼科】三重県鈴鹿市白子駅前２－２０" }, "geometry": { "type": "Point", "coordinates": [ 136.590867, 34.837523 ] } },
{ "type": "Feature", "properties": { "ID": 2422242240341, "正式名称": "みのうらレディースクリニック", "機関区分": 2, "都道府県コード": 24, "市区町村コード": 207, "所在地": "三重県鈴鹿市磯山３丁目９－１７", "緯度": 34.816923, "経度": 136.570631, "url": "https://www.iryou.teikyouseido.mhlw.go.jp/znk-web/juminkanja/S2430/initialize?prefCd=24&kikanCd=2242240341&kikanKbn=2", "url2": "http://www.minouralc.com", "内容": "みのうらレディースクリニック【2:診療所】【診療科目:婦人科_産婦人科（生殖医療）】三重県鈴鹿市磯山３丁目９－１７" }, "geometry": { "type": "Point", "coordinates": [ 136.570631, 34.816923 ] } },
{ "type": "Feature", "properties": { "ID": 2422242240342, "正式名称": "かんだ小児科", "機関区分": 2, "都道府県コード": 24, "市区町村コード": 203, "所在地": "三重県伊勢市宮後３丁目２－１０", "緯度": 34.495851, "経度": 136.709379, "url": "https://www.iryou.teikyouseido.mhlw.go.jp/znk-web/juminkanja/S2430/initialize?prefCd=24&kikanCd=2242240342&kikanKbn=2", "url2": "https://www.kandashonika.com/", "内容": "かんだ小児科【2:診療所】【診療科目:小児科_アレルギー科】三重県伊勢市宮後３丁目２－１０" }, "geometry": { "type": "Point", "coordinates": [ 136.709379, 34.495851 ] } },
{ "type": "Feature", "properties": { "ID": 2422242240343, "正式名称": "まつお内科クリニック", "機関区分": 2, "都道府県コード": 24, "市区町村コード": 201, "所在地": "三重県津市河芸町一色６０－１", "緯度": 34.78413, "経度": 136.53896, "url": "https://www.iryou.teikyouseido.mhlw.go.jp/znk-web/juminkanja/S2430/initialize?prefCd=24&kikanCd=2242240343&kikanKbn=2", "url2": "https://matsuo-naika.clinic", "内容": "まつお内科クリニック【2:診療所】【診療科目:内科_循環器内科_消化器内科_腎臓内科】三重県津市河芸町一色６０－１" }, "geometry": { "type": "Point", "coordinates": [ 136.53896, 34.78413 ] } },
{ "type": "Feature", "properties": { "ID": 2422242240345, "正式名称": "いせ透析アクセスクリニック", "機関区分": 2, "都道府県コード": 24, "市区町村コード": 203, "所在地": "三重県伊勢市一之木５丁目９６２－１", "緯度": 34.501998, "経度": 136.708572, "url": "https://www.iryou.teikyouseido.mhlw.go.jp/znk-web/juminkanja/S2430/initialize?prefCd=24&kikanCd=2242240345&kikanKbn=2", "url2": "https://ise-toseki-ac.com/", "内容": "いせ透析アクセスクリニック【2:診療所】【診療科目:腎臓内科_人工透析外科】三重県伊勢市一之木５丁目９６２－１" }, "geometry": { "type": "Point", "coordinates": [ 136.708572, 34.501998 ] } },
{ "type": "Feature", "properties": { "ID": 2422242240346, "正式名称": "こもの心身クリニック", "機関区分": 2, "都道府県コード": 24, "市区町村コード": 341, "所在地": "三重県三重郡菰野町菰野９５９７", "緯度": 35.005816, "経度": 136.518293, "url": "https://www.iryou.teikyouseido.mhlw.go.jp/znk-web/juminkanja/S2430/initialize?prefCd=24&kikanCd=2242240346&kikanKbn=2", "url2": "https://komonoshinshin.com/", "内容": "こもの心身クリニック【2:診療所】【診療科目:精神科】三重県三重郡菰野町菰野９５９７" }, "geometry": { "type": "Point", "coordinates": [ 136.518293, 35.005816 ] } },
{ "type": "Feature", "properties": { "ID": 2422242240347, "正式名称": "中島医院", "機関区分": 2, "都道府県コード": 24, "市区町村コード": 204, "所在地": "三重県松阪市猟師町７２－１", "緯度": 34.602741, "経度": 136.544341, "url": "https://www.iryou.teikyouseido.mhlw.go.jp/znk-web/juminkanja/S2430/initialize?prefCd=24&kikanCd=2242240347&kikanKbn=2", "url2": null, "内容": "中島医院【2:診療所】【診療科目:内科_消化器内科_内視鏡内科_外科_大腸・肛門外科】三重県松阪市猟師町７２－１" }, "geometry": { "type": "Point", "coordinates": [ 136.544341, 34.602741 ] } },
{ "type": "Feature", "properties": { "ID": 2422242240348, "正式名称": "なぎクリニック", "機関区分": 2, "都道府県コード": 24, "市区町村コード": 215, "所在地": "三重県志摩市阿児町鵜方字屋敷垣内４０５７－１鵜方ファミリープラザ２階　５号室", "緯度": 34.329077, "経度": 136.825473, "url": "https://www.iryou.teikyouseido.mhlw.go.jp/znk-web/juminkanja/S2430/initialize?prefCd=24&kikanCd=2242240348&kikanKbn=2", "url2": "https://nagiclinic.com", "内容": "なぎクリニック【2:診療所】【診療科目:精神科_心療内科】三重県志摩市阿児町鵜方字屋敷垣内４０５７－１鵜方ファミリープラザ２階　５号室" }, "geometry": { "type": "Point", "coordinates": [ 136.825473, 34.329077 ] } },
{ "type": "Feature", "properties": { "ID": 2422242240349, "正式名称": "津城山さとうクリニック", "機関区分": 2, "都道府県コード": 24, "市区町村コード": 201, "所在地": "三重県津市久居小野辺町１１３０−７イオンタウン津城山", "緯度": 34.679419, "経度": 136.501594, "url": "https://www.iryou.teikyouseido.mhlw.go.jp/znk-web/juminkanja/S2430/initialize?prefCd=24&kikanCd=2242240349&kikanKbn=2", "url2": "https://tsu-sato-cl.com", "内容": "津城山さとうクリニック【2:診療所】【診療科目:内科_消化器内科_外科】三重県津市久居小野辺町１１３０−７イオンタウン津城山" }, "geometry": { "type": "Point", "coordinates": [ 136.501594, 34.679419 ] } },
{ "type": "Feature", "properties": { "ID": 2422242240350, "正式名称": "ますだクリニック", "機関区分": 2, "都道府県コード": 24, "市区町村コード": 201, "所在地": "三重県津市河芸町東千里２５９－１", "緯度": 34.803271, "経度": 136.554711, "url": "https://www.iryou.teikyouseido.mhlw.go.jp/znk-web/juminkanja/S2430/initialize?prefCd=24&kikanCd=2242240350&kikanKbn=2", "url2": null, "内容": "ますだクリニック【2:診療所】【診療科目:内科_呼吸器内科_小児科_アレルギー科】三重県津市河芸町東千里２５９－１" }, "geometry": { "type": "Point", "coordinates": [ 136.554711, 34.803271 ] } },
{ "type": "Feature", "properties": { "ID": 2422242240351, "正式名称": "医療法人　明医会　アザレアクリニック", "機関区分": 2, "都道府県コード": 24, "市区町村コード": 201, "所在地": "三重県津市丸之内１７－８東丸之内ビル２Ｆ", "緯度": 34.715921, "経度": 136.512211, "url": "https://www.iryou.teikyouseido.mhlw.go.jp/znk-web/juminkanja/S2430/initialize?prefCd=24&kikanCd=2242240351&kikanKbn=2", "url2": null, "内容": "医療法人　明医会　アザレアクリニック【2:診療所】【診療科目:内科_整形外科_皮膚科_精神科】三重県津市丸之内１７－８東丸之内ビル２Ｆ" }, "geometry": { "type": "Point", "coordinates": [ 136.512211, 34.715921 ] } },
{ "type": "Feature", "properties": { "ID": 2422242240352, "正式名称": "上里診療所", "機関区分": 2, "都道府県コード": 24, "市区町村コード": 543, "所在地": "三重県北牟婁郡紀北町上里３５２番地１", "緯度": 34.143469, "経度": 136.230685, "url": "https://www.iryou.teikyouseido.mhlw.go.jp/znk-web/juminkanja/S2430/initialize?prefCd=24&kikanCd=2242240352&kikanKbn=2", "url2": null, "内容": "上里診療所【2:診療所】【診療科目:内科_脳神経内科】三重県北牟婁郡紀北町上里３５２番地１" }, "geometry": { "type": "Point", "coordinates": [ 136.230685, 34.143469 ] } },
{ "type": "Feature", "properties": { "ID": 2422242240353, "正式名称": "津痛みのクリニック", "機関区分": 2, "都道府県コード": 24, "市区町村コード": 201, "所在地": "三重県津市久居明神町２０７０－２", "緯度": 34.687965, "経度": 136.463098, "url": "https://www.iryou.teikyouseido.mhlw.go.jp/znk-web/juminkanja/S2430/initialize?prefCd=24&kikanCd=2242240353&kikanKbn=2", "url2": "https://tsu-painclinic.com/", "内容": "津痛みのクリニック【2:診療所】【診療科目:ペインクリニック外科_リハビリテーション科】三重県津市久居明神町２０７０－２" }, "geometry": { "type": "Point", "coordinates": [ 136.463098, 34.687965 ] } },
{ "type": "Feature", "properties": { "ID": 2422242240354, "正式名称": "おくち整形外科クリニック", "機関区分": 2, "都道府県コード": 24, "市区町村コード": 324, "所在地": "三重県員弁郡東員町長深８８３－１", "緯度": 35.065197, "経度": 136.579219, "url": "https://www.iryou.teikyouseido.mhlw.go.jp/znk-web/juminkanja/S2430/initialize?prefCd=24&kikanCd=2242240354&kikanKbn=2", "url2": "http://okuchi-seikei.com/", "内容": "おくち整形外科クリニック【2:診療所】【診療科目:整形外科_リウマチ科_リハビリテーション科】三重県員弁郡東員町長深８８３－１" }, "geometry": { "type": "Point", "coordinates": [ 136.579219, 35.065197 ] } },
{ "type": "Feature", "properties": { "ID": 2422242240355, "正式名称": "津松阪ホームクリニック", "機関区分": 2, "都道府県コード": 24, "市区町村コード": 204, "所在地": "三重県松阪市嬉野中川新町２－７１パークサイドＭ", "緯度": 34.635632, "経度": 136.48068, "url": "https://www.iryou.teikyouseido.mhlw.go.jp/znk-web/juminkanja/S2430/initialize?prefCd=24&kikanCd=2242240355&kikanKbn=2", "url2": "tsumatsusaka-hcl.com", "内容": "津松阪ホームクリニック【2:診療所】【診療科目:内科_緩和ケア内科_外科_麻酔科】三重県松阪市嬉野中川新町２－７１パークサイドＭ" }, "geometry": { "type": "Point", "coordinates": [ 136.48068, 34.635632 ] } },
{ "type": "Feature", "properties": { "ID": 2422242240356, "正式名称": "医療法人社団　藤原会　桑名メディカルクリニック", "機関区分": 2, "都道府県コード": 24, "市区町村コード": 205, "所在地": "三重県桑名市大山田１丁目７ー８", "緯度": 35.078334, "経度": 136.639796, "url": "https://www.iryou.teikyouseido.mhlw.go.jp/znk-web/juminkanja/S2430/initialize?prefCd=24&kikanCd=2242240356&kikanKbn=2", "url2": "https://www.kuwanamedical.com/", "内容": "医療法人社団　藤原会　桑名メディカルクリニック【2:診療所】【診療科目:内科_糖尿病内科_内分泌内科_脂質代謝内科_漢方内科_小児科】三重県桑名市大山田１丁目７ー８" }, "geometry": { "type": "Point", "coordinates": [ 136.639796, 35.078334 ] } },
{ "type": "Feature", "properties": { "ID": 2422242240357, "正式名称": "医療法人ＳＵＮＲＩＳＥ　あさひクリニック", "機関区分": 2, "都道府県コード": 24, "市区町村コード": 343, "所在地": "三重県三重郡朝日町向陽台２－１６－２", "緯度": 35.036768, "経度": 136.655692, "url": "https://www.iryou.teikyouseido.mhlw.go.jp/znk-web/juminkanja/S2430/initialize?prefCd=24&kikanCd=2242240357&kikanKbn=2", "url2": null, "内容": "医療法人ＳＵＮＲＩＳＥ　あさひクリニック【2:診療所】【診療科目:内科_消化器内科_胃腸内科_肝臓内科_内視鏡内科】三重県三重郡朝日町向陽台２－１６－２" }, "geometry": { "type": "Point", "coordinates": [ 136.655692, 35.036768 ] } },
{ "type": "Feature", "properties": { "ID": 2422242240358, "正式名称": "とういん内科・ハートクリニック", "機関区分": 2, "都道府県コード": 24, "市区町村コード": 324, "所在地": "三重県員弁郡東員町長深８８５－１", "緯度": 35.060091, "経度": 136.578877, "url": "https://www.iryou.teikyouseido.mhlw.go.jp/znk-web/juminkanja/S2430/initialize?prefCd=24&kikanCd=2242240358&kikanKbn=2", "url2": "https://toin-heart.com", "内容": "とういん内科・ハートクリニック【2:診療所】【診療科目:内科_循環器内科】三重県員弁郡東員町長深８８５－１" }, "geometry": { "type": "Point", "coordinates": [ 136.578877, 35.060091 ] } },
{ "type": "Feature", "properties": { "ID": 2422242240359, "正式名称": "アイリス明和アイクリニック", "機関区分": 2, "都道府県コード": 24, "市区町村コード": 442, "所在地": "三重県多気郡明和町中村１２２３イオンモール明和１階", "緯度": 34.581139, "経度": 136.614211, "url": "https://www.iryou.teikyouseido.mhlw.go.jp/znk-web/juminkanja/S2430/initialize?prefCd=24&kikanCd=2242240359&kikanKbn=2", "url2": null, "内容": "アイリス明和アイクリニック【2:診療所】【診療科目:眼科】三重県多気郡明和町中村１２２３イオンモール明和１階" }, "geometry": { "type": "Point", "coordinates": [ 136.614211, 34.581139 ] } },
{ "type": "Feature", "properties": { "ID": 2422242240360, "正式名称": "山口眼科", "機関区分": 2, "都道府県コード": 24, "市区町村コード": 207, "所在地": "三重県鈴鹿市南江島町４－１５", "緯度": 34.838331, "経度": 136.592358, "url": "https://www.iryou.teikyouseido.mhlw.go.jp/znk-web/juminkanja/S2430/initialize?prefCd=24&kikanCd=2242240360&kikanKbn=2", "url2": null, "内容": "山口眼科【2:診療所】【診療科目:眼科】三重県鈴鹿市南江島町４－１５" }, "geometry": { "type": "Point", "coordinates": [ 136.592358, 34.838331 ] } },
{ "type": "Feature", "properties": { "ID": 2422242240361, "正式名称": "三重おびら眼科", "機関区分": 2, "都道府県コード": 24, "市区町村コード": 202, "所在地": "三重県四日市市曽井町７８", "緯度": 34.981866, "経度": 136.57647, "url": "https://www.iryou.teikyouseido.mhlw.go.jp/znk-web/juminkanja/S2430/initialize?prefCd=24&kikanCd=2242240361&kikanKbn=2", "url2": "mie-obiraganka.com", "内容": "三重おびら眼科【2:診療所】【診療科目:眼科】三重県四日市市曽井町７８" }, "geometry": { "type": "Point", "coordinates": [ 136.57647, 34.981866 ] } },
{ "type": "Feature", "properties": { "ID": 2422242240362, "正式名称": "医療法人　三呼会　三重呼吸器アレルギー・内科クリニック", "機関区分": 2, "都道府県コード": 24, "市区町村コード": 202, "所在地": "三重県四日市市高角町１５６３番地４", "緯度": 34.986609, "経度": 136.557535, "url": "https://www.iryou.teikyouseido.mhlw.go.jp/znk-web/juminkanja/S2430/initialize?prefCd=24&kikanCd=2242240362&kikanKbn=2", "url2": "https://mieresp-allergy.clinic", "内容": "医療法人　三呼会　三重呼吸器アレルギー・内科クリニック【2:診療所】【診療科目:内科_呼吸器内科_アレルギー科】三重県四日市市高角町１５６３番地４" }, "geometry": { "type": "Point", "coordinates": [ 136.557535, 34.986609 ] } },
{ "type": "Feature", "properties": { "ID": 2422242240363, "正式名称": "つきとめ眼科", "機関区分": 2, "都道府県コード": 24, "市区町村コード": 205, "所在地": "三重県桑名市赤尾２０２７―１", "緯度": 35.05585, "経度": 136.628978, "url": "https://www.iryou.teikyouseido.mhlw.go.jp/znk-web/juminkanja/S2430/initialize?prefCd=24&kikanCd=2242240363&kikanKbn=2", "url2": null, "内容": "つきとめ眼科【2:診療所】【診療科目:小児眼科_眼科】三重県桑名市赤尾２０２７―１" }, "geometry": { "type": "Point", "coordinates": [ 136.628978, 35.05585 ] } },
{ "type": "Feature", "properties": { "ID": 2422242240364, "正式名称": "整形外科　もりもとクリニック", "機関区分": 2, "都道府県コード": 24, "市区町村コード": 204, "所在地": "三重県松阪市曽原町４０４―５", "緯度": 34.627006, "経度": 136.51602, "url": "https://www.iryou.teikyouseido.mhlw.go.jp/znk-web/juminkanja/S2430/initialize?prefCd=24&kikanCd=2242240364&kikanKbn=2", "url2": "https://seikei-morimoto.com", "内容": "整形外科　もりもとクリニック【2:診療所】【診療科目:整形外科_リハビリテーション科】三重県松阪市曽原町４０４―５" }, "geometry": { "type": "Point", "coordinates": [ 136.51602, 34.627006 ] } },
{ "type": "Feature", "properties": { "ID": 2422242240366, "正式名称": "医療法人Ａｌｗａｙｓ　みえ在宅・内科クリニック", "機関区分": 2, "都道府県コード": 24, "市区町村コード": 210, "所在地": "三重県亀山市野村３丁目１９－３１", "緯度": 34.855809, "経度": 136.440966, "url": "https://www.iryou.teikyouseido.mhlw.go.jp/znk-web/juminkanja/S2430/initialize?prefCd=24&kikanCd=2242240366&kikanKbn=2", "url2": "https://miezaitaku-cl.com", "内容": "医療法人Ａｌｗａｙｓ　みえ在宅・内科クリニック【2:診療所】【診療科目:内科_緩和ケア内科】三重県亀山市野村３丁目１９－３１" }, "geometry": { "type": "Point", "coordinates": [ 136.440966, 34.855809 ] } },
{ "type": "Feature", "properties": { "ID": 2422242240367, "正式名称": "呂小児科", "機関区分": 2, "都道府県コード": 24, "市区町村コード": 208, "所在地": "三重県名張市平尾３１２５－２２", "緯度": 34.619128, "経度": 136.099816, "url": "https://www.iryou.teikyouseido.mhlw.go.jp/znk-web/juminkanja/S2430/initialize?prefCd=24&kikanCd=2242240367&kikanKbn=2", "url2": null, "内容": "呂小児科【2:診療所】【診療科目:小児科_小児皮膚科_アレルギー科】三重県名張市平尾３１２５－２２" }, "geometry": { "type": "Point", "coordinates": [ 136.099816, 34.619128 ] } },
{ "type": "Feature", "properties": { "ID": 2422242240368, "正式名称": "津かじわらクリニック", "機関区分": 2, "都道府県コード": 24, "市区町村コード": 201, "所在地": "三重県津市鳥居町２７８―６", "緯度": 34.729047, "経度": 136.505457, "url": "https://www.iryou.teikyouseido.mhlw.go.jp/znk-web/juminkanja/S2430/initialize?prefCd=24&kikanCd=2242240368&kikanKbn=2", "url2": "tsu-kajiwara.clinic", "内容": "津かじわらクリニック【2:診療所】【診療科目:内科_形成外科_皮膚科_美容皮膚科_泌尿器科】三重県津市鳥居町２７８―６" }, "geometry": { "type": "Point", "coordinates": [ 136.505457, 34.729047 ] } },
{ "type": "Feature", "properties": { "ID": 2422242240369, "正式名称": "中林皮フ科神明クリニック", "機関区分": 2, "都道府県コード": 24, "市区町村コード": 215, "所在地": "三重県志摩市阿児町神明１３３５－７", "緯度": 34.321188, "経度": 136.843168, "url": "https://www.iryou.teikyouseido.mhlw.go.jp/znk-web/juminkanja/S2430/initialize?prefCd=24&kikanCd=2242240369&kikanKbn=2", "url2": null, "内容": "中林皮フ科神明クリニック【2:診療所】【診療科目:皮膚科_アレルギー科】三重県志摩市阿児町神明１３３５－７" }, "geometry": { "type": "Point", "coordinates": [ 136.843168, 34.321188 ] } },
{ "type": "Feature", "properties": { "ID": 2422242240370, "正式名称": "くまがい内科・循環器クリニック", "機関区分": 2, "都道府県コード": 24, "市区町村コード": 201, "所在地": "三重県津市白塚町３７０２番地１", "緯度": 34.766702, "経度": 136.527875, "url": "https://www.iryou.teikyouseido.mhlw.go.jp/znk-web/juminkanja/S2430/initialize?prefCd=24&kikanCd=2242240370&kikanKbn=2", "url2": "https://kumagai-cl.jp", "内容": "くまがい内科・循環器クリニック【2:診療所】【診療科目:内科_循環器内科_リハビリテーション科】三重県津市白塚町３７０２番地１" }, "geometry": { "type": "Point", "coordinates": [ 136.527875, 34.766702 ] } },
{ "type": "Feature", "properties": { "ID": 2422242240371, "正式名称": "医療法人大町会　名張ふくにしクリニック", "機関区分": 2, "都道府県コード": 24, "市区町村コード": 208, "所在地": "三重県名張市東町１９０１―１", "緯度": 34.631296, "経度": 136.100168, "url": "https://www.iryou.teikyouseido.mhlw.go.jp/znk-web/juminkanja/S2430/initialize?prefCd=24&kikanCd=2242240371&kikanKbn=2", "url2": null, "内容": "医療法人大町会　名張ふくにしクリニック【2:診療所】【診療科目:内科_循環器内科_胃腸内科_外科_肛門外科】三重県名張市東町１９０１―１" }, "geometry": { "type": "Point", "coordinates": [ 136.100168, 34.631296 ] } },
{ "type": "Feature", "properties": { "ID": 2422242240372, "正式名称": "きもと乳腺クリニック", "機関区分": 2, "都道府県コード": 24, "市区町村コード": 201, "所在地": "三重県津市渋見町５５４－６", "緯度": 34.734734, "経度": 136.494637, "url": "https://www.iryou.teikyouseido.mhlw.go.jp/znk-web/juminkanja/S2430/initialize?prefCd=24&kikanCd=2242240372&kikanKbn=2", "url2": "https://kimoto-breast.com", "内容": "きもと乳腺クリニック【2:診療所】【診療科目:内科_乳腺外科_女性乳腺外科】三重県津市渋見町５５４－６" }, "geometry": { "type": "Point", "coordinates": [ 136.494637, 34.734734 ] } },
{ "type": "Feature", "properties": { "ID": 2422242240373, "正式名称": "かずみ内科・消化器内科クリニック", "機関区分": 2, "都道府県コード": 24, "市区町村コード": 214, "所在地": "三重県いなべ市北勢町麻生田３５９３番地２", "緯度": 35.138148, "経度": 136.539026, "url": "https://www.iryou.teikyouseido.mhlw.go.jp/znk-web/juminkanja/S2430/initialize?prefCd=24&kikanCd=2242240373&kikanKbn=2", "url2": "https://kazumi-naika.jp", "内容": "かずみ内科・消化器内科クリニック【2:診療所】【診療科目:内科_消化器内科】三重県いなべ市北勢町麻生田３５９３番地２" }, "geometry": { "type": "Point", "coordinates": [ 136.539026, 35.138148 ] } },
{ "type": "Feature", "properties": { "ID": 2422242240376, "正式名称": "くらた整形外科リハビリクリニック", "機関区分": 2, "都道府県コード": 24, "市区町村コード": 201, "所在地": "三重県津市久居明神町１１９９―１", "緯度": 34.691089, "経度": 136.481608, "url": "https://www.iryou.teikyouseido.mhlw.go.jp/znk-web/juminkanja/S2430/initialize?prefCd=24&kikanCd=2242240376&kikanKbn=2", "url2": "https://kurata-seikei.com", "内容": "くらた整形外科リハビリクリニック【2:診療所】【診療科目:整形外科_リウマチ科_リハビリテーション科】三重県津市久居明神町１１９９―１" }, "geometry": { "type": "Point", "coordinates": [ 136.481608, 34.691089 ] } },
{ "type": "Feature", "properties": { "ID": 2422242240378, "正式名称": "さわだ内科外科クリニック", "機関区分": 2, "都道府県コード": 24, "市区町村コード": 209, "所在地": "三重県尾鷲市中川１８－９", "緯度": 34.066978, "経度": 136.197827, "url": "https://www.iryou.teikyouseido.mhlw.go.jp/znk-web/juminkanja/S2430/initialize?prefCd=24&kikanCd=2242240378&kikanKbn=2", "url2": "sawadanikageka-clinic.jp", "内容": "さわだ内科外科クリニック【2:診療所】【診療科目:内科_感染症内科_性感染症内科_血液・腫瘍内科_血液内科_糖尿病内科_代謝内科_内分泌内科_脂質代謝内科_糖尿病・内分泌内科_糖尿病・代謝内科_代謝・内分泌内科_脳神経内科_呼吸器内科_老年・呼吸器内科_気管食道内科_循環器内科_心臓内科_心臓血管内科_消化器内科_胃腸内科_腎臓内科_肝臓内科_神経内科_腫瘍内科_漢方内科_老年内科_疼痛緩和内科_ペインクリニック内科_アレルギー疾患内科_緩和ケア内科_外科_脳外科_脳・血管外科_呼吸器外科_血管外科_循環器外科_心臓外科_心臓血管外科_消化器外科_胃腸外科_大腸外科_腎臓外科_肝臓外科_膵臓外科_胆のう外科_肝臓・胆のう・膵臓外科_ペインクリニック外科_胸部外科_腹部外科_整形外科_緩和ケア外科_小児科_小児皮膚科_皮膚科_アレルギー科_リウマチ科_救急科】三重県尾鷲市中川１８－９" }, "geometry": { "type": "Point", "coordinates": [ 136.197827, 34.066978 ] } },
{ "type": "Feature", "properties": { "ID": 2422242240379, "正式名称": "つだ皮膚科クリニック", "機関区分": 2, "都道府県コード": 24, "市区町村コード": 202, "所在地": "三重県四日市市市場町字北裏３１１７番８", "緯度": 35.057647, "経度": 136.560807, "url": "https://www.iryou.teikyouseido.mhlw.go.jp/znk-web/juminkanja/S2430/initialize?prefCd=24&kikanCd=2242240379&kikanKbn=2", "url2": "https://tsuda-hifuka.clinic", "内容": "つだ皮膚科クリニック【2:診療所】【診療科目:皮膚科_アレルギー科】三重県四日市市市場町字北裏３１１７番８" }, "geometry": { "type": "Point", "coordinates": [ 136.560807, 35.057647 ] } },
{ "type": "Feature", "properties": { "ID": 2422242240380, "正式名称": "ひさか形成外科美容皮膚科", "機関区分": 2, "都道府県コード": 24, "市区町村コード": 201, "所在地": "三重県津市観音寺町７９９－７　ＴＴＣ医療グループビル３階", "緯度": 34.736847, "経度": 136.50114, "url": "https://www.iryou.teikyouseido.mhlw.go.jp/znk-web/juminkanja/S2430/initialize?prefCd=24&kikanCd=2242240380&kikanKbn=2", "url2": "https://hisaka-clinic.com", "内容": "ひさか形成外科美容皮膚科【2:診療所】【診療科目:形成外科_美容皮膚科】三重県津市観音寺町７９９－７　ＴＴＣ医療グループビル３階" }, "geometry": { "type": "Point", "coordinates": [ 136.50114, 34.736847 ] } },
{ "type": "Feature", "properties": { "ID": 2422242240381, "正式名称": "すぎもと内科クリニック", "機関区分": 2, "都道府県コード": 24, "市区町村コード": 202, "所在地": "三重県四日市市久保田２丁目１４－２６", "緯度": 34.974634, "経度": 136.607531, "url": "https://www.iryou.teikyouseido.mhlw.go.jp/znk-web/juminkanja/S2430/initialize?prefCd=24&kikanCd=2242240381&kikanKbn=2", "url2": "https://sugimoto-clinic-mie.com", "内容": "すぎもと内科クリニック【2:診療所】【診療科目:内科_消化器内科_肝臓内科】三重県四日市市久保田２丁目１４－２６" }, "geometry": { "type": "Point", "coordinates": [ 136.607531, 34.974634 ] } },
{ "type": "Feature", "properties": { "ID": 2422242240382, "正式名称": "はるひ野総合診療クリニック", "機関区分": 2, "都道府県コード": 24, "市区町村コード": 207, "所在地": "三重県鈴鹿市北玉垣町８２３－３", "緯度": 34.865792, "経度": 136.588258, "url": "https://www.iryou.teikyouseido.mhlw.go.jp/znk-web/juminkanja/S2430/initialize?prefCd=24&kikanCd=2242240382&kikanKbn=2", "url2": "https://www.haruhino-fc.jp", "内容": "はるひ野総合診療クリニック【2:診療所】【診療科目:内科_女性内科_小児科】三重県鈴鹿市北玉垣町８２３－３" }, "geometry": { "type": "Point", "coordinates": [ 136.588258, 34.865792 ] } },
{ "type": "Feature", "properties": { "ID": 2422242240383, "正式名称": "なかせ在宅診療所", "機関区分": 2, "都道府県コード": 24, "市区町村コード": 204, "所在地": "三重県松阪市大黒田町字西出１２３８番地３", "緯度": 34.562838, "経度": 136.519838, "url": "https://www.iryou.teikyouseido.mhlw.go.jp/znk-web/juminkanja/S2430/initialize?prefCd=24&kikanCd=2242240383&kikanKbn=2", "url2": "hokuseikai-partners.com/nakase-homecare", "内容": "なかせ在宅診療所【2:診療所】【診療科目:内科_循環器内科_整形外科】三重県松阪市大黒田町字西出１２３８番地３" }, "geometry": { "type": "Point", "coordinates": [ 136.519838, 34.562838 ] } },
{ "type": "Feature", "properties": { "ID": 2422242240384, "正式名称": "ねいろ心クリニック", "機関区分": 2, "都道府県コード": 24, "市区町村コード": 201, "所在地": "三重県津市河芸町中瀬５６　コーポフォーチュンＣ棟１階　１０２号室", "緯度": 34.78277, "経度": 136.535087, "url": "https://www.iryou.teikyouseido.mhlw.go.jp/znk-web/juminkanja/S2430/initialize?prefCd=24&kikanCd=2242240384&kikanKbn=2", "url2": null, "内容": "ねいろ心クリニック【2:診療所】【診療科目:内科_小児科_精神科_心療内科_老年心療内科】三重県津市河芸町中瀬５６　コーポフォーチュンＣ棟１階　１０２号室" }, "geometry": { "type": "Point", "coordinates": [ 136.535087, 34.78277 ] } },
{ "type": "Feature", "properties": { "ID": 2422242240385, "正式名称": "桑名駅前こころのクリニック", "機関区分": 2, "都道府県コード": 24, "市区町村コード": 205, "所在地": "三重県桑名市桑栄町１－１サンファーレ南館１階", "緯度": 35.066827, "経度": 136.68522, "url": "https://www.iryou.teikyouseido.mhlw.go.jp/znk-web/juminkanja/S2430/initialize?prefCd=24&kikanCd=2242240385&kikanKbn=2", "url2": "https://kuwana-kokoro.com", "内容": "桑名駅前こころのクリニック【2:診療所】【診療科目:精神科_心療内科】三重県桑名市桑栄町１－１サンファーレ南館１階" }, "geometry": { "type": "Point", "coordinates": [ 136.68522, 35.066827 ] } },
{ "type": "Feature", "properties": { "ID": 2422242240386, "正式名称": "さや内科・糖尿病クリニック", "機関区分": 2, "都道府県コード": 24, "市区町村コード": 201, "所在地": "三重県津市久居明神町１２００番１", "緯度": 34.691452, "経度": 136.482093, "url": "https://www.iryou.teikyouseido.mhlw.go.jp/znk-web/juminkanja/S2430/initialize?prefCd=24&kikanCd=2242240386&kikanKbn=2", "url2": "https://saya-cl.com", "内容": "さや内科・糖尿病クリニック【2:診療所】【診療科目:内科_糖尿病内科_内分泌内科】三重県津市久居明神町１２００番１" }, "geometry": { "type": "Point", "coordinates": [ 136.482093, 34.691452 ] } },
{ "type": "Feature", "properties": { "ID": 2422242240387, "正式名称": "湯浅整形外科", "機関区分": 2, "都道府県コード": 24, "市区町村コード": 207, "所在地": "三重県鈴鹿市神戸一丁目２－１８", "緯度": 34.883103, "経度": 136.581982, "url": "https://www.iryou.teikyouseido.mhlw.go.jp/znk-web/juminkanja/S2430/initialize?prefCd=24&kikanCd=2242240387&kikanKbn=2", "url2": null, "内容": "湯浅整形外科【2:診療所】【診療科目:整形外科_リウマチ科_リハビリテーション科】三重県鈴鹿市神戸一丁目２－１８" }, "geometry": { "type": "Point", "coordinates": [ 136.581982, 34.883103 ] } },
{ "type": "Feature", "properties": { "ID": 2422242240388, "正式名称": "うれしの太田クリニック", "機関区分": 2, "都道府県コード": 24, "市区町村コード": 204, "所在地": "三重県松阪市嬉野津屋城８３１", "緯度": 34.615674, "経度": 136.500774, "url": "https://www.iryou.teikyouseido.mhlw.go.jp/znk-web/juminkanja/S2430/initialize?prefCd=24&kikanCd=2242240388&kikanKbn=2", "url2": null, "内容": "うれしの太田クリニック【2:診療所】【診療科目:内科】三重県松阪市嬉野津屋城８３１" }, "geometry": { "type": "Point", "coordinates": [ 136.500774, 34.615674 ] } },
{ "type": "Feature", "properties": { "ID": 2422242240389, "正式名称": "医療法人ひかり　中村整形外科皮フ科", "機関区分": 2, "都道府県コード": 24, "市区町村コード": 201, "所在地": "三重県津市半田２０６―１", "緯度": 34.708044, "経度": 136.490189, "url": "https://www.iryou.teikyouseido.mhlw.go.jp/znk-web/juminkanja/S2430/initialize?prefCd=24&kikanCd=2242240389&kikanKbn=2", "url2": "https://tsu-nakamuracl.com/", "内容": "医療法人ひかり　中村整形外科皮フ科【2:診療所】【診療科目:整形外科_小児皮膚科_皮膚科_美容皮膚科_リウマチ科_リハビリテーション科】三重県津市半田２０６―１" }, "geometry": { "type": "Point", "coordinates": [ 136.490189, 34.708044 ] } },
{ "type": "Feature", "properties": { "ID": 2422242240390, "正式名称": "にしかわファミリークリニック", "機関区分": 2, "都道府県コード": 24, "市区町村コード": 204, "所在地": "三重県松阪市嬉野算所町５１５―１", "緯度": 34.615813, "経度": 136.483371, "url": "https://www.iryou.teikyouseido.mhlw.go.jp/znk-web/juminkanja/S2430/initialize?prefCd=24&kikanCd=2242240390&kikanKbn=2", "url2": "https://nishikawa-fc.com", "内容": "にしかわファミリークリニック【2:診療所】【診療科目:内科_消化器内科_内視鏡内科_小児科_美容皮膚科】三重県松阪市嬉野算所町５１５―１" }, "geometry": { "type": "Point", "coordinates": [ 136.483371, 34.615813 ] } },
{ "type": "Feature", "properties": { "ID": 2422242240391, "正式名称": "伊賀おおえ耳鼻咽喉科", "機関区分": 2, "都道府県コード": 24, "市区町村コード": 216, "所在地": "三重県伊賀市上野農人町５３３", "緯度": 34.768555, "経度": 136.138103, "url": "https://www.iryou.teikyouseido.mhlw.go.jp/znk-web/juminkanja/S2430/initialize?prefCd=24&kikanCd=2242240391&kikanKbn=2", "url2": "https://igaoe-ent.com", "内容": "伊賀おおえ耳鼻咽喉科【2:診療所】【診療科目:耳鼻いんこう科】三重県伊賀市上野農人町５３３" }, "geometry": { "type": "Point", "coordinates": [ 136.138103, 34.768555 ] } },
{ "type": "Feature", "properties": { "ID": 2422242240392, "正式名称": "四日市かすみクリニック", "機関区分": 2, "都道府県コード": 24, "市区町村コード": 202, "所在地": "三重県四日市市八田１丁目１８５９番", "緯度": 34.991449, "経度": 136.638128, "url": "https://www.iryou.teikyouseido.mhlw.go.jp/znk-web/juminkanja/S2430/initialize?prefCd=24&kikanCd=2242240392&kikanKbn=2", "url2": "https://yokkaichi-kasumi-clinic.jp", "内容": "四日市かすみクリニック【2:診療所】【診療科目:内科_循環器内科_皮膚科_美容皮膚科】三重県四日市市八田１丁目１８５９番" }, "geometry": { "type": "Point", "coordinates": [ 136.638128, 34.991449 ] } },
{ "type": "Feature", "properties": { "ID": 2422242240393, "正式名称": "社会福祉法人素問会　芹の里クリニック", "機関区分": 2, "都道府県コード": 24, "市区町村コード": 201, "所在地": "三重県津市久居井戸山町７０７―３", "緯度": 34.668452, "経度": 136.483214, "url": "https://www.iryou.teikyouseido.mhlw.go.jp/znk-web/juminkanja/S2430/initialize?prefCd=24&kikanCd=2242240393&kikanKbn=2", "url2": null, "内容": "社会福祉法人素問会　芹の里クリニック【2:診療所】【診療科目:内科_精神科_心療内科_老年精神科_老年心療内科】三重県津市久居井戸山町７０７―３" }, "geometry": { "type": "Point", "coordinates": [ 136.483214, 34.668452 ] } },
{ "type": "Feature", "properties": { "ID": 2422242240394, "正式名称": "ル・シエルクリニック", "機関区分": 2, "都道府県コード": 24, "市区町村コード": 202, "所在地": "三重県四日市市西富田町３２２番地の１", "緯度": 35.012661, "経度": 136.648904, "url": "https://www.iryou.teikyouseido.mhlw.go.jp/znk-web/juminkanja/S2430/initialize?prefCd=24&kikanCd=2242240394&kikanKbn=2", "url2": null, "内容": "ル・シエルクリニック【2:診療所】【診療科目:内科】三重県四日市市西富田町３２２番地の１" }, "geometry": { "type": "Point", "coordinates": [ 136.648904, 35.012661 ] } },
{ "type": "Feature", "properties": { "ID": 2422242240395, "正式名称": "中村未病クリニック", "機関区分": 2, "都道府県コード": 24, "市区町村コード": 201, "所在地": "三重県津市藤方２８―１０１", "緯度": 34.680157, "経度": 136.504344, "url": "https://www.iryou.teikyouseido.mhlw.go.jp/znk-web/juminkanja/S2430/initialize?prefCd=24&kikanCd=2242240395&kikanKbn=2", "url2": null, "内容": "中村未病クリニック【2:診療所】【診療科目:内科_美容皮膚科】三重県津市藤方２８―１０１" }, "geometry": { "type": "Point", "coordinates": [ 136.504344, 34.680157 ] } },
{ "type": "Feature", "properties": { "ID": 2422242240396, "正式名称": "きた整形外科クリニック", "機関区分": 2, "都道府県コード": 24, "市区町村コード": 208, "所在地": "三重県名張市夏見１１３―１", "緯度": 34.616769, "経度": 136.098772, "url": "https://www.iryou.teikyouseido.mhlw.go.jp/znk-web/juminkanja/S2430/initialize?prefCd=24&kikanCd=2242240396&kikanKbn=2", "url2": null, "内容": "きた整形外科クリニック【2:診療所】【診療科目:整形外科_リハビリテーション科】三重県名張市夏見１１３―１" }, "geometry": { "type": "Point", "coordinates": [ 136.098772, 34.616769 ] } },
{ "type": "Feature", "properties": { "ID": 2422242240398, "正式名称": "医療法人社団　久保内科診療所", "機関区分": 2, "都道府県コード": 24, "市区町村コード": 203, "所在地": "三重県伊勢市一之木３―５―１３", "緯度": 34.496779, "経度": 136.704749, "url": "https://www.iryou.teikyouseido.mhlw.go.jp/znk-web/juminkanja/S2430/initialize?prefCd=24&kikanCd=2242240398&kikanKbn=2", "url2": null, "内容": "医療法人社団　久保内科診療所【2:診療所】【診療科目:内科】三重県伊勢市一之木３―５―１３" }, "geometry": { "type": "Point", "coordinates": [ 136.704749, 34.496779 ] } },
{ "type": "Feature", "properties": { "ID": 2422242240399, "正式名称": "医療法人おおた内科循環器科", "機関区分": 2, "都道府県コード": 24, "市区町村コード": 341, "所在地": "三重県三重郡菰野町田口新田２９０９―５", "緯度": 35.087233, "経度": 136.517968, "url": "https://www.iryou.teikyouseido.mhlw.go.jp/znk-web/juminkanja/S2430/initialize?prefCd=24&kikanCd=2242240399&kikanKbn=2", "url2": null, "内容": "医療法人おおた内科循環器科【2:診療所】【診療科目:内科_循環器内科】三重県三重郡菰野町田口新田２９０９―５" }, "geometry": { "type": "Point", "coordinates": [ 136.517968, 35.087233 ] } },
{ "type": "Feature", "properties": { "ID": 2422242240400, "正式名称": "おばた整形外科クリニック", "機関区分": 2, "都道府県コード": 24, "市区町村コード": 202, "所在地": "三重県四日市市天カ須賀５丁目４番１３号", "緯度": 35.015433, "経度": 136.665844, "url": "https://www.iryou.teikyouseido.mhlw.go.jp/znk-web/juminkanja/S2430/initialize?prefCd=24&kikanCd=2242240400&kikanKbn=2", "url2": null, "内容": "おばた整形外科クリニック【2:診療所】【診療科目:整形外科_リハビリテーション科】三重県四日市市天カ須賀５丁目４番１３号" }, "geometry": { "type": "Point", "coordinates": [ 136.665844, 35.015433 ] } },
{ "type": "Feature", "properties": { "ID": 2422242240403, "正式名称": "やましたこどもクリニック", "機関区分": 2, "都道府県コード": 24, "市区町村コード": 343, "所在地": "三重県三重郡朝日町縄生６５１", "緯度": 35.039838, "経度": 136.670558, "url": "https://www.iryou.teikyouseido.mhlw.go.jp/znk-web/juminkanja/S2430/initialize?prefCd=24&kikanCd=2242240403&kikanKbn=2", "url2": "https://www.yamashitakidscl.jp", "内容": "やましたこどもクリニック【2:診療所】【診療科目:小児科】三重県三重郡朝日町縄生６５１" }, "geometry": { "type": "Point", "coordinates": [ 136.670558, 35.039838 ] } },
{ "type": "Feature", "properties": { "ID": 2422242240404, "正式名称": "三重美容クリニック", "機関区分": 2, "都道府県コード": 24, "市区町村コード": 201, "所在地": "三重県津市高茶屋小森町１７６―１", "緯度": 34.66925, "経度": 136.514683, "url": "https://www.iryou.teikyouseido.mhlw.go.jp/znk-web/juminkanja/S2430/initialize?prefCd=24&kikanCd=2242240404&kikanKbn=2", "url2": "https://miebeauty.jp", "内容": "三重美容クリニック【2:診療所】【診療科目:美容外科_美容皮膚科】三重県津市高茶屋小森町１７６―１" }, "geometry": { "type": "Point", "coordinates": [ 136.514683, 34.66925 ] } },
{ "type": "Feature", "properties": { "ID": 2422242240406, "正式名称": "ベルケアクリニック", "機関区分": 2, "都道府県コード": 24, "市区町村コード": 207, "所在地": "三重県鈴鹿市加佐登３－１０－３７", "緯度": 34.893665, "経度": 136.527784, "url": "https://www.iryou.teikyouseido.mhlw.go.jp/znk-web/juminkanja/S2430/initialize?prefCd=24&kikanCd=2242240406&kikanKbn=2", "url2": null, "内容": "ベルケアクリニック【2:診療所】【診療科目:内科_皮膚科_精神科】三重県鈴鹿市加佐登３－１０－３７" }, "geometry": { "type": "Point", "coordinates": [ 136.527784, 34.893665 ] } },
{ "type": "Feature", "properties": { "ID": 2422242240408, "正式名称": "うじやまだ内科クリニック", "機関区分": 2, "都道府県コード": 24, "市区町村コード": 203, "所在地": "三重県伊勢市岩渕１丁目１３―３", "緯度": 34.488852, "経度": 136.712092, "url": "https://www.iryou.teikyouseido.mhlw.go.jp/znk-web/juminkanja/S2430/initialize?prefCd=24&kikanCd=2242240408&kikanKbn=2", "url2": "ujiyamada.neto", "内容": "うじやまだ内科クリニック【2:診療所】【診療科目:内科_呼吸器内科_老年・呼吸器内科_循環器内科_消化器内科】三重県伊勢市岩渕１丁目１３―３" }, "geometry": { "type": "Point", "coordinates": [ 136.712092, 34.488852 ] } },
{ "type": "Feature", "properties": { "ID": 2422242240409, "正式名称": "はっとり内科外科クリニック", "機関区分": 2, "都道府県コード": 24, "市区町村コード": 202, "所在地": "三重県四日市市市場町３１１７―１", "緯度": 35.050283, "経度": 136.561344, "url": "https://www.iryou.teikyouseido.mhlw.go.jp/znk-web/juminkanja/S2430/initialize?prefCd=24&kikanCd=2242240409&kikanKbn=2", "url2": "hattori.clinic", "内容": "はっとり内科外科クリニック【2:診療所】【診療科目:内科_消化器内科_外科_血管外科】三重県四日市市市場町３１１７―１" }, "geometry": { "type": "Point", "coordinates": [ 136.561344, 35.050283 ] } },
{ "type": "Feature", "properties": { "ID": 2422242240410, "正式名称": "よっかいち心身クリニック", "機関区分": 2, "都道府県コード": 24, "市区町村コード": 202, "所在地": "三重県四日市市生桑町８９―１", "緯度": 34.99092, "経度": 136.602849, "url": "https://www.iryou.teikyouseido.mhlw.go.jp/znk-web/juminkanja/S2430/initialize?prefCd=24&kikanCd=2242240410&kikanKbn=2", "url2": "https://www.shinshin-ckunic.com/", "内容": "よっかいち心身クリニック【2:診療所】【診療科目:内科_児童精神科_皮膚科_精神科_心療内科_老年精神科_老年心療内科】三重県四日市市生桑町８９―１" }, "geometry": { "type": "Point", "coordinates": [ 136.602849, 34.99092 ] } },
{ "type": "Feature", "properties": { "ID": 2422242240415, "正式名称": "津かわもと救急・内科クリニック", "機関区分": 2, "都道府県コード": 24, "市区町村コード": 201, "所在地": "三重県津市大里窪田町字下沢２８６２―１", "緯度": 34.764699, "経度": 136.505557, "url": "https://www.iryou.teikyouseido.mhlw.go.jp/znk-web/juminkanja/S2430/initialize?prefCd=24&kikanCd=2242240415&kikanKbn=2", "url2": "kawamoto-clinic.jp", "内容": "津かわもと救急・内科クリニック【2:診療所】【診療科目:内科_救急科_麻酔科】三重県津市大里窪田町字下沢２８６２―１" }, "geometry": { "type": "Point", "coordinates": [ 136.505557, 34.764699 ] } },
{ "type": "Feature", "properties": { "ID": 2422242240416, "正式名称": "本町内科クリニック", "機関区分": 2, "都道府県コード": 24, "市区町村コード": 204, "所在地": "三重県松阪市本町２１９５－１", "緯度": 34.579994, "経度": 136.529168, "url": "https://www.iryou.teikyouseido.mhlw.go.jp/znk-web/juminkanja/S2430/initialize?prefCd=24&kikanCd=2242240416&kikanKbn=2", "url2": "https://honmachi-naika.com", "内容": "本町内科クリニック【2:診療所】【診療科目:内科_糖尿病・内分泌内科_呼吸器内科】三重県松阪市本町２１９５－１" }, "geometry": { "type": "Point", "coordinates": [ 136.529168, 34.579994 ] } },
{ "type": "Feature", "properties": { "ID": 2422242240417, "正式名称": "紀南病院附属浅里診療所", "機関区分": 2, "都道府県コード": 24, "市区町村コード": 562, "所在地": "三重県南牟婁郡紀宝町浅里１６６７－６", "緯度": 33.762222, "経度": 135.933142, "url": "https://www.iryou.teikyouseido.mhlw.go.jp/znk-web/juminkanja/S2430/initialize?prefCd=24&kikanCd=2242240417&kikanKbn=2", "url2": null, "内容": "紀南病院附属浅里診療所【2:診療所】【診療科目:内科_外科】三重県南牟婁郡紀宝町浅里１６６７－６" }, "geometry": { "type": "Point", "coordinates": [ 135.933142, 33.762222 ] } },
{ "type": "Feature", "properties": { "ID": 2422242240418, "正式名称": "濵口医院", "機関区分": 2, "都道府県コード": 24, "市区町村コード": 203, "所在地": "三重県伊勢市神社港２６３番地", "緯度": 34.512748, "経度": 136.735677, "url": "https://www.iryou.teikyouseido.mhlw.go.jp/znk-web/juminkanja/S2430/initialize?prefCd=24&kikanCd=2242240418&kikanKbn=2", "url2": null, "内容": "濵口医院【2:診療所】【診療科目:内科】三重県伊勢市神社港２６３番地" }, "geometry": { "type": "Point", "coordinates": [ 136.735677, 34.512748 ] } },
{ "type": "Feature", "properties": { "ID": 2422242240419, "正式名称": "みずの皮フ科クリニック", "機関区分": 2, "都道府県コード": 24, "市区町村コード": 203, "所在地": "三重県伊勢市小俣町本町３５３４番地", "緯度": 34.502274, "経度": 136.666912, "url": "https://www.iryou.teikyouseido.mhlw.go.jp/znk-web/juminkanja/S2430/initialize?prefCd=24&kikanCd=2242240419&kikanKbn=2", "url2": "http://mizuhohifuka.com", "内容": "みずの皮フ科クリニック【2:診療所】【診療科目:皮膚科_美容皮膚科_アレルギー科】三重県伊勢市小俣町本町３５３４番地" }, "geometry": { "type": "Point", "coordinates": [ 136.666912, 34.502274 ] } },
{ "type": "Feature", "properties": { "ID": 2422242255100, "正式名称": "青空はやしクリニック", "機関区分": 2, "都道府県コード": 24, "市区町村コード": 204, "所在地": "三重県松阪市中町６丁目２０３６－１", "緯度": 34.578072, "経度": 136.533391, "url": "https://www.iryou.teikyouseido.mhlw.go.jp/znk-web/juminkanja/S2430/initialize?prefCd=24&kikanCd=2242255100&kikanKbn=2", "url2": "https://aozorahayashi.com", "内容": "青空はやしクリニック【2:診療所】【診療科目:内科_呼吸器内科_外科】三重県松阪市中町６丁目２０３６－１" }, "geometry": { "type": "Point", "coordinates": [ 136.533391, 34.578072 ] } },
{ "type": "Feature", "properties": { "ID": 2422242255200, "正式名称": "ひろか内科・糖尿病甲状腺クリニック", "機関区分": 2, "都道府県コード": 24, "市区町村コード": 204, "所在地": "三重県松阪市豊原町２９５－１７", "緯度": 34.54641, "経度": 136.577317, "url": "https://www.iryou.teikyouseido.mhlw.go.jp/znk-web/juminkanja/S2430/initialize?prefCd=24&kikanCd=2242255200&kikanKbn=2", "url2": "https://hiroka-clinic.com", "内容": "ひろか内科・糖尿病甲状腺クリニック【2:診療所】【診療科目:内科_糖尿病内科_代謝内科_内分泌内科_脂質代謝内科_糖尿病・内分泌内科_糖尿病・代謝内科_代謝・内分泌内科】三重県松阪市豊原町２９５－１７" }, "geometry": { "type": "Point", "coordinates": [ 136.577317, 34.54641 ] } }
]
}
