{
"type": "FeatureCollection",
"name": "geo_24_3",
"crs": { "type": "name", "properties": { "name": "urn:ogc:def:crs:OGC:1.3:CRS84" } },
"features": [
{ "type": "Feature", "properties": { "ID": 2433240000010, "正式名称": "青山歯科診療所", "機関区分": 3, "都道府県コード": 24, "市区町村コード": 216, "所在地": "三重県伊賀市阿保４２－１", "緯度": 34.67299, "経度": 136.177996, "url": "https://www.iryou.teikyouseido.mhlw.go.jp/znk-web/juminkanja/S2430/initialize?prefCd=24&kikanCd=3240000010&kikanKbn=3", "url2": null, "内容": "青山歯科診療所【3:歯科】三重県伊賀市阿保４２－１" }, "geometry": { "type": "Point", "coordinates": [ 136.177996, 34.67299 ] } },
{ "type": "Feature", "properties": { "ID": 2433240000030, "正式名称": "浅野歯科医院", "機関区分": 3, "都道府県コード": 24, "市区町村コード": 202, "所在地": "三重県四日市市赤堀１－３－３３", "緯度": 34.960217, "経度": 136.613225, "url": "https://www.iryou.teikyouseido.mhlw.go.jp/znk-web/juminkanja/S2430/initialize?prefCd=24&kikanCd=3240000030&kikanKbn=3", "url2": "http://www.asanoshika.com/", "内容": "浅野歯科医院【3:歯科】三重県四日市市赤堀１－３－３３" }, "geometry": { "type": "Point", "coordinates": [ 136.613225, 34.960217 ] } },
{ "type": "Feature", "properties": { "ID": 2433240000040, "正式名称": "アップル歯科", "機関区分": 3, "都道府県コード": 24, "市区町村コード": 205, "所在地": "三重県桑名市大福４７２－２", "緯度": 35.045737, "経度": 136.685909, "url": "https://www.iryou.teikyouseido.mhlw.go.jp/znk-web/juminkanja/S2430/initialize?prefCd=24&kikanCd=3240000040&kikanKbn=3", "url2": null, "内容": "アップル歯科【3:歯科】三重県桑名市大福４７２－２" }, "geometry": { "type": "Point", "coordinates": [ 136.685909, 35.045737 ] } },
{ "type": "Feature", "properties": { "ID": 2433240000050, "正式名称": "医療法人　フルーツ", "機関区分": 3, "都道府県コード": 24, "市区町村コード": 208, "所在地": "三重県名張市下比奈知黒田３１００－１　ＭＥＧＡドン・キホーテＵＮＹ名張店１Ｆ", "緯度": 34.629272, "経度": 136.125253, "url": "https://www.iryou.teikyouseido.mhlw.go.jp/znk-web/juminkanja/S2430/initialize?prefCd=24&kikanCd=3240000050&kikanKbn=3", "url2": "http://www.apple-fruit.com/", "内容": "医療法人　フルーツ【3:歯科】三重県名張市下比奈知黒田３１００－１　ＭＥＧＡドン・キホーテＵＮＹ名張店１Ｆ" }, "geometry": { "type": "Point", "coordinates": [ 136.125253, 34.629272 ] } },
{ "type": "Feature", "properties": { "ID": 2433240000080, "正式名称": "稲浜歯科医院", "機関区分": 3, "都道府県コード": 24, "市区町村コード": 216, "所在地": "三重県伊賀市上野片原町２７７３", "緯度": 34.766091, "経度": 136.132607, "url": "https://www.iryou.teikyouseido.mhlw.go.jp/znk-web/juminkanja/S2430/initialize?prefCd=24&kikanCd=3240000080&kikanKbn=3", "url2": "http://inahama-shika.com", "内容": "稲浜歯科医院【3:歯科】三重県伊賀市上野片原町２７７３" }, "geometry": { "type": "Point", "coordinates": [ 136.132607, 34.766091 ] } },
{ "type": "Feature", "properties": { "ID": 2433240000090, "正式名称": "稲森歯科医院", "機関区分": 3, "都道府県コード": 24, "市区町村コード": 201, "所在地": "三重県津市白山町川口４２－１", "緯度": 34.637053, "経度": 136.340179, "url": "https://www.iryou.teikyouseido.mhlw.go.jp/znk-web/juminkanja/S2430/initialize?prefCd=24&kikanCd=3240000090&kikanKbn=3", "url2": "http://www.zb.ztv.ne.jp/inlay33inlay", "内容": "稲森歯科医院【3:歯科】三重県津市白山町川口４２－１" }, "geometry": { "type": "Point", "coordinates": [ 136.340179, 34.637053 ] } },
{ "type": "Feature", "properties": { "ID": 2433240000100, "正式名称": "いのうえ歯科医院", "機関区分": 3, "都道府県コード": 24, "市区町村コード": 203, "所在地": "三重県伊勢市西豊浜町２０１０－３", "緯度": 34.519933, "経度": 136.696599, "url": "https://www.iryou.teikyouseido.mhlw.go.jp/znk-web/juminkanja/S2430/initialize?prefCd=24&kikanCd=3240000100&kikanKbn=3", "url2": null, "内容": "いのうえ歯科医院【3:歯科】三重県伊勢市西豊浜町２０１０－３" }, "geometry": { "type": "Point", "coordinates": [ 136.696599, 34.519933 ] } },
{ "type": "Feature", "properties": { "ID": 2433240000110, "正式名称": "今井歯科医院", "機関区分": 3, "都道府県コード": 24, "市区町村コード": 543, "所在地": "三重県北牟婁郡紀北町相賀１９５２", "緯度": 34.109079, "経度": 136.228073, "url": "https://www.iryou.teikyouseido.mhlw.go.jp/znk-web/juminkanja/S2430/initialize?prefCd=24&kikanCd=3240000110&kikanKbn=3", "url2": null, "内容": "今井歯科医院【3:歯科】三重県北牟婁郡紀北町相賀１９５２" }, "geometry": { "type": "Point", "coordinates": [ 136.228073, 34.109079 ] } },
{ "type": "Feature", "properties": { "ID": 2433240000120, "正式名称": "いらご歯科医院", "機関区分": 3, "都道府県コード": 24, "市区町村コード": 203, "所在地": "三重県伊勢市神久１－４－３０", "緯度": 34.489159, "経度": 136.718571, "url": "https://www.iryou.teikyouseido.mhlw.go.jp/znk-web/juminkanja/S2430/initialize?prefCd=24&kikanCd=3240000120&kikanKbn=3", "url2": null, "内容": "いらご歯科医院【3:歯科】三重県伊勢市神久１－４－３０" }, "geometry": { "type": "Point", "coordinates": [ 136.718571, 34.489159 ] } },
{ "type": "Feature", "properties": { "ID": 2433240000130, "正式名称": "岩崎歯科医院", "機関区分": 3, "都道府県コード": 24, "市区町村コード": 201, "所在地": "三重県津市河芸町東千里２２－１", "緯度": 34.803011, "経度": 136.552653, "url": "https://www.iryou.teikyouseido.mhlw.go.jp/znk-web/juminkanja/S2430/initialize?prefCd=24&kikanCd=3240000130&kikanKbn=3", "url2": null, "内容": "岩崎歯科医院【3:歯科】三重県津市河芸町東千里２２－１" }, "geometry": { "type": "Point", "coordinates": [ 136.552653, 34.803011 ] } },
{ "type": "Feature", "properties": { "ID": 2433240000140, "正式名称": "岩沢歯科", "機関区分": 3, "都道府県コード": 24, "市区町村コード": 207, "所在地": "三重県鈴鹿市白子３－２－１２　宮原ビル　１階", "緯度": 34.832286, "経度": 136.587149, "url": "https://www.iryou.teikyouseido.mhlw.go.jp/znk-web/juminkanja/S2430/initialize?prefCd=24&kikanCd=3240000140&kikanKbn=3", "url2": null, "内容": "岩沢歯科【3:歯科】三重県鈴鹿市白子３－２－１２　宮原ビル　１階" }, "geometry": { "type": "Point", "coordinates": [ 136.587149, 34.832286 ] } },
{ "type": "Feature", "properties": { "ID": 2433240000150, "正式名称": "うえばやし歯科医院", "機関区分": 3, "都道府県コード": 24, "市区町村コード": 204, "所在地": "三重県松阪市豊原町２８３－１", "緯度": 34.546567, "経度": 136.578608, "url": "https://www.iryou.teikyouseido.mhlw.go.jp/znk-web/juminkanja/S2430/initialize?prefCd=24&kikanCd=3240000150&kikanKbn=3", "url2": "https://uebayashi-shika.cihp2.jp/", "内容": "うえばやし歯科医院【3:歯科】三重県松阪市豊原町２８３－１" }, "geometry": { "type": "Point", "coordinates": [ 136.578608, 34.546567 ] } },
{ "type": "Feature", "properties": { "ID": 2433240000160, "正式名称": "医療法人　オリーブ会　右京歯科", "機関区分": 3, "都道府県コード": 24, "市区町村コード": 203, "所在地": "三重県伊勢市小木町５５８－１", "緯度": 34.505129, "経度": 136.723986, "url": "https://www.iryou.teikyouseido.mhlw.go.jp/znk-web/juminkanja/S2430/initialize?prefCd=24&kikanCd=3240000160&kikanKbn=3", "url2": null, "内容": "医療法人　オリーブ会　右京歯科【3:歯科】三重県伊勢市小木町５５８－１" }, "geometry": { "type": "Point", "coordinates": [ 136.723986, 34.505129 ] } },
{ "type": "Feature", "properties": { "ID": 2433240000180, "正式名称": "太田歯科医院", "機関区分": 3, "都道府県コード": 24, "市区町村コード": 201, "所在地": "三重県津市東丸之内１８－４０", "緯度": 34.71577, "経度": 136.511966, "url": "https://www.iryou.teikyouseido.mhlw.go.jp/znk-web/juminkanja/S2430/initialize?prefCd=24&kikanCd=3240000180&kikanKbn=3", "url2": null, "内容": "太田歯科医院【3:歯科】三重県津市東丸之内１８－４０" }, "geometry": { "type": "Point", "coordinates": [ 136.511966, 34.71577 ] } },
{ "type": "Feature", "properties": { "ID": 2433240000190, "正式名称": "大山歯科医院", "機関区分": 3, "都道府県コード": 24, "市区町村コード": 203, "所在地": "三重県伊勢市小俣町湯田５９０", "緯度": 34.507239, "経度": 136.649353, "url": "https://www.iryou.teikyouseido.mhlw.go.jp/znk-web/juminkanja/S2430/initialize?prefCd=24&kikanCd=3240000190&kikanKbn=3", "url2": null, "内容": "大山歯科医院【3:歯科】三重県伊勢市小俣町湯田５９０" }, "geometry": { "type": "Point", "coordinates": [ 136.649353, 34.507239 ] } },
{ "type": "Feature", "properties": { "ID": 2433240000230, "正式名称": "柿沢歯科クリニック", "機関区分": 3, "都道府県コード": 24, "市区町村コード": 343, "所在地": "三重県三重郡朝日町柿５４１", "緯度": 35.031738, "経度": 136.666911, "url": "https://www.iryou.teikyouseido.mhlw.go.jp/znk-web/juminkanja/S2430/initialize?prefCd=24&kikanCd=3240000230&kikanKbn=3", "url2": null, "内容": "柿沢歯科クリニック【3:歯科】三重県三重郡朝日町柿５４１" }, "geometry": { "type": "Point", "coordinates": [ 136.666911, 35.031738 ] } },
{ "type": "Feature", "properties": { "ID": 2433240000240, "正式名称": "学園前歯科医院", "機関区分": 3, "都道府県コード": 24, "市区町村コード": 204, "所在地": "三重県松阪市下村町８１３－２", "緯度": 34.55276, "経度": 136.543749, "url": "https://www.iryou.teikyouseido.mhlw.go.jp/znk-web/juminkanja/S2430/initialize?prefCd=24&kikanCd=3240000240&kikanKbn=3", "url2": null, "内容": "学園前歯科医院【3:歯科】三重県松阪市下村町８１３－２" }, "geometry": { "type": "Point", "coordinates": [ 136.543749, 34.55276 ] } },
{ "type": "Feature", "properties": { "ID": 2433240000250, "正式名称": "かたやま歯科", "機関区分": 3, "都道府県コード": 24, "市区町村コード": 202, "所在地": "三重県四日市市松原町３４－１０", "緯度": 35.012907, "経度": 136.652524, "url": "https://www.iryou.teikyouseido.mhlw.go.jp/znk-web/juminkanja/S2430/initialize?prefCd=24&kikanCd=3240000250&kikanKbn=3", "url2": "http://www.katayama-dc.jp/pc/", "内容": "かたやま歯科【3:歯科】三重県四日市市松原町３４－１０" }, "geometry": { "type": "Point", "coordinates": [ 136.652524, 35.012907 ] } },
{ "type": "Feature", "properties": { "ID": 2433240000260, "正式名称": "かとう歯科", "機関区分": 3, "都道府県コード": 24, "市区町村コード": 202, "所在地": "三重県四日市市波木町２１５－１", "緯度": 34.939525, "経度": 136.57634, "url": "https://www.iryou.teikyouseido.mhlw.go.jp/znk-web/juminkanja/S2430/initialize?prefCd=24&kikanCd=3240000260&kikanKbn=3", "url2": "https://katou-dental.com/", "内容": "かとう歯科【3:歯科】三重県四日市市波木町２１５－１" }, "geometry": { "type": "Point", "coordinates": [ 136.57634, 34.939525 ] } },
{ "type": "Feature", "properties": { "ID": 2433240000270, "正式名称": "加藤歯科", "機関区分": 3, "都道府県コード": 24, "市区町村コード": 201, "所在地": "三重県津市久居本町１３５１", "緯度": 34.674745, "経度": 136.472055, "url": "https://www.iryou.teikyouseido.mhlw.go.jp/znk-web/juminkanja/S2430/initialize?prefCd=24&kikanCd=3240000270&kikanKbn=3", "url2": null, "内容": "加藤歯科【3:歯科】三重県津市久居本町１３５１" }, "geometry": { "type": "Point", "coordinates": [ 136.472055, 34.674745 ] } },
{ "type": "Feature", "properties": { "ID": 2433240000280, "正式名称": "加藤歯科医院", "機関区分": 3, "都道府県コード": 24, "市区町村コード": 209, "所在地": "三重県尾鷲市中村町８－１９", "緯度": 34.073444, "経度": 136.190634, "url": "https://www.iryou.teikyouseido.mhlw.go.jp/znk-web/juminkanja/S2430/initialize?prefCd=24&kikanCd=3240000280&kikanKbn=3", "url2": null, "内容": "加藤歯科医院【3:歯科】三重県尾鷲市中村町８－１９" }, "geometry": { "type": "Point", "coordinates": [ 136.190634, 34.073444 ] } },
{ "type": "Feature", "properties": { "ID": 2433240000290, "正式名称": "医療法人社団　亀井歯科医院", "機関区分": 3, "都道府県コード": 24, "市区町村コード": 208, "所在地": "三重県名張市つつじが丘北５番町７５", "緯度": 34.607524, "経度": 136.132558, "url": "https://www.iryou.teikyouseido.mhlw.go.jp/znk-web/juminkanja/S2430/initialize?prefCd=24&kikanCd=3240000290&kikanKbn=3", "url2": null, "内容": "医療法人社団　亀井歯科医院【3:歯科】三重県名張市つつじが丘北５番町７５" }, "geometry": { "type": "Point", "coordinates": [ 136.132558, 34.607524 ] } },
{ "type": "Feature", "properties": { "ID": 2433240000300, "正式名称": "かわつら歯科医院", "機関区分": 3, "都道府県コード": 24, "市区町村コード": 215, "所在地": "三重県志摩市大王町波切３０７８－５", "緯度": 34.284406, "経度": 136.881928, "url": "https://www.iryou.teikyouseido.mhlw.go.jp/znk-web/juminkanja/S2430/initialize?prefCd=24&kikanCd=3240000300&kikanKbn=3", "url2": null, "内容": "かわつら歯科医院【3:歯科】三重県志摩市大王町波切３０７８－５" }, "geometry": { "type": "Point", "coordinates": [ 136.881928, 34.284406 ] } },
{ "type": "Feature", "properties": { "ID": 2433240000320, "正式名称": "かわむら歯科医院", "機関区分": 3, "都道府県コード": 24, "市区町村コード": 202, "所在地": "三重県四日市市曽井町東門田６０－１", "緯度": 34.981687, "経度": 136.578421, "url": "https://www.iryou.teikyouseido.mhlw.go.jp/znk-web/juminkanja/S2430/initialize?prefCd=24&kikanCd=3240000320&kikanKbn=3", "url2": "http://www.kawamura-dc.net", "内容": "かわむら歯科医院【3:歯科】三重県四日市市曽井町東門田６０－１" }, "geometry": { "type": "Point", "coordinates": [ 136.578421, 34.981687 ] } },
{ "type": "Feature", "properties": { "ID": 2433240000330, "正式名称": "カワラダ歯科・口腔外科", "機関区分": 3, "都道府県コード": 24, "市区町村コード": 201, "所在地": "三重県津市新町２－５－５２", "緯度": 34.716991, "経度": 136.496412, "url": "https://www.iryou.teikyouseido.mhlw.go.jp/znk-web/juminkanja/S2430/initialize?prefCd=24&kikanCd=3240000330&kikanKbn=3", "url2": "http://kawarada.net/", "内容": "カワラダ歯科・口腔外科【3:歯科】三重県津市新町２－５－５２" }, "geometry": { "type": "Point", "coordinates": [ 136.496412, 34.716991 ] } },
{ "type": "Feature", "properties": { "ID": 2433240000350, "正式名称": "きの歯科医院", "機関区分": 3, "都道府県コード": 24, "市区町村コード": 208, "所在地": "三重県名張市梅が丘南１番町２０５", "緯度": 34.636215, "経度": 136.090255, "url": "https://www.iryou.teikyouseido.mhlw.go.jp/znk-web/juminkanja/S2430/initialize?prefCd=24&kikanCd=3240000350&kikanKbn=3", "url2": null, "内容": "きの歯科医院【3:歯科】三重県名張市梅が丘南１番町２０５" }, "geometry": { "type": "Point", "coordinates": [ 136.090255, 34.636215 ] } },
{ "type": "Feature", "properties": { "ID": 2433240000360, "正式名称": "久保歯科医院", "機関区分": 3, "都道府県コード": 24, "市区町村コード": 211, "所在地": "三重県鳥羽市船津町１１６３", "緯度": 34.461053, "経度": 136.843895, "url": "https://www.iryou.teikyouseido.mhlw.go.jp/znk-web/juminkanja/S2430/initialize?prefCd=24&kikanCd=3240000360&kikanKbn=3", "url2": null, "内容": "久保歯科医院【3:歯科】三重県鳥羽市船津町１１６３" }, "geometry": { "type": "Point", "coordinates": [ 136.843895, 34.461053 ] } },
{ "type": "Feature", "properties": { "ID": 2433240000370, "正式名称": "くまがい歯科医院", "機関区分": 3, "都道府県コード": 24, "市区町村コード": 203, "所在地": "三重県伊勢市旭町３９８－７", "緯度": 34.477076, "経度": 136.701573, "url": "https://www.iryou.teikyouseido.mhlw.go.jp/znk-web/juminkanja/S2430/initialize?prefCd=24&kikanCd=3240000370&kikanKbn=3", "url2": null, "内容": "くまがい歯科医院【3:歯科】三重県伊勢市旭町３９８－７" }, "geometry": { "type": "Point", "coordinates": [ 136.701573, 34.477076 ] } },
{ "type": "Feature", "properties": { "ID": 2433240000390, "正式名称": "こんどう歯科・矯正歯科", "機関区分": 3, "都道府県コード": 24, "市区町村コード": 202, "所在地": "三重県四日市市松本３－１０－２", "緯度": 34.968994, "経度": 136.589976, "url": "https://www.iryou.teikyouseido.mhlw.go.jp/znk-web/juminkanja/S2430/initialize?prefCd=24&kikanCd=3240000390&kikanKbn=3", "url2": "http://kondo-dent.com", "内容": "こんどう歯科・矯正歯科【3:歯科】三重県四日市市松本３－１０－２" }, "geometry": { "type": "Point", "coordinates": [ 136.589976, 34.968994 ] } },
{ "type": "Feature", "properties": { "ID": 2433240000440, "正式名称": "医療法人　佐藤歯科医院", "機関区分": 3, "都道府県コード": 24, "市区町村コード": 201, "所在地": "三重県津市上浜町２－１９６－１", "緯度": 34.739462, "経度": 136.515632, "url": "https://www.iryou.teikyouseido.mhlw.go.jp/znk-web/juminkanja/S2430/initialize?prefCd=24&kikanCd=3240000440&kikanKbn=3", "url2": "http://www.sato-dental.com", "内容": "医療法人　佐藤歯科医院【3:歯科】三重県津市上浜町２－１９６－１" }, "geometry": { "type": "Point", "coordinates": [ 136.515632, 34.739462 ] } },
{ "type": "Feature", "properties": { "ID": 2433240000450, "正式名称": "歯科武田医院", "機関区分": 3, "都道府県コード": 24, "市区町村コード": 216, "所在地": "三重県伊賀市上野桑町１９９１", "緯度": 34.756842, "経度": 136.133718, "url": "https://www.iryou.teikyouseido.mhlw.go.jp/znk-web/juminkanja/S2430/initialize?prefCd=24&kikanCd=3240000450&kikanKbn=3", "url2": "http://dc-takeda.main.jp/index.html", "内容": "歯科武田医院【3:歯科】三重県伊賀市上野桑町１９９１" }, "geometry": { "type": "Point", "coordinates": [ 136.133718, 34.756842 ] } },
{ "type": "Feature", "properties": { "ID": 2433240000460, "正式名称": "医療法人　すずき歯科", "機関区分": 3, "都道府県コード": 24, "市区町村コード": 201, "所在地": "三重県津市羽所町５１３", "緯度": 34.729962, "経度": 136.510771, "url": "https://www.iryou.teikyouseido.mhlw.go.jp/znk-web/juminkanja/S2430/initialize?prefCd=24&kikanCd=3240000460&kikanKbn=3", "url2": "http://www.team-sdc.com/", "内容": "医療法人　すずき歯科【3:歯科】三重県津市羽所町５１３" }, "geometry": { "type": "Point", "coordinates": [ 136.510771, 34.729962 ] } },
{ "type": "Feature", "properties": { "ID": 2433240000490, "正式名称": "すずき歯科クリニック", "機関区分": 3, "都道府県コード": 24, "市区町村コード": 202, "所在地": "三重県四日市市松寺１－５－２１", "緯度": 35.021323, "経度": 136.655052, "url": "https://www.iryou.teikyouseido.mhlw.go.jp/znk-web/juminkanja/S2430/initialize?prefCd=24&kikanCd=3240000490&kikanKbn=3", "url2": null, "内容": "すずき歯科クリニック【3:歯科】三重県四日市市松寺１－５－２１" }, "geometry": { "type": "Point", "coordinates": [ 136.655052, 35.021323 ] } },
{ "type": "Feature", "properties": { "ID": 2433240000500, "正式名称": "スバル歯科医院", "機関区分": 3, "都道府県コード": 24, "市区町村コード": 201, "所在地": "三重県津市大谷町９４－７", "緯度": 34.736184, "経度": 136.503605, "url": "https://www.iryou.teikyouseido.mhlw.go.jp/znk-web/juminkanja/S2430/initialize?prefCd=24&kikanCd=3240000500&kikanKbn=3", "url2": "http://www.implant-mie.jp/", "内容": "スバル歯科医院【3:歯科】三重県津市大谷町９４－７" }, "geometry": { "type": "Point", "coordinates": [ 136.503605, 34.736184 ] } },
{ "type": "Feature", "properties": { "ID": 2433240000530, "正式名称": "高丘歯科医院", "機関区分": 3, "都道府県コード": 24, "市区町村コード": 211, "所在地": "三重県鳥羽市高丘町９－４２", "緯度": 34.462664, "経度": 136.857922, "url": "https://www.iryou.teikyouseido.mhlw.go.jp/znk-web/juminkanja/S2430/initialize?prefCd=24&kikanCd=3240000530&kikanKbn=3", "url2": "takaoka-dental.com", "内容": "高丘歯科医院【3:歯科】三重県鳥羽市高丘町９－４２" }, "geometry": { "type": "Point", "coordinates": [ 136.857922, 34.462664 ] } },
{ "type": "Feature", "properties": { "ID": 2433240000540, "正式名称": "高森歯科医院", "機関区分": 3, "都道府県コード": 24, "市区町村コード": 442, "所在地": "三重県多気郡明和町斎宮３０１５", "緯度": 34.536679, "経度": 136.616716, "url": "https://www.iryou.teikyouseido.mhlw.go.jp/znk-web/juminkanja/S2430/initialize?prefCd=24&kikanCd=3240000540&kikanKbn=3", "url2": null, "内容": "高森歯科医院【3:歯科】三重県多気郡明和町斎宮３０１５" }, "geometry": { "type": "Point", "coordinates": [ 136.616716, 34.536679 ] } },
{ "type": "Feature", "properties": { "ID": 2433240000550, "正式名称": "たきおか歯科クリニック", "機関区分": 3, "都道府県コード": 24, "市区町村コード": 208, "所在地": "三重県名張市結馬９４２", "緯度": 34.607218, "経度": 136.070814, "url": "https://www.iryou.teikyouseido.mhlw.go.jp/znk-web/juminkanja/S2430/initialize?prefCd=24&kikanCd=3240000550&kikanKbn=3", "url2": "http://www.takioka-dc.com", "内容": "たきおか歯科クリニック【3:歯科】三重県名張市結馬９４２" }, "geometry": { "type": "Point", "coordinates": [ 136.070814, 34.607218 ] } },
{ "type": "Feature", "properties": { "ID": 2433240000580, "正式名称": "医療法人　たなか歯科医院", "機関区分": 3, "都道府県コード": 24, "市区町村コード": 201, "所在地": "三重県津市垂水２９２９－４", "緯度": 34.692161, "経度": 136.505246, "url": "https://www.iryou.teikyouseido.mhlw.go.jp/znk-web/juminkanja/S2430/initialize?prefCd=24&kikanCd=3240000580&kikanKbn=3", "url2": null, "内容": "医療法人　たなか歯科医院【3:歯科】三重県津市垂水２９２９－４" }, "geometry": { "type": "Point", "coordinates": [ 136.505246, 34.692161 ] } },
{ "type": "Feature", "properties": { "ID": 2433240000630, "正式名称": "坪井歯科医院", "機関区分": 3, "都道府県コード": 24, "市区町村コード": 201, "所在地": "三重県津市藤方２４０２－６", "緯度": 34.697772, "経度": 136.51605, "url": "https://www.iryou.teikyouseido.mhlw.go.jp/znk-web/juminkanja/S2430/initialize?prefCd=24&kikanCd=3240000630&kikanKbn=3", "url2": null, "内容": "坪井歯科医院【3:歯科】三重県津市藤方２４０２－６" }, "geometry": { "type": "Point", "coordinates": [ 136.51605, 34.697772 ] } },
{ "type": "Feature", "properties": { "ID": 2433240000640, "正式名称": "でぐち歯科", "機関区分": 3, "都道府県コード": 24, "市区町村コード": 201, "所在地": "三重県津市南が丘１－２１－７", "緯度": 34.691216, "経度": 136.498302, "url": "https://www.iryou.teikyouseido.mhlw.go.jp/znk-web/juminkanja/S2430/initialize?prefCd=24&kikanCd=3240000640&kikanKbn=3", "url2": "http://www.deguchi-dental.com", "内容": "でぐち歯科【3:歯科】三重県津市南が丘１－２１－７" }, "geometry": { "type": "Point", "coordinates": [ 136.498302, 34.691216 ] } },
{ "type": "Feature", "properties": { "ID": 2433240000660, "正式名称": "医療法人　とまと歯科", "機関区分": 3, "都道府県コード": 24, "市区町村コード": 214, "所在地": "三重県いなべ市大安町丹生川久下１７１２－２", "緯度": 35.124059, "経度": 136.525446, "url": "https://www.iryou.teikyouseido.mhlw.go.jp/znk-web/juminkanja/S2430/initialize?prefCd=24&kikanCd=3240000660&kikanKbn=3", "url2": "http://tomatodental.com/", "内容": "医療法人　とまと歯科【3:歯科】三重県いなべ市大安町丹生川久下１７１２－２" }, "geometry": { "type": "Point", "coordinates": [ 136.525446, 35.124059 ] } },
{ "type": "Feature", "properties": { "ID": 2433240000680, "正式名称": "冨田歯科医院", "機関区分": 3, "都道府県コード": 24, "市区町村コード": 203, "所在地": "三重県伊勢市楠部町２６３－６９", "緯度": 34.476271, "経度": 136.723321, "url": "https://www.iryou.teikyouseido.mhlw.go.jp/znk-web/juminkanja/S2430/initialize?prefCd=24&kikanCd=3240000680&kikanKbn=3", "url2": null, "内容": "冨田歯科医院【3:歯科】三重県伊勢市楠部町２６３－６９" }, "geometry": { "type": "Point", "coordinates": [ 136.723321, 34.476271 ] } },
{ "type": "Feature", "properties": { "ID": 2433240000690, "正式名称": "中井歯科医院", "機関区分": 3, "都道府県コード": 24, "市区町村コード": 215, "所在地": "三重県志摩市大王町波切１７３８－２", "緯度": 34.277823, "経度": 136.878456, "url": "https://www.iryou.teikyouseido.mhlw.go.jp/znk-web/juminkanja/S2430/initialize?prefCd=24&kikanCd=3240000690&kikanKbn=3", "url2": null, "内容": "中井歯科医院【3:歯科】三重県志摩市大王町波切１７３８－２" }, "geometry": { "type": "Point", "coordinates": [ 136.878456, 34.277823 ] } },
{ "type": "Feature", "properties": { "ID": 2433240000700, "正式名称": "仲歯科医院", "機関区分": 3, "都道府県コード": 24, "市区町村コード": 209, "所在地": "三重県尾鷲市港町８－２３", "緯度": 34.074833, "経度": 136.199577, "url": "https://www.iryou.teikyouseido.mhlw.go.jp/znk-web/juminkanja/S2430/initialize?prefCd=24&kikanCd=3240000700&kikanKbn=3", "url2": null, "内容": "仲歯科医院【3:歯科】三重県尾鷲市港町８－２３" }, "geometry": { "type": "Point", "coordinates": [ 136.199577, 34.074833 ] } },
{ "type": "Feature", "properties": { "ID": 2433240000710, "正式名称": "中西歯科医院", "機関区分": 3, "都道府県コード": 24, "市区町村コード": 203, "所在地": "三重県伊勢市御薗町高向８０８", "緯度": 34.498796, "経度": 136.698378, "url": "https://www.iryou.teikyouseido.mhlw.go.jp/znk-web/juminkanja/S2430/initialize?prefCd=24&kikanCd=3240000710&kikanKbn=3", "url2": null, "内容": "中西歯科医院【3:歯科】三重県伊勢市御薗町高向８０８" }, "geometry": { "type": "Point", "coordinates": [ 136.698378, 34.498796 ] } },
{ "type": "Feature", "properties": { "ID": 2433240000720, "正式名称": "医療法人・正歯会・中村歯科クリニック", "機関区分": 3, "都道府県コード": 24, "市区町村コード": 201, "所在地": "三重県津市西丸之内２７－１７", "緯度": 34.719519, "経度": 136.502939, "url": "https://www.iryou.teikyouseido.mhlw.go.jp/znk-web/juminkanja/S2430/initialize?prefCd=24&kikanCd=3240000720&kikanKbn=3", "url2": "http://www.nakamuradc-tsu.com/", "内容": "医療法人・正歯会・中村歯科クリニック【3:歯科】三重県津市西丸之内２７－１７" }, "geometry": { "type": "Point", "coordinates": [ 136.502939, 34.719519 ] } },
{ "type": "Feature", "properties": { "ID": 2433240000730, "正式名称": "鍋島歯科医院", "機関区分": 3, "都道府県コード": 24, "市区町村コード": 215, "所在地": "三重県志摩市志摩町和具１９６５－２", "緯度": 34.258324, "経度": 136.808657, "url": "https://www.iryou.teikyouseido.mhlw.go.jp/znk-web/juminkanja/S2430/initialize?prefCd=24&kikanCd=3240000730&kikanKbn=3", "url2": null, "内容": "鍋島歯科医院【3:歯科】三重県志摩市志摩町和具１９６５－２" }, "geometry": { "type": "Point", "coordinates": [ 136.808657, 34.258324 ] } },
{ "type": "Feature", "properties": { "ID": 2433240000750, "正式名称": "なんとう歯科クリニック", "機関区分": 3, "都道府県コード": 24, "市区町村コード": 472, "所在地": "三重県度会郡南伊勢町東宮３２９０", "緯度": 34.286594, "経度": 136.54215, "url": "https://www.iryou.teikyouseido.mhlw.go.jp/znk-web/juminkanja/S2430/initialize?prefCd=24&kikanCd=3240000750&kikanKbn=3", "url2": null, "内容": "なんとう歯科クリニック【3:歯科】三重県度会郡南伊勢町東宮３２９０" }, "geometry": { "type": "Point", "coordinates": [ 136.54215, 34.286594 ] } },
{ "type": "Feature", "properties": { "ID": 2433240000770, "正式名称": "医療法人　西井歯科医院", "機関区分": 3, "都道府県コード": 24, "市区町村コード": 442, "所在地": "三重県多気郡明和町明星９７６－３", "緯度": 34.526236, "経度": 136.635159, "url": "https://www.iryou.teikyouseido.mhlw.go.jp/znk-web/juminkanja/S2430/initialize?prefCd=24&kikanCd=3240000770&kikanKbn=3", "url2": "http://www.nishiidc.com", "内容": "医療法人　西井歯科医院【3:歯科】三重県多気郡明和町明星９７６－３" }, "geometry": { "type": "Point", "coordinates": [ 136.635159, 34.526236 ] } },
{ "type": "Feature", "properties": { "ID": 2433240000780, "正式名称": "西岡歯科医院", "機関区分": 3, "都道府県コード": 24, "市区町村コード": 204, "所在地": "三重県松阪市嬉野町１３９４－５０", "緯度": 34.627945, "経度": 136.482445, "url": "https://www.iryou.teikyouseido.mhlw.go.jp/znk-web/juminkanja/S2430/initialize?prefCd=24&kikanCd=3240000780&kikanKbn=3", "url2": null, "内容": "西岡歯科医院【3:歯科】三重県松阪市嬉野町１３９４－５０" }, "geometry": { "type": "Point", "coordinates": [ 136.482445, 34.627945 ] } },
{ "type": "Feature", "properties": { "ID": 2433240000790, "正式名称": "西村歯科・矯正歯科クリニック", "機関区分": 3, "都道府県コード": 24, "市区町村コード": 204, "所在地": "三重県松阪市駅部田町１０４７－９", "緯度": 34.547232, "経度": 136.52764, "url": "https://www.iryou.teikyouseido.mhlw.go.jp/znk-web/juminkanja/S2430/initialize?prefCd=24&kikanCd=3240000790&kikanKbn=3", "url2": "https://nishimurashika.net/", "内容": "西村歯科・矯正歯科クリニック【3:歯科】三重県松阪市駅部田町１０４７－９" }, "geometry": { "type": "Point", "coordinates": [ 136.52764, 34.547232 ] } },
{ "type": "Feature", "properties": { "ID": 2433240000800, "正式名称": "橋本歯科", "機関区分": 3, "都道府県コード": 24, "市区町村コード": 202, "所在地": "三重県四日市市大治田１－２－２１", "緯度": 34.933553, "経度": 136.598533, "url": "https://www.iryou.teikyouseido.mhlw.go.jp/znk-web/juminkanja/S2430/initialize?prefCd=24&kikanCd=3240000800&kikanKbn=3", "url2": null, "内容": "橋本歯科【3:歯科】三重県四日市市大治田１－２－２１" }, "geometry": { "type": "Point", "coordinates": [ 136.598533, 34.933553 ] } },
{ "type": "Feature", "properties": { "ID": 2433240000830, "正式名称": "羽田歯科医院", "機関区分": 3, "都道府県コード": 24, "市区町村コード": 202, "所在地": "三重県四日市市西松本町４－１６", "緯度": 34.970605, "経度": 136.586254, "url": "https://www.iryou.teikyouseido.mhlw.go.jp/znk-web/juminkanja/S2430/initialize?prefCd=24&kikanCd=3240000830&kikanKbn=3", "url2": null, "内容": "羽田歯科医院【3:歯科】三重県四日市市西松本町４－１６" }, "geometry": { "type": "Point", "coordinates": [ 136.586254, 34.970605 ] } },
{ "type": "Feature", "properties": { "ID": 2433240000850, "正式名称": "林歯科医院", "機関区分": 3, "都道府県コード": 24, "市区町村コード": 204, "所在地": "三重県松阪市嬉野須賀領町５０７－１", "緯度": 34.617057, "経度": 136.484168, "url": "https://www.iryou.teikyouseido.mhlw.go.jp/znk-web/juminkanja/S2430/initialize?prefCd=24&kikanCd=3240000850&kikanKbn=3", "url2": "http://www.hayashi-shika.com", "内容": "林歯科医院【3:歯科】三重県松阪市嬉野須賀領町５０７－１" }, "geometry": { "type": "Point", "coordinates": [ 136.484168, 34.617057 ] } },
{ "type": "Feature", "properties": { "ID": 2433240000860, "正式名称": "東歯科医院", "機関区分": 3, "都道府県コード": 24, "市区町村コード": 204, "所在地": "三重県松阪市宝塚町７１７－１９", "緯度": 34.554231, "経度": 136.51764, "url": "https://www.iryou.teikyouseido.mhlw.go.jp/znk-web/juminkanja/S2430/initialize?prefCd=24&kikanCd=3240000860&kikanKbn=3", "url2": null, "内容": "東歯科医院【3:歯科】三重県松阪市宝塚町７１７－１９" }, "geometry": { "type": "Point", "coordinates": [ 136.51764, 34.554231 ] } },
{ "type": "Feature", "properties": { "ID": 2433240000880, "正式名称": "福井歯科医院", "機関区分": 3, "都道府県コード": 24, "市区町村コード": 208, "所在地": "三重県名張市西原町２６１３－７", "緯度": 34.654019, "経度": 136.114197, "url": "https://www.iryou.teikyouseido.mhlw.go.jp/znk-web/juminkanja/S2430/initialize?prefCd=24&kikanCd=3240000880&kikanKbn=3", "url2": null, "内容": "福井歯科医院【3:歯科】三重県名張市西原町２６１３－７" }, "geometry": { "type": "Point", "coordinates": [ 136.114197, 34.654019 ] } },
{ "type": "Feature", "properties": { "ID": 2433240000900, "正式名称": "ふくもり歯科", "機関区分": 3, "都道府県コード": 24, "市区町村コード": 201, "所在地": "三重県津市久居井戸山町８６８－５", "緯度": 34.674551, "経度": 136.489554, "url": "https://www.iryou.teikyouseido.mhlw.go.jp/znk-web/juminkanja/S2430/initialize?prefCd=24&kikanCd=3240000900&kikanKbn=3", "url2": "https://fukumori.dental-net.jp/", "内容": "ふくもり歯科【3:歯科】三重県津市久居井戸山町８６８－５" }, "geometry": { "type": "Point", "coordinates": [ 136.489554, 34.674551 ] } },
{ "type": "Feature", "properties": { "ID": 2433240000940, "正式名称": "星見いとう歯科", "機関区分": 3, "都道府県コード": 24, "市区町村コード": 205, "所在地": "三重県桑名市星見ケ丘６－１０５", "緯度": 35.067512, "経度": 136.635162, "url": "https://www.iryou.teikyouseido.mhlw.go.jp/znk-web/juminkanja/S2430/initialize?prefCd=24&kikanCd=3240000940&kikanKbn=3", "url2": "http://www.h-ito-dental.com", "内容": "星見いとう歯科【3:歯科】三重県桑名市星見ケ丘６－１０５" }, "geometry": { "type": "Point", "coordinates": [ 136.635162, 35.067512 ] } },
{ "type": "Feature", "properties": { "ID": 2433240000950, "正式名称": "細川歯科", "機関区分": 3, "都道府県コード": 24, "市区町村コード": 201, "所在地": "三重県津市芸濃町椋本５０３１－１", "緯度": 34.811841, "経度": 136.429441, "url": "https://www.iryou.teikyouseido.mhlw.go.jp/znk-web/juminkanja/S2430/initialize?prefCd=24&kikanCd=3240000950&kikanKbn=3", "url2": null, "内容": "細川歯科【3:歯科】三重県津市芸濃町椋本５０３１－１" }, "geometry": { "type": "Point", "coordinates": [ 136.429441, 34.811841 ] } },
{ "type": "Feature", "properties": { "ID": 2433240000970, "正式名称": "堀歯科医院", "機関区分": 3, "都道府県コード": 24, "市区町村コード": 561, "所在地": "三重県南牟婁郡御浜町阿田和４９６２－１", "緯度": 33.804053, "経度": 136.042409, "url": "https://www.iryou.teikyouseido.mhlw.go.jp/znk-web/juminkanja/S2430/initialize?prefCd=24&kikanCd=3240000970&kikanKbn=3", "url2": null, "内容": "堀歯科医院【3:歯科】三重県南牟婁郡御浜町阿田和４９６２－１" }, "geometry": { "type": "Point", "coordinates": [ 136.042409, 33.804053 ] } },
{ "type": "Feature", "properties": { "ID": 2433240000980, "正式名称": "ホワイト歯科", "機関区分": 3, "都道府県コード": 24, "市区町村コード": 207, "所在地": "三重県鈴鹿市白子駅前９－３０", "緯度": 34.836175, "経度": 136.590343, "url": "https://www.iryou.teikyouseido.mhlw.go.jp/znk-web/juminkanja/S2430/initialize?prefCd=24&kikanCd=3240000980&kikanKbn=3", "url2": null, "内容": "ホワイト歯科【3:歯科】三重県鈴鹿市白子駅前９－３０" }, "geometry": { "type": "Point", "coordinates": [ 136.590343, 34.836175 ] } },
{ "type": "Feature", "properties": { "ID": 2433240001020, "正式名称": "前田歯科医院", "機関区分": 3, "都道府県コード": 24, "市区町村コード": 201, "所在地": "三重県津市乙部１２－１１", "緯度": 34.717825, "経度": 136.518299, "url": "https://www.iryou.teikyouseido.mhlw.go.jp/znk-web/juminkanja/S2430/initialize?prefCd=24&kikanCd=3240001020&kikanKbn=3", "url2": "https://www.maedashika.info", "内容": "前田歯科医院【3:歯科】三重県津市乙部１２－１１" }, "geometry": { "type": "Point", "coordinates": [ 136.518299, 34.717825 ] } },
{ "type": "Feature", "properties": { "ID": 2433240001030, "正式名称": "まこと歯科", "機関区分": 3, "都道府県コード": 24, "市区町村コード": 203, "所在地": "三重県伊勢市小俣町相合４８８－８", "緯度": 34.511683, "経度": 136.670602, "url": "https://www.iryou.teikyouseido.mhlw.go.jp/znk-web/juminkanja/S2430/initialize?prefCd=24&kikanCd=3240001030&kikanKbn=3", "url2": null, "内容": "まこと歯科【3:歯科】三重県伊勢市小俣町相合４８８－８" }, "geometry": { "type": "Point", "coordinates": [ 136.670602, 34.511683 ] } },
{ "type": "Feature", "properties": { "ID": 2433240001040, "正式名称": "医療法人　松崎歯科医院", "機関区分": 3, "都道府県コード": 24, "市区町村コード": 203, "所在地": "三重県伊勢市宮後３－１－２２", "緯度": 34.496241, "経度": 136.710904, "url": "https://www.iryou.teikyouseido.mhlw.go.jp/znk-web/juminkanja/S2430/initialize?prefCd=24&kikanCd=3240001040&kikanKbn=3", "url2": null, "内容": "医療法人　松崎歯科医院【3:歯科】三重県伊勢市宮後３－１－２２" }, "geometry": { "type": "Point", "coordinates": [ 136.710904, 34.496241 ] } },
{ "type": "Feature", "properties": { "ID": 2433240001050, "正式名称": "三木歯科医院", "機関区分": 3, "都道府県コード": 24, "市区町村コード": 203, "所在地": "三重県伊勢市中島２－１－３", "緯度": 34.493074, "経度": 136.689906, "url": "https://www.iryou.teikyouseido.mhlw.go.jp/znk-web/juminkanja/S2430/initialize?prefCd=24&kikanCd=3240001050&kikanKbn=3", "url2": "http://www.miki-dental.com", "内容": "三木歯科医院【3:歯科】三重県伊勢市中島２－１－３" }, "geometry": { "type": "Point", "coordinates": [ 136.689906, 34.493074 ] } },
{ "type": "Feature", "properties": { "ID": 2433240001060, "正式名称": "峰歯科・矯正歯科クリニック", "機関区分": 3, "都道府県コード": 24, "市区町村コード": 216, "所在地": "三重県伊賀市上野西大手町３５９８", "緯度": 34.767785, "経度": 136.123691, "url": "https://www.iryou.teikyouseido.mhlw.go.jp/znk-web/juminkanja/S2430/initialize?prefCd=24&kikanCd=3240001060&kikanKbn=3", "url2": "https://www.minesika.com", "内容": "峰歯科・矯正歯科クリニック【3:歯科】三重県伊賀市上野西大手町３５９８" }, "geometry": { "type": "Point", "coordinates": [ 136.123691, 34.767785 ] } },
{ "type": "Feature", "properties": { "ID": 2433240001090, "正式名称": "モリ歯科クリニック", "機関区分": 3, "都道府県コード": 24, "市区町村コード": 203, "所在地": "三重県伊勢市小俣町湯田１５０２－４", "緯度": 34.507489, "経度": 136.648187, "url": "https://www.iryou.teikyouseido.mhlw.go.jp/znk-web/juminkanja/S2430/initialize?prefCd=24&kikanCd=3240001090&kikanKbn=3", "url2": null, "内容": "モリ歯科クリニック【3:歯科】三重県伊勢市小俣町湯田１５０２－４" }, "geometry": { "type": "Point", "coordinates": [ 136.648187, 34.507489 ] } },
{ "type": "Feature", "properties": { "ID": 2433240001110, "正式名称": "やまなかデンタルクリニック", "機関区分": 3, "都道府県コード": 24, "市区町村コード": 203, "所在地": "三重県伊勢市小俣町明野１０６７", "緯度": 34.522987, "経度": 136.667212, "url": "https://www.iryou.teikyouseido.mhlw.go.jp/znk-web/juminkanja/S2430/initialize?prefCd=24&kikanCd=3240001110&kikanKbn=3", "url2": "http://www.yamanaka-dc.jp", "内容": "やまなかデンタルクリニック【3:歯科】三重県伊勢市小俣町明野１０６７" }, "geometry": { "type": "Point", "coordinates": [ 136.667212, 34.522987 ] } },
{ "type": "Feature", "properties": { "ID": 2433240001120, "正式名称": "山本歯科医院", "機関区分": 3, "都道府県コード": 24, "市区町村コード": 215, "所在地": "三重県志摩市浜島町浜島３２７１－２", "緯度": 34.305734, "経度": 136.756798, "url": "https://www.iryou.teikyouseido.mhlw.go.jp/znk-web/juminkanja/S2430/initialize?prefCd=24&kikanCd=3240001120&kikanKbn=3", "url2": null, "内容": "山本歯科医院【3:歯科】三重県志摩市浜島町浜島３２７１－２" }, "geometry": { "type": "Point", "coordinates": [ 136.756798, 34.305734 ] } },
{ "type": "Feature", "properties": { "ID": 2433240001130, "正式名称": "ゆり歯科クリニック", "機関区分": 3, "都道府県コード": 24, "市区町村コード": 202, "所在地": "三重県四日市市生桑町２４５１－７", "緯度": 34.991019, "経度": 136.598752, "url": "https://www.iryou.teikyouseido.mhlw.go.jp/znk-web/juminkanja/S2430/initialize?prefCd=24&kikanCd=3240001130&kikanKbn=3", "url2": "http://www.cty-net.ne.jp/~yuri_dc/", "内容": "ゆり歯科クリニック【3:歯科】三重県四日市市生桑町２４５１－７" }, "geometry": { "type": "Point", "coordinates": [ 136.598752, 34.991019 ] } },
{ "type": "Feature", "properties": { "ID": 2433240001150, "正式名称": "わたなべ歯科医院", "機関区分": 3, "都道府県コード": 24, "市区町村コード": 543, "所在地": "三重県北牟婁郡紀北町相賀２０７４", "緯度": 34.109246, "経度": 136.231379, "url": "https://www.iryou.teikyouseido.mhlw.go.jp/znk-web/juminkanja/S2430/initialize?prefCd=24&kikanCd=3240001150&kikanKbn=3", "url2": "http://www.watanabe-shika.net", "内容": "わたなべ歯科医院【3:歯科】三重県北牟婁郡紀北町相賀２０７４" }, "geometry": { "type": "Point", "coordinates": [ 136.231379, 34.109246 ] } },
{ "type": "Feature", "properties": { "ID": 2433240001180, "正式名称": "森谷歯科", "機関区分": 3, "都道府県コード": 24, "市区町村コード": 344, "所在地": "三重県三重郡川越町豊田２７３", "緯度": 35.016434, "経度": 136.660746, "url": "https://www.iryou.teikyouseido.mhlw.go.jp/znk-web/juminkanja/S2430/initialize?prefCd=24&kikanCd=3240001180&kikanKbn=3", "url2": null, "内容": "森谷歯科【3:歯科】三重県三重郡川越町豊田２７３" }, "geometry": { "type": "Point", "coordinates": [ 136.660746, 35.016434 ] } },
{ "type": "Feature", "properties": { "ID": 2433240001190, "正式名称": "塚田歯科医院", "機関区分": 3, "都道府県コード": 24, "市区町村コード": 210, "所在地": "三重県亀山市本町３－１０－４", "緯度": 34.855754, "経度": 136.459325, "url": "https://www.iryou.teikyouseido.mhlw.go.jp/znk-web/juminkanja/S2430/initialize?prefCd=24&kikanCd=3240001190&kikanKbn=3", "url2": null, "内容": "塚田歯科医院【3:歯科】三重県亀山市本町３－１０－４" }, "geometry": { "type": "Point", "coordinates": [ 136.459325, 34.855754 ] } },
{ "type": "Feature", "properties": { "ID": 2433240001200, "正式名称": "和穂歯科医院", "機関区分": 3, "都道府県コード": 24, "市区町村コード": 215, "所在地": "三重県志摩市阿児町神明１１０７－１３２", "緯度": 34.32204, "経度": 136.837096, "url": "https://www.iryou.teikyouseido.mhlw.go.jp/znk-web/juminkanja/S2430/initialize?prefCd=24&kikanCd=3240001200&kikanKbn=3", "url2": "www.kazuho-shika.com", "内容": "和穂歯科医院【3:歯科】三重県志摩市阿児町神明１１０７－１３２" }, "geometry": { "type": "Point", "coordinates": [ 136.837096, 34.32204 ] } },
{ "type": "Feature", "properties": { "ID": 2433240001220, "正式名称": "医療法人　上津デンタルクリニック", "機関区分": 3, "都道府県コード": 24, "市区町村コード": 201, "所在地": "三重県津市一身田上津部田３０８３", "緯度": 34.741461, "経度": 136.500911, "url": "https://www.iryou.teikyouseido.mhlw.go.jp/znk-web/juminkanja/S2430/initialize?prefCd=24&kikanCd=3240001220&kikanKbn=3", "url2": null, "内容": "医療法人　上津デンタルクリニック【3:歯科】三重県津市一身田上津部田３０８３" }, "geometry": { "type": "Point", "coordinates": [ 136.500911, 34.741461 ] } },
{ "type": "Feature", "properties": { "ID": 2433240001230, "正式名称": "アイウエオ矯正歯科医院", "機関区分": 3, "都道府県コード": 24, "市区町村コード": 216, "所在地": "三重県伊賀市服部町３－９８", "緯度": 34.771563, "経度": 136.142745, "url": "https://www.iryou.teikyouseido.mhlw.go.jp/znk-web/juminkanja/S2430/initialize?prefCd=24&kikanCd=3240001230&kikanKbn=3", "url2": "http://www.aiueo-kyousei.com/", "内容": "アイウエオ矯正歯科医院【3:歯科】三重県伊賀市服部町３－９８" }, "geometry": { "type": "Point", "coordinates": [ 136.142745, 34.771563 ] } },
{ "type": "Feature", "properties": { "ID": 2433240001280, "正式名称": "医療法人　ヒルカワ歯科", "機関区分": 3, "都道府県コード": 24, "市区町村コード": 205, "所在地": "三重県桑名市矢田７６５", "緯度": 35.059208, "経度": 136.678242, "url": "https://www.iryou.teikyouseido.mhlw.go.jp/znk-web/juminkanja/S2430/initialize?prefCd=24&kikanCd=3240001280&kikanKbn=3", "url2": "http://www.intsurf.ne.jp/~hiru-dnt/index.html", "内容": "医療法人　ヒルカワ歯科【3:歯科】三重県桑名市矢田７６５" }, "geometry": { "type": "Point", "coordinates": [ 136.678242, 35.059208 ] } },
{ "type": "Feature", "properties": { "ID": 2433240001320, "正式名称": "こんどう歯科", "機関区分": 3, "都道府県コード": 24, "市区町村コード": 205, "所在地": "三重県桑名市桜通１８", "緯度": 35.065152, "経度": 136.674798, "url": "https://www.iryou.teikyouseido.mhlw.go.jp/znk-web/juminkanja/S2430/initialize?prefCd=24&kikanCd=3240001320&kikanKbn=3", "url2": "http://kondo-shika.com/", "内容": "こんどう歯科【3:歯科】三重県桑名市桜通１８" }, "geometry": { "type": "Point", "coordinates": [ 136.674798, 35.065152 ] } },
{ "type": "Feature", "properties": { "ID": 2433240001330, "正式名称": "小川歯科医院", "機関区分": 3, "都道府県コード": 24, "市区町村コード": 205, "所在地": "三重県桑名市西別所１２００－３１３", "緯度": 35.062096, "経度": 136.660605, "url": "https://www.iryou.teikyouseido.mhlw.go.jp/znk-web/juminkanja/S2430/initialize?prefCd=24&kikanCd=3240001330&kikanKbn=3", "url2": null, "内容": "小川歯科医院【3:歯科】三重県桑名市西別所１２００－３１３" }, "geometry": { "type": "Point", "coordinates": [ 136.660605, 35.062096 ] } },
{ "type": "Feature", "properties": { "ID": 2433240001350, "正式名称": "医療法人ＭＡＮＡ　中野歯科医院", "機関区分": 3, "都道府県コード": 24, "市区町村コード": 205, "所在地": "三重県桑名市北寺町３０", "緯度": 35.066402, "経度": 136.691852, "url": "https://www.iryou.teikyouseido.mhlw.go.jp/znk-web/juminkanja/S2430/initialize?prefCd=24&kikanCd=3240001350&kikanKbn=3", "url2": "http://nakano8148.com/", "内容": "医療法人ＭＡＮＡ　中野歯科医院【3:歯科】三重県桑名市北寺町３０" }, "geometry": { "type": "Point", "coordinates": [ 136.691852, 35.066402 ] } },
{ "type": "Feature", "properties": { "ID": 2433240001390, "正式名称": "水谷歯科クリニック", "機関区分": 3, "都道府県コード": 24, "市区町村コード": 205, "所在地": "三重県桑名市芳ケ崎１２５８－１", "緯度": 35.073122, "経度": 136.618413, "url": "https://www.iryou.teikyouseido.mhlw.go.jp/znk-web/juminkanja/S2430/initialize?prefCd=24&kikanCd=3240001390&kikanKbn=3", "url2": null, "内容": "水谷歯科クリニック【3:歯科】三重県桑名市芳ケ崎１２５８－１" }, "geometry": { "type": "Point", "coordinates": [ 136.618413, 35.073122 ] } },
{ "type": "Feature", "properties": { "ID": 2433240001400, "正式名称": "丹羽歯科", "機関区分": 3, "都道府県コード": 24, "市区町村コード": 205, "所在地": "三重県桑名市伊賀町４７", "緯度": 35.059958, "経度": 136.699213, "url": "https://www.iryou.teikyouseido.mhlw.go.jp/znk-web/juminkanja/S2430/initialize?prefCd=24&kikanCd=3240001400&kikanKbn=3", "url2": null, "内容": "丹羽歯科【3:歯科】三重県桑名市伊賀町４７" }, "geometry": { "type": "Point", "coordinates": [ 136.699213, 35.059958 ] } },
{ "type": "Feature", "properties": { "ID": 2433240001410, "正式名称": "桑名歯科", "機関区分": 3, "都道府県コード": 24, "市区町村コード": 205, "所在地": "三重県桑名市長島町出口６３", "緯度": 35.101732, "経度": 136.696183, "url": "https://www.iryou.teikyouseido.mhlw.go.jp/znk-web/juminkanja/S2430/initialize?prefCd=24&kikanCd=3240001410&kikanKbn=3", "url2": "http://www.kuwanashika.com", "内容": "桑名歯科【3:歯科】三重県桑名市長島町出口６３" }, "geometry": { "type": "Point", "coordinates": [ 136.696183, 35.101732 ] } },
{ "type": "Feature", "properties": { "ID": 2433240001460, "正式名称": "水越歯科医院", "機関区分": 3, "都道府県コード": 24, "市区町村コード": 205, "所在地": "三重県桑名市福島大橋通り１－３４６－１", "緯度": 35.071818, "経度": 136.68613, "url": "https://www.iryou.teikyouseido.mhlw.go.jp/znk-web/juminkanja/S2430/initialize?prefCd=24&kikanCd=3240001460&kikanKbn=3", "url2": null, "内容": "水越歯科医院【3:歯科】三重県桑名市福島大橋通り１－３４６－１" }, "geometry": { "type": "Point", "coordinates": [ 136.68613, 35.071818 ] } },
{ "type": "Feature", "properties": { "ID": 2433240001490, "正式名称": "アゲキ歯科医院", "機関区分": 3, "都道府県コード": 24, "市区町村コード": 214, "所在地": "三重県いなべ市北勢町阿下喜７１７－３", "緯度": 35.146196, "経度": 136.516446, "url": "https://www.iryou.teikyouseido.mhlw.go.jp/znk-web/juminkanja/S2430/initialize?prefCd=24&kikanCd=3240001490&kikanKbn=3", "url2": null, "内容": "アゲキ歯科医院【3:歯科】三重県いなべ市北勢町阿下喜７１７－３" }, "geometry": { "type": "Point", "coordinates": [ 136.516446, 35.146196 ] } },
{ "type": "Feature", "properties": { "ID": 2433240001580, "正式名称": "高阪歯科医院", "機関区分": 3, "都道府県コード": 24, "市区町村コード": 205, "所在地": "三重県桑名市額田１６２２－６", "緯度": 35.062651, "経度": 136.634662, "url": "https://www.iryou.teikyouseido.mhlw.go.jp/znk-web/juminkanja/S2430/initialize?prefCd=24&kikanCd=3240001580&kikanKbn=3", "url2": null, "内容": "高阪歯科医院【3:歯科】三重県桑名市額田１６２２－６" }, "geometry": { "type": "Point", "coordinates": [ 136.634662, 35.062651 ] } },
{ "type": "Feature", "properties": { "ID": 2433240001590, "正式名称": "津田歯科医院", "機関区分": 3, "都道府県コード": 24, "市区町村コード": 205, "所在地": "三重県桑名市長島町又木６２－５", "緯度": 35.094927, "経度": 136.702572, "url": "https://www.iryou.teikyouseido.mhlw.go.jp/znk-web/juminkanja/S2430/initialize?prefCd=24&kikanCd=3240001590&kikanKbn=3", "url2": null, "内容": "津田歯科医院【3:歯科】三重県桑名市長島町又木６２－５" }, "geometry": { "type": "Point", "coordinates": [ 136.702572, 35.094927 ] } },
{ "type": "Feature", "properties": { "ID": 2433240001600, "正式名称": "森歯科クリニック", "機関区分": 3, "都道府県コード": 24, "市区町村コード": 214, "所在地": "三重県いなべ市藤原町下野尻４１９", "緯度": 35.161666, "経度": 136.50003, "url": "https://www.iryou.teikyouseido.mhlw.go.jp/znk-web/juminkanja/S2430/initialize?prefCd=24&kikanCd=3240001600&kikanKbn=3", "url2": null, "内容": "森歯科クリニック【3:歯科】三重県いなべ市藤原町下野尻４１９" }, "geometry": { "type": "Point", "coordinates": [ 136.50003, 35.161666 ] } },
{ "type": "Feature", "properties": { "ID": 2433240001610, "正式名称": "ＴＯＭＯデンタルクリニック", "機関区分": 3, "都道府県コード": 24, "市区町村コード": 303, "所在地": "三重県桑名郡木曽岬町西対海地２６－１", "緯度": 35.079401, "経度": 136.730404, "url": "https://www.iryou.teikyouseido.mhlw.go.jp/znk-web/juminkanja/S2430/initialize?prefCd=24&kikanCd=3240001610&kikanKbn=3", "url2": null, "内容": "ＴＯＭＯデンタルクリニック【3:歯科】三重県桑名郡木曽岬町西対海地２６－１" }, "geometry": { "type": "Point", "coordinates": [ 136.730404, 35.079401 ] } },
{ "type": "Feature", "properties": { "ID": 2433240001620, "正式名称": "医療法人　山崎歯科医院", "機関区分": 3, "都道府県コード": 24, "市区町村コード": 205, "所在地": "三重県桑名市江場屋敷３４９－３", "緯度": 35.05307, "経度": 136.689853, "url": "https://www.iryou.teikyouseido.mhlw.go.jp/znk-web/juminkanja/S2430/initialize?prefCd=24&kikanCd=3240001620&kikanKbn=3", "url2": "https://www.yamazaki-dental-clinic.jp", "内容": "医療法人　山崎歯科医院【3:歯科】三重県桑名市江場屋敷３４９－３" }, "geometry": { "type": "Point", "coordinates": [ 136.689853, 35.05307 ] } },
{ "type": "Feature", "properties": { "ID": 2433240001630, "正式名称": "中島歯科", "機関区分": 3, "都道府県コード": 24, "市区町村コード": 324, "所在地": "三重県員弁郡東員町城山１－２２－１", "緯度": 35.093009, "経度": 136.604191, "url": "https://www.iryou.teikyouseido.mhlw.go.jp/znk-web/juminkanja/S2430/initialize?prefCd=24&kikanCd=3240001630&kikanKbn=3", "url2": null, "内容": "中島歯科【3:歯科】三重県員弁郡東員町城山１－２２－１" }, "geometry": { "type": "Point", "coordinates": [ 136.604191, 35.093009 ] } },
{ "type": "Feature", "properties": { "ID": 2433240001640, "正式名称": "星野歯科医院", "機関区分": 3, "都道府県コード": 24, "市区町村コード": 205, "所在地": "三重県桑名市東方２２０", "緯度": 35.069679, "経度": 136.680575, "url": "https://www.iryou.teikyouseido.mhlw.go.jp/znk-web/juminkanja/S2430/initialize?prefCd=24&kikanCd=3240001640&kikanKbn=3", "url2": "https://www.hahaha-hoshino.com/", "内容": "星野歯科医院【3:歯科】三重県桑名市東方２２０" }, "geometry": { "type": "Point", "coordinates": [ 136.680575, 35.069679 ] } },
{ "type": "Feature", "properties": { "ID": 2433240001650, "正式名称": "むつみ歯科クリニック", "機関区分": 3, "都道府県コード": 24, "市区町村コード": 205, "所在地": "三重県桑名市大央町４８－５　第２大和ビル２Ｆ", "緯度": 35.060708, "経度": 136.689158, "url": "https://www.iryou.teikyouseido.mhlw.go.jp/znk-web/juminkanja/S2430/initialize?prefCd=24&kikanCd=3240001650&kikanKbn=3", "url2": null, "内容": "むつみ歯科クリニック【3:歯科】三重県桑名市大央町４８－５　第２大和ビル２Ｆ" }, "geometry": { "type": "Point", "coordinates": [ 136.689158, 35.060708 ] } },
{ "type": "Feature", "properties": { "ID": 2433240001660, "正式名称": "中山歯科医院", "機関区分": 3, "都道府県コード": 24, "市区町村コード": 205, "所在地": "三重県桑名市江場１６２０", "緯度": 35.053403, "経度": 136.680298, "url": "https://www.iryou.teikyouseido.mhlw.go.jp/znk-web/juminkanja/S2430/initialize?prefCd=24&kikanCd=3240001660&kikanKbn=3", "url2": null, "内容": "中山歯科医院【3:歯科】三重県桑名市江場１６２０" }, "geometry": { "type": "Point", "coordinates": [ 136.680298, 35.053403 ] } },
{ "type": "Feature", "properties": { "ID": 2433240001670, "正式名称": "ハギノ歯科", "機関区分": 3, "都道府県コード": 24, "市区町村コード": 214, "所在地": "三重県いなべ市大安町平塚１８１４－２", "緯度": 35.095785, "経度": 136.539669, "url": "https://www.iryou.teikyouseido.mhlw.go.jp/znk-web/juminkanja/S2430/initialize?prefCd=24&kikanCd=3240001670&kikanKbn=3", "url2": "http://www.hagino-dc.com", "内容": "ハギノ歯科【3:歯科】三重県いなべ市大安町平塚１８１４－２" }, "geometry": { "type": "Point", "coordinates": [ 136.539669, 35.095785 ] } },
{ "type": "Feature", "properties": { "ID": 2433240001680, "正式名称": "ふじた歯科", "機関区分": 3, "都道府県コード": 24, "市区町村コード": 205, "所在地": "三重県桑名市長島町西外面１５８０－１", "緯度": 35.09751, "経度": 136.696239, "url": "https://www.iryou.teikyouseido.mhlw.go.jp/znk-web/juminkanja/S2430/initialize?prefCd=24&kikanCd=3240001680&kikanKbn=3", "url2": null, "内容": "ふじた歯科【3:歯科】三重県桑名市長島町西外面１５８０－１" }, "geometry": { "type": "Point", "coordinates": [ 136.696239, 35.09751 ] } },
{ "type": "Feature", "properties": { "ID": 2433240001690, "正式名称": "正和台うかい歯科", "機関区分": 3, "都道府県コード": 24, "市区町村コード": 205, "所在地": "三重県桑名市東正和台１－７－１０", "緯度": 35.049736, "経度": 136.633274, "url": "https://www.iryou.teikyouseido.mhlw.go.jp/znk-web/juminkanja/S2430/initialize?prefCd=24&kikanCd=3240001690&kikanKbn=3", "url2": null, "内容": "正和台うかい歯科【3:歯科】三重県桑名市東正和台１－７－１０" }, "geometry": { "type": "Point", "coordinates": [ 136.633274, 35.049736 ] } },
{ "type": "Feature", "properties": { "ID": 2433240001710, "正式名称": "セントラル歯科", "機関区分": 3, "都道府県コード": 24, "市区町村コード": 205, "所在地": "三重県桑名市中央町２－３４", "緯度": 35.062819, "経度": 136.685019, "url": "https://www.iryou.teikyouseido.mhlw.go.jp/znk-web/juminkanja/S2430/initialize?prefCd=24&kikanCd=3240001710&kikanKbn=3", "url2": null, "内容": "セントラル歯科【3:歯科】三重県桑名市中央町２－３４" }, "geometry": { "type": "Point", "coordinates": [ 136.685019, 35.062819 ] } },
{ "type": "Feature", "properties": { "ID": 2433240001730, "正式名称": "六石歯科医院", "機関区分": 3, "都道府県コード": 24, "市区町村コード": 214, "所在地": "三重県いなべ市北勢町麻生田３３１５－１", "緯度": 35.142113, "経度": 136.533584, "url": "https://www.iryou.teikyouseido.mhlw.go.jp/znk-web/juminkanja/S2430/initialize?prefCd=24&kikanCd=3240001730&kikanKbn=3", "url2": "https://www.rokkoku.com/", "内容": "六石歯科医院【3:歯科】三重県いなべ市北勢町麻生田３３１５－１" }, "geometry": { "type": "Point", "coordinates": [ 136.533584, 35.142113 ] } },
{ "type": "Feature", "properties": { "ID": 2433240001750, "正式名称": "松岡歯科", "機関区分": 3, "都道府県コード": 24, "市区町村コード": 205, "所在地": "三重県桑名市桑部５３５－４", "緯度": 35.052597, "経度": 136.654161, "url": "https://www.iryou.teikyouseido.mhlw.go.jp/znk-web/juminkanja/S2430/initialize?prefCd=24&kikanCd=3240001750&kikanKbn=3", "url2": null, "内容": "松岡歯科【3:歯科】三重県桑名市桑部５３５－４" }, "geometry": { "type": "Point", "coordinates": [ 136.654161, 35.052597 ] } },
{ "type": "Feature", "properties": { "ID": 2433240001760, "正式名称": "サトウ歯科医院", "機関区分": 3, "都道府県コード": 24, "市区町村コード": 324, "所在地": "三重県員弁郡東員町六把野新田７５８－２", "緯度": 35.081121, "経度": 136.593165, "url": "https://www.iryou.teikyouseido.mhlw.go.jp/znk-web/juminkanja/S2430/initialize?prefCd=24&kikanCd=3240001760&kikanKbn=3", "url2": null, "内容": "サトウ歯科医院【3:歯科】三重県員弁郡東員町六把野新田７５８－２" }, "geometry": { "type": "Point", "coordinates": [ 136.593165, 35.081121 ] } },
{ "type": "Feature", "properties": { "ID": 2433240001770, "正式名称": "スマイル歯科", "機関区分": 3, "都道府県コード": 24, "市区町村コード": 205, "所在地": "三重県桑名市新西方４－８３", "緯度": 35.072262, "経度": 136.657188, "url": "https://www.iryou.teikyouseido.mhlw.go.jp/znk-web/juminkanja/S2430/initialize?prefCd=24&kikanCd=3240001770&kikanKbn=3", "url2": null, "内容": "スマイル歯科【3:歯科】三重県桑名市新西方４－８３" }, "geometry": { "type": "Point", "coordinates": [ 136.657188, 35.072262 ] } },
{ "type": "Feature", "properties": { "ID": 2433240001780, "正式名称": "医療法人福島会　ういち歯科", "機関区分": 3, "都道府県コード": 24, "市区町村コード": 205, "所在地": "三重県桑名市東方１０７９－７", "緯度": 35.075567, "経度": 136.680575, "url": "https://www.iryou.teikyouseido.mhlw.go.jp/znk-web/juminkanja/S2430/initialize?prefCd=24&kikanCd=3240001780&kikanKbn=3", "url2": "http://www.fukujima.jp/", "内容": "医療法人福島会　ういち歯科【3:歯科】三重県桑名市東方１０７９－７" }, "geometry": { "type": "Point", "coordinates": [ 136.680575, 35.075567 ] } },
{ "type": "Feature", "properties": { "ID": 2433240001830, "正式名称": "みずの歯科", "機関区分": 3, "都道府県コード": 24, "市区町村コード": 205, "所在地": "三重県桑名市大福３０５－１", "緯度": 35.054098, "経度": 136.686047, "url": "https://www.iryou.teikyouseido.mhlw.go.jp/znk-web/juminkanja/S2430/initialize?prefCd=24&kikanCd=3240001830&kikanKbn=3", "url2": null, "内容": "みずの歯科【3:歯科】三重県桑名市大福３０５－１" }, "geometry": { "type": "Point", "coordinates": [ 136.686047, 35.054098 ] } },
{ "type": "Feature", "properties": { "ID": 2433240001840, "正式名称": "なばな歯科医院", "機関区分": 3, "都道府県コード": 24, "市区町村コード": 205, "所在地": "三重県桑名市長島町福豊８３３－４", "緯度": 35.061097, "経度": 136.718239, "url": "https://www.iryou.teikyouseido.mhlw.go.jp/znk-web/juminkanja/S2430/initialize?prefCd=24&kikanCd=3240001840&kikanKbn=3", "url2": null, "内容": "なばな歯科医院【3:歯科】三重県桑名市長島町福豊８３３－４" }, "geometry": { "type": "Point", "coordinates": [ 136.718239, 35.061097 ] } },
{ "type": "Feature", "properties": { "ID": 2433240001850, "正式名称": "ファミリー歯科クリニック", "機関区分": 3, "都道府県コード": 24, "市区町村コード": 205, "所在地": "三重県桑名市星川８４１－１", "緯度": 35.066095, "経度": 136.628913, "url": "https://www.iryou.teikyouseido.mhlw.go.jp/znk-web/juminkanja/S2430/initialize?prefCd=24&kikanCd=3240001850&kikanKbn=3", "url2": "http://www.family-dentalclinic.com", "内容": "ファミリー歯科クリニック【3:歯科】三重県桑名市星川８４１－１" }, "geometry": { "type": "Point", "coordinates": [ 136.628913, 35.066095 ] } },
{ "type": "Feature", "properties": { "ID": 2433240001870, "正式名称": "前野歯科", "機関区分": 3, "都道府県コード": 24, "市区町村コード": 202, "所在地": "三重県四日市市中部１２－５", "緯度": 34.969467, "経度": 136.624418, "url": "https://www.iryou.teikyouseido.mhlw.go.jp/znk-web/juminkanja/S2430/initialize?prefCd=24&kikanCd=3240001870&kikanKbn=3", "url2": null, "内容": "前野歯科【3:歯科】三重県四日市市中部１２－５" }, "geometry": { "type": "Point", "coordinates": [ 136.624418, 34.969467 ] } },
{ "type": "Feature", "properties": { "ID": 2433240001920, "正式名称": "医療法人良心会　三重歯科クリニック", "機関区分": 3, "都道府県コード": 24, "市区町村コード": 202, "所在地": "三重県四日市市三重６丁目１２８", "緯度": 34.988825, "経度": 136.584837, "url": "https://www.iryou.teikyouseido.mhlw.go.jp/znk-web/juminkanja/S2430/initialize?prefCd=24&kikanCd=3240001920&kikanKbn=3", "url2": null, "内容": "医療法人良心会　三重歯科クリニック【3:歯科】三重県四日市市三重６丁目１２８" }, "geometry": { "type": "Point", "coordinates": [ 136.584837, 34.988825 ] } },
{ "type": "Feature", "properties": { "ID": 2433240001960, "正式名称": "坂井歯科", "機関区分": 3, "都道府県コード": 24, "市区町村コード": 202, "所在地": "三重県四日市市諏訪栄町１５－４　新諏訪ビル　５Ｆ", "緯度": 34.967022, "経度": 136.621779, "url": "https://www.iryou.teikyouseido.mhlw.go.jp/znk-web/juminkanja/S2430/initialize?prefCd=24&kikanCd=3240001960&kikanKbn=3", "url2": null, "内容": "坂井歯科【3:歯科】三重県四日市市諏訪栄町１５－４　新諏訪ビル　５Ｆ" }, "geometry": { "type": "Point", "coordinates": [ 136.621779, 34.967022 ] } },
{ "type": "Feature", "properties": { "ID": 2433240001990, "正式名称": "医療法人隆志会　西城歯科", "機関区分": 3, "都道府県コード": 24, "市区町村コード": 202, "所在地": "三重県四日市市安島２丁目１０－９", "緯度": 34.96955, "経度": 136.614446, "url": "https://www.iryou.teikyouseido.mhlw.go.jp/znk-web/juminkanja/S2430/initialize?prefCd=24&kikanCd=3240001990&kikanKbn=3", "url2": "https://www.saijo-dental.jp/", "内容": "医療法人隆志会　西城歯科【3:歯科】三重県四日市市安島２丁目１０－９" }, "geometry": { "type": "Point", "coordinates": [ 136.614446, 34.96955 ] } },
{ "type": "Feature", "properties": { "ID": 2433240002000, "正式名称": "横田歯科医院", "機関区分": 3, "都道府県コード": 24, "市区町村コード": 202, "所在地": "三重県四日市市北浜町１－７", "緯度": 34.967772, "経度": 136.63125, "url": "https://www.iryou.teikyouseido.mhlw.go.jp/znk-web/juminkanja/S2430/initialize?prefCd=24&kikanCd=3240002000&kikanKbn=3", "url2": "https://www.yokota-dent.jp/", "内容": "横田歯科医院【3:歯科】三重県四日市市北浜町１－７" }, "geometry": { "type": "Point", "coordinates": [ 136.63125, 34.967772 ] } },
{ "type": "Feature", "properties": { "ID": 2433240002010, "正式名称": "中道歯科医院", "機関区分": 3, "都道府県コード": 24, "市区町村コード": 341, "所在地": "三重県三重郡菰野町大羽根園松ケ枝町６－１", "緯度": 35.015626, "経度": 136.493704, "url": "https://www.iryou.teikyouseido.mhlw.go.jp/znk-web/juminkanja/S2430/initialize?prefCd=24&kikanCd=3240002010&kikanKbn=3", "url2": null, "内容": "中道歯科医院【3:歯科】三重県三重郡菰野町大羽根園松ケ枝町６－１" }, "geometry": { "type": "Point", "coordinates": [ 136.493704, 35.015626 ] } },
{ "type": "Feature", "properties": { "ID": 2433240002020, "正式名称": "医療法人　ＮＯ・ＺＡ・ＫＩ　野崎歯科医院", "機関区分": 3, "都道府県コード": 24, "市区町村コード": 202, "所在地": "三重県四日市市楠町南五味塚２９０－２", "緯度": 34.907751, "経度": 136.635725, "url": "https://www.iryou.teikyouseido.mhlw.go.jp/znk-web/juminkanja/S2430/initialize?prefCd=24&kikanCd=3240002020&kikanKbn=3", "url2": "http://nozakidental.com", "内容": "医療法人　ＮＯ・ＺＡ・ＫＩ　野崎歯科医院【3:歯科】三重県四日市市楠町南五味塚２９０－２" }, "geometry": { "type": "Point", "coordinates": [ 136.635725, 34.907751 ] } },
{ "type": "Feature", "properties": { "ID": 2433240002040, "正式名称": "医療法人　山下歯科", "機関区分": 3, "都道府県コード": 24, "市区町村コード": 202, "所在地": "三重県四日市市日永西２－２０－１２", "緯度": 34.951774, "経度": 136.598448, "url": "https://www.iryou.teikyouseido.mhlw.go.jp/znk-web/juminkanja/S2430/initialize?prefCd=24&kikanCd=3240002040&kikanKbn=3", "url2": "http://www.yamashita-dc.net/", "内容": "医療法人　山下歯科【3:歯科】三重県四日市市日永西２－２０－１２" }, "geometry": { "type": "Point", "coordinates": [ 136.598448, 34.951774 ] } },
{ "type": "Feature", "properties": { "ID": 2433240002050, "正式名称": "マサミ歯科クリニック富田西診療所", "機関区分": 3, "都道府県コード": 24, "市区町村コード": 202, "所在地": "三重県四日市市川北１－１２－１５", "緯度": 35.018462, "経度": 136.646913, "url": "https://www.iryou.teikyouseido.mhlw.go.jp/znk-web/juminkanja/S2430/initialize?prefCd=24&kikanCd=3240002050&kikanKbn=3", "url2": "http://masamidc.cocolog-nifty.com/", "内容": "マサミ歯科クリニック富田西診療所【3:歯科】三重県四日市市川北１－１２－１５" }, "geometry": { "type": "Point", "coordinates": [ 136.646913, 35.018462 ] } },
{ "type": "Feature", "properties": { "ID": 2433240002090, "正式名称": "かわい歯科医院", "機関区分": 3, "都道府県コード": 24, "市区町村コード": 202, "所在地": "三重県四日市市鵜の森１丁目１０－１０", "緯度": 34.965745, "経度": 136.615057, "url": "https://www.iryou.teikyouseido.mhlw.go.jp/znk-web/juminkanja/S2430/initialize?prefCd=24&kikanCd=3240002090&kikanKbn=3", "url2": "http://www.kawai-dent.jp", "内容": "かわい歯科医院【3:歯科】三重県四日市市鵜の森１丁目１０－１０" }, "geometry": { "type": "Point", "coordinates": [ 136.615057, 34.965745 ] } },
{ "type": "Feature", "properties": { "ID": 2433240002100, "正式名称": "デンタルクリニック菊池歯科医院", "機関区分": 3, "都道府県コード": 24, "市区町村コード": 202, "所在地": "三重県四日市市諏訪栄町６－３　４ｄａｙ１ビル３Ｆ", "緯度": 34.966717, "経度": 136.619779, "url": "https://www.iryou.teikyouseido.mhlw.go.jp/znk-web/juminkanja/S2430/initialize?prefCd=24&kikanCd=3240002100&kikanKbn=3", "url2": null, "内容": "デンタルクリニック菊池歯科医院【3:歯科】三重県四日市市諏訪栄町６－３　４ｄａｙ１ビル３Ｆ" }, "geometry": { "type": "Point", "coordinates": [ 136.619779, 34.966717 ] } },
{ "type": "Feature", "properties": { "ID": 2433240002110, "正式名称": "菅谷歯科医院", "機関区分": 3, "都道府県コード": 24, "市区町村コード": 202, "所在地": "三重県四日市市沖の島町１－１８", "緯度": 34.965662, "経度": 136.626557, "url": "https://www.iryou.teikyouseido.mhlw.go.jp/znk-web/juminkanja/S2430/initialize?prefCd=24&kikanCd=3240002110&kikanKbn=3", "url2": "http://sugaya-dc.mystrikingly.com", "内容": "菅谷歯科医院【3:歯科】三重県四日市市沖の島町１－１８" }, "geometry": { "type": "Point", "coordinates": [ 136.626557, 34.965662 ] } },
{ "type": "Feature", "properties": { "ID": 2433240002140, "正式名称": "永田歯科医院", "機関区分": 3, "都道府県コード": 24, "市区町村コード": 344, "所在地": "三重県三重郡川越町豊田３２４", "緯度": 35.015268, "経度": 136.663051, "url": "https://www.iryou.teikyouseido.mhlw.go.jp/znk-web/juminkanja/S2430/initialize?prefCd=24&kikanCd=3240002140&kikanKbn=3", "url2": null, "内容": "永田歯科医院【3:歯科】三重県三重郡川越町豊田３２４" }, "geometry": { "type": "Point", "coordinates": [ 136.663051, 35.015268 ] } },
{ "type": "Feature", "properties": { "ID": 2433240002160, "正式名称": "みどり歯科", "機関区分": 3, "都道府県コード": 24, "市区町村コード": 202, "所在地": "三重県四日市市富田３－７－３２", "緯度": 35.006435, "経度": 136.653386, "url": "https://www.iryou.teikyouseido.mhlw.go.jp/znk-web/juminkanja/S2430/initialize?prefCd=24&kikanCd=3240002160&kikanKbn=3", "url2": "http://midori-dental.com/", "内容": "みどり歯科【3:歯科】三重県四日市市富田３－７－３２" }, "geometry": { "type": "Point", "coordinates": [ 136.653386, 35.006435 ] } },
{ "type": "Feature", "properties": { "ID": 2433240002170, "正式名称": "中島歯科医院", "機関区分": 3, "都道府県コード": 24, "市区町村コード": 202, "所在地": "三重県四日市市滝川町６－２３", "緯度": 34.976049, "経度": 136.622945, "url": "https://www.iryou.teikyouseido.mhlw.go.jp/znk-web/juminkanja/S2430/initialize?prefCd=24&kikanCd=3240002170&kikanKbn=3", "url2": null, "内容": "中島歯科医院【3:歯科】三重県四日市市滝川町６－２３" }, "geometry": { "type": "Point", "coordinates": [ 136.622945, 34.976049 ] } },
{ "type": "Feature", "properties": { "ID": 2433240002180, "正式名称": "おかもと歯科", "機関区分": 3, "都道府県コード": 24, "市区町村コード": 202, "所在地": "三重県四日市市城西町１３－３２", "緯度": 34.966828, "経度": 136.600392, "url": "https://www.iryou.teikyouseido.mhlw.go.jp/znk-web/juminkanja/S2430/initialize?prefCd=24&kikanCd=3240002180&kikanKbn=3", "url2": "http://okamotosika.com/", "内容": "おかもと歯科【3:歯科】三重県四日市市城西町１３－３２" }, "geometry": { "type": "Point", "coordinates": [ 136.600392, 34.966828 ] } },
{ "type": "Feature", "properties": { "ID": 2433240002190, "正式名称": "伊藤歯科", "機関区分": 3, "都道府県コード": 24, "市区町村コード": 341, "所在地": "三重県三重郡菰野町田光２２３０", "緯度": 35.071259, "経度": 136.505339, "url": "https://www.iryou.teikyouseido.mhlw.go.jp/znk-web/juminkanja/S2430/initialize?prefCd=24&kikanCd=3240002190&kikanKbn=3", "url2": null, "内容": "伊藤歯科【3:歯科】三重県三重郡菰野町田光２２３０" }, "geometry": { "type": "Point", "coordinates": [ 136.505339, 35.071259 ] } },
{ "type": "Feature", "properties": { "ID": 2433240002210, "正式名称": "中野歯科", "機関区分": 3, "都道府県コード": 24, "市区町村コード": 202, "所在地": "三重県四日市市河原田町１４０４－１１１", "緯度": 34.915305, "経度": 136.597645, "url": "https://www.iryou.teikyouseido.mhlw.go.jp/znk-web/juminkanja/S2430/initialize?prefCd=24&kikanCd=3240002210&kikanKbn=3", "url2": null, "内容": "中野歯科【3:歯科】三重県四日市市河原田町１４０４－１１１" }, "geometry": { "type": "Point", "coordinates": [ 136.597645, 34.915305 ] } },
{ "type": "Feature", "properties": { "ID": 2433240002230, "正式名称": "小杉歯科医院", "機関区分": 3, "都道府県コード": 24, "市区町村コード": 202, "所在地": "三重県四日市市小杉町１９１０", "緯度": 34.994575, "経度": 136.612417, "url": "https://www.iryou.teikyouseido.mhlw.go.jp/znk-web/juminkanja/S2430/initialize?prefCd=24&kikanCd=3240002230&kikanKbn=3", "url2": null, "内容": "小杉歯科医院【3:歯科】三重県四日市市小杉町１９１０" }, "geometry": { "type": "Point", "coordinates": [ 136.612417, 34.994575 ] } },
{ "type": "Feature", "properties": { "ID": 2433240002240, "正式名称": "かなや歯科医院", "機関区分": 3, "都道府県コード": 24, "市区町村コード": 202, "所在地": "三重県四日市市諏訪栄町２１－３", "緯度": 34.96705, "経度": 136.622585, "url": "https://www.iryou.teikyouseido.mhlw.go.jp/znk-web/juminkanja/S2430/initialize?prefCd=24&kikanCd=3240002240&kikanKbn=3", "url2": "http://www.mikku.co.jp/kanaya/", "内容": "かなや歯科医院【3:歯科】三重県四日市市諏訪栄町２１－３" }, "geometry": { "type": "Point", "coordinates": [ 136.622585, 34.96705 ] } },
{ "type": "Feature", "properties": { "ID": 2433240002250, "正式名称": "医療法人　笹川歯科", "機関区分": 3, "都道府県コード": 24, "市区町村コード": 202, "所在地": "三重県四日市市笹川２－１９", "緯度": 34.952384, "経度": 136.575867, "url": "https://www.iryou.teikyouseido.mhlw.go.jp/znk-web/juminkanja/S2430/initialize?prefCd=24&kikanCd=3240002250&kikanKbn=3", "url2": null, "内容": "医療法人　笹川歯科【3:歯科】三重県四日市市笹川２－１９" }, "geometry": { "type": "Point", "coordinates": [ 136.575867, 34.952384 ] } },
{ "type": "Feature", "properties": { "ID": 2433240002300, "正式名称": "いながき歯科", "機関区分": 3, "都道府県コード": 24, "市区町村コード": 341, "所在地": "三重県三重郡菰野町福村４２０－３", "緯度": 35.010711, "経度": 136.529257, "url": "https://www.iryou.teikyouseido.mhlw.go.jp/znk-web/juminkanja/S2430/initialize?prefCd=24&kikanCd=3240002300&kikanKbn=3", "url2": null, "内容": "いながき歯科【3:歯科】三重県三重郡菰野町福村４２０－３" }, "geometry": { "type": "Point", "coordinates": [ 136.529257, 35.010711 ] } },
{ "type": "Feature", "properties": { "ID": 2433240002310, "正式名称": "山田歯科", "機関区分": 3, "都道府県コード": 24, "市区町村コード": 202, "所在地": "三重県四日市市八田１－１－１０", "緯度": 34.990631, "経度": 136.639526, "url": "https://www.iryou.teikyouseido.mhlw.go.jp/znk-web/juminkanja/S2430/initialize?prefCd=24&kikanCd=3240002310&kikanKbn=3", "url2": null, "内容": "山田歯科【3:歯科】三重県四日市市八田１－１－１０" }, "geometry": { "type": "Point", "coordinates": [ 136.639526, 34.990631 ] } },
{ "type": "Feature", "properties": { "ID": 2433240002330, "正式名称": "みたき歯科医院", "機関区分": 3, "都道府県コード": 24, "市区町村コード": 202, "所在地": "三重県四日市市小生町７９５", "緯度": 34.97752, "経度": 136.572033, "url": "https://www.iryou.teikyouseido.mhlw.go.jp/znk-web/juminkanja/S2430/initialize?prefCd=24&kikanCd=3240002330&kikanKbn=3", "url2": null, "内容": "みたき歯科医院【3:歯科】三重県四日市市小生町７９５" }, "geometry": { "type": "Point", "coordinates": [ 136.572033, 34.97752 ] } },
{ "type": "Feature", "properties": { "ID": 2433240002340, "正式名称": "よしだ歯科", "機関区分": 3, "都道府県コード": 24, "市区町村コード": 202, "所在地": "三重県四日市市小林町９２６－７", "緯度": 34.955411, "経度": 136.549619, "url": "https://www.iryou.teikyouseido.mhlw.go.jp/znk-web/juminkanja/S2430/initialize?prefCd=24&kikanCd=3240002340&kikanKbn=3", "url2": null, "内容": "よしだ歯科【3:歯科】三重県四日市市小林町９２６－７" }, "geometry": { "type": "Point", "coordinates": [ 136.549619, 34.955411 ] } },
{ "type": "Feature", "properties": { "ID": 2433240002350, "正式名称": "福村歯科", "機関区分": 3, "都道府県コード": 24, "市区町村コード": 341, "所在地": "三重県三重郡菰野町福村８３－１", "緯度": 35.009377, "経度": 136.52023, "url": "https://www.iryou.teikyouseido.mhlw.go.jp/znk-web/juminkanja/S2430/initialize?prefCd=24&kikanCd=3240002350&kikanKbn=3", "url2": null, "内容": "福村歯科【3:歯科】三重県三重郡菰野町福村８３－１" }, "geometry": { "type": "Point", "coordinates": [ 136.52023, 35.009377 ] } },
{ "type": "Feature", "properties": { "ID": 2433240002370, "正式名称": "田中歯科医院", "機関区分": 3, "都道府県コード": 24, "市区町村コード": 202, "所在地": "三重県四日市市相生町１－５", "緯度": 34.964301, "経度": 136.632223, "url": "https://www.iryou.teikyouseido.mhlw.go.jp/znk-web/juminkanja/S2430/initialize?prefCd=24&kikanCd=3240002370&kikanKbn=3", "url2": null, "内容": "田中歯科医院【3:歯科】三重県四日市市相生町１－５" }, "geometry": { "type": "Point", "coordinates": [ 136.632223, 34.964301 ] } },
{ "type": "Feature", "properties": { "ID": 2433240002380, "正式名称": "医療法人　前田歯科医院", "機関区分": 3, "都道府県コード": 24, "市区町村コード": 202, "所在地": "三重県四日市市阿倉川町９－１７", "緯度": 34.985132, "経度": 136.6285, "url": "https://www.iryou.teikyouseido.mhlw.go.jp/znk-web/juminkanja/S2430/initialize?prefCd=24&kikanCd=3240002380&kikanKbn=3", "url2": null, "内容": "医療法人　前田歯科医院【3:歯科】三重県四日市市阿倉川町９－１７" }, "geometry": { "type": "Point", "coordinates": [ 136.6285, 34.985132 ] } },
{ "type": "Feature", "properties": { "ID": 2433240002400, "正式名称": "カタオカビル小児歯科", "機関区分": 3, "都道府県コード": 24, "市区町村コード": 202, "所在地": "三重県四日市市三栄町３－１４　カタオカビル２階", "緯度": 34.964495, "経度": 136.622196, "url": "https://www.iryou.teikyouseido.mhlw.go.jp/znk-web/juminkanja/S2430/initialize?prefCd=24&kikanCd=3240002400&kikanKbn=3", "url2": null, "内容": "カタオカビル小児歯科【3:歯科】三重県四日市市三栄町３－１４　カタオカビル２階" }, "geometry": { "type": "Point", "coordinates": [ 136.622196, 34.964495 ] } },
{ "type": "Feature", "properties": { "ID": 2433240002410, "正式名称": "あさひ歯科", "機関区分": 3, "都道府県コード": 24, "市区町村コード": 343, "所在地": "三重県三重郡朝日町縄生５２３－２", "緯度": 35.039321, "経度": 136.670772, "url": "https://www.iryou.teikyouseido.mhlw.go.jp/znk-web/juminkanja/S2430/initialize?prefCd=24&kikanCd=3240002410&kikanKbn=3", "url2": null, "内容": "あさひ歯科【3:歯科】三重県三重郡朝日町縄生５２３－２" }, "geometry": { "type": "Point", "coordinates": [ 136.670772, 35.039321 ] } },
{ "type": "Feature", "properties": { "ID": 2433240002420, "正式名称": "イトウ歯科クリニック", "機関区分": 3, "都道府県コード": 24, "市区町村コード": 202, "所在地": "三重県四日市市富田一色町２－１０", "緯度": 35.005019, "経度": 136.65933, "url": "https://www.iryou.teikyouseido.mhlw.go.jp/znk-web/juminkanja/S2430/initialize?prefCd=24&kikanCd=3240002420&kikanKbn=3", "url2": null, "内容": "イトウ歯科クリニック【3:歯科】三重県四日市市富田一色町２－１０" }, "geometry": { "type": "Point", "coordinates": [ 136.65933, 35.005019 ] } },
{ "type": "Feature", "properties": { "ID": 2433240002440, "正式名称": "三鈴歯科", "機関区分": 3, "都道府県コード": 24, "市区町村コード": 202, "所在地": "三重県四日市市鹿間町１９３－２", "緯度": 34.926497, "経度": 136.534594, "url": "https://www.iryou.teikyouseido.mhlw.go.jp/znk-web/juminkanja/S2430/initialize?prefCd=24&kikanCd=3240002440&kikanKbn=3", "url2": null, "内容": "三鈴歯科【3:歯科】三重県四日市市鹿間町１９３－２" }, "geometry": { "type": "Point", "coordinates": [ 136.534594, 34.926497 ] } },
{ "type": "Feature", "properties": { "ID": 2433240002460, "正式名称": "うねめ歯科", "機関区分": 3, "都道府県コード": 24, "市区町村コード": 202, "所在地": "三重県四日市市釆女町２０４２－２", "緯度": 34.920582, "経度": 136.581007, "url": "https://www.iryou.teikyouseido.mhlw.go.jp/znk-web/juminkanja/S2430/initialize?prefCd=24&kikanCd=3240002460&kikanKbn=3", "url2": null, "内容": "うねめ歯科【3:歯科】三重県四日市市釆女町２０４２－２" }, "geometry": { "type": "Point", "coordinates": [ 136.581007, 34.920582 ] } },
{ "type": "Feature", "properties": { "ID": 2433240002480, "正式名称": "ひろ歯科医院", "機関区分": 3, "都道府県コード": 24, "市区町村コード": 202, "所在地": "三重県四日市市堀木１－１－２０", "緯度": 34.97155, "経度": 136.615807, "url": "https://www.iryou.teikyouseido.mhlw.go.jp/znk-web/juminkanja/S2430/initialize?prefCd=24&kikanCd=3240002480&kikanKbn=3", "url2": "http://www.dc-hiro.info", "内容": "ひろ歯科医院【3:歯科】三重県四日市市堀木１－１－２０" }, "geometry": { "type": "Point", "coordinates": [ 136.615807, 34.97155 ] } },
{ "type": "Feature", "properties": { "ID": 2433240002490, "正式名称": "本郷歯科医院", "機関区分": 3, "都道府県コード": 24, "市区町村コード": 202, "所在地": "三重県四日市市小古曽１－６－１７", "緯度": 34.933109, "経度": 136.593644, "url": "https://www.iryou.teikyouseido.mhlw.go.jp/znk-web/juminkanja/S2430/initialize?prefCd=24&kikanCd=3240002490&kikanKbn=3", "url2": null, "内容": "本郷歯科医院【3:歯科】三重県四日市市小古曽１－６－１７" }, "geometry": { "type": "Point", "coordinates": [ 136.593644, 34.933109 ] } },
{ "type": "Feature", "properties": { "ID": 2433240002530, "正式名称": "（医）滋誠会デンタルクリニックフクオカ", "機関区分": 3, "都道府県コード": 24, "市区町村コード": 202, "所在地": "三重県四日市市鵜の森１丁目４－１０", "緯度": 34.966217, "経度": 136.615391, "url": "https://www.iryou.teikyouseido.mhlw.go.jp/znk-web/juminkanja/S2430/initialize?prefCd=24&kikanCd=3240002530&kikanKbn=3", "url2": "http://www.good-dent.com", "内容": "（医）滋誠会デンタルクリニックフクオカ【3:歯科】三重県四日市市鵜の森１丁目４－１０" }, "geometry": { "type": "Point", "coordinates": [ 136.615391, 34.966217 ] } },
{ "type": "Feature", "properties": { "ID": 2433240002550, "正式名称": "なんの歯科クリニック", "機関区分": 3, "都道府県コード": 24, "市区町村コード": 202, "所在地": "三重県四日市市三栄町２－１５", "緯度": 34.964439, "経度": 136.623057, "url": "https://www.iryou.teikyouseido.mhlw.go.jp/znk-web/juminkanja/S2430/initialize?prefCd=24&kikanCd=3240002550&kikanKbn=3", "url2": null, "内容": "なんの歯科クリニック【3:歯科】三重県四日市市三栄町２－１５" }, "geometry": { "type": "Point", "coordinates": [ 136.623057, 34.964439 ] } },
{ "type": "Feature", "properties": { "ID": 2433240002560, "正式名称": "川村歯科クリニック", "機関区分": 3, "都道府県コード": 24, "市区町村コード": 202, "所在地": "三重県四日市市ときわ２－１１－３", "緯度": 34.966716, "経度": 136.596031, "url": "https://www.iryou.teikyouseido.mhlw.go.jp/znk-web/juminkanja/S2430/initialize?prefCd=24&kikanCd=3240002560&kikanKbn=3", "url2": "http://www.kawamura-d-c.com/", "内容": "川村歯科クリニック【3:歯科】三重県四日市市ときわ２－１１－３" }, "geometry": { "type": "Point", "coordinates": [ 136.596031, 34.966716 ] } },
{ "type": "Feature", "properties": { "ID": 2433240002580, "正式名称": "東歯科医院", "機関区分": 3, "都道府県コード": 24, "市区町村コード": 202, "所在地": "三重県四日市市諏訪町３－１５", "緯度": 34.965689, "経度": 136.62414, "url": "https://www.iryou.teikyouseido.mhlw.go.jp/znk-web/juminkanja/S2430/initialize?prefCd=24&kikanCd=3240002580&kikanKbn=3", "url2": null, "内容": "東歯科医院【3:歯科】三重県四日市市諏訪町３－１５" }, "geometry": { "type": "Point", "coordinates": [ 136.62414, 34.965689 ] } },
{ "type": "Feature", "properties": { "ID": 2433240002590, "正式名称": "田中歯科医院", "機関区分": 3, "都道府県コード": 24, "市区町村コード": 202, "所在地": "三重県四日市市楠町南五味塚１９７－５", "緯度": 34.905002, "経度": 136.637558, "url": "https://www.iryou.teikyouseido.mhlw.go.jp/znk-web/juminkanja/S2430/initialize?prefCd=24&kikanCd=3240002590&kikanKbn=3", "url2": "http://www.tanaka-sika.clinic/", "内容": "田中歯科医院【3:歯科】三重県四日市市楠町南五味塚１９７－５" }, "geometry": { "type": "Point", "coordinates": [ 136.637558, 34.905002 ] } },
{ "type": "Feature", "properties": { "ID": 2433240002600, "正式名称": "成田歯科", "機関区分": 3, "都道府県コード": 24, "市区町村コード": 202, "所在地": "三重県四日市市伊坂町１７６３－１", "緯度": 35.030905, "経度": 136.626998, "url": "https://www.iryou.teikyouseido.mhlw.go.jp/znk-web/juminkanja/S2430/initialize?prefCd=24&kikanCd=3240002600&kikanKbn=3", "url2": null, "内容": "成田歯科【3:歯科】三重県四日市市伊坂町１７６３－１" }, "geometry": { "type": "Point", "coordinates": [ 136.626998, 35.030905 ] } },
{ "type": "Feature", "properties": { "ID": 2433240002610, "正式名称": "せつ歯科医院", "機関区分": 3, "都道府県コード": 24, "市区町村コード": 202, "所在地": "三重県四日市市鵜の森１－２－６", "緯度": 34.965023, "経度": 136.617835, "url": "https://www.iryou.teikyouseido.mhlw.go.jp/znk-web/juminkanja/S2430/initialize?prefCd=24&kikanCd=3240002610&kikanKbn=3", "url2": null, "内容": "せつ歯科医院【3:歯科】三重県四日市市鵜の森１－２－６" }, "geometry": { "type": "Point", "coordinates": [ 136.617835, 34.965023 ] } },
{ "type": "Feature", "properties": { "ID": 2433240002620, "正式名称": "さいとう歯科クリニック", "機関区分": 3, "都道府県コード": 24, "市区町村コード": 202, "所在地": "三重県四日市市浮橋１－１３－３", "緯度": 34.969466, "経度": 136.576172, "url": "https://www.iryou.teikyouseido.mhlw.go.jp/znk-web/juminkanja/S2430/initialize?prefCd=24&kikanCd=3240002620&kikanKbn=3", "url2": "http://www.saitoshika.clinic-hp.com/", "内容": "さいとう歯科クリニック【3:歯科】三重県四日市市浮橋１－１３－３" }, "geometry": { "type": "Point", "coordinates": [ 136.576172, 34.969466 ] } },
{ "type": "Feature", "properties": { "ID": 2433240002650, "正式名称": "寺本歯科医院", "機関区分": 3, "都道府県コード": 24, "市区町村コード": 202, "所在地": "三重県四日市市天カ須賀２－２３－２５", "緯度": 35.012991, "経度": 136.669245, "url": "https://www.iryou.teikyouseido.mhlw.go.jp/znk-web/juminkanja/S2430/initialize?prefCd=24&kikanCd=3240002650&kikanKbn=3", "url2": null, "内容": "寺本歯科医院【3:歯科】三重県四日市市天カ須賀２－２３－２５" }, "geometry": { "type": "Point", "coordinates": [ 136.669245, 35.012991 ] } },
{ "type": "Feature", "properties": { "ID": 2433240002660, "正式名称": "水谷歯科医院", "機関区分": 3, "都道府県コード": 24, "市区町村コード": 202, "所在地": "三重県四日市市小杉町３０５－１", "緯度": 34.988631, "経度": 136.605779, "url": "https://www.iryou.teikyouseido.mhlw.go.jp/znk-web/juminkanja/S2430/initialize?prefCd=24&kikanCd=3240002660&kikanKbn=3", "url2": null, "内容": "水谷歯科医院【3:歯科】三重県四日市市小杉町３０５－１" }, "geometry": { "type": "Point", "coordinates": [ 136.605779, 34.988631 ] } },
{ "type": "Feature", "properties": { "ID": 2433240002670, "正式名称": "医療法人　桜花台おかべ歯科", "機関区分": 3, "都道府県コード": 24, "市区町村コード": 202, "所在地": "三重県四日市市桜花台１－４８－６", "緯度": 34.989657, "経度": 136.531813, "url": "https://www.iryou.teikyouseido.mhlw.go.jp/znk-web/juminkanja/S2430/initialize?prefCd=24&kikanCd=3240002670&kikanKbn=3", "url2": null, "内容": "医療法人　桜花台おかべ歯科【3:歯科】三重県四日市市桜花台１－４８－６" }, "geometry": { "type": "Point", "coordinates": [ 136.531813, 34.989657 ] } },
{ "type": "Feature", "properties": { "ID": 2433240002690, "正式名称": "かわしま歯科", "機関区分": 3, "都道府県コード": 24, "市区町村コード": 202, "所在地": "三重県四日市市高角町字境田２５６４－１", "緯度": 34.979853, "経度": 136.558895, "url": "https://www.iryou.teikyouseido.mhlw.go.jp/znk-web/juminkanja/S2430/initialize?prefCd=24&kikanCd=3240002690&kikanKbn=3", "url2": null, "内容": "かわしま歯科【3:歯科】三重県四日市市高角町字境田２５６４－１" }, "geometry": { "type": "Point", "coordinates": [ 136.558895, 34.979853 ] } },
{ "type": "Feature", "properties": { "ID": 2433240002710, "正式名称": "内部歯科", "機関区分": 3, "都道府県コード": 24, "市区町村コード": 202, "所在地": "三重県四日市市釆女町１５６６－１", "緯度": 34.925443, "経度": 136.576229, "url": "https://www.iryou.teikyouseido.mhlw.go.jp/znk-web/juminkanja/S2430/initialize?prefCd=24&kikanCd=3240002710&kikanKbn=3", "url2": null, "内容": "内部歯科【3:歯科】三重県四日市市釆女町１５６６－１" }, "geometry": { "type": "Point", "coordinates": [ 136.576229, 34.925443 ] } },
{ "type": "Feature", "properties": { "ID": 2433240002720, "正式名称": "ほんごう歯科", "機関区分": 3, "都道府県コード": 24, "市区町村コード": 202, "所在地": "三重県四日市市伊坂台１丁目１６７番地", "緯度": 35.042181, "経度": 136.627525, "url": "https://www.iryou.teikyouseido.mhlw.go.jp/znk-web/juminkanja/S2430/initialize?prefCd=24&kikanCd=3240002720&kikanKbn=3", "url2": null, "内容": "ほんごう歯科【3:歯科】三重県四日市市伊坂台１丁目１６７番地" }, "geometry": { "type": "Point", "coordinates": [ 136.627525, 35.042181 ] } },
{ "type": "Feature", "properties": { "ID": 2433240002730, "正式名称": "医療法人　にいみ歯科医院", "機関区分": 3, "都道府県コード": 24, "市区町村コード": 202, "所在地": "三重県四日市市北浜田町３－５", "緯度": 34.962884, "経度": 136.622974, "url": "https://www.iryou.teikyouseido.mhlw.go.jp/znk-web/juminkanja/S2430/initialize?prefCd=24&kikanCd=3240002730&kikanKbn=3", "url2": "https://www.niimi-shika.com/", "内容": "医療法人　にいみ歯科医院【3:歯科】三重県四日市市北浜田町３－５" }, "geometry": { "type": "Point", "coordinates": [ 136.622974, 34.962884 ] } },
{ "type": "Feature", "properties": { "ID": 2433240002740, "正式名称": "医療法人　四日市矯正歯科", "機関区分": 3, "都道府県コード": 24, "市区町村コード": 202, "所在地": "三重県四日市市安島１－２－１８　三誠ビル７Ｆ", "緯度": 34.96805, "経度": 136.617474, "url": "https://www.iryou.teikyouseido.mhlw.go.jp/znk-web/juminkanja/S2430/initialize?prefCd=24&kikanCd=3240002740&kikanKbn=3", "url2": "https://www.yokkaichi-kyousei.com", "内容": "医療法人　四日市矯正歯科【3:歯科】三重県四日市市安島１－２－１８　三誠ビル７Ｆ" }, "geometry": { "type": "Point", "coordinates": [ 136.617474, 34.96805 ] } },
{ "type": "Feature", "properties": { "ID": 2433240002750, "正式名称": "ひぐち歯科クリニック", "機関区分": 3, "都道府県コード": 24, "市区町村コード": 202, "所在地": "三重県四日市市松原町５－２８", "緯度": 35.010185, "経度": 136.65633, "url": "https://www.iryou.teikyouseido.mhlw.go.jp/znk-web/juminkanja/S2430/initialize?prefCd=24&kikanCd=3240002750&kikanKbn=3", "url2": null, "内容": "ひぐち歯科クリニック【3:歯科】三重県四日市市松原町５－２８" }, "geometry": { "type": "Point", "coordinates": [ 136.65633, 35.010185 ] } },
{ "type": "Feature", "properties": { "ID": 2433240002760, "正式名称": "寺嶋歯科", "機関区分": 3, "都道府県コード": 24, "市区町村コード": 202, "所在地": "三重県四日市市小林町３００８", "緯度": 34.954995, "経度": 136.547952, "url": "https://www.iryou.teikyouseido.mhlw.go.jp/znk-web/juminkanja/S2430/initialize?prefCd=24&kikanCd=3240002760&kikanKbn=3", "url2": null, "内容": "寺嶋歯科【3:歯科】三重県四日市市小林町３００８" }, "geometry": { "type": "Point", "coordinates": [ 136.547952, 34.954995 ] } },
{ "type": "Feature", "properties": { "ID": 2433240002770, "正式名称": "多田歯科医院", "機関区分": 3, "都道府県コード": 24, "市区町村コード": 202, "所在地": "三重県四日市市泊村８３４－１", "緯度": 34.942886, "経度": 136.592644, "url": "https://www.iryou.teikyouseido.mhlw.go.jp/znk-web/juminkanja/S2430/initialize?prefCd=24&kikanCd=3240002770&kikanKbn=3", "url2": null, "内容": "多田歯科医院【3:歯科】三重県四日市市泊村８３４－１" }, "geometry": { "type": "Point", "coordinates": [ 136.592644, 34.942886 ] } },
{ "type": "Feature", "properties": { "ID": 2433240002780, "正式名称": "しおはま歯科", "機関区分": 3, "都道府県コード": 24, "市区町村コード": 202, "所在地": "三重県四日市市塩浜本町２－１０", "緯度": 34.931443, "経度": 136.621558, "url": "https://www.iryou.teikyouseido.mhlw.go.jp/znk-web/juminkanja/S2430/initialize?prefCd=24&kikanCd=3240002780&kikanKbn=3", "url2": null, "内容": "しおはま歯科【3:歯科】三重県四日市市塩浜本町２－１０" }, "geometry": { "type": "Point", "coordinates": [ 136.621558, 34.931443 ] } },
{ "type": "Feature", "properties": { "ID": 2433240002790, "正式名称": "今村歯科クリニック", "機関区分": 3, "都道府県コード": 24, "市区町村コード": 202, "所在地": "三重県四日市市七つ屋町１９", "緯度": 34.936498, "経度": 136.625086, "url": "https://www.iryou.teikyouseido.mhlw.go.jp/znk-web/juminkanja/S2430/initialize?prefCd=24&kikanCd=3240002790&kikanKbn=3", "url2": "http://www.imamura-dent.jp", "内容": "今村歯科クリニック【3:歯科】三重県四日市市七つ屋町１９" }, "geometry": { "type": "Point", "coordinates": [ 136.625086, 34.936498 ] } },
{ "type": "Feature", "properties": { "ID": 2433240002800, "正式名称": "すぎはら歯科", "機関区分": 3, "都道府県コード": 24, "市区町村コード": 202, "所在地": "三重県四日市市上海老町７１２－１", "緯度": 35.021377, "経度": 136.560643, "url": "https://www.iryou.teikyouseido.mhlw.go.jp/znk-web/juminkanja/S2430/initialize?prefCd=24&kikanCd=3240002800&kikanKbn=3", "url2": null, "内容": "すぎはら歯科【3:歯科】三重県四日市市上海老町７１２－１" }, "geometry": { "type": "Point", "coordinates": [ 136.560643, 35.021377 ] } },
{ "type": "Feature", "properties": { "ID": 2433240002810, "正式名称": "うさぎ歯科", "機関区分": 3, "都道府県コード": 24, "市区町村コード": 202, "所在地": "三重県四日市市釆女が丘１－１６０", "緯度": 34.917166, "経度": 136.582396, "url": "https://www.iryou.teikyouseido.mhlw.go.jp/znk-web/juminkanja/S2430/initialize?prefCd=24&kikanCd=3240002810&kikanKbn=3", "url2": null, "内容": "うさぎ歯科【3:歯科】三重県四日市市釆女が丘１－１６０" }, "geometry": { "type": "Point", "coordinates": [ 136.582396, 34.917166 ] } },
{ "type": "Feature", "properties": { "ID": 2433240002820, "正式名称": "はしもと歯科", "機関区分": 3, "都道府県コード": 24, "市区町村コード": 202, "所在地": "三重県四日市市東坂部町１５７７－１", "緯度": 34.99863, "経度": 136.601113, "url": "https://www.iryou.teikyouseido.mhlw.go.jp/znk-web/juminkanja/S2430/initialize?prefCd=24&kikanCd=3240002820&kikanKbn=3", "url2": "http://www.hashimotodc.info", "内容": "はしもと歯科【3:歯科】三重県四日市市東坂部町１５７７－１" }, "geometry": { "type": "Point", "coordinates": [ 136.601113, 34.99863 ] } },
{ "type": "Feature", "properties": { "ID": 2433240002830, "正式名称": "ハーモニィ歯科", "機関区分": 3, "都道府県コード": 24, "市区町村コード": 202, "所在地": "三重県四日市市高角町２７３２－１", "緯度": 34.982242, "経度": 136.553478, "url": "https://www.iryou.teikyouseido.mhlw.go.jp/znk-web/juminkanja/S2430/initialize?prefCd=24&kikanCd=3240002830&kikanKbn=3", "url2": null, "内容": "ハーモニィ歯科【3:歯科】三重県四日市市高角町２７３２－１" }, "geometry": { "type": "Point", "coordinates": [ 136.553478, 34.982242 ] } },
{ "type": "Feature", "properties": { "ID": 2433240002850, "正式名称": "医療法人　優駿会　タカダ歯科医院", "機関区分": 3, "都道府県コード": 24, "市区町村コード": 202, "所在地": "三重県四日市市生桑町１６８７－１", "緯度": 34.982881, "経度": 136.595197, "url": "https://www.iryou.teikyouseido.mhlw.go.jp/znk-web/juminkanja/S2430/initialize?prefCd=24&kikanCd=3240002850&kikanKbn=3", "url2": "https://www.takada-dc.jp/", "内容": "医療法人　優駿会　タカダ歯科医院【3:歯科】三重県四日市市生桑町１６８７－１" }, "geometry": { "type": "Point", "coordinates": [ 136.595197, 34.982881 ] } },
{ "type": "Feature", "properties": { "ID": 2433240002860, "正式名称": "やなせ小児歯科", "機関区分": 3, "都道府県コード": 24, "市区町村コード": 341, "所在地": "三重県三重郡菰野町池底１２９１－２", "緯度": 35.038374, "経度": 136.517896, "url": "https://www.iryou.teikyouseido.mhlw.go.jp/znk-web/juminkanja/S2430/initialize?prefCd=24&kikanCd=3240002860&kikanKbn=3", "url2": null, "内容": "やなせ小児歯科【3:歯科】三重県三重郡菰野町池底１２９１－２" }, "geometry": { "type": "Point", "coordinates": [ 136.517896, 35.038374 ] } },
{ "type": "Feature", "properties": { "ID": 2433240002870, "正式名称": "おぐら歯科医院", "機関区分": 3, "都道府県コード": 24, "市区町村コード": 341, "所在地": "三重県三重郡菰野町音羽６５９－１", "緯度": 35.02918, "経度": 136.502814, "url": "https://www.iryou.teikyouseido.mhlw.go.jp/znk-web/juminkanja/S2430/initialize?prefCd=24&kikanCd=3240002870&kikanKbn=3", "url2": "http://www.citydo.com/sp/059-391-0840", "内容": "おぐら歯科医院【3:歯科】三重県三重郡菰野町音羽６５９－１" }, "geometry": { "type": "Point", "coordinates": [ 136.502814, 35.02918 ] } },
{ "type": "Feature", "properties": { "ID": 2433240002880, "正式名称": "医療法人　健志会　秋山歯科", "機関区分": 3, "都道府県コード": 24, "市区町村コード": 341, "所在地": "三重県三重郡菰野町大強原３８２７", "緯度": 35.03618, "経度": 136.532478, "url": "https://www.iryou.teikyouseido.mhlw.go.jp/znk-web/juminkanja/S2430/initialize?prefCd=24&kikanCd=3240002880&kikanKbn=3", "url2": null, "内容": "医療法人　健志会　秋山歯科【3:歯科】三重県三重郡菰野町大強原３８２７" }, "geometry": { "type": "Point", "coordinates": [ 136.532478, 35.03618 ] } },
{ "type": "Feature", "properties": { "ID": 2433240002890, "正式名称": "はやし歯科医院", "機関区分": 3, "都道府県コード": 24, "市区町村コード": 341, "所在地": "三重県三重郡菰野町菰野１７１７－１", "緯度": 35.01421, "経度": 136.509425, "url": "https://www.iryou.teikyouseido.mhlw.go.jp/znk-web/juminkanja/S2430/initialize?prefCd=24&kikanCd=3240002890&kikanKbn=3", "url2": null, "内容": "はやし歯科医院【3:歯科】三重県三重郡菰野町菰野１７１７－１" }, "geometry": { "type": "Point", "coordinates": [ 136.509425, 35.01421 ] } },
{ "type": "Feature", "properties": { "ID": 2433240002900, "正式名称": "医療法人　ＡＱＵＡ", "機関区分": 3, "都道府県コード": 24, "市区町村コード": 202, "所在地": "三重県四日市市笹川１－５９", "緯度": 34.949857, "経度": 136.581033, "url": "https://www.iryou.teikyouseido.mhlw.go.jp/znk-web/juminkanja/S2430/initialize?prefCd=24&kikanCd=3240002900&kikanKbn=3", "url2": "http://www.morimoto-d.com", "内容": "医療法人　ＡＱＵＡ【3:歯科】三重県四日市市笹川１－５９" }, "geometry": { "type": "Point", "coordinates": [ 136.581033, 34.949857 ] } },
{ "type": "Feature", "properties": { "ID": 2433240002910, "正式名称": "山内歯科", "機関区分": 3, "都道府県コード": 24, "市区町村コード": 202, "所在地": "三重県四日市市小杉新町１３８", "緯度": 34.999074, "経度": 136.607834, "url": "https://www.iryou.teikyouseido.mhlw.go.jp/znk-web/juminkanja/S2430/initialize?prefCd=24&kikanCd=3240002910&kikanKbn=3", "url2": null, "内容": "山内歯科【3:歯科】三重県四日市市小杉新町１３８" }, "geometry": { "type": "Point", "coordinates": [ 136.607834, 34.999074 ] } },
{ "type": "Feature", "properties": { "ID": 2433240003060, "正式名称": "ももい歯科", "機関区分": 3, "都道府県コード": 24, "市区町村コード": 207, "所在地": "三重県鈴鹿市西条５－６８", "緯度": 34.879531, "経度": 136.56826, "url": "https://www.iryou.teikyouseido.mhlw.go.jp/znk-web/juminkanja/S2430/initialize?prefCd=24&kikanCd=3240003060&kikanKbn=3", "url2": null, "内容": "ももい歯科【3:歯科】三重県鈴鹿市西条５－６８" }, "geometry": { "type": "Point", "coordinates": [ 136.56826, 34.879531 ] } },
{ "type": "Feature", "properties": { "ID": 2433240003090, "正式名称": "こばやし歯科", "機関区分": 3, "都道府県コード": 24, "市区町村コード": 207, "所在地": "三重県鈴鹿市神戸１－４－３", "緯度": 34.882364, "経度": 136.581981, "url": "https://www.iryou.teikyouseido.mhlw.go.jp/znk-web/juminkanja/S2430/initialize?prefCd=24&kikanCd=3240003090&kikanKbn=3", "url2": "http://suzuka-kobayashi-shika.com/", "内容": "こばやし歯科【3:歯科】三重県鈴鹿市神戸１－４－３" }, "geometry": { "type": "Point", "coordinates": [ 136.581981, 34.882364 ] } },
{ "type": "Feature", "properties": { "ID": 2433240003100, "正式名称": "原田歯科医院", "機関区分": 3, "都道府県コード": 24, "市区町村コード": 207, "所在地": "三重県鈴鹿市算所５－１２－１９", "緯度": 34.876725, "経度": 136.551706, "url": "https://www.iryou.teikyouseido.mhlw.go.jp/znk-web/juminkanja/S2430/initialize?prefCd=24&kikanCd=3240003100&kikanKbn=3", "url2": null, "内容": "原田歯科医院【3:歯科】三重県鈴鹿市算所５－１２－１９" }, "geometry": { "type": "Point", "coordinates": [ 136.551706, 34.876725 ] } },
{ "type": "Feature", "properties": { "ID": 2433240003110, "正式名称": "磯山歯科", "機関区分": 3, "都道府県コード": 24, "市区町村コード": 207, "所在地": "三重県鈴鹿市東磯山２丁目２２－１７", "緯度": 34.812705, "経度": 136.569263, "url": "https://www.iryou.teikyouseido.mhlw.go.jp/znk-web/juminkanja/S2430/initialize?prefCd=24&kikanCd=3240003110&kikanKbn=3", "url2": null, "内容": "磯山歯科【3:歯科】三重県鈴鹿市東磯山２丁目２２－１７" }, "geometry": { "type": "Point", "coordinates": [ 136.569263, 34.812705 ] } },
{ "type": "Feature", "properties": { "ID": 2433240003140, "正式名称": "大谷歯科医院", "機関区分": 3, "都道府県コード": 24, "市区町村コード": 207, "所在地": "三重県鈴鹿市神戸９－９－１３", "緯度": 34.883808, "経度": 136.58398, "url": "https://www.iryou.teikyouseido.mhlw.go.jp/znk-web/juminkanja/S2430/initialize?prefCd=24&kikanCd=3240003140&kikanKbn=3", "url2": null, "内容": "大谷歯科医院【3:歯科】三重県鈴鹿市神戸９－９－１３" }, "geometry": { "type": "Point", "coordinates": [ 136.58398, 34.883808 ] } },
{ "type": "Feature", "properties": { "ID": 2433240003150, "正式名称": "川村歯科", "機関区分": 3, "都道府県コード": 24, "市区町村コード": 207, "所在地": "三重県鈴鹿市算所１２４２－１", "緯度": 34.869004, "経度": 136.547901, "url": "https://www.iryou.teikyouseido.mhlw.go.jp/znk-web/juminkanja/S2430/initialize?prefCd=24&kikanCd=3240003150&kikanKbn=3", "url2": null, "内容": "川村歯科【3:歯科】三重県鈴鹿市算所１２４２－１" }, "geometry": { "type": "Point", "coordinates": [ 136.547901, 34.869004 ] } },
{ "type": "Feature", "properties": { "ID": 2433240003190, "正式名称": "笠井歯科医院", "機関区分": 3, "都道府県コード": 24, "市区町村コード": 207, "所在地": "三重県鈴鹿市算所１－１－１７", "緯度": 34.873281, "経度": 136.542234, "url": "https://www.iryou.teikyouseido.mhlw.go.jp/znk-web/juminkanja/S2430/initialize?prefCd=24&kikanCd=3240003190&kikanKbn=3", "url2": "https://epark.jp/shopinfo/shk303157/", "内容": "笠井歯科医院【3:歯科】三重県鈴鹿市算所１－１－１７" }, "geometry": { "type": "Point", "coordinates": [ 136.542234, 34.873281 ] } },
{ "type": "Feature", "properties": { "ID": 2433240003200, "正式名称": "長太ノ浦歯科医院", "機関区分": 3, "都道府県コード": 24, "市区町村コード": 207, "所在地": "三重県鈴鹿市北長太町６３３－５", "緯度": 34.894502, "経度": 136.629337, "url": "https://www.iryou.teikyouseido.mhlw.go.jp/znk-web/juminkanja/S2430/initialize?prefCd=24&kikanCd=3240003200&kikanKbn=3", "url2": null, "内容": "長太ノ浦歯科医院【3:歯科】三重県鈴鹿市北長太町６３３－５" }, "geometry": { "type": "Point", "coordinates": [ 136.629337, 34.894502 ] } },
{ "type": "Feature", "properties": { "ID": 2433240003210, "正式名称": "医療法人　幹人会　鳴神歯科　本院", "機関区分": 3, "都道府県コード": 24, "市区町村コード": 207, "所在地": "三重県鈴鹿市神戸５－１－２０", "緯度": 34.880809, "経度": 136.575481, "url": "https://www.iryou.teikyouseido.mhlw.go.jp/znk-web/juminkanja/S2430/initialize?prefCd=24&kikanCd=3240003210&kikanKbn=3", "url2": "http://narukami-dental.com/", "内容": "医療法人　幹人会　鳴神歯科　本院【3:歯科】三重県鈴鹿市神戸５－１－２０" }, "geometry": { "type": "Point", "coordinates": [ 136.575481, 34.880809 ] } },
{ "type": "Feature", "properties": { "ID": 2433240003220, "正式名称": "垣内歯科医院", "機関区分": 3, "都道府県コード": 24, "市区町村コード": 207, "所在地": "三重県鈴鹿市岸岡町３１５８－１", "緯度": 34.854145, "経度": 136.595314, "url": "https://www.iryou.teikyouseido.mhlw.go.jp/znk-web/juminkanja/S2430/initialize?prefCd=24&kikanCd=3240003220&kikanKbn=3", "url2": null, "内容": "垣内歯科医院【3:歯科】三重県鈴鹿市岸岡町３１５８－１" }, "geometry": { "type": "Point", "coordinates": [ 136.595314, 34.854145 ] } },
{ "type": "Feature", "properties": { "ID": 2433240003230, "正式名称": "中條歯科医院", "機関区分": 3, "都道府県コード": 24, "市区町村コード": 207, "所在地": "三重県鈴鹿市南江島町１８－３５", "緯度": 34.841119, "経度": 136.590537, "url": "https://www.iryou.teikyouseido.mhlw.go.jp/znk-web/juminkanja/S2430/initialize?prefCd=24&kikanCd=3240003230&kikanKbn=3", "url2": null, "内容": "中條歯科医院【3:歯科】三重県鈴鹿市南江島町１８－３５" }, "geometry": { "type": "Point", "coordinates": [ 136.590537, 34.841119 ] } },
{ "type": "Feature", "properties": { "ID": 2433240003240, "正式名称": "かめだ歯科", "機関区分": 3, "都道府県コード": 24, "市区町村コード": 207, "所在地": "三重県鈴鹿市稲生西３－１４－３６", "緯度": 34.841535, "経度": 136.558012, "url": "https://www.iryou.teikyouseido.mhlw.go.jp/znk-web/juminkanja/S2430/initialize?prefCd=24&kikanCd=3240003240&kikanKbn=3", "url2": null, "内容": "かめだ歯科【3:歯科】三重県鈴鹿市稲生西３－１４－３６" }, "geometry": { "type": "Point", "coordinates": [ 136.558012, 34.841535 ] } },
{ "type": "Feature", "properties": { "ID": 2433240003270, "正式名称": "玉垣歯科医院", "機関区分": 3, "都道府県コード": 24, "市区町村コード": 207, "所在地": "三重県鈴鹿市南玉垣町６７７１", "緯度": 34.856034, "経度": 136.583732, "url": "https://www.iryou.teikyouseido.mhlw.go.jp/znk-web/juminkanja/S2430/initialize?prefCd=24&kikanCd=3240003270&kikanKbn=3", "url2": "https://www.tamagaki-dc.com/", "内容": "玉垣歯科医院【3:歯科】三重県鈴鹿市南玉垣町６７７１" }, "geometry": { "type": "Point", "coordinates": [ 136.583732, 34.856034 ] } },
{ "type": "Feature", "properties": { "ID": 2433240003280, "正式名称": "医療法人　さかえ歯科医院", "機関区分": 3, "都道府県コード": 24, "市区町村コード": 207, "所在地": "三重県鈴鹿市中江島町２０－１３", "緯度": 34.843063, "経度": 136.594565, "url": "https://www.iryou.teikyouseido.mhlw.go.jp/znk-web/juminkanja/S2430/initialize?prefCd=24&kikanCd=3240003280&kikanKbn=3", "url2": "https://www.sakae-shika.com/", "内容": "医療法人　さかえ歯科医院【3:歯科】三重県鈴鹿市中江島町２０－１３" }, "geometry": { "type": "Point", "coordinates": [ 136.594565, 34.843063 ] } },
{ "type": "Feature", "properties": { "ID": 2433240003290, "正式名称": "北條歯科医院　稲生診療所", "機関区分": 3, "都道府県コード": 24, "市区町村コード": 207, "所在地": "三重県鈴鹿市稲生２－１５－１２", "緯度": 34.836952, "経度": 136.561873, "url": "https://www.iryou.teikyouseido.mhlw.go.jp/znk-web/juminkanja/S2430/initialize?prefCd=24&kikanCd=3240003290&kikanKbn=3", "url2": null, "内容": "北條歯科医院　稲生診療所【3:歯科】三重県鈴鹿市稲生２－１５－１２" }, "geometry": { "type": "Point", "coordinates": [ 136.561873, 34.836952 ] } },
{ "type": "Feature", "properties": { "ID": 2433240003300, "正式名称": "庄野歯科", "機関区分": 3, "都道府県コード": 24, "市区町村コード": 207, "所在地": "三重県鈴鹿市平田本町２－１９－３", "緯度": 34.877197, "経度": 136.53429, "url": "https://www.iryou.teikyouseido.mhlw.go.jp/znk-web/juminkanja/S2430/initialize?prefCd=24&kikanCd=3240003300&kikanKbn=3", "url2": "http://www.mecha.ne.jp/~tosikoba/", "内容": "庄野歯科【3:歯科】三重県鈴鹿市平田本町２－１９－３" }, "geometry": { "type": "Point", "coordinates": [ 136.53429, 34.877197 ] } },
{ "type": "Feature", "properties": { "ID": 2433240003320, "正式名称": "千代崎歯科医院", "機関区分": 3, "都道府県コード": 24, "市区町村コード": 207, "所在地": "三重県鈴鹿市岸岡町３０８５－２", "緯度": 34.852646, "経度": 136.609619, "url": "https://www.iryou.teikyouseido.mhlw.go.jp/znk-web/juminkanja/S2430/initialize?prefCd=24&kikanCd=3240003320&kikanKbn=3", "url2": null, "内容": "千代崎歯科医院【3:歯科】三重県鈴鹿市岸岡町３０８５－２" }, "geometry": { "type": "Point", "coordinates": [ 136.609619, 34.852646 ] } },
{ "type": "Feature", "properties": { "ID": 2433240003330, "正式名称": "スズカ歯科", "機関区分": 3, "都道府県コード": 24, "市区町村コード": 207, "所在地": "三重県鈴鹿市寺家２－２２－１０", "緯度": 34.816788, "経度": 136.575068, "url": "https://www.iryou.teikyouseido.mhlw.go.jp/znk-web/juminkanja/S2430/initialize?prefCd=24&kikanCd=3240003330&kikanKbn=3", "url2": null, "内容": "スズカ歯科【3:歯科】三重県鈴鹿市寺家２－２２－１０" }, "geometry": { "type": "Point", "coordinates": [ 136.575068, 34.816788 ] } },
{ "type": "Feature", "properties": { "ID": 2433240003340, "正式名称": "医療法人　かさど歯科医院", "機関区分": 3, "都道府県コード": 24, "市区町村コード": 207, "所在地": "三重県鈴鹿市高塚町１４５１－３２", "緯度": 34.898667, "経度": 136.511402, "url": "https://www.iryou.teikyouseido.mhlw.go.jp/znk-web/juminkanja/S2430/initialize?prefCd=24&kikanCd=3240003340&kikanKbn=3", "url2": null, "内容": "医療法人　かさど歯科医院【3:歯科】三重県鈴鹿市高塚町１４５１－３２" }, "geometry": { "type": "Point", "coordinates": [ 136.511402, 34.898667 ] } },
{ "type": "Feature", "properties": { "ID": 2433240003350, "正式名称": "十宮歯科医院", "機関区分": 3, "都道府県コード": 24, "市区町村コード": 207, "所在地": "三重県鈴鹿市十宮４－３－１２", "緯度": 34.887336, "経度": 136.579592, "url": "https://www.iryou.teikyouseido.mhlw.go.jp/znk-web/juminkanja/S2430/initialize?prefCd=24&kikanCd=3240003350&kikanKbn=3", "url2": null, "内容": "十宮歯科医院【3:歯科】三重県鈴鹿市十宮４－３－１２" }, "geometry": { "type": "Point", "coordinates": [ 136.579592, 34.887336 ] } },
{ "type": "Feature", "properties": { "ID": 2433240003360, "正式名称": "早川歯科医院", "機関区分": 3, "都道府県コード": 24, "市区町村コード": 207, "所在地": "三重県鈴鹿市長沢町１１６６－１", "緯度": 34.93394, "経度": 136.477404, "url": "https://www.iryou.teikyouseido.mhlw.go.jp/znk-web/juminkanja/S2430/initialize?prefCd=24&kikanCd=3240003360&kikanKbn=3", "url2": null, "内容": "早川歯科医院【3:歯科】三重県鈴鹿市長沢町１１６６－１" }, "geometry": { "type": "Point", "coordinates": [ 136.477404, 34.93394 ] } },
{ "type": "Feature", "properties": { "ID": 2433240003380, "正式名称": "豊田歯科医院", "機関区分": 3, "都道府県コード": 24, "市区町村コード": 207, "所在地": "三重県鈴鹿市国府町３２９１－１", "緯度": 34.855727, "経度": 136.514932, "url": "https://www.iryou.teikyouseido.mhlw.go.jp/znk-web/juminkanja/S2430/initialize?prefCd=24&kikanCd=3240003380&kikanKbn=3", "url2": null, "内容": "豊田歯科医院【3:歯科】三重県鈴鹿市国府町３２９１－１" }, "geometry": { "type": "Point", "coordinates": [ 136.514932, 34.855727 ] } },
{ "type": "Feature", "properties": { "ID": 2433240003390, "正式名称": "医療法人　慈恵会　末広歯科", "機関区分": 3, "都道府県コード": 24, "市区町村コード": 207, "所在地": "三重県鈴鹿市末広東１５番３号", "緯度": 34.860561, "経度": 136.570733, "url": "https://www.iryou.teikyouseido.mhlw.go.jp/znk-web/juminkanja/S2430/initialize?prefCd=24&kikanCd=3240003390&kikanKbn=3", "url2": null, "内容": "医療法人　慈恵会　末広歯科【3:歯科】三重県鈴鹿市末広東１５番３号" }, "geometry": { "type": "Point", "coordinates": [ 136.570733, 34.860561 ] } },
{ "type": "Feature", "properties": { "ID": 2433240003400, "正式名称": "なるかわ歯科医院", "機関区分": 3, "都道府県コード": 24, "市区町村コード": 207, "所在地": "三重県鈴鹿市白子本町１１－３５", "緯度": 34.832647, "経度": 136.588427, "url": "https://www.iryou.teikyouseido.mhlw.go.jp/znk-web/juminkanja/S2430/initialize?prefCd=24&kikanCd=3240003400&kikanKbn=3", "url2": null, "内容": "なるかわ歯科医院【3:歯科】三重県鈴鹿市白子本町１１－３５" }, "geometry": { "type": "Point", "coordinates": [ 136.588427, 34.832647 ] } },
{ "type": "Feature", "properties": { "ID": 2433240003410, "正式名称": "エンゼル歯科クリニック", "機関区分": 3, "都道府県コード": 24, "市区町村コード": 207, "所在地": "三重県鈴鹿市稲生１－１６－１８", "緯度": 34.830119, "経度": 136.558957, "url": "https://www.iryou.teikyouseido.mhlw.go.jp/znk-web/juminkanja/S2430/initialize?prefCd=24&kikanCd=3240003410&kikanKbn=3", "url2": null, "内容": "エンゼル歯科クリニック【3:歯科】三重県鈴鹿市稲生１－１６－１８" }, "geometry": { "type": "Point", "coordinates": [ 136.558957, 34.830119 ] } },
{ "type": "Feature", "properties": { "ID": 2433240003420, "正式名称": "うえしま歯科", "機関区分": 3, "都道府県コード": 24, "市区町村コード": 207, "所在地": "三重県鈴鹿市住吉１－２４－２５　石井ビル　１階", "緯度": 34.864282, "経度": 136.53668, "url": "https://www.iryou.teikyouseido.mhlw.go.jp/znk-web/juminkanja/S2430/initialize?prefCd=24&kikanCd=3240003420&kikanKbn=3", "url2": "http://ueshimashika.main.jp/", "内容": "うえしま歯科【3:歯科】三重県鈴鹿市住吉１－２４－２５　石井ビル　１階" }, "geometry": { "type": "Point", "coordinates": [ 136.53668, 34.864282 ] } },
{ "type": "Feature", "properties": { "ID": 2433240003430, "正式名称": "ゆみ子歯科", "機関区分": 3, "都道府県コード": 24, "市区町村コード": 207, "所在地": "三重県鈴鹿市白子３－１－２０", "緯度": 34.833397, "経度": 136.585788, "url": "https://www.iryou.teikyouseido.mhlw.go.jp/znk-web/juminkanja/S2430/initialize?prefCd=24&kikanCd=3240003430&kikanKbn=3", "url2": null, "内容": "ゆみ子歯科【3:歯科】三重県鈴鹿市白子３－１－２０" }, "geometry": { "type": "Point", "coordinates": [ 136.585788, 34.833397 ] } },
{ "type": "Feature", "properties": { "ID": 2433240003440, "正式名称": "垣内歯科　住吉診療所", "機関区分": 3, "都道府県コード": 24, "市区町村コード": 207, "所在地": "三重県鈴鹿市住吉４－２０－３８", "緯度": 34.858782, "経度": 136.530292, "url": "https://www.iryou.teikyouseido.mhlw.go.jp/znk-web/juminkanja/S2430/initialize?prefCd=24&kikanCd=3240003440&kikanKbn=3", "url2": null, "内容": "垣内歯科　住吉診療所【3:歯科】三重県鈴鹿市住吉４－２０－３８" }, "geometry": { "type": "Point", "coordinates": [ 136.530292, 34.858782 ] } },
{ "type": "Feature", "properties": { "ID": 2433240003450, "正式名称": "野町歯科医院", "機関区分": 3, "都道府県コード": 24, "市区町村コード": 207, "所在地": "三重県鈴鹿市野町中１－１－１０", "緯度": 34.853422, "経度": 136.566122, "url": "https://www.iryou.teikyouseido.mhlw.go.jp/znk-web/juminkanja/S2430/initialize?prefCd=24&kikanCd=3240003450&kikanKbn=3", "url2": null, "内容": "野町歯科医院【3:歯科】三重県鈴鹿市野町中１－１－１０" }, "geometry": { "type": "Point", "coordinates": [ 136.566122, 34.853422 ] } },
{ "type": "Feature", "properties": { "ID": 2433240003460, "正式名称": "サン歯科クリニック", "機関区分": 3, "都道府県コード": 24, "市区町村コード": 207, "所在地": "三重県鈴鹿市郡山町２００１－３６", "緯度": 34.811954, "経度": 136.542043, "url": "https://www.iryou.teikyouseido.mhlw.go.jp/znk-web/juminkanja/S2430/initialize?prefCd=24&kikanCd=3240003460&kikanKbn=3", "url2": null, "内容": "サン歯科クリニック【3:歯科】三重県鈴鹿市郡山町２００１－３６" }, "geometry": { "type": "Point", "coordinates": [ 136.542043, 34.811954 ] } },
{ "type": "Feature", "properties": { "ID": 2433240003470, "正式名称": "和田歯科クリニック", "機関区分": 3, "都道府県コード": 24, "市区町村コード": 207, "所在地": "三重県鈴鹿市東江島町２７－１７", "緯度": 34.842646, "経度": 136.60112, "url": "https://www.iryou.teikyouseido.mhlw.go.jp/znk-web/juminkanja/S2430/initialize?prefCd=24&kikanCd=3240003470&kikanKbn=3", "url2": null, "内容": "和田歯科クリニック【3:歯科】三重県鈴鹿市東江島町２７－１７" }, "geometry": { "type": "Point", "coordinates": [ 136.60112, 34.842646 ] } },
{ "type": "Feature", "properties": { "ID": 2433240003480, "正式名称": "茂理歯科医院", "機関区分": 3, "都道府県コード": 24, "市区町村コード": 207, "所在地": "三重県鈴鹿市白子町６４－１", "緯度": 34.838341, "経度": 136.58651, "url": "https://www.iryou.teikyouseido.mhlw.go.jp/znk-web/juminkanja/S2430/initialize?prefCd=24&kikanCd=3240003480&kikanKbn=3", "url2": "http://www.mori-shikaiin.com", "内容": "茂理歯科医院【3:歯科】三重県鈴鹿市白子町６４－１" }, "geometry": { "type": "Point", "coordinates": [ 136.58651, 34.838341 ] } },
{ "type": "Feature", "properties": { "ID": 2433240003490, "正式名称": "大井歯科医院", "機関区分": 3, "都道府県コード": 24, "市区町村コード": 207, "所在地": "三重県鈴鹿市野町東２－４－６", "緯度": 34.849478, "経度": 136.569844, "url": "https://www.iryou.teikyouseido.mhlw.go.jp/znk-web/juminkanja/S2430/initialize?prefCd=24&kikanCd=3240003490&kikanKbn=3", "url2": null, "内容": "大井歯科医院【3:歯科】三重県鈴鹿市野町東２－４－６" }, "geometry": { "type": "Point", "coordinates": [ 136.569844, 34.849478 ] } },
{ "type": "Feature", "properties": { "ID": 2433240003500, "正式名称": "ゆあさ歯科医院", "機関区分": 3, "都道府県コード": 24, "市区町村コード": 207, "所在地": "三重県鈴鹿市竹野２－１９－１１", "緯度": 34.880614, "経度": 136.554844, "url": "https://www.iryou.teikyouseido.mhlw.go.jp/znk-web/juminkanja/S2430/initialize?prefCd=24&kikanCd=3240003500&kikanKbn=3", "url2": null, "内容": "ゆあさ歯科医院【3:歯科】三重県鈴鹿市竹野２－１９－１１" }, "geometry": { "type": "Point", "coordinates": [ 136.554844, 34.880614 ] } },
{ "type": "Feature", "properties": { "ID": 2433240003530, "正式名称": "まゆみ歯科医院", "機関区分": 3, "都道府県コード": 24, "市区町村コード": 207, "所在地": "三重県鈴鹿市徳居町５６０－１", "緯度": 34.822925, "経度": 136.513517, "url": "https://www.iryou.teikyouseido.mhlw.go.jp/znk-web/juminkanja/S2430/initialize?prefCd=24&kikanCd=3240003530&kikanKbn=3", "url2": null, "内容": "まゆみ歯科医院【3:歯科】三重県鈴鹿市徳居町５６０－１" }, "geometry": { "type": "Point", "coordinates": [ 136.513517, 34.822925 ] } },
{ "type": "Feature", "properties": { "ID": 2433240003540, "正式名称": "ひがし小児・矯正歯科クリニック", "機関区分": 3, "都道府県コード": 24, "市区町村コード": 207, "所在地": "三重県鈴鹿市野村町１６７－１", "緯度": 34.838146, "経度": 136.568039, "url": "https://www.iryou.teikyouseido.mhlw.go.jp/znk-web/juminkanja/S2430/initialize?prefCd=24&kikanCd=3240003540&kikanKbn=3", "url2": "http://www.higashi-dent.info/", "内容": "ひがし小児・矯正歯科クリニック【3:歯科】三重県鈴鹿市野村町１６７－１" }, "geometry": { "type": "Point", "coordinates": [ 136.568039, 34.838146 ] } },
{ "type": "Feature", "properties": { "ID": 2433240003550, "正式名称": "医療法人大木会　大木歯科医院", "機関区分": 3, "都道府県コード": 24, "市区町村コード": 207, "所在地": "三重県鈴鹿市南長太町鎗添２５０５－２", "緯度": 34.885337, "経度": 136.629616, "url": "https://www.iryou.teikyouseido.mhlw.go.jp/znk-web/juminkanja/S2430/initialize?prefCd=24&kikanCd=3240003550&kikanKbn=3", "url2": "https://www.ohki-dental.com", "内容": "医療法人大木会　大木歯科医院【3:歯科】三重県鈴鹿市南長太町鎗添２５０５－２" }, "geometry": { "type": "Point", "coordinates": [ 136.629616, 34.885337 ] } },
{ "type": "Feature", "properties": { "ID": 2433240003560, "正式名称": "医療法人　大寿会　鈴鹿回生歯科", "機関区分": 3, "都道府県コード": 24, "市区町村コード": 207, "所在地": "三重県鈴鹿市国府町１７５", "緯度": 34.860476, "経度": 136.49535, "url": "https://www.iryou.teikyouseido.mhlw.go.jp/znk-web/juminkanja/S2430/initialize?prefCd=24&kikanCd=3240003560&kikanKbn=3", "url2": null, "内容": "医療法人　大寿会　鈴鹿回生歯科【3:歯科】三重県鈴鹿市国府町１７５" }, "geometry": { "type": "Point", "coordinates": [ 136.49535, 34.860476 ] } },
{ "type": "Feature", "properties": { "ID": 2433240003570, "正式名称": "羽山歯科", "機関区分": 3, "都道府県コード": 24, "市区町村コード": 207, "所在地": "三重県鈴鹿市国府町７７７２－６", "緯度": 34.872864, "経度": 136.522069, "url": "https://www.iryou.teikyouseido.mhlw.go.jp/znk-web/juminkanja/S2430/initialize?prefCd=24&kikanCd=3240003570&kikanKbn=3", "url2": null, "内容": "羽山歯科【3:歯科】三重県鈴鹿市国府町７７７２－６" }, "geometry": { "type": "Point", "coordinates": [ 136.522069, 34.872864 ] } },
{ "type": "Feature", "properties": { "ID": 2433240003660, "正式名称": "生川歯科", "機関区分": 3, "都道府県コード": 24, "市区町村コード": 210, "所在地": "三重県亀山市阿野田町１６７４－１", "緯度": 34.844977, "経度": 136.462881, "url": "https://www.iryou.teikyouseido.mhlw.go.jp/znk-web/juminkanja/S2430/initialize?prefCd=24&kikanCd=3240003660&kikanKbn=3", "url2": null, "内容": "生川歯科【3:歯科】三重県亀山市阿野田町１６７４－１" }, "geometry": { "type": "Point", "coordinates": [ 136.462881, 34.844977 ] } },
{ "type": "Feature", "properties": { "ID": 2433240003680, "正式名称": "金原歯科医院", "機関区分": 3, "都道府県コード": 24, "市区町村コード": 210, "所在地": "三重県亀山市長明寺町５９４－２", "緯度": 34.877446, "経度": 136.475656, "url": "https://www.iryou.teikyouseido.mhlw.go.jp/znk-web/juminkanja/S2430/initialize?prefCd=24&kikanCd=3240003680&kikanKbn=3", "url2": null, "内容": "金原歯科医院【3:歯科】三重県亀山市長明寺町５９４－２" }, "geometry": { "type": "Point", "coordinates": [ 136.475656, 34.877446 ] } },
{ "type": "Feature", "properties": { "ID": 2433240003690, "正式名称": "秋本歯科医院", "機関区分": 3, "都道府県コード": 24, "市区町村コード": 210, "所在地": "三重県亀山市御幸町２３１", "緯度": 34.851087, "経度": 136.451382, "url": "https://www.iryou.teikyouseido.mhlw.go.jp/znk-web/juminkanja/S2430/initialize?prefCd=24&kikanCd=3240003690&kikanKbn=3", "url2": null, "内容": "秋本歯科医院【3:歯科】三重県亀山市御幸町２３１" }, "geometry": { "type": "Point", "coordinates": [ 136.451382, 34.851087 ] } },
{ "type": "Feature", "properties": { "ID": 2433240003720, "正式名称": "北町もり歯科", "機関区分": 3, "都道府県コード": 24, "市区町村コード": 210, "所在地": "三重県亀山市北町３９０－１", "緯度": 34.858503, "経度": 136.466936, "url": "https://www.iryou.teikyouseido.mhlw.go.jp/znk-web/juminkanja/S2430/initialize?prefCd=24&kikanCd=3240003720&kikanKbn=3", "url2": "https://kitamachimori-dent.com/", "内容": "北町もり歯科【3:歯科】三重県亀山市北町３９０－１" }, "geometry": { "type": "Point", "coordinates": [ 136.466936, 34.858503 ] } },
{ "type": "Feature", "properties": { "ID": 2433240003730, "正式名称": "亀井歯科", "機関区分": 3, "都道府県コード": 24, "市区町村コード": 201, "所在地": "三重県津市本町２３－１６", "緯度": 34.711242, "経度": 136.508661, "url": "https://www.iryou.teikyouseido.mhlw.go.jp/znk-web/juminkanja/S2430/initialize?prefCd=24&kikanCd=3240003730&kikanKbn=3", "url2": "http://www.kamei-shika.com/", "内容": "亀井歯科【3:歯科】三重県津市本町２３－１６" }, "geometry": { "type": "Point", "coordinates": [ 136.508661, 34.711242 ] } },
{ "type": "Feature", "properties": { "ID": 2433240003790, "正式名称": "クリーン歯科クリニック", "機関区分": 3, "都道府県コード": 24, "市区町村コード": 201, "所在地": "三重県津市乙部２０１８", "緯度": 34.720741, "経度": 136.51666, "url": "https://www.iryou.teikyouseido.mhlw.go.jp/znk-web/juminkanja/S2430/initialize?prefCd=24&kikanCd=3240003790&kikanKbn=3", "url2": "http://www.hagakirei.jp", "内容": "クリーン歯科クリニック【3:歯科】三重県津市乙部２０１８" }, "geometry": { "type": "Point", "coordinates": [ 136.51666, 34.720741 ] } },
{ "type": "Feature", "properties": { "ID": 2433240003900, "正式名称": "大橋歯科医院", "機関区分": 3, "都道府県コード": 24, "市区町村コード": 201, "所在地": "三重県津市広明町３５８　オオハシビル　１階", "緯度": 34.732296, "経度": 136.509966, "url": "https://www.iryou.teikyouseido.mhlw.go.jp/znk-web/juminkanja/S2430/initialize?prefCd=24&kikanCd=3240003900&kikanKbn=3", "url2": "http://mie-implant.jp/", "内容": "大橋歯科医院【3:歯科】三重県津市広明町３５８　オオハシビル　１階" }, "geometry": { "type": "Point", "coordinates": [ 136.509966, 34.732296 ] } },
{ "type": "Feature", "properties": { "ID": 2433240004030, "正式名称": "つつじヶ丘歯科医院", "機関区分": 3, "都道府県コード": 24, "市区町村コード": 201, "所在地": "三重県津市渋見町７７０－１５６", "緯度": 34.738461, "経度": 136.493439, "url": "https://www.iryou.teikyouseido.mhlw.go.jp/znk-web/juminkanja/S2430/initialize?prefCd=24&kikanCd=3240004030&kikanKbn=3", "url2": "http://www.zc.ztv.ne.jp/tutujishika/index", "内容": "つつじヶ丘歯科医院【3:歯科】三重県津市渋見町７７０－１５６" }, "geometry": { "type": "Point", "coordinates": [ 136.493439, 34.738461 ] } },
{ "type": "Feature", "properties": { "ID": 2433240004050, "正式名称": "医療法人　みのうら歯科医院", "機関区分": 3, "都道府県コード": 24, "市区町村コード": 201, "所在地": "三重県津市大門３３－１３", "緯度": 34.721269, "経度": 136.512272, "url": "https://www.iryou.teikyouseido.mhlw.go.jp/znk-web/juminkanja/S2430/initialize?prefCd=24&kikanCd=3240004050&kikanKbn=3", "url2": null, "内容": "医療法人　みのうら歯科医院【3:歯科】三重県津市大門３３－１３" }, "geometry": { "type": "Point", "coordinates": [ 136.512272, 34.721269 ] } },
{ "type": "Feature", "properties": { "ID": 2433240004090, "正式名称": "医療法人　錦歯科医院", "機関区分": 3, "都道府県コード": 24, "市区町村コード": 201, "所在地": "三重県津市上弁財町１８－１６", "緯度": 34.704076, "経度": 136.509384, "url": "https://www.iryou.teikyouseido.mhlw.go.jp/znk-web/juminkanja/S2430/initialize?prefCd=24&kikanCd=3240004090&kikanKbn=3", "url2": null, "内容": "医療法人　錦歯科医院【3:歯科】三重県津市上弁財町１８－１６" }, "geometry": { "type": "Point", "coordinates": [ 136.509384, 34.704076 ] } },
{ "type": "Feature", "properties": { "ID": 2433240004100, "正式名称": "樋口歯科医院", "機関区分": 3, "都道府県コード": 24, "市区町村コード": 201, "所在地": "三重県津市半田５８２－１", "緯度": 34.707742, "経度": 136.500218, "url": "https://www.iryou.teikyouseido.mhlw.go.jp/znk-web/juminkanja/S2430/initialize?prefCd=24&kikanCd=3240004100&kikanKbn=3", "url2": null, "内容": "樋口歯科医院【3:歯科】三重県津市半田５８２－１" }, "geometry": { "type": "Point", "coordinates": [ 136.500218, 34.707742 ] } },
{ "type": "Feature", "properties": { "ID": 2433240004130, "正式名称": "岩間歯科医院", "機関区分": 3, "都道府県コード": 24, "市区町村コード": 201, "所在地": "三重県津市桜橋２－１３９", "緯度": 34.733601, "経度": 136.514327, "url": "https://www.iryou.teikyouseido.mhlw.go.jp/znk-web/juminkanja/S2430/initialize?prefCd=24&kikanCd=3240004130&kikanKbn=3", "url2": null, "内容": "岩間歯科医院【3:歯科】三重県津市桜橋２－１３９" }, "geometry": { "type": "Point", "coordinates": [ 136.514327, 34.733601 ] } },
{ "type": "Feature", "properties": { "ID": 2433240004150, "正式名称": "医療法人　真生会　真弓歯科クリニック", "機関区分": 3, "都道府県コード": 24, "市区町村コード": 201, "所在地": "三重県津市東丸之内２３－１９", "緯度": 34.717075, "経度": 136.511439, "url": "https://www.iryou.teikyouseido.mhlw.go.jp/znk-web/juminkanja/S2430/initialize?prefCd=24&kikanCd=3240004150&kikanKbn=3", "url2": null, "内容": "医療法人　真生会　真弓歯科クリニック【3:歯科】三重県津市東丸之内２３－１９" }, "geometry": { "type": "Point", "coordinates": [ 136.511439, 34.717075 ] } },
{ "type": "Feature", "properties": { "ID": 2433240004180, "正式名称": "（医）恵仁会　鳴神歯科医院", "機関区分": 3, "都道府県コード": 24, "市区町村コード": 201, "所在地": "三重県津市大里窪田町高入２４４６", "緯度": 34.766903, "経度": 136.50352, "url": "https://www.iryou.teikyouseido.mhlw.go.jp/znk-web/juminkanja/S2430/initialize?prefCd=24&kikanCd=3240004180&kikanKbn=3", "url2": null, "内容": "（医）恵仁会　鳴神歯科医院【3:歯科】三重県津市大里窪田町高入２４４６" }, "geometry": { "type": "Point", "coordinates": [ 136.50352, 34.766903 ] } },
{ "type": "Feature", "properties": { "ID": 2433240004190, "正式名称": "宮崎歯科医院", "機関区分": 3, "都道府県コード": 24, "市区町村コード": 201, "所在地": "三重県津市片田志袋町１１９５", "緯度": 34.712491, "経度": 136.445111, "url": "https://www.iryou.teikyouseido.mhlw.go.jp/znk-web/juminkanja/S2430/initialize?prefCd=24&kikanCd=3240004190&kikanKbn=3", "url2": "http://www.shika-tsu.net", "内容": "宮崎歯科医院【3:歯科】三重県津市片田志袋町１１９５" }, "geometry": { "type": "Point", "coordinates": [ 136.445111, 34.712491 ] } },
{ "type": "Feature", "properties": { "ID": 2433240004210, "正式名称": "佐南歯科医院", "機関区分": 3, "都道府県コード": 24, "市区町村コード": 201, "所在地": "三重県津市安濃町浄土寺３３０－１", "緯度": 34.75207, "経度": 136.454331, "url": "https://www.iryou.teikyouseido.mhlw.go.jp/znk-web/juminkanja/S2430/initialize?prefCd=24&kikanCd=3240004210&kikanKbn=3", "url2": null, "内容": "佐南歯科医院【3:歯科】三重県津市安濃町浄土寺３３０－１" }, "geometry": { "type": "Point", "coordinates": [ 136.454331, 34.75207 ] } },
{ "type": "Feature", "properties": { "ID": 2433240004220, "正式名称": "医療法人　大杉歯科医院", "機関区分": 3, "都道府県コード": 24, "市区町村コード": 201, "所在地": "三重県津市河芸町東千里１７５－２", "緯度": 34.8009, "経度": 136.558098, "url": "https://www.iryou.teikyouseido.mhlw.go.jp/znk-web/juminkanja/S2430/initialize?prefCd=24&kikanCd=3240004220&kikanKbn=3", "url2": "https://osugi-dental.com/", "内容": "医療法人　大杉歯科医院【3:歯科】三重県津市河芸町東千里１７５－２" }, "geometry": { "type": "Point", "coordinates": [ 136.558098, 34.8009 ] } },
{ "type": "Feature", "properties": { "ID": 2433240004260, "正式名称": "豊里歯科", "機関区分": 3, "都道府県コード": 24, "市区町村コード": 201, "所在地": "三重県津市豊が丘４丁目２－１０", "緯度": 34.805037, "経度": 136.469188, "url": "https://www.iryou.teikyouseido.mhlw.go.jp/znk-web/juminkanja/S2430/initialize?prefCd=24&kikanCd=3240004260&kikanKbn=3", "url2": null, "内容": "豊里歯科【3:歯科】三重県津市豊が丘４丁目２－１０" }, "geometry": { "type": "Point", "coordinates": [ 136.469188, 34.805037 ] } },
{ "type": "Feature", "properties": { "ID": 2433240004280, "正式名称": "駒田歯科医院", "機関区分": 3, "都道府県コード": 24, "市区町村コード": 201, "所在地": "三重県津市河芸町一色１４４６－３", "緯度": 34.78168, "経度": 136.541294, "url": "https://www.iryou.teikyouseido.mhlw.go.jp/znk-web/juminkanja/S2430/initialize?prefCd=24&kikanCd=3240004280&kikanKbn=3", "url2": null, "内容": "駒田歯科医院【3:歯科】三重県津市河芸町一色１４４６－３" }, "geometry": { "type": "Point", "coordinates": [ 136.541294, 34.78168 ] } },
{ "type": "Feature", "properties": { "ID": 2433240004290, "正式名称": "医療法人　健人会　寺辺歯科医院", "機関区分": 3, "都道府県コード": 24, "市区町村コード": 201, "所在地": "三重県津市栄町４－２４９　ＫＥＮＴビル２階", "緯度": 34.735712, "経度": 136.513743, "url": "https://www.iryou.teikyouseido.mhlw.go.jp/znk-web/juminkanja/S2430/initialize?prefCd=24&kikanCd=3240004290&kikanKbn=3", "url2": null, "内容": "医療法人　健人会　寺辺歯科医院【3:歯科】三重県津市栄町４－２４９　ＫＥＮＴビル２階" }, "geometry": { "type": "Point", "coordinates": [ 136.513743, 34.735712 ] } },
{ "type": "Feature", "properties": { "ID": 2433240004300, "正式名称": "田中歯科", "機関区分": 3, "都道府県コード": 24, "市区町村コード": 201, "所在地": "三重県津市大門１５－１６", "緯度": 34.718797, "経度": 136.515299, "url": "https://www.iryou.teikyouseido.mhlw.go.jp/znk-web/juminkanja/S2430/initialize?prefCd=24&kikanCd=3240004300&kikanKbn=3", "url2": "http://www.sinsia-dc.com/", "内容": "田中歯科【3:歯科】三重県津市大門１５－１６" }, "geometry": { "type": "Point", "coordinates": [ 136.515299, 34.718797 ] } },
{ "type": "Feature", "properties": { "ID": 2433240004320, "正式名称": "川口歯科", "機関区分": 3, "都道府県コード": 24, "市区町村コード": 201, "所在地": "三重県津市栄町２－３６２　ダイアナポリス桜橋", "緯度": 34.731046, "経度": 136.514188, "url": "https://www.iryou.teikyouseido.mhlw.go.jp/znk-web/juminkanja/S2430/initialize?prefCd=24&kikanCd=3240004320&kikanKbn=3", "url2": null, "内容": "川口歯科【3:歯科】三重県津市栄町２－３６２　ダイアナポリス桜橋" }, "geometry": { "type": "Point", "coordinates": [ 136.514188, 34.731046 ] } },
{ "type": "Feature", "properties": { "ID": 2433240004330, "正式名称": "はやし歯科医院", "機関区分": 3, "都道府県コード": 24, "市区町村コード": 201, "所在地": "三重県津市片田新町３７－６", "緯度": 34.703686, "経度": 136.439029, "url": "https://www.iryou.teikyouseido.mhlw.go.jp/znk-web/juminkanja/S2430/initialize?prefCd=24&kikanCd=3240004330&kikanKbn=3", "url2": null, "内容": "はやし歯科医院【3:歯科】三重県津市片田新町３７－６" }, "geometry": { "type": "Point", "coordinates": [ 136.439029, 34.703686 ] } },
{ "type": "Feature", "properties": { "ID": 2433240004340, "正式名称": "紀平歯科", "機関区分": 3, "都道府県コード": 24, "市区町村コード": 201, "所在地": "三重県津市高茶屋小森町２６０１－１", "緯度": 34.674302, "経度": 136.51419, "url": "https://www.iryou.teikyouseido.mhlw.go.jp/znk-web/juminkanja/S2430/initialize?prefCd=24&kikanCd=3240004340&kikanKbn=3", "url2": null, "内容": "紀平歯科【3:歯科】三重県津市高茶屋小森町２６０１－１" }, "geometry": { "type": "Point", "coordinates": [ 136.51419, 34.674302 ] } },
{ "type": "Feature", "properties": { "ID": 2433240004350, "正式名称": "神山歯科診療所", "機関区分": 3, "都道府県コード": 24, "市区町村コード": 201, "所在地": "三重県津市上浜町１－１８４", "緯度": 34.738239, "経度": 136.513549, "url": "https://www.iryou.teikyouseido.mhlw.go.jp/znk-web/juminkanja/S2430/initialize?prefCd=24&kikanCd=3240004350&kikanKbn=3", "url2": null, "内容": "神山歯科診療所【3:歯科】三重県津市上浜町１－１８４" }, "geometry": { "type": "Point", "coordinates": [ 136.513549, 34.738239 ] } },
{ "type": "Feature", "properties": { "ID": 2433240004360, "正式名称": "もりかわ歯科", "機関区分": 3, "都道府県コード": 24, "市区町村コード": 201, "所在地": "三重県津市渋見町５５４－１５", "緯度": 34.734517, "経度": 136.495495, "url": "https://www.iryou.teikyouseido.mhlw.go.jp/znk-web/juminkanja/S2430/initialize?prefCd=24&kikanCd=3240004360&kikanKbn=3", "url2": null, "内容": "もりかわ歯科【3:歯科】三重県津市渋見町５５４－１５" }, "geometry": { "type": "Point", "coordinates": [ 136.495495, 34.734517 ] } },
{ "type": "Feature", "properties": { "ID": 2433240004370, "正式名称": "海岸歯科クリニック", "機関区分": 3, "都道府県コード": 24, "市区町村コード": 201, "所在地": "三重県津市乙部３１－１１", "緯度": 34.718769, "経度": 136.519743, "url": "https://www.iryou.teikyouseido.mhlw.go.jp/znk-web/juminkanja/S2430/initialize?prefCd=24&kikanCd=3240004370&kikanKbn=3", "url2": null, "内容": "海岸歯科クリニック【3:歯科】三重県津市乙部３１－１１" }, "geometry": { "type": "Point", "coordinates": [ 136.519743, 34.718769 ] } },
{ "type": "Feature", "properties": { "ID": 2433240004380, "正式名称": "いのまた歯科", "機関区分": 3, "都道府県コード": 24, "市区町村コード": 201, "所在地": "三重県津市高野尾町１８９０－３", "緯度": 34.800037, "経度": 136.457523, "url": "https://www.iryou.teikyouseido.mhlw.go.jp/znk-web/juminkanja/S2430/initialize?prefCd=24&kikanCd=3240004380&kikanKbn=3", "url2": null, "内容": "いのまた歯科【3:歯科】三重県津市高野尾町１８９０－３" }, "geometry": { "type": "Point", "coordinates": [ 136.457523, 34.800037 ] } },
{ "type": "Feature", "properties": { "ID": 2433240004390, "正式名称": "稲葉歯科医院", "機関区分": 3, "都道府県コード": 24, "市区町村コード": 201, "所在地": "三重県津市城山３－４－４６", "緯度": 34.675857, "経度": 136.504219, "url": "https://www.iryou.teikyouseido.mhlw.go.jp/znk-web/juminkanja/S2430/initialize?prefCd=24&kikanCd=3240004390&kikanKbn=3", "url2": null, "内容": "稲葉歯科医院【3:歯科】三重県津市城山３－４－４６" }, "geometry": { "type": "Point", "coordinates": [ 136.504219, 34.675857 ] } },
{ "type": "Feature", "properties": { "ID": 2433240004400, "正式名称": "かどやま歯科医院", "機関区分": 3, "都道府県コード": 24, "市区町村コード": 201, "所在地": "三重県津市上浜町２－１９１－１", "緯度": 34.741017, "経度": 136.515382, "url": "https://www.iryou.teikyouseido.mhlw.go.jp/znk-web/juminkanja/S2430/initialize?prefCd=24&kikanCd=3240004400&kikanKbn=3", "url2": null, "内容": "かどやま歯科医院【3:歯科】三重県津市上浜町２－１９１－１" }, "geometry": { "type": "Point", "coordinates": [ 136.515382, 34.741017 ] } },
{ "type": "Feature", "properties": { "ID": 2433240004420, "正式名称": "山崎矯正歯科", "機関区分": 3, "都道府県コード": 24, "市区町村コード": 201, "所在地": "三重県津市大谷町１３２－１２", "緯度": 34.733823, "経度": 136.508021, "url": "https://www.iryou.teikyouseido.mhlw.go.jp/znk-web/juminkanja/S2430/initialize?prefCd=24&kikanCd=3240004420&kikanKbn=3", "url2": "www.yamazaki-orthodontics.com", "内容": "山崎矯正歯科【3:歯科】三重県津市大谷町１３２－１２" }, "geometry": { "type": "Point", "coordinates": [ 136.508021, 34.733823 ] } },
{ "type": "Feature", "properties": { "ID": 2433240004430, "正式名称": "西尾歯科", "機関区分": 3, "都道府県コード": 24, "市区町村コード": 201, "所在地": "三重県津市観音寺町７９９－７　ＴＴＣビル　２Ｆ", "緯度": 34.736934, "経度": 136.501216, "url": "https://www.iryou.teikyouseido.mhlw.go.jp/znk-web/juminkanja/S2430/initialize?prefCd=24&kikanCd=3240004430&kikanKbn=3", "url2": null, "内容": "西尾歯科【3:歯科】三重県津市観音寺町７９９－７　ＴＴＣビル　２Ｆ" }, "geometry": { "type": "Point", "coordinates": [ 136.501216, 34.736934 ] } },
{ "type": "Feature", "properties": { "ID": 2433240004450, "正式名称": "うちだ歯科", "機関区分": 3, "都道府県コード": 24, "市区町村コード": 201, "所在地": "三重県津市栗真中山町９１－５", "緯度": 34.757043, "経度": 136.523602, "url": "https://www.iryou.teikyouseido.mhlw.go.jp/znk-web/juminkanja/S2430/initialize?prefCd=24&kikanCd=3240004450&kikanKbn=3", "url2": null, "内容": "うちだ歯科【3:歯科】三重県津市栗真中山町９１－５" }, "geometry": { "type": "Point", "coordinates": [ 136.523602, 34.757043 ] } },
{ "type": "Feature", "properties": { "ID": 2433240004460, "正式名称": "駒田歯科医院", "機関区分": 3, "都道府県コード": 24, "市区町村コード": 201, "所在地": "三重県津市安東町２０７１－２", "緯度": 34.744238, "経度": 136.466969, "url": "https://www.iryou.teikyouseido.mhlw.go.jp/znk-web/juminkanja/S2430/initialize?prefCd=24&kikanCd=3240004460&kikanKbn=3", "url2": null, "内容": "駒田歯科医院【3:歯科】三重県津市安東町２０７１－２" }, "geometry": { "type": "Point", "coordinates": [ 136.466969, 34.744238 ] } },
{ "type": "Feature", "properties": { "ID": 2433240004490, "正式名称": "岩名歯科クリニック", "機関区分": 3, "都道府県コード": 24, "市区町村コード": 201, "所在地": "三重県津市藤方１１６７－１", "緯度": 34.688689, "経度": 136.516356, "url": "https://www.iryou.teikyouseido.mhlw.go.jp/znk-web/juminkanja/S2430/initialize?prefCd=24&kikanCd=3240004490&kikanKbn=3", "url2": null, "内容": "岩名歯科クリニック【3:歯科】三重県津市藤方１１６７－１" }, "geometry": { "type": "Point", "coordinates": [ 136.516356, 34.688689 ] } },
{ "type": "Feature", "properties": { "ID": 2433240004500, "正式名称": "わだ歯科クリニック", "機関区分": 3, "都道府県コード": 24, "市区町村コード": 201, "所在地": "三重県津市安濃町川西１３８６－４", "緯度": 34.758153, "経度": 136.44672, "url": "https://www.iryou.teikyouseido.mhlw.go.jp/znk-web/juminkanja/S2430/initialize?prefCd=24&kikanCd=3240004500&kikanKbn=3", "url2": null, "内容": "わだ歯科クリニック【3:歯科】三重県津市安濃町川西１３８６－４" }, "geometry": { "type": "Point", "coordinates": [ 136.44672, 34.758153 ] } },
{ "type": "Feature", "properties": { "ID": 2433240004520, "正式名称": "高山歯科医院", "機関区分": 3, "都道府県コード": 24, "市区町村コード": 201, "所在地": "三重県津市乙部５－８", "緯度": 34.716964, "経度": 136.516466, "url": "https://www.iryou.teikyouseido.mhlw.go.jp/znk-web/juminkanja/S2430/initialize?prefCd=24&kikanCd=3240004520&kikanKbn=3", "url2": null, "内容": "高山歯科医院【3:歯科】三重県津市乙部５－８" }, "geometry": { "type": "Point", "coordinates": [ 136.516466, 34.716964 ] } },
{ "type": "Feature", "properties": { "ID": 2433240004530, "正式名称": "もりもと歯科医院", "機関区分": 3, "都道府県コード": 24, "市区町村コード": 201, "所在地": "三重県津市西丸之内７－１", "緯度": 34.716436, "経度": 136.502939, "url": "https://www.iryou.teikyouseido.mhlw.go.jp/znk-web/juminkanja/S2430/initialize?prefCd=24&kikanCd=3240004530&kikanKbn=3", "url2": null, "内容": "もりもと歯科医院【3:歯科】三重県津市西丸之内７－１" }, "geometry": { "type": "Point", "coordinates": [ 136.502939, 34.716436 ] } },
{ "type": "Feature", "properties": { "ID": 2433240004540, "正式名称": "森歯科クリニック", "機関区分": 3, "都道府県コード": 24, "市区町村コード": 201, "所在地": "三重県津市美里町三郷４０５－３", "緯度": 34.724044, "経度": 136.385532, "url": "https://www.iryou.teikyouseido.mhlw.go.jp/znk-web/juminkanja/S2430/initialize?prefCd=24&kikanCd=3240004540&kikanKbn=3", "url2": null, "内容": "森歯科クリニック【3:歯科】三重県津市美里町三郷４０５－３" }, "geometry": { "type": "Point", "coordinates": [ 136.385532, 34.724044 ] } },
{ "type": "Feature", "properties": { "ID": 2433240004550, "正式名称": "おむら歯科医院", "機関区分": 3, "都道府県コード": 24, "市区町村コード": 201, "所在地": "三重県津市高茶屋６－１１－７６", "緯度": 34.674829, "経度": 136.500025, "url": "https://www.iryou.teikyouseido.mhlw.go.jp/znk-web/juminkanja/S2430/initialize?prefCd=24&kikanCd=3240004550&kikanKbn=3", "url2": null, "内容": "おむら歯科医院【3:歯科】三重県津市高茶屋６－１１－７６" }, "geometry": { "type": "Point", "coordinates": [ 136.500025, 34.674829 ] } },
{ "type": "Feature", "properties": { "ID": 2433240004560, "正式名称": "大西歯科医院", "機関区分": 3, "都道府県コード": 24, "市区町村コード": 201, "所在地": "三重県津市東丸之内７－４", "緯度": 34.715436, "経度": 136.511439, "url": "https://www.iryou.teikyouseido.mhlw.go.jp/znk-web/juminkanja/S2430/initialize?prefCd=24&kikanCd=3240004560&kikanKbn=3", "url2": null, "内容": "大西歯科医院【3:歯科】三重県津市東丸之内７－４" }, "geometry": { "type": "Point", "coordinates": [ 136.511439, 34.715436 ] } },
{ "type": "Feature", "properties": { "ID": 2433240004570, "正式名称": "花井歯科クリニック", "機関区分": 3, "都道府県コード": 24, "市区町村コード": 201, "所在地": "三重県津市栗真小川町７０３－１", "緯度": 34.773041, "経度": 136.52874, "url": "https://www.iryou.teikyouseido.mhlw.go.jp/znk-web/juminkanja/S2430/initialize?prefCd=24&kikanCd=3240004570&kikanKbn=3", "url2": null, "内容": "花井歯科クリニック【3:歯科】三重県津市栗真小川町７０３－１" }, "geometry": { "type": "Point", "coordinates": [ 136.52874, 34.773041 ] } },
{ "type": "Feature", "properties": { "ID": 2433240004580, "正式名称": "やまもと歯科", "機関区分": 3, "都道府県コード": 24, "市区町村コード": 201, "所在地": "三重県津市大里窪田町平尾前１５５２－１", "緯度": 34.770124, "経度": 136.488021, "url": "https://www.iryou.teikyouseido.mhlw.go.jp/znk-web/juminkanja/S2430/initialize?prefCd=24&kikanCd=3240004580&kikanKbn=3", "url2": null, "内容": "やまもと歯科【3:歯科】三重県津市大里窪田町平尾前１５５２－１" }, "geometry": { "type": "Point", "coordinates": [ 136.488021, 34.770124 ] } },
{ "type": "Feature", "properties": { "ID": 2433240004590, "正式名称": "増井歯科", "機関区分": 3, "都道府県コード": 24, "市区町村コード": 201, "所在地": "三重県津市長岡町８００－５０１", "緯度": 34.740211, "経度": 136.489578, "url": "https://www.iryou.teikyouseido.mhlw.go.jp/znk-web/juminkanja/S2430/initialize?prefCd=24&kikanCd=3240004590&kikanKbn=3", "url2": null, "内容": "増井歯科【3:歯科】三重県津市長岡町８００－５０１" }, "geometry": { "type": "Point", "coordinates": [ 136.489578, 34.740211 ] } },
{ "type": "Feature", "properties": { "ID": 2433240004600, "正式名称": "こいえ歯科口腔外科", "機関区分": 3, "都道府県コード": 24, "市区町村コード": 201, "所在地": "三重県津市東丸之内２１－６　ハクボタンビル２Ｆ", "緯度": 34.71763, "経度": 136.51055, "url": "https://www.iryou.teikyouseido.mhlw.go.jp/znk-web/juminkanja/S2430/initialize?prefCd=24&kikanCd=3240004600&kikanKbn=3", "url2": "http://www.koie-dental.com/", "内容": "こいえ歯科口腔外科【3:歯科】三重県津市東丸之内２１－６　ハクボタンビル２Ｆ" }, "geometry": { "type": "Point", "coordinates": [ 136.51055, 34.71763 ] } },
{ "type": "Feature", "properties": { "ID": 2433240004640, "正式名称": "カガミ歯科診療所", "機関区分": 3, "都道府県コード": 24, "市区町村コード": 201, "所在地": "三重県津市白山町藤１７６", "緯度": 34.633136, "経度": 136.313015, "url": "https://www.iryou.teikyouseido.mhlw.go.jp/znk-web/juminkanja/S2430/initialize?prefCd=24&kikanCd=3240004640&kikanKbn=3", "url2": "http://www.kagami-dc.jp/i/", "内容": "カガミ歯科診療所【3:歯科】三重県津市白山町藤１７６" }, "geometry": { "type": "Point", "coordinates": [ 136.313015, 34.633136 ] } },
{ "type": "Feature", "properties": { "ID": 2433240004680, "正式名称": "瀧川歯科医院", "機関区分": 3, "都道府県コード": 24, "市区町村コード": 201, "所在地": "三重県津市白山町南家城７５９", "緯度": 34.623637, "経度": 136.315931, "url": "https://www.iryou.teikyouseido.mhlw.go.jp/znk-web/juminkanja/S2430/initialize?prefCd=24&kikanCd=3240004680&kikanKbn=3", "url2": null, "内容": "瀧川歯科医院【3:歯科】三重県津市白山町南家城７５９" }, "geometry": { "type": "Point", "coordinates": [ 136.315931, 34.623637 ] } },
{ "type": "Feature", "properties": { "ID": 2433240004690, "正式名称": "勝田歯科医院", "機関区分": 3, "都道府県コード": 24, "市区町村コード": 201, "所在地": "三重県津市久居東鷹跡町９", "緯度": 34.673357, "経度": 136.46975, "url": "https://www.iryou.teikyouseido.mhlw.go.jp/znk-web/juminkanja/S2430/initialize?prefCd=24&kikanCd=3240004690&kikanKbn=3", "url2": null, "内容": "勝田歯科医院【3:歯科】三重県津市久居東鷹跡町９" }, "geometry": { "type": "Point", "coordinates": [ 136.46975, 34.673357 ] } },
{ "type": "Feature", "properties": { "ID": 2433240004700, "正式名称": "西本歯科医院", "機関区分": 3, "都道府県コード": 24, "市区町村コード": 201, "所在地": "三重県津市一志町八太１５４３－３", "緯度": 34.655136, "経度": 136.436531, "url": "https://www.iryou.teikyouseido.mhlw.go.jp/znk-web/juminkanja/S2430/initialize?prefCd=24&kikanCd=3240004700&kikanKbn=3", "url2": "http://www.nishimoto-dc.com", "内容": "西本歯科医院【3:歯科】三重県津市一志町八太１５４３－３" }, "geometry": { "type": "Point", "coordinates": [ 136.436531, 34.655136 ] } },
{ "type": "Feature", "properties": { "ID": 2433240004730, "正式名称": "楠原歯科医院", "機関区分": 3, "都道府県コード": 24, "市区町村コード": 201, "所在地": "三重県津市久居寺町１２３２－５５", "緯度": 34.67694, "経度": 136.474055, "url": "https://www.iryou.teikyouseido.mhlw.go.jp/znk-web/juminkanja/S2430/initialize?prefCd=24&kikanCd=3240004730&kikanKbn=3", "url2": null, "内容": "楠原歯科医院【3:歯科】三重県津市久居寺町１２３２－５５" }, "geometry": { "type": "Point", "coordinates": [ 136.474055, 34.67694 ] } },
{ "type": "Feature", "properties": { "ID": 2433240004740, "正式名称": "横山歯科医院", "機関区分": 3, "都道府県コード": 24, "市区町村コード": 204, "所在地": "三重県松阪市嬉野中川新町１丁目８７番地", "緯度": 34.633861, "経度": 136.478306, "url": "https://www.iryou.teikyouseido.mhlw.go.jp/znk-web/juminkanja/S2430/initialize?prefCd=24&kikanCd=3240004740&kikanKbn=3", "url2": null, "内容": "横山歯科医院【3:歯科】三重県松阪市嬉野中川新町１丁目８７番地" }, "geometry": { "type": "Point", "coordinates": [ 136.478306, 34.633861 ] } },
{ "type": "Feature", "properties": { "ID": 2433240004760, "正式名称": "ナカニシ歯科医院", "機関区分": 3, "都道府県コード": 24, "市区町村コード": 201, "所在地": "三重県津市久居中町２７６－７　中西ビル２Ｆ", "緯度": 34.677606, "経度": 136.469527, "url": "https://www.iryou.teikyouseido.mhlw.go.jp/znk-web/juminkanja/S2430/initialize?prefCd=24&kikanCd=3240004760&kikanKbn=3", "url2": "https://www.nakanishi-shikaiin.net", "内容": "ナカニシ歯科医院【3:歯科】三重県津市久居中町２７６－７　中西ビル２Ｆ" }, "geometry": { "type": "Point", "coordinates": [ 136.469527, 34.677606 ] } },
{ "type": "Feature", "properties": { "ID": 2433240004770, "正式名称": "岸田歯科", "機関区分": 3, "都道府県コード": 24, "市区町村コード": 201, "所在地": "三重県津市久居北口町４９８－２", "緯度": 34.682689, "経度": 136.473693, "url": "https://www.iryou.teikyouseido.mhlw.go.jp/znk-web/juminkanja/S2430/initialize?prefCd=24&kikanCd=3240004770&kikanKbn=3", "url2": null, "内容": "岸田歯科【3:歯科】三重県津市久居北口町４９８－２" }, "geometry": { "type": "Point", "coordinates": [ 136.473693, 34.682689 ] } },
{ "type": "Feature", "properties": { "ID": 2433240004790, "正式名称": "正木歯科", "機関区分": 3, "都道府県コード": 24, "市区町村コード": 201, "所在地": "三重県津市白山町中ノ村１３０", "緯度": 34.667216, "経度": 136.342511, "url": "https://www.iryou.teikyouseido.mhlw.go.jp/znk-web/juminkanja/S2430/initialize?prefCd=24&kikanCd=3240004790&kikanKbn=3", "url2": null, "内容": "正木歯科【3:歯科】三重県津市白山町中ノ村１３０" }, "geometry": { "type": "Point", "coordinates": [ 136.342511, 34.667216 ] } },
{ "type": "Feature", "properties": { "ID": 2433240004800, "正式名称": "にしい歯科医院", "機関区分": 3, "都道府県コード": 24, "市区町村コード": 201, "所在地": "三重県津市久居幸町１１８０　ケントビル２Ｆ", "緯度": 34.675995, "経度": 136.470805, "url": "https://www.iryou.teikyouseido.mhlw.go.jp/znk-web/juminkanja/S2430/initialize?prefCd=24&kikanCd=3240004800&kikanKbn=3", "url2": null, "内容": "にしい歯科医院【3:歯科】三重県津市久居幸町１１８０　ケントビル２Ｆ" }, "geometry": { "type": "Point", "coordinates": [ 136.470805, 34.675995 ] } },
{ "type": "Feature", "properties": { "ID": 2433240004810, "正式名称": "くぼ歯科小児歯科", "機関区分": 3, "都道府県コード": 24, "市区町村コード": 201, "所在地": "三重県津市久居野村町８７２－７", "緯度": 34.679329, "経度": 136.484859, "url": "https://www.iryou.teikyouseido.mhlw.go.jp/znk-web/juminkanja/S2430/initialize?prefCd=24&kikanCd=3240004810&kikanKbn=3", "url2": "http://tsushikuboshika.cihp2.jp", "内容": "くぼ歯科小児歯科【3:歯科】三重県津市久居野村町８７２－７" }, "geometry": { "type": "Point", "coordinates": [ 136.484859, 34.679329 ] } },
{ "type": "Feature", "properties": { "ID": 2433240004820, "正式名称": "前田歯科医院", "機関区分": 3, "都道府県コード": 24, "市区町村コード": 201, "所在地": "三重県津市一志町田尻７９－１", "緯度": 34.657469, "経度": 136.435448, "url": "https://www.iryou.teikyouseido.mhlw.go.jp/znk-web/juminkanja/S2430/initialize?prefCd=24&kikanCd=3240004820&kikanKbn=3", "url2": null, "内容": "前田歯科医院【3:歯科】三重県津市一志町田尻７９－１" }, "geometry": { "type": "Point", "coordinates": [ 136.435448, 34.657469 ] } },
{ "type": "Feature", "properties": { "ID": 2433240004840, "正式名称": "前田歯科クリニック", "機関区分": 3, "都道府県コード": 24, "市区町村コード": 201, "所在地": "三重県津市庄田町２４０５－３", "緯度": 34.678661, "経度": 136.432808, "url": "https://www.iryou.teikyouseido.mhlw.go.jp/znk-web/juminkanja/S2430/initialize?prefCd=24&kikanCd=3240004840&kikanKbn=3", "url2": null, "内容": "前田歯科クリニック【3:歯科】三重県津市庄田町２４０５－３" }, "geometry": { "type": "Point", "coordinates": [ 136.432808, 34.678661 ] } },
{ "type": "Feature", "properties": { "ID": 2433240004860, "正式名称": "まんよし歯科", "機関区分": 3, "都道府県コード": 24, "市区町村コード": 201, "所在地": "三重県津市戸木町７８６０－２", "緯度": 34.680717, "経度": 136.450001, "url": "https://www.iryou.teikyouseido.mhlw.go.jp/znk-web/juminkanja/S2430/initialize?prefCd=24&kikanCd=3240004860&kikanKbn=3", "url2": null, "内容": "まんよし歯科【3:歯科】三重県津市戸木町７８６０－２" }, "geometry": { "type": "Point", "coordinates": [ 136.450001, 34.680717 ] } },
{ "type": "Feature", "properties": { "ID": 2433240004870, "正式名称": "川村歯科クリニック", "機関区分": 3, "都道府県コード": 24, "市区町村コード": 201, "所在地": "三重県津市香良洲町１１５６", "緯度": 34.646611, "経度": 136.534773, "url": "https://www.iryou.teikyouseido.mhlw.go.jp/znk-web/juminkanja/S2430/initialize?prefCd=24&kikanCd=3240004870&kikanKbn=3", "url2": "http://kawamura-dental.net", "内容": "川村歯科クリニック【3:歯科】三重県津市香良洲町１１５６" }, "geometry": { "type": "Point", "coordinates": [ 136.534773, 34.646611 ] } },
{ "type": "Feature", "properties": { "ID": 2433240004890, "正式名称": "田中歯科", "機関区分": 3, "都道府県コード": 24, "市区町村コード": 204, "所在地": "三重県松阪市嬉野下之庄町７８２", "緯度": 34.62139, "経度": 136.469058, "url": "https://www.iryou.teikyouseido.mhlw.go.jp/znk-web/juminkanja/S2430/initialize?prefCd=24&kikanCd=3240004890&kikanKbn=3", "url2": null, "内容": "田中歯科【3:歯科】三重県松阪市嬉野下之庄町７８２" }, "geometry": { "type": "Point", "coordinates": [ 136.469058, 34.62139 ] } },
{ "type": "Feature", "properties": { "ID": 2433240004900, "正式名称": "天野医院", "機関区分": 3, "都道府県コード": 24, "市区町村コード": 201, "所在地": "三重県津市久居西鷹跡町４７５－３", "緯度": 34.675579, "経度": 136.462722, "url": "https://www.iryou.teikyouseido.mhlw.go.jp/znk-web/juminkanja/S2430/initialize?prefCd=24&kikanCd=3240004900&kikanKbn=3", "url2": null, "内容": "天野医院【3:歯科】三重県津市久居西鷹跡町４７５－３" }, "geometry": { "type": "Point", "coordinates": [ 136.462722, 34.675579 ] } },
{ "type": "Feature", "properties": { "ID": 2433240004920, "正式名称": "まぜ歯科医院", "機関区分": 3, "都道府県コード": 24, "市区町村コード": 204, "所在地": "三重県松阪市嬉野中川新町２丁目８７番地　キャッスル　１２３－１Ｆ", "緯度": 34.635972, "経度": 136.478862, "url": "https://www.iryou.teikyouseido.mhlw.go.jp/znk-web/juminkanja/S2430/initialize?prefCd=24&kikanCd=3240004920&kikanKbn=3", "url2": null, "内容": "まぜ歯科医院【3:歯科】三重県松阪市嬉野中川新町２丁目８７番地　キャッスル　１２３－１Ｆ" }, "geometry": { "type": "Point", "coordinates": [ 136.478862, 34.635972 ] } },
{ "type": "Feature", "properties": { "ID": 2433240004930, "正式名称": "桑名歯科医院", "機関区分": 3, "都道府県コード": 24, "市区町村コード": 201, "所在地": "三重県津市久居新町３００６　ポルタひさい２階", "緯度": 34.675218, "経度": 136.477082, "url": "https://www.iryou.teikyouseido.mhlw.go.jp/znk-web/juminkanja/S2430/initialize?prefCd=24&kikanCd=3240004930&kikanKbn=3", "url2": "http://www.kuwana-dental.com", "内容": "桑名歯科医院【3:歯科】三重県津市久居新町３００６　ポルタひさい２階" }, "geometry": { "type": "Point", "coordinates": [ 136.477082, 34.675218 ] } },
{ "type": "Feature", "properties": { "ID": 2433240004990, "正式名称": "医療法人　健良歯会　デンタルクリニックよしだ", "機関区分": 3, "都道府県コード": 24, "市区町村コード": 204, "所在地": "三重県松阪市久保田町４－３", "緯度": 34.582617, "経度": 136.527888, "url": "https://www.iryou.teikyouseido.mhlw.go.jp/znk-web/juminkanja/S2430/initialize?prefCd=24&kikanCd=3240004990&kikanKbn=3", "url2": "www.dentalclinic-yoshida.info", "内容": "医療法人　健良歯会　デンタルクリニックよしだ【3:歯科】三重県松阪市久保田町４－３" }, "geometry": { "type": "Point", "coordinates": [ 136.527888, 34.582617 ] } },
{ "type": "Feature", "properties": { "ID": 2433240005010, "正式名称": "大石歯科医院", "機関区分": 3, "都道府県コード": 24, "市区町村コード": 443, "所在地": "三重県多気郡大台町佐原７６２－１", "緯度": 34.39333, "経度": 136.40674, "url": "https://www.iryou.teikyouseido.mhlw.go.jp/znk-web/juminkanja/S2430/initialize?prefCd=24&kikanCd=3240005010&kikanKbn=3", "url2": null, "内容": "大石歯科医院【3:歯科】三重県多気郡大台町佐原７６２－１" }, "geometry": { "type": "Point", "coordinates": [ 136.40674, 34.39333 ] } },
{ "type": "Feature", "properties": { "ID": 2433240005040, "正式名称": "杉山歯科・矯正歯科クリニック", "機関区分": 3, "都道府県コード": 24, "市区町村コード": 204, "所在地": "三重県松阪市五十鈴町７１", "緯度": 34.571202, "経度": 136.534388, "url": "https://www.iryou.teikyouseido.mhlw.go.jp/znk-web/juminkanja/S2430/initialize?prefCd=24&kikanCd=3240005040&kikanKbn=3", "url2": "http://www.mctv.ne.jp/~s-dental/", "内容": "杉山歯科・矯正歯科クリニック【3:歯科】三重県松阪市五十鈴町７１" }, "geometry": { "type": "Point", "coordinates": [ 136.534388, 34.571202 ] } },
{ "type": "Feature", "properties": { "ID": 2433240005050, "正式名称": "浜瀬歯科", "機関区分": 3, "都道府県コード": 24, "市区町村コード": 204, "所在地": "三重県松阪市日野町６２６", "緯度": 34.574257, "経度": 136.533332, "url": "https://www.iryou.teikyouseido.mhlw.go.jp/znk-web/juminkanja/S2430/initialize?prefCd=24&kikanCd=3240005050&kikanKbn=3", "url2": "http://www.hamase-dental.com/", "内容": "浜瀬歯科【3:歯科】三重県松阪市日野町６２６" }, "geometry": { "type": "Point", "coordinates": [ 136.533332, 34.574257 ] } },
{ "type": "Feature", "properties": { "ID": 2433240005060, "正式名称": "ヨシダデンタルオフィス", "機関区分": 3, "都道府県コード": 24, "市区町村コード": 204, "所在地": "三重県松阪市中町１８３２", "緯度": 34.577424, "経度": 136.530582, "url": "https://www.iryou.teikyouseido.mhlw.go.jp/znk-web/juminkanja/S2430/initialize?prefCd=24&kikanCd=3240005060&kikanKbn=3", "url2": "http://www.yoshida-do.net/", "内容": "ヨシダデンタルオフィス【3:歯科】三重県松阪市中町１８３２" }, "geometry": { "type": "Point", "coordinates": [ 136.530582, 34.577424 ] } },
{ "type": "Feature", "properties": { "ID": 2433240005090, "正式名称": "西川歯科医院", "機関区分": 3, "都道府県コード": 24, "市区町村コード": 204, "所在地": "三重県松阪市大黒田町５４０－１", "緯度": 34.564758, "経度": 136.524417, "url": "https://www.iryou.teikyouseido.mhlw.go.jp/znk-web/juminkanja/S2430/initialize?prefCd=24&kikanCd=3240005090&kikanKbn=3", "url2": "https://nishikawa-shika2018.com/", "内容": "西川歯科医院【3:歯科】三重県松阪市大黒田町５４０－１" }, "geometry": { "type": "Point", "coordinates": [ 136.524417, 34.564758 ] } },
{ "type": "Feature", "properties": { "ID": 2433240005130, "正式名称": "くろい歯科クリニック", "機関区分": 3, "都道府県コード": 24, "市区町村コード": 441, "所在地": "三重県多気郡多気町相可７９３－５", "緯度": 34.501848, "経度": 136.539113, "url": "https://www.iryou.teikyouseido.mhlw.go.jp/znk-web/juminkanja/S2430/initialize?prefCd=24&kikanCd=3240005130&kikanKbn=3", "url2": "http://www.kuroi-dc.com/", "内容": "くろい歯科クリニック【3:歯科】三重県多気郡多気町相可７９３－５" }, "geometry": { "type": "Point", "coordinates": [ 136.539113, 34.501848 ] } },
{ "type": "Feature", "properties": { "ID": 2433240005150, "正式名称": "すずき歯科クリニック", "機関区分": 3, "都道府県コード": 24, "市区町村コード": 204, "所在地": "三重県松阪市駅部田町１８８８－３７", "緯度": 34.548676, "経度": 136.522112, "url": "https://www.iryou.teikyouseido.mhlw.go.jp/znk-web/juminkanja/S2430/initialize?prefCd=24&kikanCd=3240005150&kikanKbn=3", "url2": null, "内容": "すずき歯科クリニック【3:歯科】三重県松阪市駅部田町１８８８－３７" }, "geometry": { "type": "Point", "coordinates": [ 136.522112, 34.548676 ] } },
{ "type": "Feature", "properties": { "ID": 2433240005170, "正式名称": "大市歯科医院", "機関区分": 3, "都道府県コード": 24, "市区町村コード": 204, "所在地": "三重県松阪市殿町１２９２", "緯度": 34.574285, "経度": 136.528944, "url": "https://www.iryou.teikyouseido.mhlw.go.jp/znk-web/juminkanja/S2430/initialize?prefCd=24&kikanCd=3240005170&kikanKbn=3", "url2": null, "内容": "大市歯科医院【3:歯科】三重県松阪市殿町１２９２" }, "geometry": { "type": "Point", "coordinates": [ 136.528944, 34.574285 ] } },
{ "type": "Feature", "properties": { "ID": 2433240005200, "正式名称": "はたなか歯科・こども歯科", "機関区分": 3, "都道府県コード": 24, "市区町村コード": 204, "所在地": "三重県松阪市駅部田町１７０５", "緯度": 34.554537, "経度": 136.525695, "url": "https://www.iryou.teikyouseido.mhlw.go.jp/znk-web/juminkanja/S2430/initialize?prefCd=24&kikanCd=3240005200&kikanKbn=3", "url2": "https://hatanakadental.com/", "内容": "はたなか歯科・こども歯科【3:歯科】三重県松阪市駅部田町１７０５" }, "geometry": { "type": "Point", "coordinates": [ 136.525695, 34.554537 ] } },
{ "type": "Feature", "properties": { "ID": 2433240005210, "正式名称": "佐藤歯科医院", "機関区分": 3, "都道府県コード": 24, "市区町村コード": 441, "所在地": "三重県多気郡多気町平谷１３４３", "緯度": 34.48074, "経度": 136.542808, "url": "https://www.iryou.teikyouseido.mhlw.go.jp/znk-web/juminkanja/S2430/initialize?prefCd=24&kikanCd=3240005210&kikanKbn=3", "url2": null, "内容": "佐藤歯科医院【3:歯科】三重県多気郡多気町平谷１３４３" }, "geometry": { "type": "Point", "coordinates": [ 136.542808, 34.48074 ] } },
{ "type": "Feature", "properties": { "ID": 2433240005220, "正式名称": "稲葉歯科", "機関区分": 3, "都道府県コード": 24, "市区町村コード": 204, "所在地": "三重県松阪市久保町１８８７－６０", "緯度": 34.54701, "経度": 136.531111, "url": "https://www.iryou.teikyouseido.mhlw.go.jp/znk-web/juminkanja/S2430/initialize?prefCd=24&kikanCd=3240005220&kikanKbn=3", "url2": null, "内容": "稲葉歯科【3:歯科】三重県松阪市久保町１８８７－６０" }, "geometry": { "type": "Point", "coordinates": [ 136.531111, 34.54701 ] } },
{ "type": "Feature", "properties": { "ID": 2433240005240, "正式名称": "村林歯科医院", "機関区分": 3, "都道府県コード": 24, "市区町村コード": 204, "所在地": "三重県松阪市小黒田町６２０－５", "緯度": 34.55712, "経度": 136.519251, "url": "https://www.iryou.teikyouseido.mhlw.go.jp/znk-web/juminkanja/S2430/initialize?prefCd=24&kikanCd=3240005240&kikanKbn=3", "url2": null, "内容": "村林歯科医院【3:歯科】三重県松阪市小黒田町６２０－５" }, "geometry": { "type": "Point", "coordinates": [ 136.519251, 34.55712 ] } },
{ "type": "Feature", "properties": { "ID": 2433240005250, "正式名称": "吉田歯科医院", "機関区分": 3, "都道府県コード": 24, "市区町村コード": 204, "所在地": "三重県松阪市黒田町９１－２", "緯度": 34.568563, "経度": 136.527, "url": "https://www.iryou.teikyouseido.mhlw.go.jp/znk-web/juminkanja/S2430/initialize?prefCd=24&kikanCd=3240005250&kikanKbn=3", "url2": null, "内容": "吉田歯科医院【3:歯科】三重県松阪市黒田町９１－２" }, "geometry": { "type": "Point", "coordinates": [ 136.527, 34.568563 ] } },
{ "type": "Feature", "properties": { "ID": 2433240005290, "正式名称": "中北歯科医院", "機関区分": 3, "都道府県コード": 24, "市区町村コード": 204, "所在地": "三重県松阪市中央町３３１－１", "緯度": 34.579674, "経度": 136.541609, "url": "https://www.iryou.teikyouseido.mhlw.go.jp/znk-web/juminkanja/S2430/initialize?prefCd=24&kikanCd=3240005290&kikanKbn=3", "url2": null, "内容": "中北歯科医院【3:歯科】三重県松阪市中央町３３１－１" }, "geometry": { "type": "Point", "coordinates": [ 136.541609, 34.579674 ] } },
{ "type": "Feature", "properties": { "ID": 2433240005310, "正式名称": "医療法人　村田歯科クリニック", "機関区分": 3, "都道府県コード": 24, "市区町村コード": 204, "所在地": "三重県松阪市五反田町４－１１２１－１３", "緯度": 34.565508, "経度": 136.517306, "url": "https://www.iryou.teikyouseido.mhlw.go.jp/znk-web/juminkanja/S2430/initialize?prefCd=24&kikanCd=3240005310&kikanKbn=3", "url2": "http://www.6-474.com/", "内容": "医療法人　村田歯科クリニック【3:歯科】三重県松阪市五反田町４－１１２１－１３" }, "geometry": { "type": "Point", "coordinates": [ 136.517306, 34.565508 ] } },
{ "type": "Feature", "properties": { "ID": 2433240005320, "正式名称": "医療法人　藤村歯科", "機関区分": 3, "都道府県コード": 24, "市区町村コード": 204, "所在地": "三重県松阪市殿町１２３５", "緯度": 34.570813, "経度": 136.528083, "url": "https://www.iryou.teikyouseido.mhlw.go.jp/znk-web/juminkanja/S2430/initialize?prefCd=24&kikanCd=3240005320&kikanKbn=3", "url2": null, "内容": "医療法人　藤村歯科【3:歯科】三重県松阪市殿町１２３５" }, "geometry": { "type": "Point", "coordinates": [ 136.528083, 34.570813 ] } },
{ "type": "Feature", "properties": { "ID": 2433240005330, "正式名称": "大瀬歯科医院", "機関区分": 3, "都道府県コード": 24, "市区町村コード": 443, "所在地": "三重県多気郡大台町上三瀬７１４－２", "緯度": 34.399913, "経度": 136.418294, "url": "https://www.iryou.teikyouseido.mhlw.go.jp/znk-web/juminkanja/S2430/initialize?prefCd=24&kikanCd=3240005330&kikanKbn=3", "url2": null, "内容": "大瀬歯科医院【3:歯科】三重県多気郡大台町上三瀬７１４－２" }, "geometry": { "type": "Point", "coordinates": [ 136.418294, 34.399913 ] } },
{ "type": "Feature", "properties": { "ID": 2433240005360, "正式名称": "ながい歯科医院", "機関区分": 3, "都道府県コード": 24, "市区町村コード": 204, "所在地": "三重県松阪市上川町２２１０", "緯度": 34.552316, "経度": 136.557081, "url": "https://www.iryou.teikyouseido.mhlw.go.jp/znk-web/juminkanja/S2430/initialize?prefCd=24&kikanCd=3240005360&kikanKbn=3", "url2": null, "内容": "ながい歯科医院【3:歯科】三重県松阪市上川町２２１０" }, "geometry": { "type": "Point", "coordinates": [ 136.557081, 34.552316 ] } },
{ "type": "Feature", "properties": { "ID": 2433240005380, "正式名称": "北野歯科", "機関区分": 3, "都道府県コード": 24, "市区町村コード": 204, "所在地": "三重県松阪市長月町１２", "緯度": 34.570452, "経度": 136.534582, "url": "https://www.iryou.teikyouseido.mhlw.go.jp/znk-web/juminkanja/S2430/initialize?prefCd=24&kikanCd=3240005380&kikanKbn=3", "url2": null, "内容": "北野歯科【3:歯科】三重県松阪市長月町１２" }, "geometry": { "type": "Point", "coordinates": [ 136.534582, 34.570452 ] } },
{ "type": "Feature", "properties": { "ID": 2433240005390, "正式名称": "医療法人　五月会　阪口歯科", "機関区分": 3, "都道府県コード": 24, "市区町村コード": 204, "所在地": "三重県松阪市鎌田町６９２－３０", "緯度": 34.584756, "経度": 136.538915, "url": "https://www.iryou.teikyouseido.mhlw.go.jp/znk-web/juminkanja/S2430/initialize?prefCd=24&kikanCd=3240005390&kikanKbn=3", "url2": "http://www.sakaguchi-dc.com", "内容": "医療法人　五月会　阪口歯科【3:歯科】三重県松阪市鎌田町６９２－３０" }, "geometry": { "type": "Point", "coordinates": [ 136.538915, 34.584756 ] } },
{ "type": "Feature", "properties": { "ID": 2433240005430, "正式名称": "歯科クリニック花", "機関区分": 3, "都道府県コード": 24, "市区町村コード": 204, "所在地": "三重県松阪市内五曲町２４－１", "緯度": 34.576923, "経度": 136.523305, "url": "https://www.iryou.teikyouseido.mhlw.go.jp/znk-web/juminkanja/S2430/initialize?prefCd=24&kikanCd=3240005430&kikanKbn=3", "url2": null, "内容": "歯科クリニック花【3:歯科】三重県松阪市内五曲町２４－１" }, "geometry": { "type": "Point", "coordinates": [ 136.523305, 34.576923 ] } },
{ "type": "Feature", "properties": { "ID": 2433240005450, "正式名称": "後藤歯科クリニック", "機関区分": 3, "都道府県コード": 24, "市区町村コード": 442, "所在地": "三重県多気郡明和町金剛坂８１７－１", "緯度": 34.53093, "経度": 136.607078, "url": "https://www.iryou.teikyouseido.mhlw.go.jp/znk-web/juminkanja/S2430/initialize?prefCd=24&kikanCd=3240005450&kikanKbn=3", "url2": null, "内容": "後藤歯科クリニック【3:歯科】三重県多気郡明和町金剛坂８１７－１" }, "geometry": { "type": "Point", "coordinates": [ 136.607078, 34.53093 ] } },
{ "type": "Feature", "properties": { "ID": 2433240005460, "正式名称": "塚本歯科診療所", "機関区分": 3, "都道府県コード": 24, "市区町村コード": 204, "所在地": "三重県松阪市塚本町５９３－３", "緯度": 34.593727, "経度": 136.52036, "url": "https://www.iryou.teikyouseido.mhlw.go.jp/znk-web/juminkanja/S2430/initialize?prefCd=24&kikanCd=3240005460&kikanKbn=3", "url2": null, "内容": "塚本歯科診療所【3:歯科】三重県松阪市塚本町５９３－３" }, "geometry": { "type": "Point", "coordinates": [ 136.52036, 34.593727 ] } },
{ "type": "Feature", "properties": { "ID": 2433240005470, "正式名称": "つだ歯科", "機関区分": 3, "都道府県コード": 24, "市区町村コード": 204, "所在地": "三重県松阪市湊町２２７", "緯度": 34.573119, "経度": 136.533138, "url": "https://www.iryou.teikyouseido.mhlw.go.jp/znk-web/juminkanja/S2430/initialize?prefCd=24&kikanCd=3240005470&kikanKbn=3", "url2": null, "内容": "つだ歯科【3:歯科】三重県松阪市湊町２２７" }, "geometry": { "type": "Point", "coordinates": [ 136.533138, 34.573119 ] } },
{ "type": "Feature", "properties": { "ID": 2433240005480, "正式名称": "中瀬歯科医院", "機関区分": 3, "都道府県コード": 24, "市区町村コード": 204, "所在地": "三重県松阪市湊町１１９－６", "緯度": 34.573035, "経度": 136.534721, "url": "https://www.iryou.teikyouseido.mhlw.go.jp/znk-web/juminkanja/S2430/initialize?prefCd=24&kikanCd=3240005480&kikanKbn=3", "url2": "https://nakase-dc.jp/", "内容": "中瀬歯科医院【3:歯科】三重県松阪市湊町１１９－６" }, "geometry": { "type": "Point", "coordinates": [ 136.534721, 34.573035 ] } },
{ "type": "Feature", "properties": { "ID": 2433240005490, "正式名称": "まつもと歯科クリニック", "機関区分": 3, "都道府県コード": 24, "市区町村コード": 204, "所在地": "三重県松阪市井村町４７９－１", "緯度": 34.574368, "経度": 136.514389, "url": "https://www.iryou.teikyouseido.mhlw.go.jp/znk-web/juminkanja/S2430/initialize?prefCd=24&kikanCd=3240005490&kikanKbn=3", "url2": "http://matsumoto-sika.com/", "内容": "まつもと歯科クリニック【3:歯科】三重県松阪市井村町４７９－１" }, "geometry": { "type": "Point", "coordinates": [ 136.514389, 34.574368 ] } },
{ "type": "Feature", "properties": { "ID": 2433240005500, "正式名称": "医療法人　地主矯正歯科クリニック", "機関区分": 3, "都道府県コード": 24, "市区町村コード": 204, "所在地": "三重県松阪市下村町２５７８－５", "緯度": 34.551621, "経度": 136.541722, "url": "https://www.iryou.teikyouseido.mhlw.go.jp/znk-web/juminkanja/S2430/initialize?prefCd=24&kikanCd=3240005500&kikanKbn=3", "url2": "http://www.gogojinushi.com", "内容": "医療法人　地主矯正歯科クリニック【3:歯科】三重県松阪市下村町２５７８－５" }, "geometry": { "type": "Point", "coordinates": [ 136.541722, 34.551621 ] } },
{ "type": "Feature", "properties": { "ID": 2433240005530, "正式名称": "たなか歯科医院", "機関区分": 3, "都道府県コード": 24, "市区町村コード": 204, "所在地": "三重県松阪市飯南町粥見４２０４－１", "緯度": 34.451462, "経度": 136.388406, "url": "https://www.iryou.teikyouseido.mhlw.go.jp/znk-web/juminkanja/S2430/initialize?prefCd=24&kikanCd=3240005530&kikanKbn=3", "url2": null, "内容": "たなか歯科医院【3:歯科】三重県松阪市飯南町粥見４２０４－１" }, "geometry": { "type": "Point", "coordinates": [ 136.388406, 34.451462 ] } },
{ "type": "Feature", "properties": { "ID": 2433240005560, "正式名称": "よいほの歯科診療所", "機関区分": 3, "都道府県コード": 24, "市区町村コード": 204, "所在地": "三重県松阪市内五曲町８５－１", "緯度": 34.574507, "経度": 136.521722, "url": "https://www.iryou.teikyouseido.mhlw.go.jp/znk-web/juminkanja/S2430/initialize?prefCd=24&kikanCd=3240005560&kikanKbn=3", "url2": "http://www.yoihodc.net/", "内容": "よいほの歯科診療所【3:歯科】三重県松阪市内五曲町８５－１" }, "geometry": { "type": "Point", "coordinates": [ 136.521722, 34.574507 ] } },
{ "type": "Feature", "properties": { "ID": 2433240005570, "正式名称": "ヒガデンタルクリニック", "機関区分": 3, "都道府県コード": 24, "市区町村コード": 204, "所在地": "三重県松阪市櫛田町５０－２８", "緯度": 34.5499, "経度": 136.581496, "url": "https://www.iryou.teikyouseido.mhlw.go.jp/znk-web/juminkanja/S2430/initialize?prefCd=24&kikanCd=3240005570&kikanKbn=3", "url2": null, "内容": "ヒガデンタルクリニック【3:歯科】三重県松阪市櫛田町５０－２８" }, "geometry": { "type": "Point", "coordinates": [ 136.581496, 34.5499 ] } },
{ "type": "Feature", "properties": { "ID": 2433240005600, "正式名称": "ゆあ歯科クリニック", "機関区分": 3, "都道府県コード": 24, "市区町村コード": 204, "所在地": "三重県松阪市大黒田町９０７－３", "緯度": 34.562564, "経度": 136.519445, "url": "https://www.iryou.teikyouseido.mhlw.go.jp/znk-web/juminkanja/S2430/initialize?prefCd=24&kikanCd=3240005600&kikanKbn=3", "url2": null, "内容": "ゆあ歯科クリニック【3:歯科】三重県松阪市大黒田町９０７－３" }, "geometry": { "type": "Point", "coordinates": [ 136.519445, 34.562564 ] } },
{ "type": "Feature", "properties": { "ID": 2433240005610, "正式名称": "よしむら歯科", "機関区分": 3, "都道府県コード": 24, "市区町村コード": 204, "所在地": "三重県松阪市松ケ島町１９－５", "緯度": 34.598949, "経度": 136.522888, "url": "https://www.iryou.teikyouseido.mhlw.go.jp/znk-web/juminkanja/S2430/initialize?prefCd=24&kikanCd=3240005610&kikanKbn=3", "url2": null, "内容": "よしむら歯科【3:歯科】三重県松阪市松ケ島町１９－５" }, "geometry": { "type": "Point", "coordinates": [ 136.522888, 34.598949 ] } },
{ "type": "Feature", "properties": { "ID": 2433240005620, "正式名称": "とき矯正歯科", "機関区分": 3, "都道府県コード": 24, "市区町村コード": 204, "所在地": "三重県松阪市久保町４６７－１", "緯度": 34.549565, "経度": 136.529778, "url": "https://www.iryou.teikyouseido.mhlw.go.jp/znk-web/juminkanja/S2430/initialize?prefCd=24&kikanCd=3240005620&kikanKbn=3", "url2": "http://www.mctv.ne.jp/~tokicrue", "内容": "とき矯正歯科【3:歯科】三重県松阪市久保町４６７－１" }, "geometry": { "type": "Point", "coordinates": [ 136.529778, 34.549565 ] } },
{ "type": "Feature", "properties": { "ID": 2433240005640, "正式名称": "礒田歯科医院", "機関区分": 3, "都道府県コード": 24, "市区町村コード": 204, "所在地": "三重県松阪市魚町１６７１", "緯度": 34.577674, "経度": 136.529194, "url": "https://www.iryou.teikyouseido.mhlw.go.jp/znk-web/juminkanja/S2430/initialize?prefCd=24&kikanCd=3240005640&kikanKbn=3", "url2": "http://www.isoda-ha.com", "内容": "礒田歯科医院【3:歯科】三重県松阪市魚町１６７１" }, "geometry": { "type": "Point", "coordinates": [ 136.529194, 34.577674 ] } },
{ "type": "Feature", "properties": { "ID": 2433240005650, "正式名称": "小田歯科医院", "機関区分": 3, "都道府県コード": 24, "市区町村コード": 204, "所在地": "三重県松阪市川井町２５９６", "緯度": 34.583395, "経度": 136.524499, "url": "https://www.iryou.teikyouseido.mhlw.go.jp/znk-web/juminkanja/S2430/initialize?prefCd=24&kikanCd=3240005650&kikanKbn=3", "url2": null, "内容": "小田歯科医院【3:歯科】三重県松阪市川井町２５９６" }, "geometry": { "type": "Point", "coordinates": [ 136.524499, 34.583395 ] } },
{ "type": "Feature", "properties": { "ID": 2433240005660, "正式名称": "クローバー歯科", "機関区分": 3, "都道府県コード": 24, "市区町村コード": 204, "所在地": "三重県松阪市岡本町２２０－５", "緯度": 34.556897, "経度": 136.503474, "url": "https://www.iryou.teikyouseido.mhlw.go.jp/znk-web/juminkanja/S2430/initialize?prefCd=24&kikanCd=3240005660&kikanKbn=3", "url2": null, "内容": "クローバー歯科【3:歯科】三重県松阪市岡本町２２０－５" }, "geometry": { "type": "Point", "coordinates": [ 136.503474, 34.556897 ] } },
{ "type": "Feature", "properties": { "ID": 2433240005670, "正式名称": "医療法人葵会　あい歯科医院", "機関区分": 3, "都道府県コード": 24, "市区町村コード": 204, "所在地": "三重県松阪市川井町５３２－１", "緯度": 34.57884, "経度": 136.514389, "url": "https://www.iryou.teikyouseido.mhlw.go.jp/znk-web/juminkanja/S2430/initialize?prefCd=24&kikanCd=3240005670&kikanKbn=3", "url2": null, "内容": "医療法人葵会　あい歯科医院【3:歯科】三重県松阪市川井町５３２－１" }, "geometry": { "type": "Point", "coordinates": [ 136.514389, 34.57884 ] } },
{ "type": "Feature", "properties": { "ID": 2433240005680, "正式名称": "医療法人　心成会", "機関区分": 3, "都道府県コード": 24, "市区町村コード": 204, "所在地": "三重県松阪市下村町５２２－６", "緯度": 34.558065, "経度": 136.547221, "url": "https://www.iryou.teikyouseido.mhlw.go.jp/znk-web/juminkanja/S2430/initialize?prefCd=24&kikanCd=3240005680&kikanKbn=3", "url2": "http://www.uematsu-dental.jp", "内容": "医療法人　心成会【3:歯科】三重県松阪市下村町５２２－６" }, "geometry": { "type": "Point", "coordinates": [ 136.547221, 34.558065 ] } },
{ "type": "Feature", "properties": { "ID": 2433240005720, "正式名称": "荒木田歯科", "機関区分": 3, "都道府県コード": 24, "市区町村コード": 203, "所在地": "三重県伊勢市樫原町１４５１", "緯度": 34.528099, "経度": 136.70957, "url": "https://www.iryou.teikyouseido.mhlw.go.jp/znk-web/juminkanja/S2430/initialize?prefCd=24&kikanCd=3240005720&kikanKbn=3", "url2": null, "内容": "荒木田歯科【3:歯科】三重県伊勢市樫原町１４５１" }, "geometry": { "type": "Point", "coordinates": [ 136.70957, 34.528099 ] } },
{ "type": "Feature", "properties": { "ID": 2433240005730, "正式名称": "小林歯科医院", "機関区分": 3, "都道府県コード": 24, "市区町村コード": 203, "所在地": "三重県伊勢市岩渕２丁目７－８", "緯度": 34.487936, "経度": 136.715182, "url": "https://www.iryou.teikyouseido.mhlw.go.jp/znk-web/juminkanja/S2430/initialize?prefCd=24&kikanCd=3240005730&kikanKbn=3", "url2": null, "内容": "小林歯科医院【3:歯科】三重県伊勢市岩渕２丁目７－８" }, "geometry": { "type": "Point", "coordinates": [ 136.715182, 34.487936 ] } },
{ "type": "Feature", "properties": { "ID": 2433240005790, "正式名称": "長井歯科医院", "機関区分": 3, "都道府県コード": 24, "市区町村コード": 203, "所在地": "三重県伊勢市東大淀町７４７－１", "緯度": 34.558983, "経度": 136.657545, "url": "https://www.iryou.teikyouseido.mhlw.go.jp/znk-web/juminkanja/S2430/initialize?prefCd=24&kikanCd=3240005790&kikanKbn=3", "url2": null, "内容": "長井歯科医院【3:歯科】三重県伊勢市東大淀町７４７－１" }, "geometry": { "type": "Point", "coordinates": [ 136.657545, 34.558983 ] } },
{ "type": "Feature", "properties": { "ID": 2433240005830, "正式名称": "浜口歯科医院", "機関区分": 3, "都道府県コード": 24, "市区町村コード": 203, "所在地": "三重県伊勢市岡本３－１６－１", "緯度": 34.481631, "経度": 136.709127, "url": "https://www.iryou.teikyouseido.mhlw.go.jp/znk-web/juminkanja/S2430/initialize?prefCd=24&kikanCd=3240005830&kikanKbn=3", "url2": null, "内容": "浜口歯科医院【3:歯科】三重県伊勢市岡本３－１６－１" }, "geometry": { "type": "Point", "coordinates": [ 136.709127, 34.481631 ] } },
{ "type": "Feature", "properties": { "ID": 2433240005870, "正式名称": "藤田歯科", "機関区分": 3, "都道府県コード": 24, "市区町村コード": 203, "所在地": "三重県伊勢市常磐２－１３－７", "緯度": 34.491602, "経度": 136.696628, "url": "https://www.iryou.teikyouseido.mhlw.go.jp/znk-web/juminkanja/S2430/initialize?prefCd=24&kikanCd=3240005870&kikanKbn=3", "url2": "https://ise-fdc.com/", "内容": "藤田歯科【3:歯科】三重県伊勢市常磐２－１３－７" }, "geometry": { "type": "Point", "coordinates": [ 136.696628, 34.491602 ] } },
{ "type": "Feature", "properties": { "ID": 2433240005910, "正式名称": "片山歯科医院", "機関区分": 3, "都道府県コード": 24, "市区町村コード": 203, "所在地": "三重県伊勢市勢田町１０３－１０２", "緯度": 34.472966, "経度": 136.712572, "url": "https://www.iryou.teikyouseido.mhlw.go.jp/znk-web/juminkanja/S2430/initialize?prefCd=24&kikanCd=3240005910&kikanKbn=3", "url2": null, "内容": "片山歯科医院【3:歯科】三重県伊勢市勢田町１０３－１０２" }, "geometry": { "type": "Point", "coordinates": [ 136.712572, 34.472966 ] } },
{ "type": "Feature", "properties": { "ID": 2433240005920, "正式名称": "大石歯科医院", "機関区分": 3, "都道府県コード": 24, "市区町村コード": 203, "所在地": "三重県伊勢市倭町１１３", "緯度": 34.48502, "経度": 136.720654, "url": "https://www.iryou.teikyouseido.mhlw.go.jp/znk-web/juminkanja/S2430/initialize?prefCd=24&kikanCd=3240005920&kikanKbn=3", "url2": null, "内容": "大石歯科医院【3:歯科】三重県伊勢市倭町１１３" }, "geometry": { "type": "Point", "coordinates": [ 136.720654, 34.48502 ] } },
{ "type": "Feature", "properties": { "ID": 2433240005930, "正式名称": "橋本歯科医院", "機関区分": 3, "都道府県コード": 24, "市区町村コード": 203, "所在地": "三重県伊勢市本町１４－１４", "緯度": 34.48827, "経度": 136.706489, "url": "https://www.iryou.teikyouseido.mhlw.go.jp/znk-web/juminkanja/S2430/initialize?prefCd=24&kikanCd=3240005930&kikanKbn=3", "url2": null, "内容": "橋本歯科医院【3:歯科】三重県伊勢市本町１４－１４" }, "geometry": { "type": "Point", "coordinates": [ 136.706489, 34.48827 ] } },
{ "type": "Feature", "properties": { "ID": 2433240005980, "正式名称": "中川歯科", "機関区分": 3, "都道府県コード": 24, "市区町村コード": 203, "所在地": "三重県伊勢市神久２丁目１－４８", "緯度": 34.489075, "経度": 136.72046, "url": "https://www.iryou.teikyouseido.mhlw.go.jp/znk-web/juminkanja/S2430/initialize?prefCd=24&kikanCd=3240005980&kikanKbn=3", "url2": null, "内容": "中川歯科【3:歯科】三重県伊勢市神久２丁目１－４８" }, "geometry": { "type": "Point", "coordinates": [ 136.72046, 34.489075 ] } },
{ "type": "Feature", "properties": { "ID": 2433240006020, "正式名称": "田口歯科医院", "機関区分": 3, "都道府県コード": 24, "市区町村コード": 203, "所在地": "三重県伊勢市中須町４５０－４", "緯度": 34.488658, "経度": 136.679074, "url": "https://www.iryou.teikyouseido.mhlw.go.jp/znk-web/juminkanja/S2430/initialize?prefCd=24&kikanCd=3240006020&kikanKbn=3", "url2": null, "内容": "田口歯科医院【3:歯科】三重県伊勢市中須町４５０－４" }, "geometry": { "type": "Point", "coordinates": [ 136.679074, 34.488658 ] } },
{ "type": "Feature", "properties": { "ID": 2433240006030, "正式名称": "医療法人社団　中村歯科クリニック", "機関区分": 3, "都道府県コード": 24, "市区町村コード": 203, "所在地": "三重県伊勢市神田久志本町１３２１－２", "緯度": 34.489964, "経度": 136.725431, "url": "https://www.iryou.teikyouseido.mhlw.go.jp/znk-web/juminkanja/S2430/initialize?prefCd=24&kikanCd=3240006030&kikanKbn=3", "url2": "https://www.nakamuadentalclinic.net/", "内容": "医療法人社団　中村歯科クリニック【3:歯科】三重県伊勢市神田久志本町１３２１－２" }, "geometry": { "type": "Point", "coordinates": [ 136.725431, 34.489964 ] } },
{ "type": "Feature", "properties": { "ID": 2433240006040, "正式名称": "金剛歯科医院", "機関区分": 3, "都道府県コード": 24, "市区町村コード": 203, "所在地": "三重県伊勢市宇治浦田３－１５－３１", "緯度": 34.466966, "経度": 136.718044, "url": "https://www.iryou.teikyouseido.mhlw.go.jp/znk-web/juminkanja/S2430/initialize?prefCd=24&kikanCd=3240006040&kikanKbn=3", "url2": null, "内容": "金剛歯科医院【3:歯科】三重県伊勢市宇治浦田３－１５－３１" }, "geometry": { "type": "Point", "coordinates": [ 136.718044, 34.466966 ] } },
{ "type": "Feature", "properties": { "ID": 2433240006060, "正式名称": "荘司歯科医院", "機関区分": 3, "都道府県コード": 24, "市区町村コード": 203, "所在地": "三重県伊勢市河崎２－１２－１４", "緯度": 34.494158, "経度": 136.71496, "url": "https://www.iryou.teikyouseido.mhlw.go.jp/znk-web/juminkanja/S2430/initialize?prefCd=24&kikanCd=3240006060&kikanKbn=3", "url2": null, "内容": "荘司歯科医院【3:歯科】三重県伊勢市河崎２－１２－１４" }, "geometry": { "type": "Point", "coordinates": [ 136.71496, 34.494158 ] } },
{ "type": "Feature", "properties": { "ID": 2433240006070, "正式名称": "北浜歯科クリニック", "機関区分": 3, "都道府県コード": 24, "市区町村コード": 203, "所在地": "三重県伊勢市村松町天神前４４７０", "緯度": 34.548652, "経度": 136.683015, "url": "https://www.iryou.teikyouseido.mhlw.go.jp/znk-web/juminkanja/S2430/initialize?prefCd=24&kikanCd=3240006070&kikanKbn=3", "url2": null, "内容": "北浜歯科クリニック【3:歯科】三重県伊勢市村松町天神前４４７０" }, "geometry": { "type": "Point", "coordinates": [ 136.683015, 34.548652 ] } },
{ "type": "Feature", "properties": { "ID": 2433240006080, "正式名称": "奥村歯科", "機関区分": 3, "都道府県コード": 24, "市区町村コード": 203, "所在地": "三重県伊勢市円座町１１６１", "緯度": 34.44594, "経度": 136.652217, "url": "https://www.iryou.teikyouseido.mhlw.go.jp/znk-web/juminkanja/S2430/initialize?prefCd=24&kikanCd=3240006080&kikanKbn=3", "url2": null, "内容": "奥村歯科【3:歯科】三重県伊勢市円座町１１６１" }, "geometry": { "type": "Point", "coordinates": [ 136.652217, 34.44594 ] } },
{ "type": "Feature", "properties": { "ID": 2433240006090, "正式名称": "山崎歯科クリニック", "機関区分": 3, "都道府県コード": 24, "市区町村コード": 203, "所在地": "三重県伊勢市楠部町５１０－７０", "緯度": 34.47766, "経度": 136.728404, "url": "https://www.iryou.teikyouseido.mhlw.go.jp/znk-web/juminkanja/S2430/initialize?prefCd=24&kikanCd=3240006090&kikanKbn=3", "url2": "http://yamazaki-dent.com/", "内容": "山崎歯科クリニック【3:歯科】三重県伊勢市楠部町５１０－７０" }, "geometry": { "type": "Point", "coordinates": [ 136.728404, 34.47766 ] } },
{ "type": "Feature", "properties": { "ID": 2433240006100, "正式名称": "伊藤歯科", "機関区分": 3, "都道府県コード": 24, "市区町村コード": 203, "所在地": "三重県伊勢市船江１－５－６０", "緯度": 34.498491, "経度": 136.713404, "url": "https://www.iryou.teikyouseido.mhlw.go.jp/znk-web/juminkanja/S2430/initialize?prefCd=24&kikanCd=3240006100&kikanKbn=3", "url2": null, "内容": "伊藤歯科【3:歯科】三重県伊勢市船江１－５－６０" }, "geometry": { "type": "Point", "coordinates": [ 136.713404, 34.498491 ] } },
{ "type": "Feature", "properties": { "ID": 2433240006110, "正式名称": "松村歯科クリニック", "機関区分": 3, "都道府県コード": 24, "市区町村コード": 203, "所在地": "三重県伊勢市宮後２－２５－２１", "緯度": 34.49213, "経度": 136.711293, "url": "https://www.iryou.teikyouseido.mhlw.go.jp/znk-web/juminkanja/S2430/initialize?prefCd=24&kikanCd=3240006110&kikanKbn=3", "url2": null, "内容": "松村歯科クリニック【3:歯科】三重県伊勢市宮後２－２５－２１" }, "geometry": { "type": "Point", "coordinates": [ 136.711293, 34.49213 ] } },
{ "type": "Feature", "properties": { "ID": 2433240006140, "正式名称": "あい歯科クリニック", "機関区分": 3, "都道府県コード": 24, "市区町村コード": 203, "所在地": "三重県伊勢市辻久留５２０－３", "緯度": 34.473049, "経度": 136.685741, "url": "https://www.iryou.teikyouseido.mhlw.go.jp/znk-web/juminkanja/S2430/initialize?prefCd=24&kikanCd=3240006140&kikanKbn=3", "url2": null, "内容": "あい歯科クリニック【3:歯科】三重県伊勢市辻久留５２０－３" }, "geometry": { "type": "Point", "coordinates": [ 136.685741, 34.473049 ] } },
{ "type": "Feature", "properties": { "ID": 2433240006160, "正式名称": "めいりん歯科クリニック", "機関区分": 3, "都道府県コード": 24, "市区町村コード": 203, "所在地": "三重県伊勢市岡本３－５－２３", "緯度": 34.483187, "経度": 136.709183, "url": "https://www.iryou.teikyouseido.mhlw.go.jp/znk-web/juminkanja/S2430/initialize?prefCd=24&kikanCd=3240006160&kikanKbn=3", "url2": null, "内容": "めいりん歯科クリニック【3:歯科】三重県伊勢市岡本３－５－２３" }, "geometry": { "type": "Point", "coordinates": [ 136.709183, 34.483187 ] } },
{ "type": "Feature", "properties": { "ID": 2433240006190, "正式名称": "松崎矯正歯科クリニック", "機関区分": 3, "都道府県コード": 24, "市区町村コード": 203, "所在地": "三重県伊勢市河崎１－１２－５", "緯度": 34.496583, "経度": 136.711112, "url": "https://www.iryou.teikyouseido.mhlw.go.jp/znk-web/juminkanja/S2430/initialize?prefCd=24&kikanCd=3240006190&kikanKbn=3", "url2": null, "内容": "松崎矯正歯科クリニック【3:歯科】三重県伊勢市河崎１－１２－５" }, "geometry": { "type": "Point", "coordinates": [ 136.711112, 34.496583 ] } },
{ "type": "Feature", "properties": { "ID": 2433240006200, "正式名称": "楠崎歯科医院", "機関区分": 3, "都道府県コード": 24, "市区町村コード": 472, "所在地": "三重県度会郡南伊勢町五ケ所浦９８８－２５", "緯度": 34.347284, "経度": 136.699107, "url": "https://www.iryou.teikyouseido.mhlw.go.jp/znk-web/juminkanja/S2430/initialize?prefCd=24&kikanCd=3240006200&kikanKbn=3", "url2": null, "内容": "楠崎歯科医院【3:歯科】三重県度会郡南伊勢町五ケ所浦９８８－２５" }, "geometry": { "type": "Point", "coordinates": [ 136.699107, 34.347284 ] } },
{ "type": "Feature", "properties": { "ID": 2433240006270, "正式名称": "東山歯科医院", "機関区分": 3, "都道府県コード": 24, "市区町村コード": 203, "所在地": "三重県伊勢市小俣町本町９０", "緯度": 34.504934, "経度": 136.672741, "url": "https://www.iryou.teikyouseido.mhlw.go.jp/znk-web/juminkanja/S2430/initialize?prefCd=24&kikanCd=3240006270&kikanKbn=3", "url2": null, "内容": "東山歯科医院【3:歯科】三重県伊勢市小俣町本町９０" }, "geometry": { "type": "Point", "coordinates": [ 136.672741, 34.504934 ] } },
{ "type": "Feature", "properties": { "ID": 2433240006280, "正式名称": "医療法人　山口歯科医院", "機関区分": 3, "都道府県コード": 24, "市区町村コード": 203, "所在地": "三重県伊勢市小俣町元町１７９１", "緯度": 34.504239, "経度": 136.674379, "url": "https://www.iryou.teikyouseido.mhlw.go.jp/znk-web/juminkanja/S2430/initialize?prefCd=24&kikanCd=3240006280&kikanKbn=3", "url2": null, "内容": "医療法人　山口歯科医院【3:歯科】三重県伊勢市小俣町元町１７９１" }, "geometry": { "type": "Point", "coordinates": [ 136.674379, 34.504239 ] } },
{ "type": "Feature", "properties": { "ID": 2433240006300, "正式名称": "福井歯科医院", "機関区分": 3, "都道府県コード": 24, "市区町村コード": 470, "所在地": "三重県度会郡度会町棚橋７８１", "緯度": 34.437218, "経度": 136.627553, "url": "https://www.iryou.teikyouseido.mhlw.go.jp/znk-web/juminkanja/S2430/initialize?prefCd=24&kikanCd=3240006300&kikanKbn=3", "url2": null, "内容": "福井歯科医院【3:歯科】三重県度会郡度会町棚橋７８１" }, "geometry": { "type": "Point", "coordinates": [ 136.627553, 34.437218 ] } },
{ "type": "Feature", "properties": { "ID": 2433240006320, "正式名称": "医療法人　松葉歯科医院", "機関区分": 3, "都道府県コード": 24, "市区町村コード": 203, "所在地": "三重県伊勢市御薗町高向６６９", "緯度": 34.49763, "経度": 136.700322, "url": "https://www.iryou.teikyouseido.mhlw.go.jp/znk-web/juminkanja/S2430/initialize?prefCd=24&kikanCd=3240006320&kikanKbn=3", "url2": null, "内容": "医療法人　松葉歯科医院【3:歯科】三重県伊勢市御薗町高向６６９" }, "geometry": { "type": "Point", "coordinates": [ 136.700322, 34.49763 ] } },
{ "type": "Feature", "properties": { "ID": 2433240006340, "正式名称": "かりや歯科", "機関区分": 3, "都道府県コード": 24, "市区町村コード": 203, "所在地": "三重県伊勢市二見町西２０－１", "緯度": 34.505741, "経度": 136.759483, "url": "https://www.iryou.teikyouseido.mhlw.go.jp/znk-web/juminkanja/S2430/initialize?prefCd=24&kikanCd=3240006340&kikanKbn=3", "url2": null, "内容": "かりや歯科【3:歯科】三重県伊勢市二見町西２０－１" }, "geometry": { "type": "Point", "coordinates": [ 136.759483, 34.505741 ] } },
{ "type": "Feature", "properties": { "ID": 2433240006360, "正式名称": "田川歯科", "機関区分": 3, "都道府県コード": 24, "市区町村コード": 203, "所在地": "三重県伊勢市二見町山田原１４８－４", "緯度": 34.503436, "経度": 136.764177, "url": "https://www.iryou.teikyouseido.mhlw.go.jp/znk-web/juminkanja/S2430/initialize?prefCd=24&kikanCd=3240006360&kikanKbn=3", "url2": null, "内容": "田川歯科【3:歯科】三重県伊勢市二見町山田原１４８－４" }, "geometry": { "type": "Point", "coordinates": [ 136.764177, 34.503436 ] } },
{ "type": "Feature", "properties": { "ID": 2433240006370, "正式名称": "玉城古川歯科", "機関区分": 3, "都道府県コード": 24, "市区町村コード": 461, "所在地": "三重県度会郡玉城町勝田１６１７－１", "緯度": 34.485463, "経度": 136.635578, "url": "https://www.iryou.teikyouseido.mhlw.go.jp/znk-web/juminkanja/S2430/initialize?prefCd=24&kikanCd=3240006370&kikanKbn=3", "url2": "tamakifurukawadental.com", "内容": "玉城古川歯科【3:歯科】三重県度会郡玉城町勝田１６１７－１" }, "geometry": { "type": "Point", "coordinates": [ 136.635578, 34.485463 ] } },
{ "type": "Feature", "properties": { "ID": 2433240006400, "正式名称": "医療法人　きくち矯正歯科", "機関区分": 3, "都道府県コード": 24, "市区町村コード": 203, "所在地": "三重県伊勢市御薗町長屋２０６１－２", "緯度": 34.506962, "経度": 136.711682, "url": "https://www.iryou.teikyouseido.mhlw.go.jp/znk-web/juminkanja/S2430/initialize?prefCd=24&kikanCd=3240006400&kikanKbn=3", "url2": "http://www.k-kikuchi.com", "内容": "医療法人　きくち矯正歯科【3:歯科】三重県伊勢市御薗町長屋２０６１－２" }, "geometry": { "type": "Point", "coordinates": [ 136.711682, 34.506962 ] } },
{ "type": "Feature", "properties": { "ID": 2433240006410, "正式名称": "元町歯科クリニック", "機関区分": 3, "都道府県コード": 24, "市区町村コード": 203, "所在地": "三重県伊勢市小俣町元町３４１－１", "緯度": 34.50985, "経度": 136.675768, "url": "https://www.iryou.teikyouseido.mhlw.go.jp/znk-web/juminkanja/S2430/initialize?prefCd=24&kikanCd=3240006410&kikanKbn=3", "url2": null, "内容": "元町歯科クリニック【3:歯科】三重県伊勢市小俣町元町３４１－１" }, "geometry": { "type": "Point", "coordinates": [ 136.675768, 34.50985 ] } },
{ "type": "Feature", "properties": { "ID": 2433240006420, "正式名称": "ふるかわ歯科", "機関区分": 3, "都道府県コード": 24, "市区町村コード": 203, "所在地": "三重県伊勢市小俣町本町１２５４", "緯度": 34.500073, "経度": 136.668769, "url": "https://www.iryou.teikyouseido.mhlw.go.jp/znk-web/juminkanja/S2430/initialize?prefCd=24&kikanCd=3240006420&kikanKbn=3", "url2": null, "内容": "ふるかわ歯科【3:歯科】三重県伊勢市小俣町本町１２５４" }, "geometry": { "type": "Point", "coordinates": [ 136.668769, 34.500073 ] } },
{ "type": "Feature", "properties": { "ID": 2433240006430, "正式名称": "杉村歯科医院", "機関区分": 3, "都道府県コード": 24, "市区町村コード": 471, "所在地": "三重県度会郡大紀町錦３５８－２", "緯度": 34.22282, "経度": 136.398804, "url": "https://www.iryou.teikyouseido.mhlw.go.jp/znk-web/juminkanja/S2430/initialize?prefCd=24&kikanCd=3240006430&kikanKbn=3", "url2": null, "内容": "杉村歯科医院【3:歯科】三重県度会郡大紀町錦３５８－２" }, "geometry": { "type": "Point", "coordinates": [ 136.398804, 34.22282 ] } },
{ "type": "Feature", "properties": { "ID": 2433240006440, "正式名称": "南勢歯科医院", "機関区分": 3, "都道府県コード": 24, "市区町村コード": 472, "所在地": "三重県度会郡南伊勢町田曽浦４３８５－１", "緯度": 34.293957, "経度": 136.700415, "url": "https://www.iryou.teikyouseido.mhlw.go.jp/znk-web/juminkanja/S2430/initialize?prefCd=24&kikanCd=3240006440&kikanKbn=3", "url2": null, "内容": "南勢歯科医院【3:歯科】三重県度会郡南伊勢町田曽浦４３８５－１" }, "geometry": { "type": "Point", "coordinates": [ 136.700415, 34.293957 ] } },
{ "type": "Feature", "properties": { "ID": 2433240006470, "正式名称": "高橋歯科医院", "機関区分": 3, "都道府県コード": 24, "市区町村コード": 215, "所在地": "三重県志摩市大王町波切３３０４－２", "緯度": 34.2821, "経度": 136.886566, "url": "https://www.iryou.teikyouseido.mhlw.go.jp/znk-web/juminkanja/S2430/initialize?prefCd=24&kikanCd=3240006470&kikanKbn=3", "url2": null, "内容": "高橋歯科医院【3:歯科】三重県志摩市大王町波切３３０４－２" }, "geometry": { "type": "Point", "coordinates": [ 136.886566, 34.2821 ] } },
{ "type": "Feature", "properties": { "ID": 2433240006540, "正式名称": "今永歯科診療所", "機関区分": 3, "都道府県コード": 24, "市区町村コード": 215, "所在地": "三重県志摩市阿児町鵜方３３０８－５", "緯度": 34.327094, "経度": 136.824542, "url": "https://www.iryou.teikyouseido.mhlw.go.jp/znk-web/juminkanja/S2430/initialize?prefCd=24&kikanCd=3240006540&kikanKbn=3", "url2": null, "内容": "今永歯科診療所【3:歯科】三重県志摩市阿児町鵜方３３０８－５" }, "geometry": { "type": "Point", "coordinates": [ 136.824542, 34.327094 ] } },
{ "type": "Feature", "properties": { "ID": 2433240006600, "正式名称": "杉村歯科医院", "機関区分": 3, "都道府県コード": 24, "市区町村コード": 211, "所在地": "三重県鳥羽市大明東町２０－３", "緯度": 34.467358, "経度": 136.849394, "url": "https://www.iryou.teikyouseido.mhlw.go.jp/znk-web/juminkanja/S2430/initialize?prefCd=24&kikanCd=3240006600&kikanKbn=3", "url2": "https://kimurashika.ci2.jp", "内容": "杉村歯科医院【3:歯科】三重県鳥羽市大明東町２０－３" }, "geometry": { "type": "Point", "coordinates": [ 136.849394, 34.467358 ] } },
{ "type": "Feature", "properties": { "ID": 2433240006620, "正式名称": "西田歯科クリニック", "機関区分": 3, "都道府県コード": 24, "市区町村コード": 215, "所在地": "三重県志摩市阿児町鵜方４０５７－１　鵜方ファミリープラザ２階", "緯度": 34.329122, "経度": 136.825542, "url": "https://www.iryou.teikyouseido.mhlw.go.jp/znk-web/juminkanja/S2430/initialize?prefCd=24&kikanCd=3240006620&kikanKbn=3", "url2": null, "内容": "西田歯科クリニック【3:歯科】三重県志摩市阿児町鵜方４０５７－１　鵜方ファミリープラザ２階" }, "geometry": { "type": "Point", "coordinates": [ 136.825542, 34.329122 ] } },
{ "type": "Feature", "properties": { "ID": 2433240006630, "正式名称": "西岡歯科医院", "機関区分": 3, "都道府県コード": 24, "市区町村コード": 215, "所在地": "三重県志摩市志摩町越賀６５３", "緯度": 34.258046, "経度": 136.793742, "url": "https://www.iryou.teikyouseido.mhlw.go.jp/znk-web/juminkanja/S2430/initialize?prefCd=24&kikanCd=3240006630&kikanKbn=3", "url2": null, "内容": "西岡歯科医院【3:歯科】三重県志摩市志摩町越賀６５３" }, "geometry": { "type": "Point", "coordinates": [ 136.793742, 34.258046 ] } },
{ "type": "Feature", "properties": { "ID": 2433240006640, "正式名称": "ひろの歯科", "機関区分": 3, "都道府県コード": 24, "市区町村コード": 215, "所在地": "三重県志摩市磯部町迫間１８０１", "緯度": 34.371395, "経度": 136.803125, "url": "https://www.iryou.teikyouseido.mhlw.go.jp/znk-web/juminkanja/S2430/initialize?prefCd=24&kikanCd=3240006640&kikanKbn=3", "url2": null, "内容": "ひろの歯科【3:歯科】三重県志摩市磯部町迫間１８０１" }, "geometry": { "type": "Point", "coordinates": [ 136.803125, 34.371395 ] } },
{ "type": "Feature", "properties": { "ID": 2433240006650, "正式名称": "大岩矯正歯科", "機関区分": 3, "都道府県コード": 24, "市区町村コード": 215, "所在地": "三重県志摩市阿児町鵜方３００９－４４", "緯度": 34.328706, "経度": 136.837152, "url": "https://www.iryou.teikyouseido.mhlw.go.jp/znk-web/juminkanja/S2430/initialize?prefCd=24&kikanCd=3240006650&kikanKbn=3", "url2": "http://www.oiwa-ortho.com/", "内容": "大岩矯正歯科【3:歯科】三重県志摩市阿児町鵜方３００９－４４" }, "geometry": { "type": "Point", "coordinates": [ 136.837152, 34.328706 ] } },
{ "type": "Feature", "properties": { "ID": 2433240006660, "正式名称": "マエダ歯科", "機関区分": 3, "都道府県コード": 24, "市区町村コード": 215, "所在地": "三重県志摩市阿児町鵜方１６７７－１", "緯度": 34.329066, "経度": 136.824264, "url": "https://www.iryou.teikyouseido.mhlw.go.jp/znk-web/juminkanja/S2430/initialize?prefCd=24&kikanCd=3240006660&kikanKbn=3", "url2": null, "内容": "マエダ歯科【3:歯科】三重県志摩市阿児町鵜方１６７７－１" }, "geometry": { "type": "Point", "coordinates": [ 136.824264, 34.329066 ] } },
{ "type": "Feature", "properties": { "ID": 2433240006670, "正式名称": "山口歯科医院", "機関区分": 3, "都道府県コード": 24, "市区町村コード": 215, "所在地": "三重県志摩市阿児町鵜方１４５６", "緯度": 34.332066, "経度": 136.822458, "url": "https://www.iryou.teikyouseido.mhlw.go.jp/znk-web/juminkanja/S2430/initialize?prefCd=24&kikanCd=3240006670&kikanKbn=3", "url2": null, "内容": "山口歯科医院【3:歯科】三重県志摩市阿児町鵜方１４５６" }, "geometry": { "type": "Point", "coordinates": [ 136.822458, 34.332066 ] } },
{ "type": "Feature", "properties": { "ID": 2433240006680, "正式名称": "谷口歯科医院", "機関区分": 3, "都道府県コード": 24, "市区町村コード": 215, "所在地": "三重県志摩市志摩町布施田１６８９－１", "緯度": 34.256352, "経度": 136.822128, "url": "https://www.iryou.teikyouseido.mhlw.go.jp/znk-web/juminkanja/S2430/initialize?prefCd=24&kikanCd=3240006680&kikanKbn=3", "url2": null, "内容": "谷口歯科医院【3:歯科】三重県志摩市志摩町布施田１６８９－１" }, "geometry": { "type": "Point", "coordinates": [ 136.822128, 34.256352 ] } },
{ "type": "Feature", "properties": { "ID": 2433240006690, "正式名称": "デンタルクリニックたかはし", "機関区分": 3, "都道府県コード": 24, "市区町村コード": 215, "所在地": "三重県志摩市阿児町甲賀３１７３番地９", "緯度": 34.308819, "経度": 136.871705, "url": "https://www.iryou.teikyouseido.mhlw.go.jp/znk-web/juminkanja/S2430/initialize?prefCd=24&kikanCd=3240006690&kikanKbn=3", "url2": "http://takahashi.iseshima.net", "内容": "デンタルクリニックたかはし【3:歯科】三重県志摩市阿児町甲賀３１７３番地９" }, "geometry": { "type": "Point", "coordinates": [ 136.871705, 34.308819 ] } },
{ "type": "Feature", "properties": { "ID": 2433240006720, "正式名称": "大山歯科クリニック", "機関区分": 3, "都道府県コード": 24, "市区町村コード": 215, "所在地": "三重県志摩市志摩町和具１２１１", "緯度": 34.256463, "経度": 136.814851, "url": "https://www.iryou.teikyouseido.mhlw.go.jp/znk-web/juminkanja/S2430/initialize?prefCd=24&kikanCd=3240006720&kikanKbn=3", "url2": null, "内容": "大山歯科クリニック【3:歯科】三重県志摩市志摩町和具１２１１" }, "geometry": { "type": "Point", "coordinates": [ 136.814851, 34.256463 ] } },
{ "type": "Feature", "properties": { "ID": 2433240006730, "正式名称": "大岩矯正歯科トバ", "機関区分": 3, "都道府県コード": 24, "市区町村コード": 211, "所在地": "三重県鳥羽市鳥羽１－２－１０", "緯度": 34.483411, "経度": 136.842089, "url": "https://www.iryou.teikyouseido.mhlw.go.jp/znk-web/juminkanja/S2430/initialize?prefCd=24&kikanCd=3240006730&kikanKbn=3", "url2": "http://www.oiwa-ortho.com/", "内容": "大岩矯正歯科トバ【3:歯科】三重県鳥羽市鳥羽１－２－１０" }, "geometry": { "type": "Point", "coordinates": [ 136.842089, 34.483411 ] } },
{ "type": "Feature", "properties": { "ID": 2433240006740, "正式名称": "八原歯科医院", "機関区分": 3, "都道府県コード": 24, "市区町村コード": 543, "所在地": "三重県北牟婁郡紀北町長島１４０２", "緯度": 34.199655, "経度": 136.332255, "url": "https://www.iryou.teikyouseido.mhlw.go.jp/znk-web/juminkanja/S2430/initialize?prefCd=24&kikanCd=3240006740&kikanKbn=3", "url2": null, "内容": "八原歯科医院【3:歯科】三重県北牟婁郡紀北町長島１４０２" }, "geometry": { "type": "Point", "coordinates": [ 136.332255, 34.199655 ] } },
{ "type": "Feature", "properties": { "ID": 2433240006800, "正式名称": "森歯科医院", "機関区分": 3, "都道府県コード": 24, "市区町村コード": 209, "所在地": "三重県尾鷲市中村町２－５", "緯度": 34.073472, "経度": 136.195633, "url": "https://www.iryou.teikyouseido.mhlw.go.jp/znk-web/juminkanja/S2430/initialize?prefCd=24&kikanCd=3240006800&kikanKbn=3", "url2": null, "内容": "森歯科医院【3:歯科】三重県尾鷲市中村町２－５" }, "geometry": { "type": "Point", "coordinates": [ 136.195633, 34.073472 ] } },
{ "type": "Feature", "properties": { "ID": 2433240006840, "正式名称": "宮原歯科医院", "機関区分": 3, "都道府県コード": 24, "市区町村コード": 543, "所在地": "三重県北牟婁郡紀北町長島２００８", "緯度": 34.200127, "経度": 136.334533, "url": "https://www.iryou.teikyouseido.mhlw.go.jp/znk-web/juminkanja/S2430/initialize?prefCd=24&kikanCd=3240006840&kikanKbn=3", "url2": null, "内容": "宮原歯科医院【3:歯科】三重県北牟婁郡紀北町長島２００８" }, "geometry": { "type": "Point", "coordinates": [ 136.334533, 34.200127 ] } },
{ "type": "Feature", "properties": { "ID": 2433240006860, "正式名称": "ひがし歯科医院", "機関区分": 3, "都道府県コード": 24, "市区町村コード": 209, "所在地": "三重県尾鷲市中央町９－６３", "緯度": 34.071527, "経度": 136.193023, "url": "https://www.iryou.teikyouseido.mhlw.go.jp/znk-web/juminkanja/S2430/initialize?prefCd=24&kikanCd=3240006860&kikanKbn=3", "url2": null, "内容": "ひがし歯科医院【3:歯科】三重県尾鷲市中央町９－６３" }, "geometry": { "type": "Point", "coordinates": [ 136.193023, 34.071527 ] } },
{ "type": "Feature", "properties": { "ID": 2433240006870, "正式名称": "しんぽう歯科", "機関区分": 3, "都道府県コード": 24, "市区町村コード": 209, "所在地": "三重県尾鷲市朝日町１１－２２", "緯度": 34.073944, "経度": 136.19905, "url": "https://www.iryou.teikyouseido.mhlw.go.jp/znk-web/juminkanja/S2430/initialize?prefCd=24&kikanCd=3240006870&kikanKbn=3", "url2": null, "内容": "しんぽう歯科【3:歯科】三重県尾鷲市朝日町１１－２２" }, "geometry": { "type": "Point", "coordinates": [ 136.19905, 34.073944 ] } },
{ "type": "Feature", "properties": { "ID": 2433240006880, "正式名称": "デンタルケア　じゅん歯科医院", "機関区分": 3, "都道府県コード": 24, "市区町村コード": 543, "所在地": "三重県北牟婁郡紀北町相賀２０２０", "緯度": 34.108274, "経度": 136.229823, "url": "https://www.iryou.teikyouseido.mhlw.go.jp/znk-web/juminkanja/S2430/initialize?prefCd=24&kikanCd=3240006880&kikanKbn=3", "url2": "http://www.jun-dc.jp", "内容": "デンタルケア　じゅん歯科医院【3:歯科】三重県北牟婁郡紀北町相賀２０２０" }, "geometry": { "type": "Point", "coordinates": [ 136.229823, 34.108274 ] } },
{ "type": "Feature", "properties": { "ID": 2433240006940, "正式名称": "西村歯科医院", "機関区分": 3, "都道府県コード": 24, "市区町村コード": 212, "所在地": "三重県熊野市木本町６２６－３", "緯度": 33.891239, "経度": 136.102538, "url": "https://www.iryou.teikyouseido.mhlw.go.jp/znk-web/juminkanja/S2430/initialize?prefCd=24&kikanCd=3240006940&kikanKbn=3", "url2": null, "内容": "西村歯科医院【3:歯科】三重県熊野市木本町６２６－３" }, "geometry": { "type": "Point", "coordinates": [ 136.102538, 33.891239 ] } },
{ "type": "Feature", "properties": { "ID": 2433240006950, "正式名称": "小山歯科医院", "機関区分": 3, "都道府県コード": 24, "市区町村コード": 212, "所在地": "三重県熊野市井戸町６５１－１", "緯度": 33.888823, "経度": 136.099344, "url": "https://www.iryou.teikyouseido.mhlw.go.jp/znk-web/juminkanja/S2430/initialize?prefCd=24&kikanCd=3240006950&kikanKbn=3", "url2": null, "内容": "小山歯科医院【3:歯科】三重県熊野市井戸町６５１－１" }, "geometry": { "type": "Point", "coordinates": [ 136.099344, 33.888823 ] } },
{ "type": "Feature", "properties": { "ID": 2433240006960, "正式名称": "谷口歯科医院", "機関区分": 3, "都道府県コード": 24, "市区町村コード": 561, "所在地": "三重県南牟婁郡御浜町志原１８１１－３", "緯度": 33.841244, "経度": 136.063599, "url": "https://www.iryou.teikyouseido.mhlw.go.jp/znk-web/juminkanja/S2430/initialize?prefCd=24&kikanCd=3240006960&kikanKbn=3", "url2": null, "内容": "谷口歯科医院【3:歯科】三重県南牟婁郡御浜町志原１８１１－３" }, "geometry": { "type": "Point", "coordinates": [ 136.063599, 33.841244 ] } },
{ "type": "Feature", "properties": { "ID": 2433240006970, "正式名称": "舞子ヶ浜歯科診療所", "機関区分": 3, "都道府県コード": 24, "市区町村コード": 562, "所在地": "三重県南牟婁郡紀宝町井田１２２０－２", "緯度": 33.763085, "経度": 136.025328, "url": "https://www.iryou.teikyouseido.mhlw.go.jp/znk-web/juminkanja/S2430/initialize?prefCd=24&kikanCd=3240006970&kikanKbn=3", "url2": null, "内容": "舞子ヶ浜歯科診療所【3:歯科】三重県南牟婁郡紀宝町井田１２２０－２" }, "geometry": { "type": "Point", "coordinates": [ 136.025328, 33.763085 ] } },
{ "type": "Feature", "properties": { "ID": 2433240006980, "正式名称": "須川歯科医院", "機関区分": 3, "都道府県コード": 24, "市区町村コード": 562, "所在地": "三重県南牟婁郡紀宝町成川６２５－１", "緯度": 33.734921, "経度": 135.99486, "url": "https://www.iryou.teikyouseido.mhlw.go.jp/znk-web/juminkanja/S2430/initialize?prefCd=24&kikanCd=3240006980&kikanKbn=3", "url2": null, "内容": "須川歯科医院【3:歯科】三重県南牟婁郡紀宝町成川６２５－１" }, "geometry": { "type": "Point", "coordinates": [ 135.99486, 33.734921 ] } },
{ "type": "Feature", "properties": { "ID": 2433240006990, "正式名称": "さいとう歯科", "機関区分": 3, "都道府県コード": 24, "市区町村コード": 212, "所在地": "三重県熊野市井戸町７２０－６", "緯度": 33.889045, "経度": 136.096372, "url": "https://www.iryou.teikyouseido.mhlw.go.jp/znk-web/juminkanja/S2430/initialize?prefCd=24&kikanCd=3240006990&kikanKbn=3", "url2": null, "内容": "さいとう歯科【3:歯科】三重県熊野市井戸町７２０－６" }, "geometry": { "type": "Point", "coordinates": [ 136.096372, 33.889045 ] } },
{ "type": "Feature", "properties": { "ID": 2433240007000, "正式名称": "和手歯科医院", "機関区分": 3, "都道府県コード": 24, "市区町村コード": 212, "所在地": "三重県熊野市木本町４７９－１５", "緯度": 33.892267, "経度": 136.104983, "url": "https://www.iryou.teikyouseido.mhlw.go.jp/znk-web/juminkanja/S2430/initialize?prefCd=24&kikanCd=3240007000&kikanKbn=3", "url2": null, "内容": "和手歯科医院【3:歯科】三重県熊野市木本町４７９－１５" }, "geometry": { "type": "Point", "coordinates": [ 136.104983, 33.892267 ] } },
{ "type": "Feature", "properties": { "ID": 2433240007010, "正式名称": "中本歯科医院", "機関区分": 3, "都道府県コード": 24, "市区町村コード": 212, "所在地": "三重県熊野市木本町７１７－１０", "緯度": 33.89135, "経度": 136.10015, "url": "https://www.iryou.teikyouseido.mhlw.go.jp/znk-web/juminkanja/S2430/initialize?prefCd=24&kikanCd=3240007010&kikanKbn=3", "url2": null, "内容": "中本歯科医院【3:歯科】三重県熊野市木本町７１７－１０" }, "geometry": { "type": "Point", "coordinates": [ 136.10015, 33.89135 ] } },
{ "type": "Feature", "properties": { "ID": 2433240007020, "正式名称": "友紀歯科医院", "機関区分": 3, "都道府県コード": 24, "市区町村コード": 212, "所在地": "三重県熊野市井戸町赤坂７３５－２", "緯度": 33.890406, "経度": 136.097317, "url": "https://www.iryou.teikyouseido.mhlw.go.jp/znk-web/juminkanja/S2430/initialize?prefCd=24&kikanCd=3240007020&kikanKbn=3", "url2": null, "内容": "友紀歯科医院【3:歯科】三重県熊野市井戸町赤坂７３５－２" }, "geometry": { "type": "Point", "coordinates": [ 136.097317, 33.890406 ] } },
{ "type": "Feature", "properties": { "ID": 2433240007040, "正式名称": "なかむら歯科・矯正歯科", "機関区分": 3, "都道府県コード": 24, "市区町村コード": 562, "所在地": "三重県南牟婁郡紀宝町鵜殿１９９２－１３", "緯度": 33.739699, "経度": 136.017552, "url": "https://www.iryou.teikyouseido.mhlw.go.jp/znk-web/juminkanja/S2430/initialize?prefCd=24&kikanCd=3240007040&kikanKbn=3", "url2": null, "内容": "なかむら歯科・矯正歯科【3:歯科】三重県南牟婁郡紀宝町鵜殿１９９２－１３" }, "geometry": { "type": "Point", "coordinates": [ 136.017552, 33.739699 ] } },
{ "type": "Feature", "properties": { "ID": 2433240007050, "正式名称": "田中歯科医院", "機関区分": 3, "都道府県コード": 24, "市区町村コード": 212, "所在地": "三重県熊野市有馬町５８２１－１２３", "緯度": 33.862075, "経度": 136.075709, "url": "https://www.iryou.teikyouseido.mhlw.go.jp/znk-web/juminkanja/S2430/initialize?prefCd=24&kikanCd=3240007050&kikanKbn=3", "url2": null, "内容": "田中歯科医院【3:歯科】三重県熊野市有馬町５８２１－１２３" }, "geometry": { "type": "Point", "coordinates": [ 136.075709, 33.862075 ] } },
{ "type": "Feature", "properties": { "ID": 2433240007060, "正式名称": "みはま歯科医院", "機関区分": 3, "都道府県コード": 24, "市区町村コード": 561, "所在地": "三重県南牟婁郡御浜町阿田和６１０５－６", "緯度": 33.813219, "経度": 136.048713, "url": "https://www.iryou.teikyouseido.mhlw.go.jp/znk-web/juminkanja/S2430/initialize?prefCd=24&kikanCd=3240007060&kikanKbn=3", "url2": null, "内容": "みはま歯科医院【3:歯科】三重県南牟婁郡御浜町阿田和６１０５－６" }, "geometry": { "type": "Point", "coordinates": [ 136.048713, 33.813219 ] } },
{ "type": "Feature", "properties": { "ID": 2433240007070, "正式名称": "あおば歯科", "機関区分": 3, "都道府県コード": 24, "市区町村コード": 562, "所在地": "三重県南牟婁郡紀宝町鵜殿７８０－３", "緯度": 33.735699, "経度": 136.00872, "url": "https://www.iryou.teikyouseido.mhlw.go.jp/znk-web/juminkanja/S2430/initialize?prefCd=24&kikanCd=3240007070&kikanKbn=3", "url2": null, "内容": "あおば歯科【3:歯科】三重県南牟婁郡紀宝町鵜殿７８０－３" }, "geometry": { "type": "Point", "coordinates": [ 136.00872, 33.735699 ] } },
{ "type": "Feature", "properties": { "ID": 2433240007080, "正式名称": "まえがわ歯科", "機関区分": 3, "都道府県コード": 24, "市区町村コード": 212, "所在地": "三重県熊野市木本町６９６－３９", "緯度": 33.890128, "経度": 136.100261, "url": "https://www.iryou.teikyouseido.mhlw.go.jp/znk-web/juminkanja/S2430/initialize?prefCd=24&kikanCd=3240007080&kikanKbn=3", "url2": null, "内容": "まえがわ歯科【3:歯科】三重県熊野市木本町６９６－３９" }, "geometry": { "type": "Point", "coordinates": [ 136.100261, 33.890128 ] } },
{ "type": "Feature", "properties": { "ID": 2433240007120, "正式名称": "内田歯科医院", "機関区分": 3, "都道府県コード": 24, "市区町村コード": 216, "所在地": "三重県伊賀市上野農人町５６４", "緯度": 34.768979, "経度": 136.138301, "url": "https://www.iryou.teikyouseido.mhlw.go.jp/znk-web/juminkanja/S2430/initialize?prefCd=24&kikanCd=3240007120&kikanKbn=3", "url2": null, "内容": "内田歯科医院【3:歯科】三重県伊賀市上野農人町５６４" }, "geometry": { "type": "Point", "coordinates": [ 136.138301, 34.768979 ] } },
{ "type": "Feature", "properties": { "ID": 2433240007170, "正式名称": "村井歯科医院", "機関区分": 3, "都道府県コード": 24, "市区町村コード": 216, "所在地": "三重県伊賀市上野忍町２５５６", "緯度": 34.76298, "経度": 136.131274, "url": "https://www.iryou.teikyouseido.mhlw.go.jp/znk-web/juminkanja/S2430/initialize?prefCd=24&kikanCd=3240007170&kikanKbn=3", "url2": null, "内容": "村井歯科医院【3:歯科】三重県伊賀市上野忍町２５５６" }, "geometry": { "type": "Point", "coordinates": [ 136.131274, 34.76298 ] } },
{ "type": "Feature", "properties": { "ID": 2433240007200, "正式名称": "なかがわ歯科医院", "機関区分": 3, "都道府県コード": 24, "市区町村コード": 216, "所在地": "三重県伊賀市上野小玉町３０６８", "緯度": 34.765174, "経度": 136.129246, "url": "https://www.iryou.teikyouseido.mhlw.go.jp/znk-web/juminkanja/S2430/initialize?prefCd=24&kikanCd=3240007200&kikanKbn=3", "url2": "http://www.nakagawashika.net", "内容": "なかがわ歯科医院【3:歯科】三重県伊賀市上野小玉町３０６８" }, "geometry": { "type": "Point", "coordinates": [ 136.129246, 34.765174 ] } },
{ "type": "Feature", "properties": { "ID": 2433240007210, "正式名称": "小倉歯科医院", "機関区分": 3, "都道府県コード": 24, "市区町村コード": 216, "所在地": "三重県伊賀市中友田７８０－７", "緯度": 34.851194, "経度": 136.19682, "url": "https://www.iryou.teikyouseido.mhlw.go.jp/znk-web/juminkanja/S2430/initialize?prefCd=24&kikanCd=3240007210&kikanKbn=3", "url2": "https://www.ogura-dental.info", "内容": "小倉歯科医院【3:歯科】三重県伊賀市中友田７８０－７" }, "geometry": { "type": "Point", "coordinates": [ 136.19682, 34.851194 ] } },
{ "type": "Feature", "properties": { "ID": 2433240007230, "正式名称": "村田歯科医院", "機関区分": 3, "都道府県コード": 24, "市区町村コード": 216, "所在地": "三重県伊賀市柘植町２２９６", "緯度": 34.841251, "経度": 136.245899, "url": "https://www.iryou.teikyouseido.mhlw.go.jp/znk-web/juminkanja/S2430/initialize?prefCd=24&kikanCd=3240007230&kikanKbn=3", "url2": null, "内容": "村田歯科医院【3:歯科】三重県伊賀市柘植町２２９６" }, "geometry": { "type": "Point", "coordinates": [ 136.245899, 34.841251 ] } },
{ "type": "Feature", "properties": { "ID": 2433240007240, "正式名称": "大矢歯科医院", "機関区分": 3, "都道府県コード": 24, "市区町村コード": 216, "所在地": "三重県伊賀市緑ケ丘本町４１７５", "緯度": 34.760314, "経度": 136.142773, "url": "https://www.iryou.teikyouseido.mhlw.go.jp/znk-web/juminkanja/S2430/initialize?prefCd=24&kikanCd=3240007240&kikanKbn=3", "url2": null, "内容": "大矢歯科医院【3:歯科】三重県伊賀市緑ケ丘本町４１７５" }, "geometry": { "type": "Point", "coordinates": [ 136.142773, 34.760314 ] } },
{ "type": "Feature", "properties": { "ID": 2433240007250, "正式名称": "藤田歯科", "機関区分": 3, "都道府県コード": 24, "市区町村コード": 216, "所在地": "三重県伊賀市緑ケ丘中町１５４７－１０", "緯度": 34.762508, "経度": 136.142662, "url": "https://www.iryou.teikyouseido.mhlw.go.jp/znk-web/juminkanja/S2430/initialize?prefCd=24&kikanCd=3240007250&kikanKbn=3", "url2": null, "内容": "藤田歯科【3:歯科】三重県伊賀市緑ケ丘中町１５４７－１０" }, "geometry": { "type": "Point", "coordinates": [ 136.142662, 34.762508 ] } },
{ "type": "Feature", "properties": { "ID": 2433240007260, "正式名称": "いなもと歯科", "機関区分": 3, "都道府県コード": 24, "市区町村コード": 216, "所在地": "三重県伊賀市上野丸之内５５－２", "緯度": 34.768063, "経度": 136.131607, "url": "https://www.iryou.teikyouseido.mhlw.go.jp/znk-web/juminkanja/S2430/initialize?prefCd=24&kikanCd=3240007260&kikanKbn=3", "url2": null, "内容": "いなもと歯科【3:歯科】三重県伊賀市上野丸之内５５－２" }, "geometry": { "type": "Point", "coordinates": [ 136.131607, 34.768063 ] } },
{ "type": "Feature", "properties": { "ID": 2433240007270, "正式名称": "広島歯科医院", "機関区分": 3, "都道府県コード": 24, "市区町村コード": 216, "所在地": "三重県伊賀市平田３４１８－２", "緯度": 34.761898, "経度": 136.220211, "url": "https://www.iryou.teikyouseido.mhlw.go.jp/znk-web/juminkanja/S2430/initialize?prefCd=24&kikanCd=3240007270&kikanKbn=3", "url2": null, "内容": "広島歯科医院【3:歯科】三重県伊賀市平田３４１８－２" }, "geometry": { "type": "Point", "coordinates": [ 136.220211, 34.761898 ] } },
{ "type": "Feature", "properties": { "ID": 2433240007280, "正式名称": "ばんば歯科医院", "機関区分": 3, "都道府県コード": 24, "市区町村コード": 216, "所在地": "三重県伊賀市新堂１２７６－１", "緯度": 34.824558, "経度": 136.208126, "url": "https://www.iryou.teikyouseido.mhlw.go.jp/znk-web/juminkanja/S2430/initialize?prefCd=24&kikanCd=3240007280&kikanKbn=3", "url2": null, "内容": "ばんば歯科医院【3:歯科】三重県伊賀市新堂１２７６－１" }, "geometry": { "type": "Point", "coordinates": [ 136.208126, 34.824558 ] } },
{ "type": "Feature", "properties": { "ID": 2433240007290, "正式名称": "岡田歯科医院", "機関区分": 3, "都道府県コード": 24, "市区町村コード": 216, "所在地": "三重県伊賀市上野農人町３８５－１", "緯度": 34.766952, "経度": 136.135884, "url": "https://www.iryou.teikyouseido.mhlw.go.jp/znk-web/juminkanja/S2430/initialize?prefCd=24&kikanCd=3240007290&kikanKbn=3", "url2": null, "内容": "岡田歯科医院【3:歯科】三重県伊賀市上野農人町３８５－１" }, "geometry": { "type": "Point", "coordinates": [ 136.135884, 34.766952 ] } },
{ "type": "Feature", "properties": { "ID": 2433240007300, "正式名称": "おかむら歯科", "機関区分": 3, "都道府県コード": 24, "市区町村コード": 216, "所在地": "三重県伊賀市西明寺６９７－１", "緯度": 34.770785, "経度": 136.146022, "url": "https://www.iryou.teikyouseido.mhlw.go.jp/znk-web/juminkanja/S2430/initialize?prefCd=24&kikanCd=3240007300&kikanKbn=3", "url2": "http://www.okamura-shika.com/", "内容": "おかむら歯科【3:歯科】三重県伊賀市西明寺６９７－１" }, "geometry": { "type": "Point", "coordinates": [ 136.146022, 34.770785 ] } },
{ "type": "Feature", "properties": { "ID": 2433240007310, "正式名称": "まついけ歯科", "機関区分": 3, "都道府県コード": 24, "市区町村コード": 216, "所在地": "三重県伊賀市四十九町２１１５－３", "緯度": 34.753398, "経度": 136.134913, "url": "https://www.iryou.teikyouseido.mhlw.go.jp/znk-web/juminkanja/S2430/initialize?prefCd=24&kikanCd=3240007310&kikanKbn=3", "url2": null, "内容": "まついけ歯科【3:歯科】三重県伊賀市四十九町２１１５－３" }, "geometry": { "type": "Point", "coordinates": [ 136.134913, 34.753398 ] } },
{ "type": "Feature", "properties": { "ID": 2433240007320, "正式名称": "服部歯科医院", "機関区分": 3, "都道府県コード": 24, "市区町村コード": 216, "所在地": "三重県伊賀市佐那具町６４０", "緯度": 34.801976, "経度": 136.165186, "url": "https://www.iryou.teikyouseido.mhlw.go.jp/znk-web/juminkanja/S2430/initialize?prefCd=24&kikanCd=3240007320&kikanKbn=3", "url2": null, "内容": "服部歯科医院【3:歯科】三重県伊賀市佐那具町６４０" }, "geometry": { "type": "Point", "coordinates": [ 136.165186, 34.801976 ] } },
{ "type": "Feature", "properties": { "ID": 2433240007330, "正式名称": "木治歯科医院", "機関区分": 3, "都道府県コード": 24, "市区町村コード": 216, "所在地": "三重県伊賀市比土３２１３－１", "緯度": 34.676517, "経度": 136.149165, "url": "https://www.iryou.teikyouseido.mhlw.go.jp/znk-web/juminkanja/S2430/initialize?prefCd=24&kikanCd=3240007330&kikanKbn=3", "url2": null, "内容": "木治歯科医院【3:歯科】三重県伊賀市比土３２１３－１" }, "geometry": { "type": "Point", "coordinates": [ 136.149165, 34.676517 ] } },
{ "type": "Feature", "properties": { "ID": 2433240007340, "正式名称": "医療法人　清生会　和久田歯科医院", "機関区分": 3, "都道府県コード": 24, "市区町村コード": 216, "所在地": "三重県伊賀市平野城北町１１３", "緯度": 34.773979, "経度": 136.131968, "url": "https://www.iryou.teikyouseido.mhlw.go.jp/znk-web/juminkanja/S2430/initialize?prefCd=24&kikanCd=3240007340&kikanKbn=3", "url2": "http://wakudadental-8241.com", "内容": "医療法人　清生会　和久田歯科医院【3:歯科】三重県伊賀市平野城北町１１３" }, "geometry": { "type": "Point", "coordinates": [ 136.131968, 34.773979 ] } },
{ "type": "Feature", "properties": { "ID": 2433240007390, "正式名称": "桔梗が丘新谷歯科診療所", "機関区分": 3, "都道府県コード": 24, "市区町村コード": 208, "所在地": "三重県名張市桔梗が丘１番町２－３４", "緯度": 34.643381, "経度": 136.115392, "url": "https://www.iryou.teikyouseido.mhlw.go.jp/znk-web/juminkanja/S2430/initialize?prefCd=24&kikanCd=3240007390&kikanKbn=3", "url2": null, "内容": "桔梗が丘新谷歯科診療所【3:歯科】三重県名張市桔梗が丘１番町２－３４" }, "geometry": { "type": "Point", "coordinates": [ 136.115392, 34.643381 ] } },
{ "type": "Feature", "properties": { "ID": 2433240007400, "正式名称": "医療法人育人会　桔梗が丘大門歯科医院", "機関区分": 3, "都道府県コード": 24, "市区町村コード": 208, "所在地": "三重県名張市桔梗が丘２番町１－１", "緯度": 34.640937, "経度": 136.114642, "url": "https://www.iryou.teikyouseido.mhlw.go.jp/znk-web/juminkanja/S2430/initialize?prefCd=24&kikanCd=3240007400&kikanKbn=3", "url2": "http://www.daimon-dc.jp/", "内容": "医療法人育人会　桔梗が丘大門歯科医院【3:歯科】三重県名張市桔梗が丘２番町１－１" }, "geometry": { "type": "Point", "coordinates": [ 136.114642, 34.640937 ] } },
{ "type": "Feature", "properties": { "ID": 2433240007410, "正式名称": "冨嶋歯科医院", "機関区分": 3, "都道府県コード": 24, "市区町村コード": 216, "所在地": "三重県伊賀市阿保２１５－２", "緯度": 34.669602, "経度": 136.175663, "url": "https://www.iryou.teikyouseido.mhlw.go.jp/znk-web/juminkanja/S2430/initialize?prefCd=24&kikanCd=3240007410&kikanKbn=3", "url2": null, "内容": "冨嶋歯科医院【3:歯科】三重県伊賀市阿保２１５－２" }, "geometry": { "type": "Point", "coordinates": [ 136.175663, 34.669602 ] } },
{ "type": "Feature", "properties": { "ID": 2433240007450, "正式名称": "松本歯科医院", "機関区分": 3, "都道府県コード": 24, "市区町村コード": 208, "所在地": "三重県名張市平尾３１６６", "緯度": 34.619245, "経度": 136.097644, "url": "https://www.iryou.teikyouseido.mhlw.go.jp/znk-web/juminkanja/S2430/initialize?prefCd=24&kikanCd=3240007450&kikanKbn=3", "url2": "http://www.matsumotodc.jp", "内容": "松本歯科医院【3:歯科】三重県名張市平尾３１６６" }, "geometry": { "type": "Point", "coordinates": [ 136.097644, 34.619245 ] } },
{ "type": "Feature", "properties": { "ID": 2433240007470, "正式名称": "美旗武田歯科", "機関区分": 3, "都道府県コード": 24, "市区町村コード": 208, "所在地": "三重県名張市美旗町中２番２７３", "緯度": 34.663907, "経度": 136.131112, "url": "https://www.iryou.teikyouseido.mhlw.go.jp/znk-web/juminkanja/S2430/initialize?prefCd=24&kikanCd=3240007470&kikanKbn=3", "url2": null, "内容": "美旗武田歯科【3:歯科】三重県名張市美旗町中２番２７３" }, "geometry": { "type": "Point", "coordinates": [ 136.131112, 34.663907 ] } },
{ "type": "Feature", "properties": { "ID": 2433240007500, "正式名称": "夏見歯科", "機関区分": 3, "都道府県コード": 24, "市区町村コード": 208, "所在地": "三重県名張市夏見２１８０－８", "緯度": 34.619856, "経度": 136.110837, "url": "https://www.iryou.teikyouseido.mhlw.go.jp/znk-web/juminkanja/S2430/initialize?prefCd=24&kikanCd=3240007500&kikanKbn=3", "url2": null, "内容": "夏見歯科【3:歯科】三重県名張市夏見２１８０－８" }, "geometry": { "type": "Point", "coordinates": [ 136.110837, 34.619856 ] } },
{ "type": "Feature", "properties": { "ID": 2433240007510, "正式名称": "鴻之台歯科診療所", "機関区分": 3, "都道府県コード": 24, "市区町村コード": 208, "所在地": "三重県名張市鴻之台４番町２４", "緯度": 34.628327, "経度": 136.104254, "url": "https://www.iryou.teikyouseido.mhlw.go.jp/znk-web/juminkanja/S2430/initialize?prefCd=24&kikanCd=3240007510&kikanKbn=3", "url2": "http://www.mikku.co.jp/kounodai/", "内容": "鴻之台歯科診療所【3:歯科】三重県名張市鴻之台４番町２４" }, "geometry": { "type": "Point", "coordinates": [ 136.104254, 34.628327 ] } },
{ "type": "Feature", "properties": { "ID": 2433240007530, "正式名称": "アリス新谷歯科・矯正歯科", "機関区分": 3, "都道府県コード": 24, "市区町村コード": 208, "所在地": "三重県名張市桔梗が丘２番町７－１８　アリスビル　２Ｆ", "緯度": 34.641604, "経度": 136.122336, "url": "https://www.iryou.teikyouseido.mhlw.go.jp/znk-web/juminkanja/S2430/initialize?prefCd=24&kikanCd=3240007530&kikanKbn=3", "url2": "http://alice-dental.com/", "内容": "アリス新谷歯科・矯正歯科【3:歯科】三重県名張市桔梗が丘２番町７－１８　アリスビル　２Ｆ" }, "geometry": { "type": "Point", "coordinates": [ 136.122336, 34.641604 ] } },
{ "type": "Feature", "properties": { "ID": 2433240007540, "正式名称": "大竹歯科", "機関区分": 3, "都道府県コード": 24, "市区町村コード": 216, "所在地": "三重県伊賀市阿保１４６８－１", "緯度": 34.67138, "経度": 136.180302, "url": "https://www.iryou.teikyouseido.mhlw.go.jp/znk-web/juminkanja/S2430/initialize?prefCd=24&kikanCd=3240007540&kikanKbn=3", "url2": null, "内容": "大竹歯科【3:歯科】三重県伊賀市阿保１４６８－１" }, "geometry": { "type": "Point", "coordinates": [ 136.180302, 34.67138 ] } },
{ "type": "Feature", "properties": { "ID": 2433240007560, "正式名称": "遠藤歯科クリニック", "機関区分": 3, "都道府県コード": 24, "市区町村コード": 208, "所在地": "三重県名張市桔梗が丘西３番町１－３９", "緯度": 34.642798, "経度": 136.110864, "url": "https://www.iryou.teikyouseido.mhlw.go.jp/znk-web/juminkanja/S2430/initialize?prefCd=24&kikanCd=3240007560&kikanKbn=3", "url2": null, "内容": "遠藤歯科クリニック【3:歯科】三重県名張市桔梗が丘西３番町１－３９" }, "geometry": { "type": "Point", "coordinates": [ 136.110864, 34.642798 ] } },
{ "type": "Feature", "properties": { "ID": 2433240007570, "正式名称": "岡本歯科医院", "機関区分": 3, "都道府県コード": 24, "市区町村コード": 208, "所在地": "三重県名張市百合が丘東４番町１０６", "緯度": 34.609385, "経度": 136.10445, "url": "https://www.iryou.teikyouseido.mhlw.go.jp/znk-web/juminkanja/S2430/initialize?prefCd=24&kikanCd=3240007570&kikanKbn=3", "url2": null, "内容": "岡本歯科医院【3:歯科】三重県名張市百合が丘東４番町１０６" }, "geometry": { "type": "Point", "coordinates": [ 136.10445, 34.609385 ] } },
{ "type": "Feature", "properties": { "ID": 2433240007580, "正式名称": "医療法人　井上歯科医院", "機関区分": 3, "都道府県コード": 24, "市区町村コード": 208, "所在地": "三重県名張市桔梗が丘４番町１－３６", "緯度": 34.647492, "経度": 136.121002, "url": "https://www.iryou.teikyouseido.mhlw.go.jp/znk-web/juminkanja/S2430/initialize?prefCd=24&kikanCd=3240007580&kikanKbn=3", "url2": null, "内容": "医療法人　井上歯科医院【3:歯科】三重県名張市桔梗が丘４番町１－３６" }, "geometry": { "type": "Point", "coordinates": [ 136.121002, 34.647492 ] } },
{ "type": "Feature", "properties": { "ID": 2433240007610, "正式名称": "医療法人　あたらし会　あたらし歯科医院", "機関区分": 3, "都道府県コード": 24, "市区町村コード": 208, "所在地": "三重県名張市南町７９１", "緯度": 34.622078, "経度": 136.084451, "url": "https://www.iryou.teikyouseido.mhlw.go.jp/znk-web/juminkanja/S2430/initialize?prefCd=24&kikanCd=3240007610&kikanKbn=3", "url2": null, "内容": "医療法人　あたらし会　あたらし歯科医院【3:歯科】三重県名張市南町７９１" }, "geometry": { "type": "Point", "coordinates": [ 136.084451, 34.622078 ] } },
{ "type": "Feature", "properties": { "ID": 2433240007620, "正式名称": "公益社団法人　三重県歯科医師会　障害者歯科センター", "機関区分": 3, "都道府県コード": 24, "市区町村コード": 201, "所在地": "三重県津市桜橋２－１２０－２　口腔保健センター１階", "緯度": 34.732323, "経度": 136.51491, "url": "https://www.iryou.teikyouseido.mhlw.go.jp/znk-web/juminkanja/S2430/initialize?prefCd=24&kikanCd=3240007620&kikanKbn=3", "url2": "http://www.dental-mie.or.jp/", "内容": "公益社団法人　三重県歯科医師会　障害者歯科センター【3:歯科】三重県津市桜橋２－１２０－２　口腔保健センター１階" }, "geometry": { "type": "Point", "coordinates": [ 136.51491, 34.732323 ] } },
{ "type": "Feature", "properties": { "ID": 2433240007630, "正式名称": "西田歯科クリニック", "機関区分": 3, "都道府県コード": 24, "市区町村コード": 203, "所在地": "三重県伊勢市岡本２－１－２４", "緯度": 34.484826, "経度": 136.714016, "url": "https://www.iryou.teikyouseido.mhlw.go.jp/znk-web/juminkanja/S2430/initialize?prefCd=24&kikanCd=3240007630&kikanKbn=3", "url2": null, "内容": "西田歯科クリニック【3:歯科】三重県伊勢市岡本２－１－２４" }, "geometry": { "type": "Point", "coordinates": [ 136.714016, 34.484826 ] } },
{ "type": "Feature", "properties": { "ID": 2433240007640, "正式名称": "おおさわ歯科矯正歯科", "機関区分": 3, "都道府県コード": 24, "市区町村コード": 201, "所在地": "三重県津市中央１３－４", "緯度": 34.720658, "経度": 136.507689, "url": "https://www.iryou.teikyouseido.mhlw.go.jp/znk-web/juminkanja/S2430/initialize?prefCd=24&kikanCd=3240007640&kikanKbn=3", "url2": "http://www.osawa-dc.jp/", "内容": "おおさわ歯科矯正歯科【3:歯科】三重県津市中央１３－４" }, "geometry": { "type": "Point", "coordinates": [ 136.507689, 34.720658 ] } },
{ "type": "Feature", "properties": { "ID": 2433240007650, "正式名称": "いのうえ歯科医院", "機関区分": 3, "都道府県コード": 24, "市区町村コード": 216, "所在地": "三重県伊賀市ゆめが丘４－２－１５", "緯度": 34.736317, "経度": 136.15755, "url": "https://www.iryou.teikyouseido.mhlw.go.jp/znk-web/juminkanja/S2430/initialize?prefCd=24&kikanCd=3240007650&kikanKbn=3", "url2": null, "内容": "いのうえ歯科医院【3:歯科】三重県伊賀市ゆめが丘４－２－１５" }, "geometry": { "type": "Point", "coordinates": [ 136.15755, 34.736317 ] } },
{ "type": "Feature", "properties": { "ID": 2433240007660, "正式名称": "すずらん台矯正歯科", "機関区分": 3, "都道府県コード": 24, "市区町村コード": 208, "所在地": "三重県名張市すずらん台東３番町２１７", "緯度": 34.63505, "経度": 136.163582, "url": "https://www.iryou.teikyouseido.mhlw.go.jp/znk-web/juminkanja/S2430/initialize?prefCd=24&kikanCd=3240007660&kikanKbn=3", "url2": "http://www.suzurandai-dc.jp/", "内容": "すずらん台矯正歯科【3:歯科】三重県名張市すずらん台東３番町２１７" }, "geometry": { "type": "Point", "coordinates": [ 136.163582, 34.63505 ] } },
{ "type": "Feature", "properties": { "ID": 2433240007670, "正式名称": "なかむらデンタルクリニック", "機関区分": 3, "都道府県コード": 24, "市区町村コード": 461, "所在地": "三重県度会郡玉城町玉川６５３－１", "緯度": 34.502544, "経度": 136.621967, "url": "https://www.iryou.teikyouseido.mhlw.go.jp/znk-web/juminkanja/S2430/initialize?prefCd=24&kikanCd=3240007670&kikanKbn=3", "url2": null, "内容": "なかむらデンタルクリニック【3:歯科】三重県度会郡玉城町玉川６５３－１" }, "geometry": { "type": "Point", "coordinates": [ 136.621967, 34.502544 ] } },
{ "type": "Feature", "properties": { "ID": 2433240007680, "正式名称": "かわせデンタルクリニック", "機関区分": 3, "都道府県コード": 24, "市区町村コード": 324, "所在地": "三重県員弁郡東員町中上２３２－１", "緯度": 35.055374, "経度": 136.596555, "url": "https://www.iryou.teikyouseido.mhlw.go.jp/znk-web/juminkanja/S2430/initialize?prefCd=24&kikanCd=3240007680&kikanKbn=3", "url2": null, "内容": "かわせデンタルクリニック【3:歯科】三重県員弁郡東員町中上２３２－１" }, "geometry": { "type": "Point", "coordinates": [ 136.596555, 35.055374 ] } },
{ "type": "Feature", "properties": { "ID": 2433240007700, "正式名称": "平田歯科クリニック", "機関区分": 3, "都道府県コード": 24, "市区町村コード": 203, "所在地": "三重県伊勢市二見町荘７１－３", "緯度": 34.504519, "経度": 136.773038, "url": "https://www.iryou.teikyouseido.mhlw.go.jp/znk-web/juminkanja/S2430/initialize?prefCd=24&kikanCd=3240007700&kikanKbn=3", "url2": "http://www.hirata-dental.jp", "内容": "平田歯科クリニック【3:歯科】三重県伊勢市二見町荘７１－３" }, "geometry": { "type": "Point", "coordinates": [ 136.773038, 34.504519 ] } },
{ "type": "Feature", "properties": { "ID": 2433240007710, "正式名称": "医療法人　夢真会", "機関区分": 3, "都道府県コード": 24, "市区町村コード": 441, "所在地": "三重県多気郡多気町相可１００１－１", "緯度": 34.502071, "経度": 136.542113, "url": "https://www.iryou.teikyouseido.mhlw.go.jp/znk-web/juminkanja/S2430/initialize?prefCd=24&kikanCd=3240007710&kikanKbn=3", "url2": "https://sekodc.jp", "内容": "医療法人　夢真会【3:歯科】三重県多気郡多気町相可１００１－１" }, "geometry": { "type": "Point", "coordinates": [ 136.542113, 34.502071 ] } },
{ "type": "Feature", "properties": { "ID": 2433240007720, "正式名称": "ごとうしんじ歯科室", "機関区分": 3, "都道府県コード": 24, "市区町村コード": 207, "所在地": "三重県鈴鹿市東旭が丘４丁目５－６", "緯度": 34.844201, "経度": 136.578705, "url": "https://www.iryou.teikyouseido.mhlw.go.jp/znk-web/juminkanja/S2430/initialize?prefCd=24&kikanCd=3240007720&kikanKbn=3", "url2": "http://www.mecha.ne.jp/~g3885454/", "内容": "ごとうしんじ歯科室【3:歯科】三重県鈴鹿市東旭が丘４丁目５－６" }, "geometry": { "type": "Point", "coordinates": [ 136.578705, 34.844201 ] } },
{ "type": "Feature", "properties": { "ID": 2433240007730, "正式名称": "マナブ歯科医院", "機関区分": 3, "都道府県コード": 24, "市区町村コード": 203, "所在地": "三重県伊勢市御薗町長屋２１１０－４", "緯度": 34.506351, "経度": 136.713515, "url": "https://www.iryou.teikyouseido.mhlw.go.jp/znk-web/juminkanja/S2430/initialize?prefCd=24&kikanCd=3240007730&kikanKbn=3", "url2": null, "内容": "マナブ歯科医院【3:歯科】三重県伊勢市御薗町長屋２１１０－４" }, "geometry": { "type": "Point", "coordinates": [ 136.713515, 34.506351 ] } },
{ "type": "Feature", "properties": { "ID": 2433240007750, "正式名称": "医療法人　なかの歯科", "機関区分": 3, "都道府県コード": 24, "市区町村コード": 203, "所在地": "三重県伊勢市楠部町４５８－１", "緯度": 34.484187, "経度": 136.729542, "url": "https://www.iryou.teikyouseido.mhlw.go.jp/znk-web/juminkanja/S2430/initialize?prefCd=24&kikanCd=3240007750&kikanKbn=3", "url2": "http://nakanoshika.com", "内容": "医療法人　なかの歯科【3:歯科】三重県伊勢市楠部町４５８－１" }, "geometry": { "type": "Point", "coordinates": [ 136.729542, 34.484187 ] } },
{ "type": "Feature", "properties": { "ID": 2433240007800, "正式名称": "いとう歯科クリニック", "機関区分": 3, "都道府県コード": 24, "市区町村コード": 204, "所在地": "三重県松阪市田村町４３９－２", "緯度": 34.557981, "経度": 136.512057, "url": "https://www.iryou.teikyouseido.mhlw.go.jp/znk-web/juminkanja/S2430/initialize?prefCd=24&kikanCd=3240007800&kikanKbn=3", "url2": null, "内容": "いとう歯科クリニック【3:歯科】三重県松阪市田村町４３９－２" }, "geometry": { "type": "Point", "coordinates": [ 136.512057, 34.557981 ] } },
{ "type": "Feature", "properties": { "ID": 2433240007820, "正式名称": "ごとう歯科クリニック", "機関区分": 3, "都道府県コード": 24, "市区町村コード": 205, "所在地": "三重県桑名市桑栄町１－１　サンファーレ南館１階", "緯度": 35.066457, "経度": 136.685103, "url": "https://www.iryou.teikyouseido.mhlw.go.jp/znk-web/juminkanja/S2430/initialize?prefCd=24&kikanCd=3240007820&kikanKbn=3", "url2": "http://gotodc.net/", "内容": "ごとう歯科クリニック【3:歯科】三重県桑名市桑栄町１－１　サンファーレ南館１階" }, "geometry": { "type": "Point", "coordinates": [ 136.685103, 35.066457 ] } },
{ "type": "Feature", "properties": { "ID": 2433240007830, "正式名称": "医療法人　もみの木歯科", "機関区分": 3, "都道府県コード": 24, "市区町村コード": 204, "所在地": "三重県松阪市郷津町１５１－７", "緯度": 34.588256, "経度": 136.547108, "url": "https://www.iryou.teikyouseido.mhlw.go.jp/znk-web/juminkanja/S2430/initialize?prefCd=24&kikanCd=3240007830&kikanKbn=3", "url2": "http://www.mominoki-dc.com", "内容": "医療法人　もみの木歯科【3:歯科】三重県松阪市郷津町１５１－７" }, "geometry": { "type": "Point", "coordinates": [ 136.547108, 34.588256 ] } },
{ "type": "Feature", "properties": { "ID": 2433240007840, "正式名称": "いとう歯科医院", "機関区分": 3, "都道府県コード": 24, "市区町村コード": 207, "所在地": "三重県鈴鹿市白子町ハサマ　２０１３", "緯度": 34.840035, "経度": 136.57765, "url": "https://www.iryou.teikyouseido.mhlw.go.jp/znk-web/juminkanja/S2430/initialize?prefCd=24&kikanCd=3240007840&kikanKbn=3", "url2": null, "内容": "いとう歯科医院【3:歯科】三重県鈴鹿市白子町ハサマ　２０１３" }, "geometry": { "type": "Point", "coordinates": [ 136.57765, 34.840035 ] } },
{ "type": "Feature", "properties": { "ID": 2433240007860, "正式名称": "医療法人維仁会　松の木ゆう歯科", "機関区分": 3, "都道府県コード": 24, "市区町村コード": 205, "所在地": "三重県桑名市松ノ木７－８－１", "緯度": 35.073956, "経度": 136.642939, "url": "https://www.iryou.teikyouseido.mhlw.go.jp/znk-web/juminkanja/S2430/initialize?prefCd=24&kikanCd=3240007860&kikanKbn=3", "url2": null, "内容": "医療法人維仁会　松の木ゆう歯科【3:歯科】三重県桑名市松ノ木７－８－１" }, "geometry": { "type": "Point", "coordinates": [ 136.642939, 35.073956 ] } },
{ "type": "Feature", "properties": { "ID": 2433240007870, "正式名称": "医療法人良心会　中尾歯科いなべ診療所", "機関区分": 3, "都道府県コード": 24, "市区町村コード": 214, "所在地": "三重県いなべ市員弁町笠田新田５１－１", "緯度": 35.115505, "経度": 136.560666, "url": "https://www.iryou.teikyouseido.mhlw.go.jp/znk-web/juminkanja/S2430/initialize?prefCd=24&kikanCd=3240007870&kikanKbn=3", "url2": null, "内容": "医療法人良心会　中尾歯科いなべ診療所【3:歯科】三重県いなべ市員弁町笠田新田５１－１" }, "geometry": { "type": "Point", "coordinates": [ 136.560666, 35.115505 ] } },
{ "type": "Feature", "properties": { "ID": 2433240007880, "正式名称": "大塩歯科医院", "機関区分": 3, "都道府県コード": 24, "市区町村コード": 303, "所在地": "三重県桑名郡木曽岬町中和泉９７－１", "緯度": 35.072624, "経度": 136.742153, "url": "https://www.iryou.teikyouseido.mhlw.go.jp/znk-web/juminkanja/S2430/initialize?prefCd=24&kikanCd=3240007880&kikanKbn=3", "url2": null, "内容": "大塩歯科医院【3:歯科】三重県桑名郡木曽岬町中和泉９７－１" }, "geometry": { "type": "Point", "coordinates": [ 136.742153, 35.072624 ] } },
{ "type": "Feature", "properties": { "ID": 2433240007890, "正式名称": "川瀬歯科", "機関区分": 3, "都道府県コード": 24, "市区町村コード": 205, "所在地": "三重県桑名市野田１－７－２４", "緯度": 35.077983, "経度": 136.634995, "url": "https://www.iryou.teikyouseido.mhlw.go.jp/znk-web/juminkanja/S2430/initialize?prefCd=24&kikanCd=3240007890&kikanKbn=3", "url2": null, "内容": "川瀬歯科【3:歯科】三重県桑名市野田１－７－２４" }, "geometry": { "type": "Point", "coordinates": [ 136.634995, 35.077983 ] } },
{ "type": "Feature", "properties": { "ID": 2433240007910, "正式名称": "立松歯科医院", "機関区分": 3, "都道府県コード": 24, "市区町村コード": 205, "所在地": "三重県桑名市陽だまりの丘２－１５０１", "緯度": 35.086288, "経度": 136.646799, "url": "https://www.iryou.teikyouseido.mhlw.go.jp/znk-web/juminkanja/S2430/initialize?prefCd=24&kikanCd=3240007910&kikanKbn=3", "url2": "http://plus.dentamap.jp/hpplus/user/tatematsusika3/", "内容": "立松歯科医院【3:歯科】三重県桑名市陽だまりの丘２－１５０１" }, "geometry": { "type": "Point", "coordinates": [ 136.646799, 35.086288 ] } },
{ "type": "Feature", "properties": { "ID": 2433240007930, "正式名称": "二之宮歯科医院", "機関区分": 3, "都道府県コード": 24, "市区町村コード": 214, "所在地": "三重県いなべ市北勢町東村西大路２８０－５", "緯度": 35.137641, "経度": 136.514363, "url": "https://www.iryou.teikyouseido.mhlw.go.jp/znk-web/juminkanja/S2430/initialize?prefCd=24&kikanCd=3240007930&kikanKbn=3", "url2": null, "内容": "二之宮歯科医院【3:歯科】三重県いなべ市北勢町東村西大路２８０－５" }, "geometry": { "type": "Point", "coordinates": [ 136.514363, 35.137641 ] } },
{ "type": "Feature", "properties": { "ID": 2433240007940, "正式名称": "みどり歯科医院", "機関区分": 3, "都道府県コード": 24, "市区町村コード": 324, "所在地": "三重県員弁郡東員町六把野新田４２８－３", "緯度": 35.076066, "経度": 136.602109, "url": "https://www.iryou.teikyouseido.mhlw.go.jp/znk-web/juminkanja/S2430/initialize?prefCd=24&kikanCd=3240007940&kikanKbn=3", "url2": null, "内容": "みどり歯科医院【3:歯科】三重県員弁郡東員町六把野新田４２８－３" }, "geometry": { "type": "Point", "coordinates": [ 136.602109, 35.076066 ] } },
{ "type": "Feature", "properties": { "ID": 2433240007950, "正式名称": "ゆうせい歯科クリニック", "機関区分": 3, "都道府県コード": 24, "市区町村コード": 205, "所在地": "三重県桑名市播磨字２３６５－１", "緯度": 35.078261, "経度": 136.667631, "url": "https://www.iryou.teikyouseido.mhlw.go.jp/znk-web/juminkanja/S2430/initialize?prefCd=24&kikanCd=3240007950&kikanKbn=3", "url2": null, "内容": "ゆうせい歯科クリニック【3:歯科】三重県桑名市播磨字２３６５－１" }, "geometry": { "type": "Point", "coordinates": [ 136.667631, 35.078261 ] } },
{ "type": "Feature", "properties": { "ID": 2433240007970, "正式名称": "アイデンタルオフィス", "機関区分": 3, "都道府県コード": 24, "市区町村コード": 202, "所在地": "三重県四日市市生桑町１１７", "緯度": 34.988436, "経度": 136.602669, "url": "https://www.iryou.teikyouseido.mhlw.go.jp/znk-web/juminkanja/S2430/initialize?prefCd=24&kikanCd=3240007970&kikanKbn=3", "url2": null, "内容": "アイデンタルオフィス【3:歯科】三重県四日市市生桑町１１７" }, "geometry": { "type": "Point", "coordinates": [ 136.602669, 34.988436 ] } },
{ "type": "Feature", "properties": { "ID": 2433240007980, "正式名称": "医療法人慈修会　はなさく歯科", "機関区分": 3, "都道府県コード": 24, "市区町村コード": 202, "所在地": "三重県四日市市大宮西町１１－８", "緯度": 34.992936, "経度": 136.627444, "url": "https://www.iryou.teikyouseido.mhlw.go.jp/znk-web/juminkanja/S2430/initialize?prefCd=24&kikanCd=3240007980&kikanKbn=3", "url2": null, "内容": "医療法人慈修会　はなさく歯科【3:歯科】三重県四日市市大宮西町１１－８" }, "geometry": { "type": "Point", "coordinates": [ 136.627444, 34.992936 ] } },
{ "type": "Feature", "properties": { "ID": 2433240007990, "正式名称": "医療法人　ワールデント", "機関区分": 3, "都道府県コード": 24, "市区町村コード": 202, "所在地": "三重県四日市市あかつき台２丁目１－２０", "緯度": 35.027099, "経度": 136.601361, "url": "https://www.iryou.teikyouseido.mhlw.go.jp/znk-web/juminkanja/S2430/initialize?prefCd=24&kikanCd=3240007990&kikanKbn=3", "url2": "https://www.e-breath.jp/", "内容": "医療法人　ワールデント【3:歯科】三重県四日市市あかつき台２丁目１－２０" }, "geometry": { "type": "Point", "coordinates": [ 136.601361, 35.027099 ] } },
{ "type": "Feature", "properties": { "ID": 2433240008010, "正式名称": "あだち歯科クリニック", "機関区分": 3, "都道府県コード": 24, "市区町村コード": 202, "所在地": "三重県四日市市ときわ５－４－３９", "緯度": 34.961884, "経度": 136.598309, "url": "https://www.iryou.teikyouseido.mhlw.go.jp/znk-web/juminkanja/S2430/initialize?prefCd=24&kikanCd=3240008010&kikanKbn=3", "url2": "http://adachishika.net/goaisatu.html", "内容": "あだち歯科クリニック【3:歯科】三重県四日市市ときわ５－４－３９" }, "geometry": { "type": "Point", "coordinates": [ 136.598309, 34.961884 ] } },
{ "type": "Feature", "properties": { "ID": 2433240008040, "正式名称": "石塚いとう歯科", "機関区分": 3, "都道府県コード": 24, "市区町村コード": 202, "所在地": "三重県四日市市石塚町８－２", "緯度": 34.961189, "経度": 136.604253, "url": "https://www.iryou.teikyouseido.mhlw.go.jp/znk-web/juminkanja/S2430/initialize?prefCd=24&kikanCd=3240008040&kikanKbn=3", "url2": null, "内容": "石塚いとう歯科【3:歯科】三重県四日市市石塚町８－２" }, "geometry": { "type": "Point", "coordinates": [ 136.604253, 34.961189 ] } },
{ "type": "Feature", "properties": { "ID": 2433240008050, "正式名称": "伊藤歯科診療所", "機関区分": 3, "都道府県コード": 24, "市区町村コード": 202, "所在地": "三重県四日市市中村町７６２－１", "緯度": 35.031321, "経度": 136.604333, "url": "https://www.iryou.teikyouseido.mhlw.go.jp/znk-web/juminkanja/S2430/initialize?prefCd=24&kikanCd=3240008050&kikanKbn=3", "url2": null, "内容": "伊藤歯科診療所【3:歯科】三重県四日市市中村町７６２－１" }, "geometry": { "type": "Point", "coordinates": [ 136.604333, 35.031321 ] } },
{ "type": "Feature", "properties": { "ID": 2433240008090, "正式名称": "医療法人　浩風会　オー，デンタルクリニック四日市北", "機関区分": 3, "都道府県コード": 24, "市区町村コード": 202, "所在地": "三重県四日市市富州原町２－４０　イオンモール四日市北２Ｆ", "緯度": 35.007908, "経度": 136.657358, "url": "https://www.iryou.teikyouseido.mhlw.go.jp/znk-web/juminkanja/S2430/initialize?prefCd=24&kikanCd=3240008090&kikanKbn=3", "url2": "http://www.kofukai.net/", "内容": "医療法人　浩風会　オー，デンタルクリニック四日市北【3:歯科】三重県四日市市富州原町２－４０　イオンモール四日市北２Ｆ" }, "geometry": { "type": "Point", "coordinates": [ 136.657358, 35.007908 ] } },
{ "type": "Feature", "properties": { "ID": 2433240008110, "正式名称": "岡村歯科医院", "機関区分": 3, "都道府県コード": 24, "市区町村コード": 202, "所在地": "三重県四日市市桜台本町３５－１", "緯度": 34.99013, "経度": 136.537896, "url": "https://www.iryou.teikyouseido.mhlw.go.jp/znk-web/juminkanja/S2430/initialize?prefCd=24&kikanCd=3240008110&kikanKbn=3", "url2": null, "内容": "岡村歯科医院【3:歯科】三重県四日市市桜台本町３５－１" }, "geometry": { "type": "Point", "coordinates": [ 136.537896, 34.99013 ] } },
{ "type": "Feature", "properties": { "ID": 2433240008120, "正式名称": "医療法人　光風会　おびら歯科医院", "機関区分": 3, "都道府県コード": 24, "市区町村コード": 202, "所在地": "三重県四日市市尾平町字天王川原１８０５　イオン四日市尾平店３Ｆ", "緯度": 34.977326, "経度": 136.591392, "url": "https://www.iryou.teikyouseido.mhlw.go.jp/znk-web/juminkanja/S2430/initialize?prefCd=24&kikanCd=3240008120&kikanKbn=3", "url2": "http://www.kofukai.net/", "内容": "医療法人　光風会　おびら歯科医院【3:歯科】三重県四日市市尾平町字天王川原１８０５　イオン四日市尾平店３Ｆ" }, "geometry": { "type": "Point", "coordinates": [ 136.591392, 34.977326 ] } },
{ "type": "Feature", "properties": { "ID": 2433240008170, "正式名称": "後藤歯科", "機関区分": 3, "都道府県コード": 24, "市区町村コード": 202, "所在地": "三重県四日市市西日野町３１６２", "緯度": 34.954801, "経度": 136.586144, "url": "https://www.iryou.teikyouseido.mhlw.go.jp/znk-web/juminkanja/S2430/initialize?prefCd=24&kikanCd=3240008170&kikanKbn=3", "url2": null, "内容": "後藤歯科【3:歯科】三重県四日市市西日野町３１６２" }, "geometry": { "type": "Point", "coordinates": [ 136.586144, 34.954801 ] } },
{ "type": "Feature", "properties": { "ID": 2433240008200, "正式名称": "さかもと歯科医院", "機関区分": 3, "都道府県コード": 24, "市区町村コード": 202, "所在地": "三重県四日市市富田２－１２－１３", "緯度": 35.006352, "経度": 136.655024, "url": "https://www.iryou.teikyouseido.mhlw.go.jp/znk-web/juminkanja/S2430/initialize?prefCd=24&kikanCd=3240008200&kikanKbn=3", "url2": "https://www.sakamotodc.jp/", "内容": "さかもと歯科医院【3:歯科】三重県四日市市富田２－１２－１３" }, "geometry": { "type": "Point", "coordinates": [ 136.655024, 35.006352 ] } },
{ "type": "Feature", "properties": { "ID": 2433240008210, "正式名称": "桜いとう歯科", "機関区分": 3, "都道府県コード": 24, "市区町村コード": 202, "所在地": "三重県四日市市桜新町１－８１", "緯度": 34.98388, "経度": 136.527314, "url": "https://www.iryou.teikyouseido.mhlw.go.jp/znk-web/juminkanja/S2430/initialize?prefCd=24&kikanCd=3240008210&kikanKbn=3", "url2": null, "内容": "桜いとう歯科【3:歯科】三重県四日市市桜新町１－８１" }, "geometry": { "type": "Point", "coordinates": [ 136.527314, 34.98388 ] } },
{ "type": "Feature", "properties": { "ID": 2433240008220, "正式名称": "さくら総合歯科ベビーキッズ歯ならびクリニック", "機関区分": 3, "都道府県コード": 24, "市区町村コード": 202, "所在地": "三重県四日市市桜町１２７８－３", "緯度": 34.994101, "経度": 136.529758, "url": "https://www.iryou.teikyouseido.mhlw.go.jp/znk-web/juminkanja/S2430/initialize?prefCd=24&kikanCd=3240008220&kikanKbn=3", "url2": "https://anti-aging.jp", "内容": "さくら総合歯科ベビーキッズ歯ならびクリニック【3:歯科】三重県四日市市桜町１２７８－３" }, "geometry": { "type": "Point", "coordinates": [ 136.529758, 34.994101 ] } },
{ "type": "Feature", "properties": { "ID": 2433240008240, "正式名称": "大歯科クリニック", "機関区分": 3, "都道府県コード": 24, "市区町村コード": 202, "所在地": "三重県四日市市九の城町１５－１０", "緯度": 34.963412, "経度": 136.615974, "url": "https://www.iryou.teikyouseido.mhlw.go.jp/znk-web/juminkanja/S2430/initialize?prefCd=24&kikanCd=3240008240&kikanKbn=3", "url2": null, "内容": "大歯科クリニック【3:歯科】三重県四日市市九の城町１５－１０" }, "geometry": { "type": "Point", "coordinates": [ 136.615974, 34.963412 ] } },
{ "type": "Feature", "properties": { "ID": 2433240008250, "正式名称": "医療法人良友会　中尾歯科金場診療所", "機関区分": 3, "都道府県コード": 24, "市区町村コード": 202, "所在地": "三重県四日市市金場町１－７", "緯度": 34.984521, "経度": 136.632944, "url": "https://www.iryou.teikyouseido.mhlw.go.jp/znk-web/juminkanja/S2430/initialize?prefCd=24&kikanCd=3240008250&kikanKbn=3", "url2": "http://www.nakao-shika.jp/", "内容": "医療法人良友会　中尾歯科金場診療所【3:歯科】三重県四日市市金場町１－７" }, "geometry": { "type": "Point", "coordinates": [ 136.632944, 34.984521 ] } },
{ "type": "Feature", "properties": { "ID": 2433240008260, "正式名称": "医療法人良心会　中尾歯科桜診療所", "機関区分": 3, "都道府県コード": 24, "市区町村コード": 202, "所在地": "三重県四日市市智積町６３５３－１", "緯度": 34.996157, "経度": 136.543284, "url": "https://www.iryou.teikyouseido.mhlw.go.jp/znk-web/juminkanja/S2430/initialize?prefCd=24&kikanCd=3240008260&kikanKbn=3", "url2": null, "内容": "医療法人良心会　中尾歯科桜診療所【3:歯科】三重県四日市市智積町６３５３－１" }, "geometry": { "type": "Point", "coordinates": [ 136.543284, 34.996157 ] } },
{ "type": "Feature", "properties": { "ID": 2433240008280, "正式名称": "波木ケ丘歯科医院", "機関区分": 3, "都道府県コード": 24, "市区町村コード": 202, "所在地": "三重県四日市市波木町４０５－１６", "緯度": 34.939052, "経度": 136.571062, "url": "https://www.iryou.teikyouseido.mhlw.go.jp/znk-web/juminkanja/S2430/initialize?prefCd=24&kikanCd=3240008280&kikanKbn=3", "url2": null, "内容": "波木ケ丘歯科医院【3:歯科】三重県四日市市波木町４０５－１６" }, "geometry": { "type": "Point", "coordinates": [ 136.571062, 34.939052 ] } },
{ "type": "Feature", "properties": { "ID": 2433240008290, "正式名称": "羽田歯科", "機関区分": 3, "都道府県コード": 24, "市区町村コード": 202, "所在地": "三重県四日市市中野町１０３７－２", "緯度": 35.045318, "経度": 136.558364, "url": "https://www.iryou.teikyouseido.mhlw.go.jp/znk-web/juminkanja/S2430/initialize?prefCd=24&kikanCd=3240008290&kikanKbn=3", "url2": null, "内容": "羽田歯科【3:歯科】三重県四日市市中野町１０３７－２" }, "geometry": { "type": "Point", "coordinates": [ 136.558364, 35.045318 ] } },
{ "type": "Feature", "properties": { "ID": 2433240008340, "正式名称": "もと歯科クリニック", "機関区分": 3, "都道府県コード": 24, "市区町村コード": 202, "所在地": "三重県四日市市野田２－５－１８", "緯度": 34.982743, "経度": 136.606668, "url": "https://www.iryou.teikyouseido.mhlw.go.jp/znk-web/juminkanja/S2430/initialize?prefCd=24&kikanCd=3240008340&kikanKbn=3", "url2": null, "内容": "もと歯科クリニック【3:歯科】三重県四日市市野田２－５－１８" }, "geometry": { "type": "Point", "coordinates": [ 136.606668, 34.982743 ] } },
{ "type": "Feature", "properties": { "ID": 2433240008350, "正式名称": "元町歯科", "機関区分": 3, "都道府県コード": 24, "市区町村コード": 202, "所在地": "三重県四日市市元町９－２", "緯度": 34.970939, "経度": 136.620807, "url": "https://www.iryou.teikyouseido.mhlw.go.jp/znk-web/juminkanja/S2430/initialize?prefCd=24&kikanCd=3240008350&kikanKbn=3", "url2": null, "内容": "元町歯科【3:歯科】三重県四日市市元町９－２" }, "geometry": { "type": "Point", "coordinates": [ 136.620807, 34.970939 ] } },
{ "type": "Feature", "properties": { "ID": 2433240008370, "正式名称": "ゆう歯科", "機関区分": 3, "都道府県コード": 24, "市区町村コード": 202, "所在地": "三重県四日市市笹川５丁目６４－８", "緯度": 34.946302, "経度": 136.573673, "url": "https://www.iryou.teikyouseido.mhlw.go.jp/znk-web/juminkanja/S2430/initialize?prefCd=24&kikanCd=3240008370&kikanKbn=3", "url2": null, "内容": "ゆう歯科【3:歯科】三重県四日市市笹川５丁目６４－８" }, "geometry": { "type": "Point", "coordinates": [ 136.573673, 34.946302 ] } },
{ "type": "Feature", "properties": { "ID": 2433240008380, "正式名称": "四日市市歯科医療センター", "機関区分": 3, "都道府県コード": 24, "市区町村コード": 202, "所在地": "三重県四日市市本町９－１２", "緯度": 34.965189, "経度": 136.628945, "url": "https://www.iryou.teikyouseido.mhlw.go.jp/znk-web/juminkanja/S2430/initialize?prefCd=24&kikanCd=3240008380&kikanKbn=3", "url2": "http://www.y-dentcenter.com/", "内容": "四日市市歯科医療センター【3:歯科】三重県四日市市本町９－１２" }, "geometry": { "type": "Point", "coordinates": [ 136.628945, 34.965189 ] } },
{ "type": "Feature", "properties": { "ID": 2433240008390, "正式名称": "らいおん歯科", "機関区分": 3, "都道府県コード": 24, "市区町村コード": 202, "所在地": "三重県四日市市下さざらい町１３－１９", "緯度": 35.019267, "経度": 136.641442, "url": "https://www.iryou.teikyouseido.mhlw.go.jp/znk-web/juminkanja/S2430/initialize?prefCd=24&kikanCd=3240008390&kikanKbn=3", "url2": null, "内容": "らいおん歯科【3:歯科】三重県四日市市下さざらい町１３－１９" }, "geometry": { "type": "Point", "coordinates": [ 136.641442, 35.019267 ] } },
{ "type": "Feature", "properties": { "ID": 2433240008430, "正式名称": "医療法人一信会　亀山歯科診療所", "機関区分": 3, "都道府県コード": 24, "市区町村コード": 210, "所在地": "三重県亀山市東御幸町９６－１", "緯度": 34.850476, "経度": 136.453604, "url": "https://www.iryou.teikyouseido.mhlw.go.jp/znk-web/juminkanja/S2430/initialize?prefCd=24&kikanCd=3240008430&kikanKbn=3", "url2": null, "内容": "医療法人一信会　亀山歯科診療所【3:歯科】三重県亀山市東御幸町９６－１" }, "geometry": { "type": "Point", "coordinates": [ 136.453604, 34.850476 ] } },
{ "type": "Feature", "properties": { "ID": 2433240008440, "正式名称": "医療法人誠信会旭ヶ丘歯科", "機関区分": 3, "都道府県コード": 24, "市区町村コード": 207, "所在地": "三重県鈴鹿市中旭が丘２－６－３２", "緯度": 34.846173, "経度": 136.575733, "url": "https://www.iryou.teikyouseido.mhlw.go.jp/znk-web/juminkanja/S2430/initialize?prefCd=24&kikanCd=3240008440&kikanKbn=3", "url2": null, "内容": "医療法人誠信会旭ヶ丘歯科【3:歯科】三重県鈴鹿市中旭が丘２－６－３２" }, "geometry": { "type": "Point", "coordinates": [ 136.575733, 34.846173 ] } },
{ "type": "Feature", "properties": { "ID": 2433240008460, "正式名称": "医療法人緑和会　鈴鹿グリーン歯科", "機関区分": 3, "都道府県コード": 24, "市区町村コード": 207, "所在地": "三重県鈴鹿市道伯５－２３－３２", "緯度": 34.864338, "経度": 136.547873, "url": "https://www.iryou.teikyouseido.mhlw.go.jp/znk-web/juminkanja/S2430/initialize?prefCd=24&kikanCd=3240008460&kikanKbn=3", "url2": "http://www.greendental.jp", "内容": "医療法人緑和会　鈴鹿グリーン歯科【3:歯科】三重県鈴鹿市道伯５－２３－３２" }, "geometry": { "type": "Point", "coordinates": [ 136.547873, 34.864338 ] } },
{ "type": "Feature", "properties": { "ID": 2433240008470, "正式名称": "うえの歯科", "機関区分": 3, "都道府県コード": 24, "市区町村コード": 207, "所在地": "三重県鈴鹿市白子本町１０－３１", "緯度": 34.834425, "経度": 136.590677, "url": "https://www.iryou.teikyouseido.mhlw.go.jp/znk-web/juminkanja/S2430/initialize?prefCd=24&kikanCd=3240008470&kikanKbn=3", "url2": null, "内容": "うえの歯科【3:歯科】三重県鈴鹿市白子本町１０－３１" }, "geometry": { "type": "Point", "coordinates": [ 136.590677, 34.834425 ] } },
{ "type": "Feature", "properties": { "ID": 2433240008510, "正式名称": "住吉歯科", "機関区分": 3, "都道府県コード": 24, "市区町村コード": 207, "所在地": "三重県鈴鹿市住吉１－３４－１７　サトウビル２階", "緯度": 34.864615, "経度": 136.533819, "url": "https://www.iryou.teikyouseido.mhlw.go.jp/znk-web/juminkanja/S2430/initialize?prefCd=24&kikanCd=3240008510&kikanKbn=3", "url2": null, "内容": "住吉歯科【3:歯科】三重県鈴鹿市住吉１－３４－１７　サトウビル２階" }, "geometry": { "type": "Point", "coordinates": [ 136.533819, 34.864615 ] } },
{ "type": "Feature", "properties": { "ID": 2433240008550, "正式名称": "矢嶋歯科医院", "機関区分": 3, "都道府県コード": 24, "市区町村コード": 207, "所在地": "三重県鈴鹿市岸岡町３３５４　トーンタウン１Ｆ", "緯度": 34.855423, "経度": 136.601203, "url": "https://www.iryou.teikyouseido.mhlw.go.jp/znk-web/juminkanja/S2430/initialize?prefCd=24&kikanCd=3240008550&kikanKbn=3", "url2": null, "内容": "矢嶋歯科医院【3:歯科】三重県鈴鹿市岸岡町３３５４　トーンタウン１Ｆ" }, "geometry": { "type": "Point", "coordinates": [ 136.601203, 34.855423 ] } },
{ "type": "Feature", "properties": { "ID": 2433240008560, "正式名称": "やました歯科クリニック", "機関区分": 3, "都道府県コード": 24, "市区町村コード": 207, "所在地": "三重県鈴鹿市神戸９－１２－１　フラワーガーデン１Ｆ", "緯度": 34.884975, "経度": 136.584536, "url": "https://www.iryou.teikyouseido.mhlw.go.jp/znk-web/juminkanja/S2430/initialize?prefCd=24&kikanCd=3240008560&kikanKbn=3", "url2": null, "内容": "やました歯科クリニック【3:歯科】三重県鈴鹿市神戸９－１２－１　フラワーガーデン１Ｆ" }, "geometry": { "type": "Point", "coordinates": [ 136.584536, 34.884975 ] } },
{ "type": "Feature", "properties": { "ID": 2433240008570, "正式名称": "ゆたか歯科", "機関区分": 3, "都道府県コード": 24, "市区町村コード": 207, "所在地": "三重県鈴鹿市中江島町１５－２０", "緯度": 34.841091, "経度": 136.593926, "url": "https://www.iryou.teikyouseido.mhlw.go.jp/znk-web/juminkanja/S2430/initialize?prefCd=24&kikanCd=3240008570&kikanKbn=3", "url2": null, "内容": "ゆたか歯科【3:歯科】三重県鈴鹿市中江島町１５－２０" }, "geometry": { "type": "Point", "coordinates": [ 136.593926, 34.841091 ] } },
{ "type": "Feature", "properties": { "ID": 2433240008600, "正式名称": "かんだ歯科", "機関区分": 3, "都道府県コード": 24, "市区町村コード": 201, "所在地": "三重県津市阿漕町津興１０９４－３", "緯度": 34.702077, "経度": 136.515522, "url": "https://www.iryou.teikyouseido.mhlw.go.jp/znk-web/juminkanja/S2430/initialize?prefCd=24&kikanCd=3240008600&kikanKbn=3", "url2": null, "内容": "かんだ歯科【3:歯科】三重県津市阿漕町津興１０９４－３" }, "geometry": { "type": "Point", "coordinates": [ 136.515522, 34.702077 ] } },
{ "type": "Feature", "properties": { "ID": 2433240008670, "正式名称": "はやし歯科医院高茶屋診療所", "機関区分": 3, "都道府県コード": 24, "市区町村コード": 201, "所在地": "三重県津市高茶屋小森町３５６－２　林歯科ビル１Ｆ", "緯度": 34.672524, "経度": 136.516524, "url": "https://www.iryou.teikyouseido.mhlw.go.jp/znk-web/juminkanja/S2430/initialize?prefCd=24&kikanCd=3240008670&kikanKbn=3", "url2": "http://hayashi-dentalClinic.net/", "内容": "はやし歯科医院高茶屋診療所【3:歯科】三重県津市高茶屋小森町３５６－２　林歯科ビル１Ｆ" }, "geometry": { "type": "Point", "coordinates": [ 136.516524, 34.672524 ] } },
{ "type": "Feature", "properties": { "ID": 2433240008680, "正式名称": "医療法人和光会　美杉歯科診療所", "機関区分": 3, "都道府県コード": 24, "市区町村コード": 201, "所在地": "三重県津市美杉町八知５５８０番地２", "緯度": 34.555893, "経度": 136.263911, "url": "https://www.iryou.teikyouseido.mhlw.go.jp/znk-web/juminkanja/S2430/initialize?prefCd=24&kikanCd=3240008680&kikanKbn=3", "url2": "https://kamuchikara.or.jp/clinic_and_office/misugi.html", "内容": "医療法人和光会　美杉歯科診療所【3:歯科】三重県津市美杉町八知５５８０番地２" }, "geometry": { "type": "Point", "coordinates": [ 136.263911, 34.555893 ] } },
{ "type": "Feature", "properties": { "ID": 2433240008740, "正式名称": "大台町宮川歯科診療所", "機関区分": 3, "都道府県コード": 24, "市区町村コード": 443, "所在地": "三重県多気郡大台町江馬２８９－１", "緯度": 34.363915, "経度": 136.336442, "url": "https://www.iryou.teikyouseido.mhlw.go.jp/znk-web/juminkanja/S2430/initialize?prefCd=24&kikanCd=3240008740&kikanKbn=3", "url2": null, "内容": "大台町宮川歯科診療所【3:歯科】三重県多気郡大台町江馬２８９－１" }, "geometry": { "type": "Point", "coordinates": [ 136.336442, 34.363915 ] } },
{ "type": "Feature", "properties": { "ID": 2433240008800, "正式名称": "中川歯科医院", "機関区分": 3, "都道府県コード": 24, "市区町村コード": 441, "所在地": "三重県多気郡多気町相可台２６－７", "緯度": 34.498155, "経度": 136.547835, "url": "https://www.iryou.teikyouseido.mhlw.go.jp/znk-web/juminkanja/S2430/initialize?prefCd=24&kikanCd=3240008800&kikanKbn=3", "url2": "http://www.nakagawa-shikaiin.jp", "内容": "中川歯科医院【3:歯科】三重県多気郡多気町相可台２６－７" }, "geometry": { "type": "Point", "coordinates": [ 136.547835, 34.498155 ] } },
{ "type": "Feature", "properties": { "ID": 2433240008810, "正式名称": "のぞみ歯科", "機関区分": 3, "都道府県コード": 24, "市区町村コード": 204, "所在地": "三重県松阪市嬉野中川町８１９－８", "緯度": 34.6365, "経度": 136.475279, "url": "https://www.iryou.teikyouseido.mhlw.go.jp/znk-web/juminkanja/S2430/initialize?prefCd=24&kikanCd=3240008810&kikanKbn=3", "url2": null, "内容": "のぞみ歯科【3:歯科】三重県松阪市嬉野中川町８１９－８" }, "geometry": { "type": "Point", "coordinates": [ 136.475279, 34.6365 ] } },
{ "type": "Feature", "properties": { "ID": 2433240008840, "正式名称": "ふじ歯科クリニック", "機関区分": 3, "都道府県コード": 24, "市区町村コード": 204, "所在地": "三重県松阪市五反田町１－１３００－５", "緯度": 34.566286, "経度": 136.522, "url": "https://www.iryou.teikyouseido.mhlw.go.jp/znk-web/juminkanja/S2430/initialize?prefCd=24&kikanCd=3240008840&kikanKbn=3", "url2": "http://fuji-shika.com", "内容": "ふじ歯科クリニック【3:歯科】三重県松阪市五反田町１－１３００－５" }, "geometry": { "type": "Point", "coordinates": [ 136.522, 34.566286 ] } },
{ "type": "Feature", "properties": { "ID": 2433240008870, "正式名称": "モリ歯科", "機関区分": 3, "都道府県コード": 24, "市区町村コード": 204, "所在地": "三重県松阪市市場庄町１１１１", "緯度": 34.601782, "経度": 136.516888, "url": "https://www.iryou.teikyouseido.mhlw.go.jp/znk-web/juminkanja/S2430/initialize?prefCd=24&kikanCd=3240008870&kikanKbn=3", "url2": null, "内容": "モリ歯科【3:歯科】三重県松阪市市場庄町１１１１" }, "geometry": { "type": "Point", "coordinates": [ 136.516888, 34.601782 ] } },
{ "type": "Feature", "properties": { "ID": 2433240008890, "正式名称": "うえだ歯科クリニック", "機関区分": 3, "都道府県コード": 24, "市区町村コード": 203, "所在地": "三重県伊勢市竹ケ鼻町２０１　アイタウン寛１０１号", "緯度": 34.510212, "経度": 136.728708, "url": "https://www.iryou.teikyouseido.mhlw.go.jp/znk-web/juminkanja/S2430/initialize?prefCd=24&kikanCd=3240008890&kikanKbn=3", "url2": null, "内容": "うえだ歯科クリニック【3:歯科】三重県伊勢市竹ケ鼻町２０１　アイタウン寛１０１号" }, "geometry": { "type": "Point", "coordinates": [ 136.728708, 34.510212 ] } },
{ "type": "Feature", "properties": { "ID": 2433240008900, "正式名称": "おち歯科医院", "機関区分": 3, "都道府県コード": 24, "市区町村コード": 211, "所在地": "三重県鳥羽市答志町２００", "緯度": 34.52913, "経度": 136.901304, "url": "https://www.iryou.teikyouseido.mhlw.go.jp/znk-web/juminkanja/S2430/initialize?prefCd=24&kikanCd=3240008900&kikanKbn=3", "url2": null, "内容": "おち歯科医院【3:歯科】三重県鳥羽市答志町２００" }, "geometry": { "type": "Point", "coordinates": [ 136.901304, 34.52913 ] } },
{ "type": "Feature", "properties": { "ID": 2433240008920, "正式名称": "医療法人　八重葉会", "機関区分": 3, "都道府県コード": 24, "市区町村コード": 203, "所在地": "三重県伊勢市西豊浜町１２９６－２", "緯度": 34.52121, "経度": 136.686155, "url": "https://www.iryou.teikyouseido.mhlw.go.jp/znk-web/juminkanja/S2430/initialize?prefCd=24&kikanCd=3240008920&kikanKbn=3", "url2": null, "内容": "医療法人　八重葉会【3:歯科】三重県伊勢市西豊浜町１２９６－２" }, "geometry": { "type": "Point", "coordinates": [ 136.686155, 34.52121 ] } },
{ "type": "Feature", "properties": { "ID": 2433240008930, "正式名称": "鍋島デンタルオフィス", "機関区分": 3, "都道府県コード": 24, "市区町村コード": 215, "所在地": "三重県志摩市阿児町鵜方３００８－８", "緯度": 34.329261, "経度": 136.836568, "url": "https://www.iryou.teikyouseido.mhlw.go.jp/znk-web/juminkanja/S2430/initialize?prefCd=24&kikanCd=3240008930&kikanKbn=3", "url2": null, "内容": "鍋島デンタルオフィス【3:歯科】三重県志摩市阿児町鵜方３００８－８" }, "geometry": { "type": "Point", "coordinates": [ 136.836568, 34.329261 ] } },
{ "type": "Feature", "properties": { "ID": 2433240008950, "正式名称": "医療法人一桜会　やすらぎ大門歯科クリニック", "機関区分": 3, "都道府県コード": 24, "市区町村コード": 208, "所在地": "三重県名張市夏見２７６－５", "緯度": 34.615384, "経度": 136.099061, "url": "https://www.iryou.teikyouseido.mhlw.go.jp/znk-web/juminkanja/S2430/initialize?prefCd=24&kikanCd=3240008950&kikanKbn=3", "url2": null, "内容": "医療法人一桜会　やすらぎ大門歯科クリニック【3:歯科】三重県名張市夏見２７６－５" }, "geometry": { "type": "Point", "coordinates": [ 136.099061, 34.615384 ] } },
{ "type": "Feature", "properties": { "ID": 2433240008960, "正式名称": "きさらぎ矯正歯科医院", "機関区分": 3, "都道府県コード": 24, "市区町村コード": 208, "所在地": "三重県名張市美旗町中１番１８７７－３６", "緯度": 34.663352, "経度": 136.134695, "url": "https://www.iryou.teikyouseido.mhlw.go.jp/znk-web/juminkanja/S2430/initialize?prefCd=24&kikanCd=3240008960&kikanKbn=3", "url2": "http://www.kisara-gi.com/", "内容": "きさらぎ矯正歯科医院【3:歯科】三重県名張市美旗町中１番１８７７－３６" }, "geometry": { "type": "Point", "coordinates": [ 136.134695, 34.663352 ] } },
{ "type": "Feature", "properties": { "ID": 2433240008980, "正式名称": "医療法人　福翔会　福森歯科クリニック", "機関区分": 3, "都道府県コード": 24, "市区町村コード": 208, "所在地": "三重県名張市美旗中村２３３９－２", "緯度": 34.651658, "経度": 136.118308, "url": "https://www.iryou.teikyouseido.mhlw.go.jp/znk-web/juminkanja/S2430/initialize?prefCd=24&kikanCd=3240008980&kikanKbn=3", "url2": "http://fukumori-shika.net/", "内容": "医療法人　福翔会　福森歯科クリニック【3:歯科】三重県名張市美旗中村２３３９－２" }, "geometry": { "type": "Point", "coordinates": [ 136.118308, 34.651658 ] } },
{ "type": "Feature", "properties": { "ID": 2433240009000, "正式名称": "ＹＯＵ歯科医院", "機関区分": 3, "都道府県コード": 24, "市区町村コード": 208, "所在地": "三重県名張市夏見字浅尾１１４－５", "緯度": 34.617023, "経度": 136.098728, "url": "https://www.iryou.teikyouseido.mhlw.go.jp/znk-web/juminkanja/S2430/initialize?prefCd=24&kikanCd=3240009000&kikanKbn=3", "url2": null, "内容": "ＹＯＵ歯科医院【3:歯科】三重県名張市夏見字浅尾１１４－５" }, "geometry": { "type": "Point", "coordinates": [ 136.098728, 34.617023 ] } },
{ "type": "Feature", "properties": { "ID": 2433240009010, "正式名称": "百合が丘歯科", "機関区分": 3, "都道府県コード": 24, "市区町村コード": 208, "所在地": "三重県名張市百合が丘西６番町７０", "緯度": 34.603719, "経度": 136.1012, "url": "https://www.iryou.teikyouseido.mhlw.go.jp/znk-web/juminkanja/S2430/initialize?prefCd=24&kikanCd=3240009010&kikanKbn=3", "url2": "http://yurigaokashika.dentalmall.jp/", "内容": "百合が丘歯科【3:歯科】三重県名張市百合が丘西６番町７０" }, "geometry": { "type": "Point", "coordinates": [ 136.1012, 34.603719 ] } },
{ "type": "Feature", "properties": { "ID": 2433240009020, "正式名称": "医療法人　ひつじ歯科・口腔外科クリニック", "機関区分": 3, "都道府県コード": 24, "市区町村コード": 202, "所在地": "三重県四日市市小古曽６丁目８－４", "緯度": 34.928748, "経度": 136.587395, "url": "https://www.iryou.teikyouseido.mhlw.go.jp/znk-web/juminkanja/S2430/initialize?prefCd=24&kikanCd=3240009020&kikanKbn=3", "url2": null, "内容": "医療法人　ひつじ歯科・口腔外科クリニック【3:歯科】三重県四日市市小古曽６丁目８－４" }, "geometry": { "type": "Point", "coordinates": [ 136.587395, 34.928748 ] } },
{ "type": "Feature", "properties": { "ID": 2433240009030, "正式名称": "医療法人　好歯会　フローラル歯科クリニック", "機関区分": 3, "都道府県コード": 24, "市区町村コード": 205, "所在地": "三重県桑名市多度町小山台一丁目２６ー３４", "緯度": 35.129838, "経度": 136.631632, "url": "https://www.iryou.teikyouseido.mhlw.go.jp/znk-web/juminkanja/S2430/initialize?prefCd=24&kikanCd=3240009030&kikanKbn=3", "url2": "http://www.floral-dental-kuwana.com", "内容": "医療法人　好歯会　フローラル歯科クリニック【3:歯科】三重県桑名市多度町小山台一丁目２６ー３４" }, "geometry": { "type": "Point", "coordinates": [ 136.631632, 35.129838 ] } },
{ "type": "Feature", "properties": { "ID": 2433240009040, "正式名称": "あさの歯科医院", "機関区分": 3, "都道府県コード": 24, "市区町村コード": 201, "所在地": "三重県津市柳山津興６５６－２", "緯度": 34.706798, "経度": 136.518077, "url": "https://www.iryou.teikyouseido.mhlw.go.jp/znk-web/juminkanja/S2430/initialize?prefCd=24&kikanCd=3240009040&kikanKbn=3", "url2": null, "内容": "あさの歯科医院【3:歯科】三重県津市柳山津興６５６－２" }, "geometry": { "type": "Point", "coordinates": [ 136.518077, 34.706798 ] } },
{ "type": "Feature", "properties": { "ID": 2433240009050, "正式名称": "みずきが丘歯科クリニック", "機関区分": 3, "都道府県コード": 24, "市区町村コード": 210, "所在地": "三重県亀山市みずきが丘６９番地の５", "緯度": 34.876807, "経度": 136.468407, "url": "https://www.iryou.teikyouseido.mhlw.go.jp/znk-web/juminkanja/S2430/initialize?prefCd=24&kikanCd=3240009050&kikanKbn=3", "url2": null, "内容": "みずきが丘歯科クリニック【3:歯科】三重県亀山市みずきが丘６９番地の５" }, "geometry": { "type": "Point", "coordinates": [ 136.468407, 34.876807 ] } },
{ "type": "Feature", "properties": { "ID": 2433240009100, "正式名称": "浜瀬歯科室", "機関区分": 3, "都道府県コード": 24, "市区町村コード": 204, "所在地": "三重県松阪市大黒田町１７６５", "緯度": 34.568952, "経度": 136.525555, "url": "https://www.iryou.teikyouseido.mhlw.go.jp/znk-web/juminkanja/S2430/initialize?prefCd=24&kikanCd=3240009100&kikanKbn=3", "url2": "http://www.hamase-shika.com", "内容": "浜瀬歯科室【3:歯科】三重県松阪市大黒田町１７６５" }, "geometry": { "type": "Point", "coordinates": [ 136.525555, 34.568952 ] } },
{ "type": "Feature", "properties": { "ID": 2433240009120, "正式名称": "永田歯科", "機関区分": 3, "都道府県コード": 24, "市区町村コード": 205, "所在地": "三重県桑名市多度町香取３９１－１", "緯度": 35.131672, "経度": 136.650436, "url": "https://www.iryou.teikyouseido.mhlw.go.jp/znk-web/juminkanja/S2430/initialize?prefCd=24&kikanCd=3240009120&kikanKbn=3", "url2": null, "内容": "永田歯科【3:歯科】三重県桑名市多度町香取３９１－１" }, "geometry": { "type": "Point", "coordinates": [ 136.650436, 35.131672 ] } },
{ "type": "Feature", "properties": { "ID": 2433240009130, "正式名称": "鈴木歯科医院", "機関区分": 3, "都道府県コード": 24, "市区町村コード": 562, "所在地": "三重県南牟婁郡紀宝町井田２０７２－１０", "緯度": 33.750114, "経度": 136.017108, "url": "https://www.iryou.teikyouseido.mhlw.go.jp/znk-web/juminkanja/S2430/initialize?prefCd=24&kikanCd=3240009130&kikanKbn=3", "url2": null, "内容": "鈴木歯科医院【3:歯科】三重県南牟婁郡紀宝町井田２０７２－１０" }, "geometry": { "type": "Point", "coordinates": [ 136.017108, 33.750114 ] } },
{ "type": "Feature", "properties": { "ID": 2433240009140, "正式名称": "すずか矯正歯科クリニック", "機関区分": 3, "都道府県コード": 24, "市区町村コード": 207, "所在地": "三重県鈴鹿市末広東１－３０", "緯度": 34.860811, "経度": 136.569538, "url": "https://www.iryou.teikyouseido.mhlw.go.jp/znk-web/juminkanja/S2430/initialize?prefCd=24&kikanCd=3240009140&kikanKbn=3", "url2": "http://www.suzuka-oc.jp", "内容": "すずか矯正歯科クリニック【3:歯科】三重県鈴鹿市末広東１－３０" }, "geometry": { "type": "Point", "coordinates": [ 136.569538, 34.860811 ] } },
{ "type": "Feature", "properties": { "ID": 2433240009150, "正式名称": "伊東歯科医院", "機関区分": 3, "都道府県コード": 24, "市区町村コード": 207, "所在地": "三重県鈴鹿市石薬師町１７０８", "緯度": 34.903333, "経度": 136.54801, "url": "https://www.iryou.teikyouseido.mhlw.go.jp/znk-web/juminkanja/S2430/initialize?prefCd=24&kikanCd=3240009150&kikanKbn=3", "url2": "http://www.itodc-web.jp", "内容": "伊東歯科医院【3:歯科】三重県鈴鹿市石薬師町１７０８" }, "geometry": { "type": "Point", "coordinates": [ 136.54801, 34.903333 ] } },
{ "type": "Feature", "properties": { "ID": 2433240009170, "正式名称": "医療法人光風会　くわな歯科医院", "機関区分": 3, "都道府県コード": 24, "市区町村コード": 205, "所在地": "三重県桑名市新西方１丁目２２　イオンモール桑名１番街　アンク専門店街３Ｆ", "緯度": 35.072345, "経度": 136.662604, "url": "https://www.iryou.teikyouseido.mhlw.go.jp/znk-web/juminkanja/S2430/initialize?prefCd=24&kikanCd=3240009170&kikanKbn=3", "url2": null, "内容": "医療法人光風会　くわな歯科医院【3:歯科】三重県桑名市新西方１丁目２２　イオンモール桑名１番街　アンク専門店街３Ｆ" }, "geometry": { "type": "Point", "coordinates": [ 136.662604, 35.072345 ] } },
{ "type": "Feature", "properties": { "ID": 2433240009200, "正式名称": "やさしい歯科", "機関区分": 3, "都道府県コード": 24, "市区町村コード": 324, "所在地": "三重県員弁郡東員町大字山田２９５４番地３", "緯度": 35.089981, "経度": 136.593442, "url": "https://www.iryou.teikyouseido.mhlw.go.jp/znk-web/juminkanja/S2430/initialize?prefCd=24&kikanCd=3240009200&kikanKbn=3", "url2": null, "内容": "やさしい歯科【3:歯科】三重県員弁郡東員町大字山田２９５４番地３" }, "geometry": { "type": "Point", "coordinates": [ 136.593442, 35.089981 ] } },
{ "type": "Feature", "properties": { "ID": 2433240009220, "正式名称": "萬代歯科", "機関区分": 3, "都道府県コード": 24, "市区町村コード": 207, "所在地": "三重県鈴鹿市柳町１５１８－２", "緯度": 34.875982, "経度": 136.596453, "url": "https://www.iryou.teikyouseido.mhlw.go.jp/znk-web/juminkanja/S2430/initialize?prefCd=24&kikanCd=3240009220&kikanKbn=3", "url2": "https://b-d-o.jp", "内容": "萬代歯科【3:歯科】三重県鈴鹿市柳町１５１８－２" }, "geometry": { "type": "Point", "coordinates": [ 136.596453, 34.875982 ] } },
{ "type": "Feature", "properties": { "ID": 2433240009250, "正式名称": "ひだまり歯科", "機関区分": 3, "都道府県コード": 24, "市区町村コード": 216, "所在地": "三重県伊賀市佐那具町９３６－１", "緯度": 34.802088, "経度": 136.167741, "url": "https://www.iryou.teikyouseido.mhlw.go.jp/znk-web/juminkanja/S2430/initialize?prefCd=24&kikanCd=3240009250&kikanKbn=3", "url2": null, "内容": "ひだまり歯科【3:歯科】三重県伊賀市佐那具町９３６－１" }, "geometry": { "type": "Point", "coordinates": [ 136.167741, 34.802088 ] } },
{ "type": "Feature", "properties": { "ID": 2433240009270, "正式名称": "にしやま歯科", "機関区分": 3, "都道府県コード": 24, "市区町村コード": 203, "所在地": "三重県伊勢市御薗町王中島８０５", "緯度": 34.509879, "経度": 136.717292, "url": "https://www.iryou.teikyouseido.mhlw.go.jp/znk-web/juminkanja/S2430/initialize?prefCd=24&kikanCd=3240009270&kikanKbn=3", "url2": "http://www7.plala.or.jp/nishiyama", "内容": "にしやま歯科【3:歯科】三重県伊勢市御薗町王中島８０５" }, "geometry": { "type": "Point", "coordinates": [ 136.717292, 34.509879 ] } },
{ "type": "Feature", "properties": { "ID": 2433240009280, "正式名称": "おざわ歯科", "機関区分": 3, "都道府県コード": 24, "市区町村コード": 202, "所在地": "三重県四日市市貝家町山川１３９８－２６", "緯度": 34.930581, "経度": 136.56898, "url": "https://www.iryou.teikyouseido.mhlw.go.jp/znk-web/juminkanja/S2430/initialize?prefCd=24&kikanCd=3240009280&kikanKbn=3", "url2": "http://www6.cty-net.ne.jp/~mana727/", "内容": "おざわ歯科【3:歯科】三重県四日市市貝家町山川１３９８－２６" }, "geometry": { "type": "Point", "coordinates": [ 136.56898, 34.930581 ] } },
{ "type": "Feature", "properties": { "ID": 2433240009290, "正式名称": "くすの木歯科クリニック", "機関区分": 3, "都道府県コード": 24, "市区町村コード": 202, "所在地": "三重県四日市市上海老町２１００－１０", "緯度": 35.02982, "経度": 136.572586, "url": "https://www.iryou.teikyouseido.mhlw.go.jp/znk-web/juminkanja/S2430/initialize?prefCd=24&kikanCd=3240009290&kikanKbn=3", "url2": null, "内容": "くすの木歯科クリニック【3:歯科】三重県四日市市上海老町２１００－１０" }, "geometry": { "type": "Point", "coordinates": [ 136.572586, 35.02982 ] } },
{ "type": "Feature", "properties": { "ID": 2433240009300, "正式名称": "医療法人　宇治山田歯科医院", "機関区分": 3, "都道府県コード": 24, "市区町村コード": 203, "所在地": "三重県伊勢市岩渕２丁目４－３７", "緯度": 34.486742, "経度": 136.713321, "url": "https://www.iryou.teikyouseido.mhlw.go.jp/znk-web/juminkanja/S2430/initialize?prefCd=24&kikanCd=3240009300&kikanKbn=3", "url2": "http://www.ujiyamada.com", "内容": "医療法人　宇治山田歯科医院【3:歯科】三重県伊勢市岩渕２丁目４－３７" }, "geometry": { "type": "Point", "coordinates": [ 136.713321, 34.486742 ] } },
{ "type": "Feature", "properties": { "ID": 2433240009310, "正式名称": "医療法人　いとうデンタルクリニック", "機関区分": 3, "都道府県コード": 24, "市区町村コード": 201, "所在地": "三重県津市藤方１４３番地１", "緯度": 34.679995, "経度": 136.503802, "url": "https://www.iryou.teikyouseido.mhlw.go.jp/znk-web/juminkanja/S2430/initialize?prefCd=24&kikanCd=3240009310&kikanKbn=3", "url2": "http://www.ito-d-c.com", "内容": "医療法人　いとうデンタルクリニック【3:歯科】三重県津市藤方１４３番地１" }, "geometry": { "type": "Point", "coordinates": [ 136.503802, 34.679995 ] } },
{ "type": "Feature", "properties": { "ID": 2433240009320, "正式名称": "なかせ歯科", "機関区分": 3, "都道府県コード": 24, "市区町村コード": 201, "所在地": "三重県津市半田平木３０９－１", "緯度": 34.70877, "経度": 136.490163, "url": "https://www.iryou.teikyouseido.mhlw.go.jp/znk-web/juminkanja/S2430/initialize?prefCd=24&kikanCd=3240009320&kikanKbn=3", "url2": null, "内容": "なかせ歯科【3:歯科】三重県津市半田平木３０９－１" }, "geometry": { "type": "Point", "coordinates": [ 136.490163, 34.70877 ] } },
{ "type": "Feature", "properties": { "ID": 2433240009330, "正式名称": "りっぷ歯科クリニック", "機関区分": 3, "都道府県コード": 24, "市区町村コード": 470, "所在地": "三重県度会郡度会町大野木３５７２－３２", "緯度": 34.448161, "経度": 136.636635, "url": "https://www.iryou.teikyouseido.mhlw.go.jp/znk-web/juminkanja/S2430/initialize?prefCd=24&kikanCd=3240009330&kikanKbn=3", "url2": "http://www.l-d-c.jp", "内容": "りっぷ歯科クリニック【3:歯科】三重県度会郡度会町大野木３５７２－３２" }, "geometry": { "type": "Point", "coordinates": [ 136.636635, 34.448161 ] } },
{ "type": "Feature", "properties": { "ID": 2433240009340, "正式名称": "あしたば歯科医院", "機関区分": 3, "都道府県コード": 24, "市区町村コード": 202, "所在地": "三重県四日市市笹川３丁目３７－１", "緯度": 34.951829, "経度": 136.570451, "url": "https://www.iryou.teikyouseido.mhlw.go.jp/znk-web/juminkanja/S2430/initialize?prefCd=24&kikanCd=3240009340&kikanKbn=3", "url2": null, "内容": "あしたば歯科医院【3:歯科】三重県四日市市笹川３丁目３７－１" }, "geometry": { "type": "Point", "coordinates": [ 136.570451, 34.951829 ] } },
{ "type": "Feature", "properties": { "ID": 2433240009370, "正式名称": "天の川歯科", "機関区分": 3, "都道府県コード": 24, "市区町村コード": 201, "所在地": "三重県津市久居明神町２６１４－５林ビル１０３", "緯度": 34.683272, "経度": 136.469638, "url": "https://www.iryou.teikyouseido.mhlw.go.jp/znk-web/juminkanja/S2430/initialize?prefCd=24&kikanCd=3240009370&kikanKbn=3", "url2": "http://shinbi-shika.biz", "内容": "天の川歯科【3:歯科】三重県津市久居明神町２６１４－５林ビル１０３" }, "geometry": { "type": "Point", "coordinates": [ 136.469638, 34.683272 ] } },
{ "type": "Feature", "properties": { "ID": 2433240009380, "正式名称": "あかつか歯科クリニック", "機関区分": 3, "都道府県コード": 24, "市区町村コード": 207, "所在地": "三重県鈴鹿市秋永町７７５－１", "緯度": 34.818259, "経度": 136.553792, "url": "https://www.iryou.teikyouseido.mhlw.go.jp/znk-web/juminkanja/S2430/initialize?prefCd=24&kikanCd=3240009380&kikanKbn=3", "url2": "http://www.akatsuka-dc.jp", "内容": "あかつか歯科クリニック【3:歯科】三重県鈴鹿市秋永町７７５－１" }, "geometry": { "type": "Point", "coordinates": [ 136.553792, 34.818259 ] } },
{ "type": "Feature", "properties": { "ID": 2433240009390, "正式名称": "医療法人良友会　中尾歯科", "機関区分": 3, "都道府県コード": 24, "市区町村コード": 202, "所在地": "三重県四日市市東坂部町１５２８番地", "緯度": 34.99963, "経度": 136.601418, "url": "https://www.iryou.teikyouseido.mhlw.go.jp/znk-web/juminkanja/S2430/initialize?prefCd=24&kikanCd=3240009390&kikanKbn=3", "url2": "http://www.nakao-implantcenter.jp", "内容": "医療法人良友会　中尾歯科【3:歯科】三重県四日市市東坂部町１５２８番地" }, "geometry": { "type": "Point", "coordinates": [ 136.601418, 34.99963 ] } },
{ "type": "Feature", "properties": { "ID": 2433240009400, "正式名称": "医療法人　たなか歯科　一身田診療所", "機関区分": 3, "都道府県コード": 24, "市区町村コード": 201, "所在地": "三重県津市一身田町２２１－４", "緯度": 34.763487, "経度": 136.508992, "url": "https://www.iryou.teikyouseido.mhlw.go.jp/znk-web/juminkanja/S2430/initialize?prefCd=24&kikanCd=3240009400&kikanKbn=3", "url2": "https://tanakashikaisshinden.com", "内容": "医療法人　たなか歯科　一身田診療所【3:歯科】三重県津市一身田町２２１－４" }, "geometry": { "type": "Point", "coordinates": [ 136.508992, 34.763487 ] } },
{ "type": "Feature", "properties": { "ID": 2433240009430, "正式名称": "なおみ歯科", "機関区分": 3, "都道府県コード": 24, "市区町村コード": 443, "所在地": "三重県多気郡大台町佐原８４４－１", "緯度": 34.392969, "経度": 136.405712, "url": "https://www.iryou.teikyouseido.mhlw.go.jp/znk-web/juminkanja/S2430/initialize?prefCd=24&kikanCd=3240009430&kikanKbn=3", "url2": null, "内容": "なおみ歯科【3:歯科】三重県多気郡大台町佐原８４４－１" }, "geometry": { "type": "Point", "coordinates": [ 136.405712, 34.392969 ] } },
{ "type": "Feature", "properties": { "ID": 2433240009440, "正式名称": "たなか歯科", "機関区分": 3, "都道府県コード": 24, "市区町村コード": 207, "所在地": "三重県鈴鹿市岡田町１２０２－３", "緯度": 34.885224, "経度": 136.54965, "url": "https://www.iryou.teikyouseido.mhlw.go.jp/znk-web/juminkanja/S2430/initialize?prefCd=24&kikanCd=3240009440&kikanKbn=3", "url2": "http://www.tanakasika.net", "内容": "たなか歯科【3:歯科】三重県鈴鹿市岡田町１２０２－３" }, "geometry": { "type": "Point", "coordinates": [ 136.54965, 34.885224 ] } },
{ "type": "Feature", "properties": { "ID": 2433240009450, "正式名称": "みなみがおか歯科・矯正歯科", "機関区分": 3, "都道府県コード": 24, "市区町村コード": 201, "所在地": "三重県津市垂水１２４７－６", "緯度": 34.6874, "経度": 136.504497, "url": "https://www.iryou.teikyouseido.mhlw.go.jp/znk-web/juminkanja/S2430/initialize?prefCd=24&kikanCd=3240009450&kikanKbn=3", "url2": "www.minamigaoka-dental.com", "内容": "みなみがおか歯科・矯正歯科【3:歯科】三重県津市垂水１２４７－６" }, "geometry": { "type": "Point", "coordinates": [ 136.504497, 34.6874 ] } },
{ "type": "Feature", "properties": { "ID": 2433240009460, "正式名称": "おくの歯科クリニック", "機関区分": 3, "都道府県コード": 24, "市区町村コード": 203, "所在地": "三重県伊勢市黒瀬町１３３番地", "緯度": 34.496269, "経度": 136.729514, "url": "https://www.iryou.teikyouseido.mhlw.go.jp/znk-web/juminkanja/S2430/initialize?prefCd=24&kikanCd=3240009460&kikanKbn=3", "url2": "http://www.ise-odc.com", "内容": "おくの歯科クリニック【3:歯科】三重県伊勢市黒瀬町１３３番地" }, "geometry": { "type": "Point", "coordinates": [ 136.729514, 34.496269 ] } },
{ "type": "Feature", "properties": { "ID": 2433240009470, "正式名称": "たかまち歯科クリニック", "機関区分": 3, "都道府県コード": 24, "市区町村コード": 204, "所在地": "三重県松阪市高町１９２－１０", "緯度": 34.579674, "経度": 136.549442, "url": "https://www.iryou.teikyouseido.mhlw.go.jp/znk-web/juminkanja/S2430/initialize?prefCd=24&kikanCd=3240009470&kikanKbn=3", "url2": null, "内容": "たかまち歯科クリニック【3:歯科】三重県松阪市高町１９２－１０" }, "geometry": { "type": "Point", "coordinates": [ 136.549442, 34.579674 ] } },
{ "type": "Feature", "properties": { "ID": 2433240009490, "正式名称": "ナカノ歯科クリニック", "機関区分": 3, "都道府県コード": 24, "市区町村コード": 201, "所在地": "三重県津市観音寺町４４６－６８　中野ビル１Ｆ", "緯度": 34.727713, "経度": 136.503244, "url": "https://www.iryou.teikyouseido.mhlw.go.jp/znk-web/juminkanja/S2430/initialize?prefCd=24&kikanCd=3240009490&kikanKbn=3", "url2": "http://www.dc-nakano.jp/", "内容": "ナカノ歯科クリニック【3:歯科】三重県津市観音寺町４４６－６８　中野ビル１Ｆ" }, "geometry": { "type": "Point", "coordinates": [ 136.503244, 34.727713 ] } },
{ "type": "Feature", "properties": { "ID": 2433240009500, "正式名称": "なかにし歯科クリニック", "機関区分": 3, "都道府県コード": 24, "市区町村コード": 461, "所在地": "三重県度会郡玉城町佐田１８２６－１", "緯度": 34.48588, "経度": 136.644799, "url": "https://www.iryou.teikyouseido.mhlw.go.jp/znk-web/juminkanja/S2430/initialize?prefCd=24&kikanCd=3240009500&kikanKbn=3", "url2": "http://www.nakanishi-dc.net", "内容": "なかにし歯科クリニック【3:歯科】三重県度会郡玉城町佐田１８２６－１" }, "geometry": { "type": "Point", "coordinates": [ 136.644799, 34.48588 ] } },
{ "type": "Feature", "properties": { "ID": 2433240009540, "正式名称": "ぶらん歯科", "機関区分": 3, "都道府県コード": 24, "市区町村コード": 204, "所在地": "三重県松阪市垣鼻町４５５－７", "緯度": 34.566397, "経度": 136.535555, "url": "https://www.iryou.teikyouseido.mhlw.go.jp/znk-web/juminkanja/S2430/initialize?prefCd=24&kikanCd=3240009540&kikanKbn=3", "url2": null, "内容": "ぶらん歯科【3:歯科】三重県松阪市垣鼻町４５５－７" }, "geometry": { "type": "Point", "coordinates": [ 136.535555, 34.566397 ] } },
{ "type": "Feature", "properties": { "ID": 2433240009550, "正式名称": "やまぐちデンタルクリニック", "機関区分": 3, "都道府県コード": 24, "市区町村コード": 215, "所在地": "三重県志摩市阿児町国府２８５３－２", "緯度": 34.337316, "経度": 136.874287, "url": "https://www.iryou.teikyouseido.mhlw.go.jp/znk-web/juminkanja/S2430/initialize?prefCd=24&kikanCd=3240009550&kikanKbn=3", "url2": null, "内容": "やまぐちデンタルクリニック【3:歯科】三重県志摩市阿児町国府２８５３－２" }, "geometry": { "type": "Point", "coordinates": [ 136.874287, 34.337316 ] } },
{ "type": "Feature", "properties": { "ID": 2433240009570, "正式名称": "やまて通りデンタルクリニック", "機関区分": 3, "都道府県コード": 24, "市区町村コード": 202, "所在地": "三重県四日市市山手町３３０８－１", "緯度": 34.992242, "経度": 136.623833, "url": "https://www.iryou.teikyouseido.mhlw.go.jp/znk-web/juminkanja/S2430/initialize?prefCd=24&kikanCd=3240009570&kikanKbn=3", "url2": "http://www.yamatedori-dc.com", "内容": "やまて通りデンタルクリニック【3:歯科】三重県四日市市山手町３３０８－１" }, "geometry": { "type": "Point", "coordinates": [ 136.623833, 34.992242 ] } },
{ "type": "Feature", "properties": { "ID": 2433240009580, "正式名称": "さかのデンタルクリニック", "機関区分": 3, "都道府県コード": 24, "市区町村コード": 344, "所在地": "三重県三重郡川越町豊田一色１７９番５", "緯度": 35.022101, "経度": 136.672467, "url": "https://www.iryou.teikyouseido.mhlw.go.jp/znk-web/juminkanja/S2430/initialize?prefCd=24&kikanCd=3240009580&kikanKbn=3", "url2": "http://www.sakano-dental.com", "内容": "さかのデンタルクリニック【3:歯科】三重県三重郡川越町豊田一色１７９番５" }, "geometry": { "type": "Point", "coordinates": [ 136.672467, 35.022101 ] } },
{ "type": "Feature", "properties": { "ID": 2433240009590, "正式名称": "なべしま歯科", "機関区分": 3, "都道府県コード": 24, "市区町村コード": 215, "所在地": "三重県志摩市浜島町浜島８５８", "緯度": 34.296097, "経度": 136.755271, "url": "https://www.iryou.teikyouseido.mhlw.go.jp/znk-web/juminkanja/S2430/initialize?prefCd=24&kikanCd=3240009590&kikanKbn=3", "url2": null, "内容": "なべしま歯科【3:歯科】三重県志摩市浜島町浜島８５８" }, "geometry": { "type": "Point", "coordinates": [ 136.755271, 34.296097 ] } },
{ "type": "Feature", "properties": { "ID": 2433240009600, "正式名称": "こう歯科", "機関区分": 3, "都道府県コード": 24, "市区町村コード": 201, "所在地": "三重県津市久居明神町２０９９－１", "緯度": 34.687605, "経度": 136.463472, "url": "https://www.iryou.teikyouseido.mhlw.go.jp/znk-web/juminkanja/S2430/initialize?prefCd=24&kikanCd=3240009600&kikanKbn=3", "url2": "http://www.Kou-shika.com", "内容": "こう歯科【3:歯科】三重県津市久居明神町２０９９－１" }, "geometry": { "type": "Point", "coordinates": [ 136.463472, 34.687605 ] } },
{ "type": "Feature", "properties": { "ID": 2433240009610, "正式名称": "あい歯科クリニック", "機関区分": 3, "都道府県コード": 24, "市区町村コード": 201, "所在地": "三重県津市殿村４４５－１", "緯度": 34.720185, "経度": 136.465692, "url": "https://www.iryou.teikyouseido.mhlw.go.jp/znk-web/juminkanja/S2430/initialize?prefCd=24&kikanCd=3240009610&kikanKbn=3", "url2": "http://www.aishika-tsu.com", "内容": "あい歯科クリニック【3:歯科】三重県津市殿村４４５－１" }, "geometry": { "type": "Point", "coordinates": [ 136.465692, 34.720185 ] } },
{ "type": "Feature", "properties": { "ID": 2433240009620, "正式名称": "いちかわ歯科クリニック", "機関区分": 3, "都道府県コード": 24, "市区町村コード": 202, "所在地": "三重県四日市市中川原１丁目６２１－３", "緯度": 34.968939, "経度": 136.602086, "url": "https://www.iryou.teikyouseido.mhlw.go.jp/znk-web/juminkanja/S2430/initialize?prefCd=24&kikanCd=3240009620&kikanKbn=3", "url2": "http://ichikawadc.com/", "内容": "いちかわ歯科クリニック【3:歯科】三重県四日市市中川原１丁目６２１－３" }, "geometry": { "type": "Point", "coordinates": [ 136.602086, 34.968939 ] } },
{ "type": "Feature", "properties": { "ID": 2433240009630, "正式名称": "いしだ歯科クリニック", "機関区分": 3, "都道府県コード": 24, "市区町村コード": 208, "所在地": "三重県名張市桔梗が丘３番町２－２０", "緯度": 34.644576, "経度": 136.116919, "url": "https://www.iryou.teikyouseido.mhlw.go.jp/znk-web/juminkanja/S2430/initialize?prefCd=24&kikanCd=3240009630&kikanKbn=3", "url2": "http://www.ishida-dc-kikyo.com", "内容": "いしだ歯科クリニック【3:歯科】三重県名張市桔梗が丘３番町２－２０" }, "geometry": { "type": "Point", "coordinates": [ 136.116919, 34.644576 ] } },
{ "type": "Feature", "properties": { "ID": 2433240009640, "正式名称": "シルク歯科クリニック", "機関区分": 3, "都道府県コード": 24, "市区町村コード": 208, "所在地": "三重県名張市希央台５番町１９号　なばりえ１Ｆ", "緯度": 34.624494, "経度": 136.098755, "url": "https://www.iryou.teikyouseido.mhlw.go.jp/znk-web/juminkanja/S2430/initialize?prefCd=24&kikanCd=3240009640&kikanKbn=3", "url2": null, "内容": "シルク歯科クリニック【3:歯科】三重県名張市希央台５番町１９号　なばりえ１Ｆ" }, "geometry": { "type": "Point", "coordinates": [ 136.098755, 34.624494 ] } },
{ "type": "Feature", "properties": { "ID": 2433240009650, "正式名称": "たか歯科クリニック", "機関区分": 3, "都道府県コード": 24, "市区町村コード": 205, "所在地": "三重県桑名市太一丸６８７－１　バロー桑名東店１Ｆ", "緯度": 35.069624, "経度": 136.690713, "url": "https://www.iryou.teikyouseido.mhlw.go.jp/znk-web/juminkanja/S2430/initialize?prefCd=24&kikanCd=3240009650&kikanKbn=3", "url2": null, "内容": "たか歯科クリニック【3:歯科】三重県桑名市太一丸６８７－１　バロー桑名東店１Ｆ" }, "geometry": { "type": "Point", "coordinates": [ 136.690713, 35.069624 ] } },
{ "type": "Feature", "properties": { "ID": 2433240009660, "正式名称": "ふくい歯科クリニック", "機関区分": 3, "都道府県コード": 24, "市区町村コード": 203, "所在地": "三重県伊勢市神久３丁目１－３５", "緯度": 34.493269, "経度": 136.719209, "url": "https://www.iryou.teikyouseido.mhlw.go.jp/znk-web/juminkanja/S2430/initialize?prefCd=24&kikanCd=3240009660&kikanKbn=3", "url2": "http://291dc.com/", "内容": "ふくい歯科クリニック【3:歯科】三重県伊勢市神久３丁目１－３５" }, "geometry": { "type": "Point", "coordinates": [ 136.719209, 34.493269 ] } },
{ "type": "Feature", "properties": { "ID": 2433240009680, "正式名称": "岡田歯科", "機関区分": 3, "都道府県コード": 24, "市区町村コード": 207, "所在地": "三重県鈴鹿市加佐登３丁目１１－６", "緯度": 34.892779, "経度": 136.527929, "url": "https://www.iryou.teikyouseido.mhlw.go.jp/znk-web/juminkanja/S2430/initialize?prefCd=24&kikanCd=3240009680&kikanKbn=3", "url2": "http://www.okadadental.net", "内容": "岡田歯科【3:歯科】三重県鈴鹿市加佐登３丁目１１－６" }, "geometry": { "type": "Point", "coordinates": [ 136.527929, 34.892779 ] } },
{ "type": "Feature", "properties": { "ID": 2433240009690, "正式名称": "かわち歯科クリニック", "機関区分": 3, "都道府県コード": 24, "市区町村コード": 205, "所在地": "三重県桑名市新西方３丁目１３８", "緯度": 35.074789, "経度": 136.657688, "url": "https://www.iryou.teikyouseido.mhlw.go.jp/znk-web/juminkanja/S2430/initialize?prefCd=24&kikanCd=3240009690&kikanKbn=3", "url2": "http://www.kuwana-sougou.com/", "内容": "かわち歯科クリニック【3:歯科】三重県桑名市新西方３丁目１３８" }, "geometry": { "type": "Point", "coordinates": [ 136.657688, 35.074789 ] } },
{ "type": "Feature", "properties": { "ID": 2433240009700, "正式名称": "林歯科医院", "機関区分": 3, "都道府県コード": 24, "市区町村コード": 207, "所在地": "三重県鈴鹿市末広北２－８－２０", "緯度": 34.861783, "経度": 136.559622, "url": "https://www.iryou.teikyouseido.mhlw.go.jp/znk-web/juminkanja/S2430/initialize?prefCd=24&kikanCd=3240009700&kikanKbn=3", "url2": "http://www5.hp-ez.com/hp/hdc", "内容": "林歯科医院【3:歯科】三重県鈴鹿市末広北２－８－２０" }, "geometry": { "type": "Point", "coordinates": [ 136.559622, 34.861783 ] } },
{ "type": "Feature", "properties": { "ID": 2433240009720, "正式名称": "はなデンタルクリニック", "機関区分": 3, "都道府県コード": 24, "市区町村コード": 209, "所在地": "三重県尾鷲市上野町６－７鈴ビル２Ｆ", "緯度": 34.069444, "経度": 136.187773, "url": "https://www.iryou.teikyouseido.mhlw.go.jp/znk-web/juminkanja/S2430/initialize?prefCd=24&kikanCd=3240009720&kikanKbn=3", "url2": null, "内容": "はなデンタルクリニック【3:歯科】三重県尾鷲市上野町６－７鈴ビル２Ｆ" }, "geometry": { "type": "Point", "coordinates": [ 136.187773, 34.069444 ] } },
{ "type": "Feature", "properties": { "ID": 2433240009730, "正式名称": "とも歯科クリニック", "機関区分": 3, "都道府県コード": 24, "市区町村コード": 201, "所在地": "三重県津市白塚町北永定２２８８－１", "緯度": 34.765237, "経度": 136.534434, "url": "https://www.iryou.teikyouseido.mhlw.go.jp/znk-web/juminkanja/S2430/initialize?prefCd=24&kikanCd=3240009730&kikanKbn=3", "url2": "http://www.tomoshika.jp", "内容": "とも歯科クリニック【3:歯科】三重県津市白塚町北永定２２８８－１" }, "geometry": { "type": "Point", "coordinates": [ 136.534434, 34.765237 ] } },
{ "type": "Feature", "properties": { "ID": 2433240009740, "正式名称": "かわいまち歯科口腔医院", "機関区分": 3, "都道府県コード": 24, "市区町村コード": 204, "所在地": "三重県松阪市川井町９１０－１", "緯度": 34.582839, "経度": 136.5215, "url": "https://www.iryou.teikyouseido.mhlw.go.jp/znk-web/juminkanja/S2430/initialize?prefCd=24&kikanCd=3240009740&kikanKbn=3", "url2": "https://kawaimachi.main.jp/", "内容": "かわいまち歯科口腔医院【3:歯科】三重県松阪市川井町９１０－１" }, "geometry": { "type": "Point", "coordinates": [ 136.5215, 34.582839 ] } },
{ "type": "Feature", "properties": { "ID": 2433240009780, "正式名称": "松井歯科医院", "機関区分": 3, "都道府県コード": 24, "市区町村コード": 203, "所在地": "三重県伊勢市八日市場町９－１３", "緯度": 34.490464, "経度": 136.701017, "url": "https://www.iryou.teikyouseido.mhlw.go.jp/znk-web/juminkanja/S2430/initialize?prefCd=24&kikanCd=3240009780&kikanKbn=3", "url2": null, "内容": "松井歯科医院【3:歯科】三重県伊勢市八日市場町９－１３" }, "geometry": { "type": "Point", "coordinates": [ 136.701017, 34.490464 ] } },
{ "type": "Feature", "properties": { "ID": 2433240009790, "正式名称": "長井歯科旭が丘クリニック", "機関区分": 3, "都道府県コード": 24, "市区町村コード": 207, "所在地": "三重県鈴鹿市東旭が丘１丁目３－１０", "緯度": 34.849173, "経度": 136.572539, "url": "https://www.iryou.teikyouseido.mhlw.go.jp/znk-web/juminkanja/S2430/initialize?prefCd=24&kikanCd=3240009790&kikanKbn=3", "url2": "http://www.nagai-dental.info/", "内容": "長井歯科旭が丘クリニック【3:歯科】三重県鈴鹿市東旭が丘１丁目３－１０" }, "geometry": { "type": "Point", "coordinates": [ 136.572539, 34.849173 ] } },
{ "type": "Feature", "properties": { "ID": 2433240009800, "正式名称": "堀デンタルクリニック", "機関区分": 3, "都道府県コード": 24, "市区町村コード": 210, "所在地": "三重県亀山市東台町１－１４", "緯度": 34.855476, "経度": 136.458187, "url": "https://www.iryou.teikyouseido.mhlw.go.jp/znk-web/juminkanja/S2430/initialize?prefCd=24&kikanCd=3240009800&kikanKbn=3", "url2": "http://www.hori-dentalclinic.com", "内容": "堀デンタルクリニック【3:歯科】三重県亀山市東台町１－１４" }, "geometry": { "type": "Point", "coordinates": [ 136.458187, 34.855476 ] } },
{ "type": "Feature", "properties": { "ID": 2433240009810, "正式名称": "はしもと歯科クリニック", "機関区分": 3, "都道府県コード": 24, "市区町村コード": 442, "所在地": "三重県多気郡明和町佐田２５４８－１３", "緯度": 34.561177, "経度": 136.63063, "url": "https://www.iryou.teikyouseido.mhlw.go.jp/znk-web/juminkanja/S2430/initialize?prefCd=24&kikanCd=3240009810&kikanKbn=3", "url2": "http://www.hashimoto-shikaclinic.jp/", "内容": "はしもと歯科クリニック【3:歯科】三重県多気郡明和町佐田２５４８－１３" }, "geometry": { "type": "Point", "coordinates": [ 136.63063, 34.561177 ] } },
{ "type": "Feature", "properties": { "ID": 2433240009820, "正式名称": "しもさと歯科クリニック", "機関区分": 3, "都道府県コード": 24, "市区町村コード": 442, "所在地": "三重県多気郡明和町馬之上１１８１－１", "緯度": 34.548206, "経度": 136.62502, "url": "https://www.iryou.teikyouseido.mhlw.go.jp/znk-web/juminkanja/S2430/initialize?prefCd=24&kikanCd=3240009820&kikanKbn=3", "url2": "http://www.shimosato.pro/", "内容": "しもさと歯科クリニック【3:歯科】三重県多気郡明和町馬之上１１８１－１" }, "geometry": { "type": "Point", "coordinates": [ 136.62502, 34.548206 ] } },
{ "type": "Feature", "properties": { "ID": 2433240009830, "正式名称": "みやざわ歯科医院", "機関区分": 3, "都道府県コード": 24, "市区町村コード": 324, "所在地": "三重県員弁郡東員町鳥取大華表２７６番１", "緯度": 35.085259, "経度": 136.583249, "url": "https://www.iryou.teikyouseido.mhlw.go.jp/znk-web/juminkanja/S2430/initialize?prefCd=24&kikanCd=3240009830&kikanKbn=3", "url2": "http://www.miyazawa-dc.jp/", "内容": "みやざわ歯科医院【3:歯科】三重県員弁郡東員町鳥取大華表２７６番１" }, "geometry": { "type": "Point", "coordinates": [ 136.583249, 35.085259 ] } },
{ "type": "Feature", "properties": { "ID": 2433240009850, "正式名称": "みずほクローバー歯科", "機関区分": 3, "都道府県コード": 24, "市区町村コード": 210, "所在地": "三重県亀山市関町木崎字北野９２７－１", "緯度": 34.855558, "経度": 136.391303, "url": "https://www.iryou.teikyouseido.mhlw.go.jp/znk-web/juminkanja/S2430/initialize?prefCd=24&kikanCd=3240009850&kikanKbn=3", "url2": null, "内容": "みずほクローバー歯科【3:歯科】三重県亀山市関町木崎字北野９２７－１" }, "geometry": { "type": "Point", "coordinates": [ 136.391303, 34.855558 ] } },
{ "type": "Feature", "properties": { "ID": 2433240009860, "正式名称": "いちば歯科", "機関区分": 3, "都道府県コード": 24, "市区町村コード": 207, "所在地": "三重県鈴鹿市長太栄町３丁目１７－２０", "緯度": 34.890586, "経度": 136.631865, "url": "https://www.iryou.teikyouseido.mhlw.go.jp/znk-web/juminkanja/S2430/initialize?prefCd=24&kikanCd=3240009860&kikanKbn=3", "url2": null, "内容": "いちば歯科【3:歯科】三重県鈴鹿市長太栄町３丁目１７－２０" }, "geometry": { "type": "Point", "coordinates": [ 136.631865, 34.890586 ] } },
{ "type": "Feature", "properties": { "ID": 2433240009870, "正式名称": "藤井歯科医院", "機関区分": 3, "都道府県コード": 24, "市区町村コード": 204, "所在地": "三重県松阪市飯高町宮前中切２７０－１", "緯度": 34.427295, "経度": 136.330235, "url": "https://www.iryou.teikyouseido.mhlw.go.jp/znk-web/juminkanja/S2430/initialize?prefCd=24&kikanCd=3240009870&kikanKbn=3", "url2": null, "内容": "藤井歯科医院【3:歯科】三重県松阪市飯高町宮前中切２７０－１" }, "geometry": { "type": "Point", "coordinates": [ 136.330235, 34.427295 ] } },
{ "type": "Feature", "properties": { "ID": 2433240009880, "正式名称": "伊勢市休日・夜間応急診療所", "機関区分": 3, "都道府県コード": 24, "市区町村コード": 203, "所在地": "三重県伊勢市八日市場町１３－１", "緯度": 34.489797, "経度": 136.699045, "url": "https://www.iryou.teikyouseido.mhlw.go.jp/znk-web/juminkanja/S2430/initialize?prefCd=24&kikanCd=3240009880&kikanKbn=3", "url2": null, "内容": "伊勢市休日・夜間応急診療所【3:歯科】三重県伊勢市八日市場町１３－１" }, "geometry": { "type": "Point", "coordinates": [ 136.699045, 34.489797 ] } },
{ "type": "Feature", "properties": { "ID": 2433240009890, "正式名称": "長井歯科", "機関区分": 3, "都道府県コード": 24, "市区町村コード": 207, "所在地": "三重県鈴鹿市寺家５－２３－２１", "緯度": 34.825287, "経度": 136.582094, "url": "https://www.iryou.teikyouseido.mhlw.go.jp/znk-web/juminkanja/S2430/initialize?prefCd=24&kikanCd=3240009890&kikanKbn=3", "url2": "https://www.suzuka-nagai-dc.com", "内容": "長井歯科【3:歯科】三重県鈴鹿市寺家５－２３－２１" }, "geometry": { "type": "Point", "coordinates": [ 136.582094, 34.825287 ] } },
{ "type": "Feature", "properties": { "ID": 2433240009910, "正式名称": "北川歯科医院", "機関区分": 3, "都道府県コード": 24, "市区町村コード": 201, "所在地": "三重県津市八町１－２－３", "緯度": 34.717352, "経度": 136.499106, "url": "https://www.iryou.teikyouseido.mhlw.go.jp/znk-web/juminkanja/S2430/initialize?prefCd=24&kikanCd=3240009910&kikanKbn=3", "url2": "http://www.kitagawa-dc.jp/", "内容": "北川歯科医院【3:歯科】三重県津市八町１－２－３" }, "geometry": { "type": "Point", "coordinates": [ 136.499106, 34.717352 ] } },
{ "type": "Feature", "properties": { "ID": 2433240009920, "正式名称": "ＴＮデンタルクリニック", "機関区分": 3, "都道府県コード": 24, "市区町村コード": 205, "所在地": "三重県桑名市江場１５５２－１", "緯度": 35.05457, "経度": 136.68277, "url": "https://www.iryou.teikyouseido.mhlw.go.jp/znk-web/juminkanja/S2430/initialize?prefCd=24&kikanCd=3240009920&kikanKbn=3", "url2": "http://tn-dental.com", "内容": "ＴＮデンタルクリニック【3:歯科】三重県桑名市江場１５５２－１" }, "geometry": { "type": "Point", "coordinates": [ 136.68277, 35.05457 ] } },
{ "type": "Feature", "properties": { "ID": 2433240009960, "正式名称": "きりん歯科", "機関区分": 3, "都道府県コード": 24, "市区町村コード": 202, "所在地": "三重県四日市市平津新町２６０－３６２ハートヒル平津", "緯度": 35.023877, "経度": 136.622221, "url": "https://www.iryou.teikyouseido.mhlw.go.jp/znk-web/juminkanja/S2430/initialize?prefCd=24&kikanCd=3240009960&kikanKbn=3", "url2": null, "内容": "きりん歯科【3:歯科】三重県四日市市平津新町２６０－３６２ハートヒル平津" }, "geometry": { "type": "Point", "coordinates": [ 136.622221, 35.023877 ] } },
{ "type": "Feature", "properties": { "ID": 2433240009970, "正式名称": "みやた歯科クリニック", "機関区分": 3, "都道府県コード": 24, "市区町村コード": 205, "所在地": "三重県桑名市多度町多度８５４－２", "緯度": 35.135144, "経度": 136.633854, "url": "https://www.iryou.teikyouseido.mhlw.go.jp/znk-web/juminkanja/S2430/initialize?prefCd=24&kikanCd=3240009970&kikanKbn=3", "url2": "http://www.miyatashika.jp/", "内容": "みやた歯科クリニック【3:歯科】三重県桑名市多度町多度８５４－２" }, "geometry": { "type": "Point", "coordinates": [ 136.633854, 35.135144 ] } },
{ "type": "Feature", "properties": { "ID": 2433240009980, "正式名称": "きたか歯科", "機関区分": 3, "都道府県コード": 24, "市区町村コード": 205, "所在地": "三重県桑名市福島新町１６番", "緯度": 35.077012, "経度": 136.683158, "url": "https://www.iryou.teikyouseido.mhlw.go.jp/znk-web/juminkanja/S2430/initialize?prefCd=24&kikanCd=3240009980&kikanKbn=3", "url2": "http://www.kitaka-dental.com/", "内容": "きたか歯科【3:歯科】三重県桑名市福島新町１６番" }, "geometry": { "type": "Point", "coordinates": [ 136.683158, 35.077012 ] } },
{ "type": "Feature", "properties": { "ID": 2433240009990, "正式名称": "医療法人フルーツ", "機関区分": 3, "都道府県コード": 24, "市区町村コード": 208, "所在地": "三重県名張市瀬古口１３４番地の２　ハートアイランド", "緯度": 34.614523, "経度": 136.087062, "url": "https://www.iryou.teikyouseido.mhlw.go.jp/znk-web/juminkanja/S2430/initialize?prefCd=24&kikanCd=3240009990&kikanKbn=3", "url2": "http://www.olive-fruit.com", "内容": "医療法人フルーツ【3:歯科】三重県名張市瀬古口１３４番地の２　ハートアイランド" }, "geometry": { "type": "Point", "coordinates": [ 136.087062, 34.614523 ] } },
{ "type": "Feature", "properties": { "ID": 2433240010010, "正式名称": "こむらデンタルクリニック", "機関区分": 3, "都道府県コード": 24, "市区町村コード": 204, "所在地": "三重県松阪市船江町４７１－１", "緯度": 34.585339, "経度": 136.518611, "url": "https://www.iryou.teikyouseido.mhlw.go.jp/znk-web/juminkanja/S2430/initialize?prefCd=24&kikanCd=3240010010&kikanKbn=3", "url2": "https://komura-dc.com/", "内容": "こむらデンタルクリニック【3:歯科】三重県松阪市船江町４７１－１" }, "geometry": { "type": "Point", "coordinates": [ 136.518611, 34.585339 ] } },
{ "type": "Feature", "properties": { "ID": 2433240010020, "正式名称": "かめやま歯科口腔クリニック", "機関区分": 3, "都道府県コード": 24, "市区町村コード": 210, "所在地": "三重県亀山市和田町１４４８番３１８", "緯度": 34.858393, "経度": 136.474269, "url": "https://www.iryou.teikyouseido.mhlw.go.jp/znk-web/juminkanja/S2430/initialize?prefCd=24&kikanCd=3240010020&kikanKbn=3", "url2": "http://kameyama-dc.com/", "内容": "かめやま歯科口腔クリニック【3:歯科】三重県亀山市和田町１４４８番３１８" }, "geometry": { "type": "Point", "coordinates": [ 136.474269, 34.858393 ] } },
{ "type": "Feature", "properties": { "ID": 2433240010030, "正式名称": "ふかだ歯科医院", "機関区分": 3, "都道府県コード": 24, "市区町村コード": 201, "所在地": "三重県津市一身田大古曽６９０－２", "緯度": 34.756237, "経度": 136.494772, "url": "https://www.iryou.teikyouseido.mhlw.go.jp/znk-web/juminkanja/S2430/initialize?prefCd=24&kikanCd=3240010030&kikanKbn=3", "url2": "http://www.fukada-dc.com", "内容": "ふかだ歯科医院【3:歯科】三重県津市一身田大古曽６９０－２" }, "geometry": { "type": "Point", "coordinates": [ 136.494772, 34.756237 ] } },
{ "type": "Feature", "properties": { "ID": 2433240010050, "正式名称": "アットホーム菰野歯科医院", "機関区分": 3, "都道府県コード": 24, "市区町村コード": 341, "所在地": "三重県三重郡菰野町宿野３５７　イオンタウン菰野内", "緯度": 35.005628, "経度": 136.529868, "url": "https://www.iryou.teikyouseido.mhlw.go.jp/znk-web/juminkanja/S2430/initialize?prefCd=24&kikanCd=3240010050&kikanKbn=3", "url2": "https://athome-komono.com/", "内容": "アットホーム菰野歯科医院【3:歯科】三重県三重郡菰野町宿野３５７　イオンタウン菰野内" }, "geometry": { "type": "Point", "coordinates": [ 136.529868, 35.005628 ] } },
{ "type": "Feature", "properties": { "ID": 2433240010080, "正式名称": "アスト津デンタルオフィス", "機関区分": 3, "都道府県コード": 24, "市区町村コード": 201, "所在地": "三重県津市羽所町７００アスト津２Ｆ", "緯度": 34.735017, "経度": 136.510938, "url": "https://www.iryou.teikyouseido.mhlw.go.jp/znk-web/juminkanja/S2430/initialize?prefCd=24&kikanCd=3240010080&kikanKbn=3", "url2": "http://www.ust-dent.jp", "内容": "アスト津デンタルオフィス【3:歯科】三重県津市羽所町７００アスト津２Ｆ" }, "geometry": { "type": "Point", "coordinates": [ 136.510938, 34.735017 ] } },
{ "type": "Feature", "properties": { "ID": 2433240010090, "正式名称": "ひさいインター歯科", "機関区分": 3, "都道府県コード": 24, "市区町村コード": 201, "所在地": "三重県津市久居明神町２５２２", "緯度": 34.683467, "経度": 136.466777, "url": "https://www.iryou.teikyouseido.mhlw.go.jp/znk-web/juminkanja/S2430/initialize?prefCd=24&kikanCd=3240010090&kikanKbn=3", "url2": "hisai-dental.com", "内容": "ひさいインター歯科【3:歯科】三重県津市久居明神町２５２２" }, "geometry": { "type": "Point", "coordinates": [ 136.466777, 34.683467 ] } },
{ "type": "Feature", "properties": { "ID": 2433240010100, "正式名称": "医療法人陽だまり会おおかわ歯科クリニック", "機関区分": 3, "都道府県コード": 24, "市区町村コード": 201, "所在地": "三重県津市河芸町中別保１８６－１", "緯度": 34.784763, "経度": 136.544683, "url": "https://www.iryou.teikyouseido.mhlw.go.jp/znk-web/juminkanja/S2430/initialize?prefCd=24&kikanCd=3240010100&kikanKbn=3", "url2": "http://www.okawa-dentalclinic.com/", "内容": "医療法人陽だまり会おおかわ歯科クリニック【3:歯科】三重県津市河芸町中別保１８６－１" }, "geometry": { "type": "Point", "coordinates": [ 136.544683, 34.784763 ] } },
{ "type": "Feature", "properties": { "ID": 2433240010120, "正式名称": "ゆう歯科クリニック", "機関区分": 3, "都道府県コード": 24, "市区町村コード": 204, "所在地": "三重県松阪市肥留町１９２－１０", "緯度": 34.642666, "経度": 136.507248, "url": "https://www.iryou.teikyouseido.mhlw.go.jp/znk-web/juminkanja/S2430/initialize?prefCd=24&kikanCd=3240010120&kikanKbn=3", "url2": null, "内容": "ゆう歯科クリニック【3:歯科】三重県松阪市肥留町１９２－１０" }, "geometry": { "type": "Point", "coordinates": [ 136.507248, 34.642666 ] } },
{ "type": "Feature", "properties": { "ID": 2433240010130, "正式名称": "おかむら歯科医院", "機関区分": 3, "都道府県コード": 24, "市区町村コード": 201, "所在地": "三重県津市本町３２番１号", "緯度": 34.70977, "経度": 136.511744, "url": "https://www.iryou.teikyouseido.mhlw.go.jp/znk-web/juminkanja/S2430/initialize?prefCd=24&kikanCd=3240010130&kikanKbn=3", "url2": null, "内容": "おかむら歯科医院【3:歯科】三重県津市本町３２番１号" }, "geometry": { "type": "Point", "coordinates": [ 136.511744, 34.70977 ] } },
{ "type": "Feature", "properties": { "ID": 2433240010140, "正式名称": "津のまち矯正歯科", "機関区分": 3, "都道府県コード": 24, "市区町村コード": 201, "所在地": "三重県津市栄町四丁目５９９番地", "緯度": 34.733795, "経度": 136.512382, "url": "https://www.iryou.teikyouseido.mhlw.go.jp/znk-web/juminkanja/S2430/initialize?prefCd=24&kikanCd=3240010140&kikanKbn=3", "url2": "http://www.tsunomachi.jp", "内容": "津のまち矯正歯科【3:歯科】三重県津市栄町四丁目５９９番地" }, "geometry": { "type": "Point", "coordinates": [ 136.512382, 34.733795 ] } },
{ "type": "Feature", "properties": { "ID": 2433240010150, "正式名称": "医療法人重幹会　かわむら歯科", "機関区分": 3, "都道府県コード": 24, "市区町村コード": 207, "所在地": "三重県鈴鹿市加佐登２－２０－１", "緯度": 34.892779, "経度": 136.527929, "url": "https://www.iryou.teikyouseido.mhlw.go.jp/znk-web/juminkanja/S2430/initialize?prefCd=24&kikanCd=3240010150&kikanKbn=3", "url2": "http://www.kawamura-shika.com/", "内容": "医療法人重幹会　かわむら歯科【3:歯科】三重県鈴鹿市加佐登２－２０－１" }, "geometry": { "type": "Point", "coordinates": [ 136.527929, 34.892779 ] } },
{ "type": "Feature", "properties": { "ID": 2433240010160, "正式名称": "とく歯科", "機関区分": 3, "都道府県コード": 24, "市区町村コード": 201, "所在地": "三重県津市久居井戸山町１０９", "緯度": 34.671996, "経度": 136.484137, "url": "https://www.iryou.teikyouseido.mhlw.go.jp/znk-web/juminkanja/S2430/initialize?prefCd=24&kikanCd=3240010160&kikanKbn=3", "url2": "http://toku-dc.com", "内容": "とく歯科【3:歯科】三重県津市久居井戸山町１０９" }, "geometry": { "type": "Point", "coordinates": [ 136.484137, 34.671996 ] } },
{ "type": "Feature", "properties": { "ID": 2433240010170, "正式名称": "宮崎デンタルオフィス", "機関区分": 3, "都道府県コード": 24, "市区町村コード": 201, "所在地": "三重県津市広明町３４１", "緯度": 34.732712, "経度": 136.510244, "url": "https://www.iryou.teikyouseido.mhlw.go.jp/znk-web/juminkanja/S2430/initialize?prefCd=24&kikanCd=3240010170&kikanKbn=3", "url2": "https://www.miyazaki-dental.net/staff.html", "内容": "宮崎デンタルオフィス【3:歯科】三重県津市広明町３４１" }, "geometry": { "type": "Point", "coordinates": [ 136.510244, 34.732712 ] } },
{ "type": "Feature", "properties": { "ID": 2433240010190, "正式名称": "べっしょ歯科クリニック", "機関区分": 3, "都道府県コード": 24, "市区町村コード": 201, "所在地": "三重県津市南河路６６０－２", "緯度": 34.717658, "経度": 136.485968, "url": "https://www.iryou.teikyouseido.mhlw.go.jp/znk-web/juminkanja/S2430/initialize?prefCd=24&kikanCd=3240010190&kikanKbn=3", "url2": "http://bessho-dental.com/", "内容": "べっしょ歯科クリニック【3:歯科】三重県津市南河路６６０－２" }, "geometry": { "type": "Point", "coordinates": [ 136.485968, 34.717658 ] } },
{ "type": "Feature", "properties": { "ID": 2433240010200, "正式名称": "医療法人　昭友会　中嶋歯科医院", "機関区分": 3, "都道府県コード": 24, "市区町村コード": 201, "所在地": "三重県津市一身田上津部田１３３７－１２", "緯度": 34.740661, "経度": 136.501112, "url": "https://www.iryou.teikyouseido.mhlw.go.jp/znk-web/juminkanja/S2430/initialize?prefCd=24&kikanCd=3240010200&kikanKbn=3", "url2": "https://www.nakajima-dental.or.jp/", "内容": "医療法人　昭友会　中嶋歯科医院【3:歯科】三重県津市一身田上津部田１３３７－１２" }, "geometry": { "type": "Point", "coordinates": [ 136.501112, 34.740661 ] } },
{ "type": "Feature", "properties": { "ID": 2433240010210, "正式名称": "まとばデンタルクリニック", "機関区分": 3, "都道府県コード": 24, "市区町村コード": 207, "所在地": "三重県鈴鹿市白子町８１４１番地", "緯度": 34.840775, "経度": 136.583097, "url": "https://www.iryou.teikyouseido.mhlw.go.jp/znk-web/juminkanja/S2430/initialize?prefCd=24&kikanCd=3240010210&kikanKbn=3", "url2": "http://www.matoba-dc.com", "内容": "まとばデンタルクリニック【3:歯科】三重県鈴鹿市白子町８１４１番地" }, "geometry": { "type": "Point", "coordinates": [ 136.583097, 34.840775 ] } },
{ "type": "Feature", "properties": { "ID": 2433240010220, "正式名称": "宮川駅前歯科", "機関区分": 3, "都道府県コード": 24, "市区町村コード": 203, "所在地": "三重県伊勢市小俣町本町１８５－１", "緯度": 34.504267, "経度": 136.670852, "url": "https://www.iryou.teikyouseido.mhlw.go.jp/znk-web/juminkanja/S2430/initialize?prefCd=24&kikanCd=3240010220&kikanKbn=3", "url2": null, "内容": "宮川駅前歯科【3:歯科】三重県伊勢市小俣町本町１８５－１" }, "geometry": { "type": "Point", "coordinates": [ 136.670852, 34.504267 ] } },
{ "type": "Feature", "properties": { "ID": 2433240010240, "正式名称": "おおた歯科", "機関区分": 3, "都道府県コード": 24, "市区町村コード": 210, "所在地": "三重県亀山市川合町１１９４－２", "緯度": 34.869752, "経度": 136.471824, "url": "https://www.iryou.teikyouseido.mhlw.go.jp/znk-web/juminkanja/S2430/initialize?prefCd=24&kikanCd=3240010240&kikanKbn=3", "url2": "https://ota-shika.net/", "内容": "おおた歯科【3:歯科】三重県亀山市川合町１１９４－２" }, "geometry": { "type": "Point", "coordinates": [ 136.471824, 34.869752 ] } },
{ "type": "Feature", "properties": { "ID": 2433240010250, "正式名称": "白子小児歯科", "機関区分": 3, "都道府県コード": 24, "市区町村コード": 207, "所在地": "三重県鈴鹿市白子町２９７９－１", "緯度": 34.836591, "経度": 136.586705, "url": "https://www.iryou.teikyouseido.mhlw.go.jp/znk-web/juminkanja/S2430/initialize?prefCd=24&kikanCd=3240010250&kikanKbn=3", "url2": null, "内容": "白子小児歯科【3:歯科】三重県鈴鹿市白子町２９７９－１" }, "geometry": { "type": "Point", "coordinates": [ 136.586705, 34.836591 ] } },
{ "type": "Feature", "properties": { "ID": 2433240010260, "正式名称": "伊藤歯科医院", "機関区分": 3, "都道府県コード": 24, "市区町村コード": 210, "所在地": "三重県亀山市関町木崎７６９－１", "緯度": 34.854565, "経度": 136.394295, "url": "https://www.iryou.teikyouseido.mhlw.go.jp/znk-web/juminkanja/S2430/initialize?prefCd=24&kikanCd=3240010260&kikanKbn=3", "url2": null, "内容": "伊藤歯科医院【3:歯科】三重県亀山市関町木崎７６９－１" }, "geometry": { "type": "Point", "coordinates": [ 136.394295, 34.854565 ] } },
{ "type": "Feature", "properties": { "ID": 2433240010270, "正式名称": "スズキ歯科医院", "機関区分": 3, "都道府県コード": 24, "市区町村コード": 202, "所在地": "三重県四日市市浜田町７－１３－２", "緯度": 34.963134, "経度": 136.619696, "url": "https://www.iryou.teikyouseido.mhlw.go.jp/znk-web/juminkanja/S2430/initialize?prefCd=24&kikanCd=3240010270&kikanKbn=3", "url2": null, "内容": "スズキ歯科医院【3:歯科】三重県四日市市浜田町７－１３－２" }, "geometry": { "type": "Point", "coordinates": [ 136.619696, 34.963134 ] } },
{ "type": "Feature", "properties": { "ID": 2433240010290, "正式名称": "桑名はらだ歯科クリニック", "機関区分": 3, "都道府県コード": 24, "市区町村コード": 205, "所在地": "三重県桑名市新西方７－２２イオンタウン桑名新西方", "緯度": 35.067207, "経度": 136.657688, "url": "https://www.iryou.teikyouseido.mhlw.go.jp/znk-web/juminkanja/S2430/initialize?prefCd=24&kikanCd=3240010290&kikanKbn=3", "url2": "http://www.kuwana-harada.com/", "内容": "桑名はらだ歯科クリニック【3:歯科】三重県桑名市新西方７－２２イオンタウン桑名新西方" }, "geometry": { "type": "Point", "coordinates": [ 136.657688, 35.067207 ] } },
{ "type": "Feature", "properties": { "ID": 2433240010300, "正式名称": "デンタルクリニックたかはし　訪問歯科ステーション", "機関区分": 3, "都道府県コード": 24, "市区町村コード": 215, "所在地": "三重県志摩市磯部町迫間１８番地１", "緯度": 34.374533, "経度": 136.803652, "url": "https://www.iryou.teikyouseido.mhlw.go.jp/znk-web/juminkanja/S2430/initialize?prefCd=24&kikanCd=3240010300&kikanKbn=3", "url2": "http://takahashi.iseshima.net", "内容": "デンタルクリニックたかはし　訪問歯科ステーション【3:歯科】三重県志摩市磯部町迫間１８番地１" }, "geometry": { "type": "Point", "coordinates": [ 136.803652, 34.374533 ] } },
{ "type": "Feature", "properties": { "ID": 2433240010320, "正式名称": "医療法人鈴鳴会　鳴神歯科", "機関区分": 3, "都道府県コード": 24, "市区町村コード": 207, "所在地": "三重県鈴鹿市南江島町１２－２２", "緯度": 34.837869, "経度": 136.592593, "url": "https://www.iryou.teikyouseido.mhlw.go.jp/znk-web/juminkanja/S2430/initialize?prefCd=24&kikanCd=3240010320&kikanKbn=3", "url2": "http://www.narukamishika.com", "内容": "医療法人鈴鳴会　鳴神歯科【3:歯科】三重県鈴鹿市南江島町１２－２２" }, "geometry": { "type": "Point", "coordinates": [ 136.592593, 34.837869 ] } },
{ "type": "Feature", "properties": { "ID": 2433240010350, "正式名称": "アート歯科クリニック", "機関区分": 3, "都道府県コード": 24, "市区町村コード": 201, "所在地": "三重県津市一志町高野池ノ下２１８－６", "緯度": 34.659885, "経度": 136.431003, "url": "https://www.iryou.teikyouseido.mhlw.go.jp/znk-web/juminkanja/S2430/initialize?prefCd=24&kikanCd=3240010350&kikanKbn=3", "url2": null, "内容": "アート歯科クリニック【3:歯科】三重県津市一志町高野池ノ下２１８－６" }, "geometry": { "type": "Point", "coordinates": [ 136.431003, 34.659885 ] } },
{ "type": "Feature", "properties": { "ID": 2433240010360, "正式名称": "横山歯科", "機関区分": 3, "都道府県コード": 24, "市区町村コード": 203, "所在地": "三重県伊勢市宮町１－３－１９", "緯度": 34.494158, "経度": 136.698017, "url": "https://www.iryou.teikyouseido.mhlw.go.jp/znk-web/juminkanja/S2430/initialize?prefCd=24&kikanCd=3240010360&kikanKbn=3", "url2": null, "内容": "横山歯科【3:歯科】三重県伊勢市宮町１－３－１９" }, "geometry": { "type": "Point", "coordinates": [ 136.698017, 34.494158 ] } },
{ "type": "Feature", "properties": { "ID": 2433240010380, "正式名称": "菰野きむら歯科", "機関区分": 3, "都道府県コード": 24, "市区町村コード": 341, "所在地": "三重県三重郡菰野町宿野１００－１", "緯度": 35.005989, "経度": 136.523369, "url": "https://www.iryou.teikyouseido.mhlw.go.jp/znk-web/juminkanja/S2430/initialize?prefCd=24&kikanCd=3240010380&kikanKbn=3", "url2": "http://www.komonokimura-dc.com", "内容": "菰野きむら歯科【3:歯科】三重県三重郡菰野町宿野１００－１" }, "geometry": { "type": "Point", "coordinates": [ 136.523369, 35.005989 ] } },
{ "type": "Feature", "properties": { "ID": 2433240010400, "正式名称": "医療法人東洋会　たなか歯科医院", "機関区分": 3, "都道府県コード": 24, "市区町村コード": 214, "所在地": "三重県いなべ市北勢町阿下喜８２４番地", "緯度": 35.150057, "経度": 136.519168, "url": "https://www.iryou.teikyouseido.mhlw.go.jp/znk-web/juminkanja/S2430/initialize?prefCd=24&kikanCd=3240010400&kikanKbn=3", "url2": null, "内容": "医療法人東洋会　たなか歯科医院【3:歯科】三重県いなべ市北勢町阿下喜８２４番地" }, "geometry": { "type": "Point", "coordinates": [ 136.519168, 35.150057 ] } },
{ "type": "Feature", "properties": { "ID": 2433240010420, "正式名称": "ＫＩＴＡＤＥ　ＤＥＮＴＡＬ　ＣＬＩＮＩＣ", "機関区分": 3, "都道府県コード": 24, "市区町村コード": 205, "所在地": "三重県桑名市陽だまりの丘７丁目１８１２", "緯度": 35.084927, "経度": 136.640633, "url": "https://www.iryou.teikyouseido.mhlw.go.jp/znk-web/juminkanja/S2430/initialize?prefCd=24&kikanCd=3240010420&kikanKbn=3", "url2": "https://www.kitadedental.jp/", "内容": "ＫＩＴＡＤＥ　ＤＥＮＴＡＬ　ＣＬＩＮＩＣ【3:歯科】三重県桑名市陽だまりの丘７丁目１８１２" }, "geometry": { "type": "Point", "coordinates": [ 136.640633, 35.084927 ] } },
{ "type": "Feature", "properties": { "ID": 2433240010430, "正式名称": "ハート歯科クリニック", "機関区分": 3, "都道府県コード": 24, "市区町村コード": 441, "所在地": "三重県多気郡多気町相可１６７９－１", "緯度": 34.496571, "経度": 136.54464, "url": "https://www.iryou.teikyouseido.mhlw.go.jp/znk-web/juminkanja/S2430/initialize?prefCd=24&kikanCd=3240010430&kikanKbn=3", "url2": null, "内容": "ハート歯科クリニック【3:歯科】三重県多気郡多気町相可１６７９－１" }, "geometry": { "type": "Point", "coordinates": [ 136.54464, 34.496571 ] } },
{ "type": "Feature", "properties": { "ID": 2433240010440, "正式名称": "やまが歯科・こども歯科クリニック", "機関区分": 3, "都道府県コード": 24, "市区町村コード": 205, "所在地": "三重県桑名市大福３３７－１", "緯度": 35.052098, "経度": 136.684798, "url": "https://www.iryou.teikyouseido.mhlw.go.jp/znk-web/juminkanja/S2430/initialize?prefCd=24&kikanCd=3240010440&kikanKbn=3", "url2": "http://yamaga-kuwana.com/", "内容": "やまが歯科・こども歯科クリニック【3:歯科】三重県桑名市大福３３７－１" }, "geometry": { "type": "Point", "coordinates": [ 136.684798, 35.052098 ] } },
{ "type": "Feature", "properties": { "ID": 2433240010460, "正式名称": "たつみの歯科クリニック", "機関区分": 3, "都道府県コード": 24, "市区町村コード": 341, "所在地": "三重県三重郡菰野町菰野９８６－７", "緯度": 35.00796, "経度": 136.520085, "url": "https://www.iryou.teikyouseido.mhlw.go.jp/znk-web/juminkanja/S2430/initialize?prefCd=24&kikanCd=3240010460&kikanKbn=3", "url2": "http://tatsumino-shika.jp", "内容": "たつみの歯科クリニック【3:歯科】三重県三重郡菰野町菰野９８６－７" }, "geometry": { "type": "Point", "coordinates": [ 136.520085, 35.00796 ] } },
{ "type": "Feature", "properties": { "ID": 2433240010470, "正式名称": "あいおいクリニックイオンモール東員医院", "機関区分": 3, "都道府県コード": 24, "市区町村コード": 324, "所在地": "三重県員弁郡東員町長深築田５１０－１　イオンモール東員１階", "緯度": 35.061984, "経度": 136.579778, "url": "https://www.iryou.teikyouseido.mhlw.go.jp/znk-web/juminkanja/S2430/initialize?prefCd=24&kikanCd=3240010470&kikanKbn=3", "url2": "http://www.aioi-touin.com/", "内容": "あいおいクリニックイオンモール東員医院【3:歯科】三重県員弁郡東員町長深築田５１０－１　イオンモール東員１階" }, "geometry": { "type": "Point", "coordinates": [ 136.579778, 35.061984 ] } },
{ "type": "Feature", "properties": { "ID": 2433240010480, "正式名称": "日永歯科", "機関区分": 3, "都道府県コード": 24, "市区町村コード": 202, "所在地": "三重県四日市市日永西３丁目１－１６", "緯度": 34.951079, "経度": 136.599282, "url": "https://www.iryou.teikyouseido.mhlw.go.jp/znk-web/juminkanja/S2430/initialize?prefCd=24&kikanCd=3240010480&kikanKbn=3", "url2": "https://www.hinaga-dc.com/", "内容": "日永歯科【3:歯科】三重県四日市市日永西３丁目１－１６" }, "geometry": { "type": "Point", "coordinates": [ 136.599282, 34.951079 ] } },
{ "type": "Feature", "properties": { "ID": 2433240010530, "正式名称": "山口歯科", "機関区分": 3, "都道府県コード": 24, "市区町村コード": 201, "所在地": "三重県津市広明町３７１ハシモトビル２Ｆ", "緯度": 34.733406, "経度": 136.508716, "url": "https://www.iryou.teikyouseido.mhlw.go.jp/znk-web/juminkanja/S2430/initialize?prefCd=24&kikanCd=3240010530&kikanKbn=3", "url2": "https://shika-yamaguchi.jp", "内容": "山口歯科【3:歯科】三重県津市広明町３７１ハシモトビル２Ｆ" }, "geometry": { "type": "Point", "coordinates": [ 136.508716, 34.733406 ] } },
{ "type": "Feature", "properties": { "ID": 2433240010550, "正式名称": "岡田歯科医院", "機関区分": 3, "都道府県コード": 24, "市区町村コード": 204, "所在地": "三重県松阪市大黒田町２０２", "緯度": 34.565092, "経度": 136.528222, "url": "https://www.iryou.teikyouseido.mhlw.go.jp/znk-web/juminkanja/S2430/initialize?prefCd=24&kikanCd=3240010550&kikanKbn=3", "url2": null, "内容": "岡田歯科医院【3:歯科】三重県松阪市大黒田町２０２" }, "geometry": { "type": "Point", "coordinates": [ 136.528222, 34.565092 ] } },
{ "type": "Feature", "properties": { "ID": 2433240010560, "正式名称": "寺本歯科医院", "機関区分": 3, "都道府県コード": 24, "市区町村コード": 211, "所在地": "三重県鳥羽市鳥羽３丁目１０－３", "緯度": 34.481217, "経度": 136.842589, "url": "https://www.iryou.teikyouseido.mhlw.go.jp/znk-web/juminkanja/S2430/initialize?prefCd=24&kikanCd=3240010560&kikanKbn=3", "url2": null, "内容": "寺本歯科医院【3:歯科】三重県鳥羽市鳥羽３丁目１０－３" }, "geometry": { "type": "Point", "coordinates": [ 136.842589, 34.481217 ] } },
{ "type": "Feature", "properties": { "ID": 2433240010570, "正式名称": "谷崎歯科医院", "機関区分": 3, "都道府県コード": 24, "市区町村コード": 215, "所在地": "三重県志摩市磯部町恵利原８１３", "緯度": 34.382116, "経度": 136.803291, "url": "https://www.iryou.teikyouseido.mhlw.go.jp/znk-web/juminkanja/S2430/initialize?prefCd=24&kikanCd=3240010570&kikanKbn=3", "url2": null, "内容": "谷崎歯科医院【3:歯科】三重県志摩市磯部町恵利原８１３" }, "geometry": { "type": "Point", "coordinates": [ 136.803291, 34.382116 ] } },
{ "type": "Feature", "properties": { "ID": 2433240017920, "正式名称": "佐久間歯科医院", "機関区分": 3, "都道府県コード": 24, "市区町村コード": 205, "所在地": "三重県桑名市常盤町７１", "緯度": 35.064652, "経度": 136.690186, "url": "https://www.iryou.teikyouseido.mhlw.go.jp/znk-web/juminkanja/S2430/initialize?prefCd=24&kikanCd=3240017920&kikanKbn=3", "url2": "http://www.sakuma-dentalclinic.com", "内容": "佐久間歯科医院【3:歯科】三重県桑名市常盤町７１" }, "geometry": { "type": "Point", "coordinates": [ 136.690186, 35.064652 ] } },
{ "type": "Feature", "properties": { "ID": 2433240017930, "正式名称": "コパデンタルクリニック", "機関区分": 3, "都道府県コード": 24, "市区町村コード": 214, "所在地": "三重県いなべ市員弁町東一色９７７番地２", "緯度": 35.093647, "経度": 136.572527, "url": "https://www.iryou.teikyouseido.mhlw.go.jp/znk-web/juminkanja/S2430/initialize?prefCd=24&kikanCd=3240017930&kikanKbn=3", "url2": null, "内容": "コパデンタルクリニック【3:歯科】三重県いなべ市員弁町東一色９７７番地２" }, "geometry": { "type": "Point", "coordinates": [ 136.572527, 35.093647 ] } },
{ "type": "Feature", "properties": { "ID": 2433240017960, "正式名称": "やまゆり歯科", "機関区分": 3, "都道府県コード": 24, "市区町村コード": 204, "所在地": "三重県松阪市京町５０８－１０", "緯度": 34.576355, "経度": 136.534502, "url": "https://www.iryou.teikyouseido.mhlw.go.jp/znk-web/juminkanja/S2430/initialize?prefCd=24&kikanCd=3240017960&kikanKbn=3", "url2": "https://yamayuri-dental.com", "内容": "やまゆり歯科【3:歯科】三重県松阪市京町５０８－１０" }, "geometry": { "type": "Point", "coordinates": [ 136.534502, 34.576355 ] } },
{ "type": "Feature", "properties": { "ID": 2433240017980, "正式名称": "しばた歯科", "機関区分": 3, "都道府県コード": 24, "市区町村コード": 202, "所在地": "三重県四日市市諏訪栄町５ー８ローレルタワーシュロア四日市２０１号", "緯度": 34.966578, "経度": 136.620779, "url": "https://www.iryou.teikyouseido.mhlw.go.jp/znk-web/juminkanja/S2430/initialize?prefCd=24&kikanCd=3240017980&kikanKbn=3", "url2": "https://shibata-dc.jp/", "内容": "しばた歯科【3:歯科】三重県四日市市諏訪栄町５ー８ローレルタワーシュロア四日市２０１号" }, "geometry": { "type": "Point", "coordinates": [ 136.620779, 34.966578 ] } },
{ "type": "Feature", "properties": { "ID": 2433240018000, "正式名称": "ひろおか歯科クリニック", "機関区分": 3, "都道府県コード": 24, "市区町村コード": 216, "所在地": "三重県伊賀市上野田端町１０７９", "緯度": 34.76573, "経度": 136.139467, "url": "https://www.iryou.teikyouseido.mhlw.go.jp/znk-web/juminkanja/S2430/initialize?prefCd=24&kikanCd=3240018000&kikanKbn=3", "url2": "https://hirooka-shika.com/", "内容": "ひろおか歯科クリニック【3:歯科】三重県伊賀市上野田端町１０７９" }, "geometry": { "type": "Point", "coordinates": [ 136.139467, 34.76573 ] } },
{ "type": "Feature", "properties": { "ID": 2433240019322, "正式名称": "医療法人　つかさ会　林歯科クリニック", "機関区分": 3, "都道府県コード": 24, "市区町村コード": 204, "所在地": "三重県松阪市小片野町４６　林歯科ビル３階", "緯度": 34.484757, "経度": 136.45151, "url": "https://www.iryou.teikyouseido.mhlw.go.jp/znk-web/juminkanja/S2430/initialize?prefCd=24&kikanCd=3240019322&kikanKbn=3", "url2": "http://www.mctv.ne.jp/~hdc", "内容": "医療法人　つかさ会　林歯科クリニック【3:歯科】三重県松阪市小片野町４６　林歯科ビル３階" }, "geometry": { "type": "Point", "coordinates": [ 136.45151, 34.484757 ] } },
{ "type": "Feature", "properties": { "ID": 2433240019323, "正式名称": "ＯＩＣ訪問歯科診療部", "機関区分": 3, "都道府県コード": 24, "市区町村コード": 215, "所在地": "三重県志摩市阿児町鵜方５０１９", "緯度": 34.327968, "経度": 136.819165, "url": "https://www.iryou.teikyouseido.mhlw.go.jp/znk-web/juminkanja/S2430/initialize?prefCd=24&kikanCd=3240019323&kikanKbn=3", "url2": "http://oic-h.link/hpoic/", "内容": "ＯＩＣ訪問歯科診療部【3:歯科】三重県志摩市阿児町鵜方５０１９" }, "geometry": { "type": "Point", "coordinates": [ 136.819165, 34.327968 ] } },
{ "type": "Feature", "properties": { "ID": 2433240019325, "正式名称": "にしい歯科クリニック", "機関区分": 3, "都道府県コード": 24, "市区町村コード": 203, "所在地": "三重県伊勢市小俣町本町３４１－２３７", "緯度": 34.501323, "経度": 136.667877, "url": "https://www.iryou.teikyouseido.mhlw.go.jp/znk-web/juminkanja/S2430/initialize?prefCd=24&kikanCd=3240019325&kikanKbn=3", "url2": "http://www.nishii-dc.com", "内容": "にしい歯科クリニック【3:歯科】三重県伊勢市小俣町本町３４１－２３７" }, "geometry": { "type": "Point", "coordinates": [ 136.667877, 34.501323 ] } },
{ "type": "Feature", "properties": { "ID": 2433240019327, "正式名称": "いわはな歯科", "機関区分": 3, "都道府県コード": 24, "市区町村コード": 205, "所在地": "三重県桑名市青葉町１丁目１３", "緯度": 35.067107, "経度": 136.673729, "url": "https://www.iryou.teikyouseido.mhlw.go.jp/znk-web/juminkanja/S2430/initialize?prefCd=24&kikanCd=3240019327&kikanKbn=3", "url2": "https://iwahana-dc.com/", "内容": "いわはな歯科【3:歯科】三重県桑名市青葉町１丁目１３" }, "geometry": { "type": "Point", "coordinates": [ 136.673729, 35.067107 ] } },
{ "type": "Feature", "properties": { "ID": 2433240019328, "正式名称": "古橋歯科", "機関区分": 3, "都道府県コード": 24, "市区町村コード": 202, "所在地": "三重県四日市市楠町北五味塚２０４２－２", "緯度": 34.915019, "経度": 136.62604, "url": "https://www.iryou.teikyouseido.mhlw.go.jp/znk-web/juminkanja/S2430/initialize?prefCd=24&kikanCd=3240019328&kikanKbn=3", "url2": null, "内容": "古橋歯科【3:歯科】三重県四日市市楠町北五味塚２０４２－２" }, "geometry": { "type": "Point", "coordinates": [ 136.62604, 34.915019 ] } },
{ "type": "Feature", "properties": { "ID": 2433240019330, "正式名称": "八知歯科", "機関区分": 3, "都道府県コード": 24, "市区町村コード": 201, "所在地": "三重県津市美杉町八知５５３３", "緯度": 34.554847, "経度": 136.262128, "url": "https://www.iryou.teikyouseido.mhlw.go.jp/znk-web/juminkanja/S2430/initialize?prefCd=24&kikanCd=3240019330&kikanKbn=3", "url2": null, "内容": "八知歯科【3:歯科】三重県津市美杉町八知５５３３" }, "geometry": { "type": "Point", "coordinates": [ 136.262128, 34.554847 ] } },
{ "type": "Feature", "properties": { "ID": 2433240019331, "正式名称": "とみすはら訪問歯科クリニック", "機関区分": 3, "都道府県コード": 24, "市区町村コード": 344, "所在地": "三重県三重郡川越町豊田２４３－７", "緯度": 35.016589, "経度": 136.659556, "url": "https://www.iryou.teikyouseido.mhlw.go.jp/znk-web/juminkanja/S2430/initialize?prefCd=24&kikanCd=3240019331&kikanKbn=3", "url2": "http://www.tomisuhara-houmon.com/", "内容": "とみすはら訪問歯科クリニック【3:歯科】三重県三重郡川越町豊田２４３－７" }, "geometry": { "type": "Point", "coordinates": [ 136.659556, 35.016589 ] } },
{ "type": "Feature", "properties": { "ID": 2433240019332, "正式名称": "加藤歯科医院", "機関区分": 3, "都道府県コード": 24, "市区町村コード": 203, "所在地": "三重県伊勢市辻久留２丁目１０－５", "緯度": 34.485367, "経度": 136.685235, "url": "https://www.iryou.teikyouseido.mhlw.go.jp/znk-web/juminkanja/S2430/initialize?prefCd=24&kikanCd=3240019332&kikanKbn=3", "url2": null, "内容": "加藤歯科医院【3:歯科】三重県伊勢市辻久留２丁目１０－５" }, "geometry": { "type": "Point", "coordinates": [ 136.685235, 34.485367 ] } },
{ "type": "Feature", "properties": { "ID": 2433240019334, "正式名称": "医療法人　伊勢ファミリー歯科矯正歯科", "機関区分": 3, "都道府県コード": 24, "市区町村コード": 203, "所在地": "三重県伊勢市小木町５３８　ララパークショッピングセンター１階", "緯度": 34.506989, "経度": 136.723163, "url": "https://www.iryou.teikyouseido.mhlw.go.jp/znk-web/juminkanja/S2430/initialize?prefCd=24&kikanCd=3240019334&kikanKbn=3", "url2": "http://www.lala-ifd.com", "内容": "医療法人　伊勢ファミリー歯科矯正歯科【3:歯科】三重県伊勢市小木町５３８　ララパークショッピングセンター１階" }, "geometry": { "type": "Point", "coordinates": [ 136.723163, 34.506989 ] } },
{ "type": "Feature", "properties": { "ID": 2433240019336, "正式名称": "なつやま歯科クリニック", "機関区分": 3, "都道府県コード": 24, "市区町村コード": 205, "所在地": "三重県桑名市北別所１５８４－４", "緯度": 35.0778, "経度": 136.67447, "url": "https://www.iryou.teikyouseido.mhlw.go.jp/znk-web/juminkanja/S2430/initialize?prefCd=24&kikanCd=3240019336&kikanKbn=3", "url2": null, "内容": "なつやま歯科クリニック【3:歯科】三重県桑名市北別所１５８４－４" }, "geometry": { "type": "Point", "coordinates": [ 136.67447, 35.0778 ] } },
{ "type": "Feature", "properties": { "ID": 2433240019337, "正式名称": "山本矯正歯科", "機関区分": 3, "都道府県コード": 24, "市区町村コード": 205, "所在地": "三重県桑名市寿町１－１５　ラ・ポルテ桑名駅前１Ｆ", "緯度": 35.066079, "経度": 136.686267, "url": "https://www.iryou.teikyouseido.mhlw.go.jp/znk-web/juminkanja/S2430/initialize?prefCd=24&kikanCd=3240019337&kikanKbn=3", "url2": "http://yamamoto-kyousei.com/", "内容": "山本矯正歯科【3:歯科】三重県桑名市寿町１－１５　ラ・ポルテ桑名駅前１Ｆ" }, "geometry": { "type": "Point", "coordinates": [ 136.686267, 35.066079 ] } },
{ "type": "Feature", "properties": { "ID": 2433240019339, "正式名称": "こはな歯科", "機関区分": 3, "都道府県コード": 24, "市区町村コード": 201, "所在地": "三重県津市垂水２８６７－６", "緯度": 34.694908, "経度": 136.497905, "url": "https://www.iryou.teikyouseido.mhlw.go.jp/znk-web/juminkanja/S2430/initialize?prefCd=24&kikanCd=3240019339&kikanKbn=3", "url2": "https://kohanashika.com", "内容": "こはな歯科【3:歯科】三重県津市垂水２８６７－６" }, "geometry": { "type": "Point", "coordinates": [ 136.497905, 34.694908 ] } },
{ "type": "Feature", "properties": { "ID": 2433240019340, "正式名称": "後藤歯科医院", "機関区分": 3, "都道府県コード": 24, "市区町村コード": 207, "所在地": "三重県鈴鹿市矢橋１丁目７－２６", "緯度": 34.879848, "経度": 136.588064, "url": "https://www.iryou.teikyouseido.mhlw.go.jp/znk-web/juminkanja/S2430/initialize?prefCd=24&kikanCd=3240019340&kikanKbn=3", "url2": "http://gotoshika.com/", "内容": "後藤歯科医院【3:歯科】三重県鈴鹿市矢橋１丁目７－２６" }, "geometry": { "type": "Point", "coordinates": [ 136.588064, 34.879848 ] } },
{ "type": "Feature", "properties": { "ID": 2433240019341, "正式名称": "のじま歯科クリニック", "機関区分": 3, "都道府県コード": 24, "市区町村コード": 210, "所在地": "三重県亀山市川崎町字野畑４７４６", "緯度": 34.901259, "経度": 136.476407, "url": "https://www.iryou.teikyouseido.mhlw.go.jp/znk-web/juminkanja/S2430/initialize?prefCd=24&kikanCd=3240019341&kikanKbn=3", "url2": "https://www.nojima-shika.com/", "内容": "のじま歯科クリニック【3:歯科】三重県亀山市川崎町字野畑４７４６" }, "geometry": { "type": "Point", "coordinates": [ 136.476407, 34.901259 ] } },
{ "type": "Feature", "properties": { "ID": 2433240019345, "正式名称": "近藤歯科医院", "機関区分": 3, "都道府県コード": 24, "市区町村コード": 214, "所在地": "三重県いなべ市北勢町阿下喜１０５８", "緯度": 35.148737, "経度": 136.518908, "url": "https://www.iryou.teikyouseido.mhlw.go.jp/znk-web/juminkanja/S2430/initialize?prefCd=24&kikanCd=3240019345&kikanKbn=3", "url2": null, "内容": "近藤歯科医院【3:歯科】三重県いなべ市北勢町阿下喜１０５８" }, "geometry": { "type": "Point", "coordinates": [ 136.518908, 35.148737 ] } },
{ "type": "Feature", "properties": { "ID": 2433240019346, "正式名称": "おいわけ歯科", "機関区分": 3, "都道府県コード": 24, "市区町村コード": 202, "所在地": "三重県四日市市前田町２３－１３", "緯度": 34.935226, "経度": 136.594453, "url": "https://www.iryou.teikyouseido.mhlw.go.jp/znk-web/juminkanja/S2430/initialize?prefCd=24&kikanCd=3240019346&kikanKbn=3", "url2": "http://www.oiwakeshika.com/", "内容": "おいわけ歯科【3:歯科】三重県四日市市前田町２３－１３" }, "geometry": { "type": "Point", "coordinates": [ 136.594453, 34.935226 ] } },
{ "type": "Feature", "properties": { "ID": 2433240019347, "正式名称": "医療法人ＨＯＣ　ハート矯正歯科クリニック", "機関区分": 3, "都道府県コード": 24, "市区町村コード": 205, "所在地": "三重県桑名市寿町２丁目３１－１２　三交桑名駅前ビル２Ｆ", "緯度": 35.065426, "経度": 136.684186, "url": "https://www.iryou.teikyouseido.mhlw.go.jp/znk-web/juminkanja/S2430/initialize?prefCd=24&kikanCd=3240019347&kikanKbn=3", "url2": "http://heart-oc.jp/", "内容": "医療法人ＨＯＣ　ハート矯正歯科クリニック【3:歯科】三重県桑名市寿町２丁目３１－１２　三交桑名駅前ビル２Ｆ" }, "geometry": { "type": "Point", "coordinates": [ 136.684186, 35.065426 ] } },
{ "type": "Feature", "properties": { "ID": 2433240019348, "正式名称": "えがおつくる矯正歯科", "機関区分": 3, "都道府県コード": 24, "市区町村コード": 208, "所在地": "三重県名張市希央台５番町１６２", "緯度": 34.622452, "経度": 136.097429, "url": "https://www.iryou.teikyouseido.mhlw.go.jp/znk-web/juminkanja/S2430/initialize?prefCd=24&kikanCd=3240019348&kikanKbn=3", "url2": "https://egaotukuru.com/", "内容": "えがおつくる矯正歯科【3:歯科】三重県名張市希央台５番町１６２" }, "geometry": { "type": "Point", "coordinates": [ 136.097429, 34.622452 ] } },
{ "type": "Feature", "properties": { "ID": 2433240019349, "正式名称": "ここあ歯科", "機関区分": 3, "都道府県コード": 24, "市区町村コード": 201, "所在地": "三重県津市高茶屋小森町１４５イオンモール津南２階", "緯度": 34.6706, "経度": 136.517784, "url": "https://www.iryou.teikyouseido.mhlw.go.jp/znk-web/juminkanja/S2430/initialize?prefCd=24&kikanCd=3240019349&kikanKbn=3", "url2": "http://www.cocoa-dc.jp/", "内容": "ここあ歯科【3:歯科】三重県津市高茶屋小森町１４５イオンモール津南２階" }, "geometry": { "type": "Point", "coordinates": [ 136.517784, 34.6706 ] } },
{ "type": "Feature", "properties": { "ID": 2433240019350, "正式名称": "山際歯科医院", "機関区分": 3, "都道府県コード": 24, "市区町村コード": 203, "所在地": "三重県伊勢市河崎１－４－１６", "緯度": 34.493766, "経度": 136.713321, "url": "https://www.iryou.teikyouseido.mhlw.go.jp/znk-web/juminkanja/S2430/initialize?prefCd=24&kikanCd=3240019350&kikanKbn=3", "url2": null, "内容": "山際歯科医院【3:歯科】三重県伊勢市河崎１－４－１６" }, "geometry": { "type": "Point", "coordinates": [ 136.713321, 34.493766 ] } },
{ "type": "Feature", "properties": { "ID": 2433240019351, "正式名称": "（医）中野歯科医院", "機関区分": 3, "都道府県コード": 24, "市区町村コード": 208, "所在地": "三重県名張市百合が丘西１番町１４１", "緯度": 34.608525, "経度": 136.100031, "url": "https://www.iryou.teikyouseido.mhlw.go.jp/znk-web/juminkanja/S2430/initialize?prefCd=24&kikanCd=3240019351&kikanKbn=3", "url2": null, "内容": "（医）中野歯科医院【3:歯科】三重県名張市百合が丘西１番町１４１" }, "geometry": { "type": "Point", "coordinates": [ 136.100031, 34.608525 ] } },
{ "type": "Feature", "properties": { "ID": 2433240019353, "正式名称": "桑名ＣＯＣＯ歯科・矯正歯科", "機関区分": 3, "都道府県コード": 24, "市区町村コード": 205, "所在地": "三重県桑名市大仲新田１７１－２", "緯度": 35.079094, "経度": 136.609009, "url": "https://www.iryou.teikyouseido.mhlw.go.jp/znk-web/juminkanja/S2430/initialize?prefCd=24&kikanCd=3240019353&kikanKbn=3", "url2": "http://www.kuwana-coco-dc.com/", "内容": "桑名ＣＯＣＯ歯科・矯正歯科【3:歯科】三重県桑名市大仲新田１７１－２" }, "geometry": { "type": "Point", "coordinates": [ 136.609009, 35.079094 ] } },
{ "type": "Feature", "properties": { "ID": 2433240019354, "正式名称": "プルチーノ歯科・矯正歯科　四日市", "機関区分": 3, "都道府県コード": 24, "市区町村コード": 202, "所在地": "三重県四日市市泊小柳町４－５　イオンタウン四日市泊１階", "緯度": 34.9381, "経度": 136.601703, "url": "https://www.iryou.teikyouseido.mhlw.go.jp/znk-web/juminkanja/S2430/initialize?prefCd=24&kikanCd=3240019354&kikanKbn=3", "url2": "https://www.pulcino-yokkaichi.com/", "内容": "プルチーノ歯科・矯正歯科　四日市【3:歯科】三重県四日市市泊小柳町４－５　イオンタウン四日市泊１階" }, "geometry": { "type": "Point", "coordinates": [ 136.601703, 34.9381 ] } },
{ "type": "Feature", "properties": { "ID": 2433240019357, "正式名称": "飯田歯科", "機関区分": 3, "都道府県コード": 24, "市区町村コード": 202, "所在地": "三重県四日市市富田浜元町１番１８号", "緯度": 35.000227, "経度": 136.654112, "url": "https://www.iryou.teikyouseido.mhlw.go.jp/znk-web/juminkanja/S2430/initialize?prefCd=24&kikanCd=3240019357&kikanKbn=3", "url2": "http://www.idc-iida-dentalclinic.com", "内容": "飯田歯科【3:歯科】三重県四日市市富田浜元町１番１８号" }, "geometry": { "type": "Point", "coordinates": [ 136.654112, 35.000227 ] } },
{ "type": "Feature", "properties": { "ID": 2433240019358, "正式名称": "すぎ歯科クリニック", "機関区分": 3, "都道府県コード": 24, "市区町村コード": 203, "所在地": "三重県伊勢市大世古４丁目５０６番４", "緯度": 34.499992, "経度": 136.703134, "url": "https://www.iryou.teikyouseido.mhlw.go.jp/znk-web/juminkanja/S2430/initialize?prefCd=24&kikanCd=3240019358&kikanKbn=3", "url2": "https://www.sugi-dc.net", "内容": "すぎ歯科クリニック【3:歯科】三重県伊勢市大世古４丁目５０６番４" }, "geometry": { "type": "Point", "coordinates": [ 136.703134, 34.499992 ] } },
{ "type": "Feature", "properties": { "ID": 2433240019359, "正式名称": "こざわ歯科クリニック", "機関区分": 3, "都道府県コード": 24, "市区町村コード": 202, "所在地": "三重県四日市市日永３丁目６－１０", "緯度": 34.950722, "経度": 136.602925, "url": "https://www.iryou.teikyouseido.mhlw.go.jp/znk-web/juminkanja/S2430/initialize?prefCd=24&kikanCd=3240019359&kikanKbn=3", "url2": null, "内容": "こざわ歯科クリニック【3:歯科】三重県四日市市日永３丁目６－１０" }, "geometry": { "type": "Point", "coordinates": [ 136.602925, 34.950722 ] } },
{ "type": "Feature", "properties": { "ID": 2433240019360, "正式名称": "医療法人　Ｔｏｋｉ　Ｄｅｎｔａｌ　Ｃｌｉｎｉｃ", "機関区分": 3, "都道府県コード": 24, "市区町村コード": 205, "所在地": "三重県桑名市有楽町２５　第２アヅマヤビル１階", "緯度": 35.067844, "経度": 136.686201, "url": "https://www.iryou.teikyouseido.mhlw.go.jp/znk-web/juminkanja/S2430/initialize?prefCd=24&kikanCd=3240019360&kikanKbn=3", "url2": "https://tokidc.com", "内容": "医療法人　Ｔｏｋｉ　Ｄｅｎｔａｌ　Ｃｌｉｎｉｃ【3:歯科】三重県桑名市有楽町２５　第２アヅマヤビル１階" }, "geometry": { "type": "Point", "coordinates": [ 136.686201, 35.067844 ] } },
{ "type": "Feature", "properties": { "ID": 2433240019361, "正式名称": "医療法人　桜和会　津ファミリア歯科", "機関区分": 3, "都道府県コード": 24, "市区町村コード": 201, "所在地": "三重県津市観音寺町４４０－１１", "緯度": 34.726216, "経度": 136.50376, "url": "https://www.iryou.teikyouseido.mhlw.go.jp/znk-web/juminkanja/S2430/initialize?prefCd=24&kikanCd=3240019361&kikanKbn=3", "url2": "http://www.tsu-familia.com/", "内容": "医療法人　桜和会　津ファミリア歯科【3:歯科】三重県津市観音寺町４４０－１１" }, "geometry": { "type": "Point", "coordinates": [ 136.50376, 34.726216 ] } },
{ "type": "Feature", "properties": { "ID": 2433240019362, "正式名称": "歯科診療所　ひまわり", "機関区分": 3, "都道府県コード": 24, "市区町村コード": 202, "所在地": "三重県四日市市広永町１１７２－１", "緯度": 35.028789, "経度": 136.642452, "url": "https://www.iryou.teikyouseido.mhlw.go.jp/znk-web/juminkanja/S2430/initialize?prefCd=24&kikanCd=3240019362&kikanKbn=3", "url2": "https://shika-himawari.com/", "内容": "歯科診療所　ひまわり【3:歯科】三重県四日市市広永町１１７２－１" }, "geometry": { "type": "Point", "coordinates": [ 136.642452, 35.028789 ] } },
{ "type": "Feature", "properties": { "ID": 2433240019364, "正式名称": "渋見やまもと歯科", "機関区分": 3, "都道府県コード": 24, "市区町村コード": 201, "所在地": "三重県津市渋見町２８８", "緯度": 34.736635, "経度": 136.491142, "url": "https://www.iryou.teikyouseido.mhlw.go.jp/znk-web/juminkanja/S2430/initialize?prefCd=24&kikanCd=3240019364&kikanKbn=3", "url2": "https://shibumi-yamamoto-dc.com", "内容": "渋見やまもと歯科【3:歯科】三重県津市渋見町２８８" }, "geometry": { "type": "Point", "coordinates": [ 136.491142, 34.736635 ] } },
{ "type": "Feature", "properties": { "ID": 2433240019365, "正式名称": "かんばら歯科", "機関区分": 3, "都道府県コード": 24, "市区町村コード": 207, "所在地": "三重県鈴鹿市神戸８丁目２７番３４号", "緯度": 34.885335, "経度": 136.58204, "url": "https://www.iryou.teikyouseido.mhlw.go.jp/znk-web/juminkanja/S2430/initialize?prefCd=24&kikanCd=3240019365&kikanKbn=3", "url2": "https://kanbara-shika.com", "内容": "かんばら歯科【3:歯科】三重県鈴鹿市神戸８丁目２７番３４号" }, "geometry": { "type": "Point", "coordinates": [ 136.58204, 34.885335 ] } },
{ "type": "Feature", "properties": { "ID": 2433240019366, "正式名称": "医療法人）山下矯正歯科", "機関区分": 3, "都道府県コード": 24, "市区町村コード": 202, "所在地": "三重県四日市市日永西２－２０－１２－２階", "緯度": 34.951677, "経度": 136.598419, "url": "https://www.iryou.teikyouseido.mhlw.go.jp/znk-web/juminkanja/S2430/initialize?prefCd=24&kikanCd=3240019366&kikanKbn=3", "url2": "http://www.yamashita-dc.net/orthodontic/", "内容": "医療法人）山下矯正歯科【3:歯科】三重県四日市市日永西２－２０－１２－２階" }, "geometry": { "type": "Point", "coordinates": [ 136.598419, 34.951677 ] } },
{ "type": "Feature", "properties": { "ID": 2433240019367, "正式名称": "辻歯科医院", "機関区分": 3, "都道府県コード": 24, "市区町村コード": 205, "所在地": "三重県桑名市新矢田１丁目６３－１", "緯度": 35.059982, "経度": 136.680852, "url": "https://www.iryou.teikyouseido.mhlw.go.jp/znk-web/juminkanja/S2430/initialize?prefCd=24&kikanCd=3240019367&kikanKbn=3", "url2": "https://tsuji-dentalclinic", "内容": "辻歯科医院【3:歯科】三重県桑名市新矢田１丁目６３－１" }, "geometry": { "type": "Point", "coordinates": [ 136.680852, 35.059982 ] } },
{ "type": "Feature", "properties": { "ID": 2433240019368, "正式名称": "かわごえキッズデンタルクリニック", "機関区分": 3, "都道府県コード": 24, "市区町村コード": 344, "所在地": "三重県三重郡川越町豊田３２５－１", "緯度": 35.015315, "経度": 136.66425, "url": "https://www.iryou.teikyouseido.mhlw.go.jp/znk-web/juminkanja/S2430/initialize?prefCd=24&kikanCd=3240019368&kikanKbn=3", "url2": "https://kawagoe-kids-dc.jp/", "内容": "かわごえキッズデンタルクリニック【3:歯科】三重県三重郡川越町豊田３２５－１" }, "geometry": { "type": "Point", "coordinates": [ 136.66425, 35.015315 ] } },
{ "type": "Feature", "properties": { "ID": 2433240019369, "正式名称": "田中歯科医院", "機関区分": 3, "都道府県コード": 24, "市区町村コード": 205, "所在地": "三重県桑名市矢田３１８", "緯度": 35.06026, "経度": 136.675731, "url": "https://www.iryou.teikyouseido.mhlw.go.jp/znk-web/juminkanja/S2430/initialize?prefCd=24&kikanCd=3240019369&kikanKbn=3", "url2": null, "内容": "田中歯科医院【3:歯科】三重県桑名市矢田３１８" }, "geometry": { "type": "Point", "coordinates": [ 136.675731, 35.06026 ] } },
{ "type": "Feature", "properties": { "ID": 2433240019370, "正式名称": "医療法人社団ヒロデンタルクリニック　さいとう歯科", "機関区分": 3, "都道府県コード": 24, "市区町村コード": 202, "所在地": "三重県四日市市茂福１０８－１", "緯度": 35.005776, "経度": 136.646101, "url": "https://www.iryou.teikyouseido.mhlw.go.jp/znk-web/juminkanja/S2430/initialize?prefCd=24&kikanCd=3240019370&kikanKbn=3", "url2": "https://www.saitou.dental", "内容": "医療法人社団ヒロデンタルクリニック　さいとう歯科【3:歯科】三重県四日市市茂福１０８－１" }, "geometry": { "type": "Point", "coordinates": [ 136.646101, 35.005776 ] } },
{ "type": "Feature", "properties": { "ID": 2433240019371, "正式名称": "医療法人　二井歯科医院", "機関区分": 3, "都道府県コード": 24, "市区町村コード": 205, "所在地": "三重県桑名市星見ケ丘８丁目４０１－３", "緯度": 35.071972, "経度": 136.634148, "url": "https://www.iryou.teikyouseido.mhlw.go.jp/znk-web/juminkanja/S2430/initialize?prefCd=24&kikanCd=3240019371&kikanKbn=3", "url2": "http://www.nii-ortho.com", "内容": "医療法人　二井歯科医院【3:歯科】三重県桑名市星見ケ丘８丁目４０１－３" }, "geometry": { "type": "Point", "coordinates": [ 136.634148, 35.071972 ] } },
{ "type": "Feature", "properties": { "ID": 2433240019372, "正式名称": "医療法人　かわかみ歯科", "機関区分": 3, "都道府県コード": 24, "市区町村コード": 202, "所在地": "三重県四日市市東坂部町２２６０－１", "緯度": 35.003399, "経度": 136.600366, "url": "https://www.iryou.teikyouseido.mhlw.go.jp/znk-web/juminkanja/S2430/initialize?prefCd=24&kikanCd=3240019372&kikanKbn=3", "url2": "https://kawakami-dentalclinic.com", "内容": "医療法人　かわかみ歯科【3:歯科】三重県四日市市東坂部町２２６０－１" }, "geometry": { "type": "Point", "coordinates": [ 136.600366, 35.003399 ] } },
{ "type": "Feature", "properties": { "ID": 2433240019373, "正式名称": "熊野市立紀和歯科診療所", "機関区分": 3, "都道府県コード": 24, "市区町村コード": 212, "所在地": "三重県熊野市紀和町板屋１３５－１", "緯度": 33.874741, "経度": 135.912739, "url": "https://www.iryou.teikyouseido.mhlw.go.jp/znk-web/juminkanja/S2430/initialize?prefCd=24&kikanCd=3240019373&kikanKbn=3", "url2": null, "内容": "熊野市立紀和歯科診療所【3:歯科】三重県熊野市紀和町板屋１３５－１" }, "geometry": { "type": "Point", "coordinates": [ 135.912739, 33.874741 ] } },
{ "type": "Feature", "properties": { "ID": 2433240019374, "正式名称": "森の響デンタル", "機関区分": 3, "都道府県コード": 24, "市区町村コード": 205, "所在地": "三重県桑名市蓮花寺１５９７－３", "緯度": 35.066523, "経度": 136.648811, "url": "https://www.iryou.teikyouseido.mhlw.go.jp/znk-web/juminkanja/S2430/initialize?prefCd=24&kikanCd=3240019374&kikanKbn=3", "url2": "https://www.morinohibiki-dental.com", "内容": "森の響デンタル【3:歯科】三重県桑名市蓮花寺１５９７－３" }, "geometry": { "type": "Point", "coordinates": [ 136.648811, 35.066523 ] } },
{ "type": "Feature", "properties": { "ID": 2433240019375, "正式名称": "医療法人ＳＨＩＢＡ日永しばた歯科", "機関区分": 3, "都道府県コード": 24, "市区町村コード": 202, "所在地": "三重県四日市市日永西２丁目５－２５ハーモニー日永１Ｆ", "緯度": 34.953738, "経度": 136.601269, "url": "https://www.iryou.teikyouseido.mhlw.go.jp/znk-web/juminkanja/S2430/initialize?prefCd=24&kikanCd=3240019375&kikanKbn=3", "url2": "https://hinaga-shibata.com", "内容": "医療法人ＳＨＩＢＡ日永しばた歯科【3:歯科】三重県四日市市日永西２丁目５－２５ハーモニー日永１Ｆ" }, "geometry": { "type": "Point", "coordinates": [ 136.601269, 34.953738 ] } },
{ "type": "Feature", "properties": { "ID": 2433240019378, "正式名称": "鍋島歯科", "機関区分": 3, "都道府県コード": 24, "市区町村コード": 215, "所在地": "三重県志摩市阿児町鵜方１２６６－１", "緯度": 34.333381, "経度": 136.819665, "url": "https://www.iryou.teikyouseido.mhlw.go.jp/znk-web/juminkanja/S2430/initialize?prefCd=24&kikanCd=3240019378&kikanKbn=3", "url2": null, "内容": "鍋島歯科【3:歯科】三重県志摩市阿児町鵜方１２６６－１" }, "geometry": { "type": "Point", "coordinates": [ 136.819665, 34.333381 ] } },
{ "type": "Feature", "properties": { "ID": 2433240019379, "正式名称": "医療法人ＹＤＣ　山口歯科医院", "機関区分": 3, "都道府県コード": 24, "市区町村コード": 203, "所在地": "三重県伊勢市宮後１－８－３", "緯度": 34.491103, "経度": 136.706925, "url": "https://www.iryou.teikyouseido.mhlw.go.jp/znk-web/juminkanja/S2430/initialize?prefCd=24&kikanCd=3240019379&kikanKbn=3", "url2": "http://www.ise-ydc.jp", "内容": "医療法人ＹＤＣ　山口歯科医院【3:歯科】三重県伊勢市宮後１－８－３" }, "geometry": { "type": "Point", "coordinates": [ 136.706925, 34.491103 ] } },
{ "type": "Feature", "properties": { "ID": 2433240019380, "正式名称": "谷歯科医院", "機関区分": 3, "都道府県コード": 24, "市区町村コード": 204, "所在地": "三重県松阪市立野町４６１－５", "緯度": 34.550298, "経度": 136.503083, "url": "https://www.iryou.teikyouseido.mhlw.go.jp/znk-web/juminkanja/S2430/initialize?prefCd=24&kikanCd=3240019380&kikanKbn=3", "url2": "https://tani-dentalclinic.com", "内容": "谷歯科医院【3:歯科】三重県松阪市立野町４６１－５" }, "geometry": { "type": "Point", "coordinates": [ 136.503083, 34.550298 ] } },
{ "type": "Feature", "properties": { "ID": 2433240019381, "正式名称": "医療法人白馬会　ルピナス歯科", "機関区分": 3, "都道府県コード": 24, "市区町村コード": 207, "所在地": "三重県鈴鹿市算所２丁目９－１９　グリーンフォレスト２－ＤＥ", "緯度": 34.870631, "経度": 136.545743, "url": "https://www.iryou.teikyouseido.mhlw.go.jp/znk-web/juminkanja/S2430/initialize?prefCd=24&kikanCd=3240019381&kikanKbn=3", "url2": "hakubakai.com", "内容": "医療法人白馬会　ルピナス歯科【3:歯科】三重県鈴鹿市算所２丁目９－１９　グリーンフォレスト２－ＤＥ" }, "geometry": { "type": "Point", "coordinates": [ 136.545743, 34.870631 ] } },
{ "type": "Feature", "properties": { "ID": 2433240019382, "正式名称": "中川歯科医院", "機関区分": 3, "都道府県コード": 24, "市区町村コード": 201, "所在地": "三重県津市久居新町７６６－２０", "緯度": 34.675232, "経度": 136.475084, "url": "https://www.iryou.teikyouseido.mhlw.go.jp/znk-web/juminkanja/S2430/initialize?prefCd=24&kikanCd=3240019382&kikanKbn=3", "url2": null, "内容": "中川歯科医院【3:歯科】三重県津市久居新町７６６－２０" }, "geometry": { "type": "Point", "coordinates": [ 136.475084, 34.675232 ] } },
{ "type": "Feature", "properties": { "ID": 2433240019383, "正式名称": "阿倉川歯科医院", "機関区分": 3, "都道府県コード": 24, "市区町村コード": 202, "所在地": "三重県四日市市阿倉川町１２－３", "緯度": 34.986738, "経度": 136.625958, "url": "https://www.iryou.teikyouseido.mhlw.go.jp/znk-web/juminkanja/S2430/initialize?prefCd=24&kikanCd=3240019383&kikanKbn=3", "url2": "http://akuragawa-dental.com/", "内容": "阿倉川歯科医院【3:歯科】三重県四日市市阿倉川町１２－３" }, "geometry": { "type": "Point", "coordinates": [ 136.625958, 34.986738 ] } },
{ "type": "Feature", "properties": { "ID": 2433240019384, "正式名称": "畑岡歯科医院", "機関区分": 3, "都道府県コード": 24, "市区町村コード": 203, "所在地": "三重県伊勢市岡本１丁目５－１２", "緯度": 34.485893, "経度": 136.71203, "url": "https://www.iryou.teikyouseido.mhlw.go.jp/znk-web/juminkanja/S2430/initialize?prefCd=24&kikanCd=3240019384&kikanKbn=3", "url2": "https://www.taoka-d.com/", "内容": "畑岡歯科医院【3:歯科】三重県伊勢市岡本１丁目５－１２" }, "geometry": { "type": "Point", "coordinates": [ 136.71203, 34.485893 ] } },
{ "type": "Feature", "properties": { "ID": 2433240019385, "正式名称": "アピタ松阪三雲歯科医院", "機関区分": 3, "都道府県コード": 24, "市区町村コード": 204, "所在地": "三重県松阪市市場庄町１２６６－１　アピタ２Ｆ", "緯度": 34.604009, "経度": 136.520564, "url": "https://www.iryou.teikyouseido.mhlw.go.jp/znk-web/juminkanja/S2430/initialize?prefCd=24&kikanCd=3240019385&kikanKbn=3", "url2": null, "内容": "アピタ松阪三雲歯科医院【3:歯科】三重県松阪市市場庄町１２６６－１　アピタ２Ｆ" }, "geometry": { "type": "Point", "coordinates": [ 136.520564, 34.604009 ] } },
{ "type": "Feature", "properties": { "ID": 2433240019386, "正式名称": "笠原歯科", "機関区分": 3, "都道府県コード": 24, "市区町村コード": 201, "所在地": "三重県津市栄町３－２７９", "緯度": 34.734189, "経度": 136.512451, "url": "https://www.iryou.teikyouseido.mhlw.go.jp/znk-web/juminkanja/S2430/initialize?prefCd=24&kikanCd=3240019386&kikanKbn=3", "url2": "https://kasahara-shika.com", "内容": "笠原歯科【3:歯科】三重県津市栄町３－２７９" }, "geometry": { "type": "Point", "coordinates": [ 136.512451, 34.734189 ] } },
{ "type": "Feature", "properties": { "ID": 2433240019388, "正式名称": "医療法人　さらの木歯科", "機関区分": 3, "都道府県コード": 24, "市区町村コード": 202, "所在地": "三重県四日市市富田２－９－２０", "緯度": 35.006634, "経度": 136.656334, "url": "https://www.iryou.teikyouseido.mhlw.go.jp/znk-web/juminkanja/S2430/initialize?prefCd=24&kikanCd=3240019388&kikanKbn=3", "url2": null, "内容": "医療法人　さらの木歯科【3:歯科】三重県四日市市富田２－９－２０" }, "geometry": { "type": "Point", "coordinates": [ 136.656334, 35.006634 ] } },
{ "type": "Feature", "properties": { "ID": 2433240019389, "正式名称": "医療法人　貴明会", "機関区分": 3, "都道府県コード": 24, "市区町村コード": 216, "所在地": "三重県伊賀市東条７５番地１", "緯度": 34.792373, "経度": 136.152559, "url": "https://www.iryou.teikyouseido.mhlw.go.jp/znk-web/juminkanja/S2430/initialize?prefCd=24&kikanCd=3240019389&kikanKbn=3", "url2": "https://www.segawa-d.jp", "内容": "医療法人　貴明会【3:歯科】三重県伊賀市東条７５番地１" }, "geometry": { "type": "Point", "coordinates": [ 136.152559, 34.792373 ] } },
{ "type": "Feature", "properties": { "ID": 2433240019390, "正式名称": "めいわユアデンタルクリニック", "機関区分": 3, "都道府県コード": 24, "市区町村コード": 442, "所在地": "三重県多気郡明和町中村１２２３　イオン明和ショッピングセンター内", "緯度": 34.58114, "経度": 136.614094, "url": "https://www.iryou.teikyouseido.mhlw.go.jp/znk-web/juminkanja/S2430/initialize?prefCd=24&kikanCd=3240019390&kikanKbn=3", "url2": null, "内容": "めいわユアデンタルクリニック【3:歯科】三重県多気郡明和町中村１２２３　イオン明和ショッピングセンター内" }, "geometry": { "type": "Point", "coordinates": [ 136.614094, 34.58114 ] } },
{ "type": "Feature", "properties": { "ID": 2433240019391, "正式名称": "ＫＩデンタルクリニック", "機関区分": 3, "都道府県コード": 24, "市区町村コード": 214, "所在地": "三重県いなべ市員弁町石仏１９０６－４", "緯度": 35.111966, "経度": 136.564676, "url": "https://www.iryou.teikyouseido.mhlw.go.jp/znk-web/juminkanja/S2430/initialize?prefCd=24&kikanCd=3240019391&kikanKbn=3", "url2": "https://ki-dental-cl.com/", "内容": "ＫＩデンタルクリニック【3:歯科】三重県いなべ市員弁町石仏１９０６－４" }, "geometry": { "type": "Point", "coordinates": [ 136.564676, 35.111966 ] } },
{ "type": "Feature", "properties": { "ID": 2433240019392, "正式名称": "ハート歯科", "機関区分": 3, "都道府県コード": 24, "市区町村コード": 205, "所在地": "三重県桑名市長島町又木６６－１", "緯度": 35.094042, "経度": 136.701039, "url": "https://www.iryou.teikyouseido.mhlw.go.jp/znk-web/juminkanja/S2430/initialize?prefCd=24&kikanCd=3240019392&kikanKbn=3", "url2": "https://www.heartshika.net", "内容": "ハート歯科【3:歯科】三重県桑名市長島町又木６６－１" }, "geometry": { "type": "Point", "coordinates": [ 136.701039, 35.094042 ] } },
{ "type": "Feature", "properties": { "ID": 2433240019393, "正式名称": "うすい歯科", "機関区分": 3, "都道府県コード": 24, "市区町村コード": 202, "所在地": "三重県四日市市浜田町１２－１６－２", "緯度": 34.964253, "経度": 136.618523, "url": "https://www.iryou.teikyouseido.mhlw.go.jp/znk-web/juminkanja/S2430/initialize?prefCd=24&kikanCd=3240019393&kikanKbn=3", "url2": "https://usui-dc.jp", "内容": "うすい歯科【3:歯科】三重県四日市市浜田町１２－１６－２" }, "geometry": { "type": "Point", "coordinates": [ 136.618523, 34.964253 ] } },
{ "type": "Feature", "properties": { "ID": 2433240019394, "正式名称": "いいさか歯科口腔外科", "機関区分": 3, "都道府県コード": 24, "市区町村コード": 201, "所在地": "三重県津市雲出長常町１０２６－１０", "緯度": 34.666745, "経度": 136.530648, "url": "https://www.iryou.teikyouseido.mhlw.go.jp/znk-web/juminkanja/S2430/initialize?prefCd=24&kikanCd=3240019394&kikanKbn=3", "url2": "https://iisaka-dc.com", "内容": "いいさか歯科口腔外科【3:歯科】三重県津市雲出長常町１０２６－１０" }, "geometry": { "type": "Point", "coordinates": [ 136.530648, 34.666745 ] } },
{ "type": "Feature", "properties": { "ID": 2433240019395, "正式名称": "坂井ファミリー歯科", "機関区分": 3, "都道府県コード": 24, "市区町村コード": 202, "所在地": "三重県四日市市西浜田町６－１３", "緯度": 34.962604, "経度": 136.613763, "url": "https://www.iryou.teikyouseido.mhlw.go.jp/znk-web/juminkanja/S2430/initialize?prefCd=24&kikanCd=3240019395&kikanKbn=3", "url2": "https://www.sakaisika.com/", "内容": "坂井ファミリー歯科【3:歯科】三重県四日市市西浜田町６－１３" }, "geometry": { "type": "Point", "coordinates": [ 136.613763, 34.962604 ] } },
{ "type": "Feature", "properties": { "ID": 2433240019397, "正式名称": "佐竹歯科医院", "機関区分": 3, "都道府県コード": 24, "市区町村コード": 202, "所在地": "三重県四日市市中里町２９－４", "緯度": 34.930224, "経度": 136.618281, "url": "https://www.iryou.teikyouseido.mhlw.go.jp/znk-web/juminkanja/S2430/initialize?prefCd=24&kikanCd=3240019397&kikanKbn=3", "url2": null, "内容": "佐竹歯科医院【3:歯科】三重県四日市市中里町２９－４" }, "geometry": { "type": "Point", "coordinates": [ 136.618281, 34.930224 ] } },
{ "type": "Feature", "properties": { "ID": 2433240019399, "正式名称": "松阪市歯科休日応急診療所", "機関区分": 3, "都道府県コード": 24, "市区町村コード": 204, "所在地": "三重県松阪市春日町１－８　歯科センター", "緯度": 34.566604, "経度": 136.532266, "url": "https://www.iryou.teikyouseido.mhlw.go.jp/znk-web/juminkanja/S2430/initialize?prefCd=24&kikanCd=3240019399&kikanKbn=3", "url2": "https://www.city.matsusaka.mie.jp/soshiki/24/newkyushin.html", "内容": "松阪市歯科休日応急診療所【3:歯科】三重県松阪市春日町１－８　歯科センター" }, "geometry": { "type": "Point", "coordinates": [ 136.532266, 34.566604 ] } },
{ "type": "Feature", "properties": { "ID": 2433240019400, "正式名称": "くらたやま矯正歯科", "機関区分": 3, "都道府県コード": 24, "市区町村コード": 203, "所在地": "三重県伊勢市神田久志本町１３２８－３　１階", "緯度": 34.489968, "経度": 136.724409, "url": "https://www.iryou.teikyouseido.mhlw.go.jp/znk-web/juminkanja/S2430/initialize?prefCd=24&kikanCd=3240019400&kikanKbn=3", "url2": "https://www.kuratayama-kyosei.com", "内容": "くらたやま矯正歯科【3:歯科】三重県伊勢市神田久志本町１３２８－３　１階" }, "geometry": { "type": "Point", "coordinates": [ 136.724409, 34.489968 ] } },
{ "type": "Feature", "properties": { "ID": 2433240019401, "正式名称": "医療法人ＴＤＯ　とみかわデンタルオフィス", "機関区分": 3, "都道府県コード": 24, "市区町村コード": 201, "所在地": "三重県津市大里睦合町３２０－６", "緯度": 34.777521, "経度": 136.477901, "url": "https://www.iryou.teikyouseido.mhlw.go.jp/znk-web/juminkanja/S2430/initialize?prefCd=24&kikanCd=3240019401&kikanKbn=3", "url2": "http://tomikawa-dental.com", "内容": "医療法人ＴＤＯ　とみかわデンタルオフィス【3:歯科】三重県津市大里睦合町３２０－６" }, "geometry": { "type": "Point", "coordinates": [ 136.477901, 34.777521 ] } },
{ "type": "Feature", "properties": { "ID": 2433240019402, "正式名称": "（医）社団岩崎歯科医院", "機関区分": 3, "都道府県コード": 24, "市区町村コード": 202, "所在地": "三重県四日市市朝日町１－１", "緯度": 34.963125, "経度": 136.627078, "url": "https://www.iryou.teikyouseido.mhlw.go.jp/znk-web/juminkanja/S2430/initialize?prefCd=24&kikanCd=3240019402&kikanKbn=3", "url2": "http://www.iwasaki-dental.or.jp", "内容": "（医）社団岩崎歯科医院【3:歯科】三重県四日市市朝日町１－１" }, "geometry": { "type": "Point", "coordinates": [ 136.627078, 34.963125 ] } },
{ "type": "Feature", "properties": { "ID": 2433240019403, "正式名称": "医療法人　おぎた小児歯科", "機関区分": 3, "都道府県コード": 24, "市区町村コード": 205, "所在地": "三重県桑名市東方字掛越５７０番地１", "緯度": 35.073966, "経度": 136.680602, "url": "https://www.iryou.teikyouseido.mhlw.go.jp/znk-web/juminkanja/S2430/initialize?prefCd=24&kikanCd=3240019403&kikanKbn=3", "url2": "http://ogita-sennonji.com", "内容": "医療法人　おぎた小児歯科【3:歯科】三重県桑名市東方字掛越５７０番地１" }, "geometry": { "type": "Point", "coordinates": [ 136.680602, 35.073966 ] } },
{ "type": "Feature", "properties": { "ID": 2433240019404, "正式名称": "ながの歯科医院", "機関区分": 3, "都道府県コード": 24, "市区町村コード": 201, "所在地": "三重県津市河芸町久知野１２６４－１", "緯度": 34.800542, "経度": 136.541497, "url": "https://www.iryou.teikyouseido.mhlw.go.jp/znk-web/juminkanja/S2430/initialize?prefCd=24&kikanCd=3240019404&kikanKbn=3", "url2": "https://www.nagano-shika.com", "内容": "ながの歯科医院【3:歯科】三重県津市河芸町久知野１２６４－１" }, "geometry": { "type": "Point", "coordinates": [ 136.541497, 34.800542 ] } },
{ "type": "Feature", "properties": { "ID": 2433240019405, "正式名称": "きむら歯科口腔医院", "機関区分": 3, "都道府県コード": 24, "市区町村コード": 202, "所在地": "三重県四日市市泊村１２４１－５", "緯度": 34.941256, "経度": 136.585279, "url": "https://www.iryou.teikyouseido.mhlw.go.jp/znk-web/juminkanja/S2430/initialize?prefCd=24&kikanCd=3240019405&kikanKbn=3", "url2": "https://kimura-doc.com/", "内容": "きむら歯科口腔医院【3:歯科】三重県四日市市泊村１２４１－５" }, "geometry": { "type": "Point", "coordinates": [ 136.585279, 34.941256 ] } },
{ "type": "Feature", "properties": { "ID": 2433240019406, "正式名称": "医療法人ＲＪＤ　四日市くぼた歯科・矯正歯科", "機関区分": 3, "都道府県コード": 24, "市区町村コード": 202, "所在地": "三重県四日市市久保田１丁目３番３０号", "緯度": 34.973348, "経度": 136.608465, "url": "https://www.iryou.teikyouseido.mhlw.go.jp/znk-web/juminkanja/S2430/initialize?prefCd=24&kikanCd=3240019406&kikanKbn=3", "url2": "https://www.yokkaichi-kubota-shika.com", "内容": "医療法人ＲＪＤ　四日市くぼた歯科・矯正歯科【3:歯科】三重県四日市市久保田１丁目３番３０号" }, "geometry": { "type": "Point", "coordinates": [ 136.608465, 34.973348 ] } },
{ "type": "Feature", "properties": { "ID": 2433240019407, "正式名称": "医療法人　岡歯科医院", "機関区分": 3, "都道府県コード": 24, "市区町村コード": 210, "所在地": "三重県亀山市東町１－３－２", "緯度": 34.854422, "経度": 136.454633, "url": "https://www.iryou.teikyouseido.mhlw.go.jp/znk-web/juminkanja/S2430/initialize?prefCd=24&kikanCd=3240019407&kikanKbn=3", "url2": "http://www.okashikaiin.jp", "内容": "医療法人　岡歯科医院【3:歯科】三重県亀山市東町１－３－２" }, "geometry": { "type": "Point", "coordinates": [ 136.454633, 34.854422 ] } },
{ "type": "Feature", "properties": { "ID": 2433240019408, "正式名称": "くわな桜通り歯科", "機関区分": 3, "都道府県コード": 24, "市区町村コード": 205, "所在地": "三重県桑名市桜通４１－１", "緯度": 35.06527, "経度": 136.673431, "url": "https://www.iryou.teikyouseido.mhlw.go.jp/znk-web/juminkanja/S2430/initialize?prefCd=24&kikanCd=3240019408&kikanKbn=3", "url2": "https://kuwana-sakura-dc.com/", "内容": "くわな桜通り歯科【3:歯科】三重県桑名市桜通４１－１" }, "geometry": { "type": "Point", "coordinates": [ 136.673431, 35.06527 ] } },
{ "type": "Feature", "properties": { "ID": 2433240019409, "正式名称": "医療法人大木会　大木歯科医院　四日市", "機関区分": 3, "都道府県コード": 24, "市区町村コード": 202, "所在地": "三重県四日市市諏訪栄町５－５", "緯度": 34.966336, "経度": 136.620203, "url": "https://www.iryou.teikyouseido.mhlw.go.jp/znk-web/juminkanja/S2430/initialize?prefCd=24&kikanCd=3240019409&kikanKbn=3", "url2": "https://ohkidc-yokkaichi.com/", "内容": "医療法人大木会　大木歯科医院　四日市【3:歯科】三重県四日市市諏訪栄町５－５" }, "geometry": { "type": "Point", "coordinates": [ 136.620203, 34.966336 ] } },
{ "type": "Feature", "properties": { "ID": 2433240019410, "正式名称": "西岡歯科醫院", "機関区分": 3, "都道府県コード": 24, "市区町村コード": 214, "所在地": "三重県いなべ市北勢町阿下喜２５６－９", "緯度": 35.152989, "経度": 136.51102, "url": "https://www.iryou.teikyouseido.mhlw.go.jp/znk-web/juminkanja/S2430/initialize?prefCd=24&kikanCd=3240019410&kikanKbn=3", "url2": null, "内容": "西岡歯科醫院【3:歯科】三重県いなべ市北勢町阿下喜２５６－９" }, "geometry": { "type": "Point", "coordinates": [ 136.51102, 35.152989 ] } },
{ "type": "Feature", "properties": { "ID": 2433240019411, "正式名称": "勝田歯科", "機関区分": 3, "都道府県コード": 24, "市区町村コード": 442, "所在地": "三重県多気郡明和町大淀２４４６－１", "緯度": 34.561111, "経度": 136.652869, "url": "https://www.iryou.teikyouseido.mhlw.go.jp/znk-web/juminkanja/S2430/initialize?prefCd=24&kikanCd=3240019411&kikanKbn=3", "url2": "https://www.katsutashika.com/", "内容": "勝田歯科【3:歯科】三重県多気郡明和町大淀２４４６－１" }, "geometry": { "type": "Point", "coordinates": [ 136.652869, 34.561111 ] } },
{ "type": "Feature", "properties": { "ID": 2433240019412, "正式名称": "医療法人　渡部会　わたなべ歯科クリニック", "機関区分": 3, "都道府県コード": 24, "市区町村コード": 343, "所在地": "三重県三重郡朝日町向陽台２丁目１５－１９", "緯度": 35.036345, "経度": 136.655148, "url": "https://www.iryou.teikyouseido.mhlw.go.jp/znk-web/juminkanja/S2430/initialize?prefCd=24&kikanCd=3240019412&kikanKbn=3", "url2": "http://www.watanabe-dent.jp", "内容": "医療法人　渡部会　わたなべ歯科クリニック【3:歯科】三重県三重郡朝日町向陽台２丁目１５－１９" }, "geometry": { "type": "Point", "coordinates": [ 136.655148, 35.036345 ] } },
{ "type": "Feature", "properties": { "ID": 2433240019413, "正式名称": "伊賀上野はっとり歯科医院", "機関区分": 3, "都道府県コード": 24, "市区町村コード": 216, "所在地": "三重県伊賀市小田町２１９", "緯度": 34.774225, "経度": 136.124154, "url": "https://www.iryou.teikyouseido.mhlw.go.jp/znk-web/juminkanja/S2430/initialize?prefCd=24&kikanCd=3240019413&kikanKbn=3", "url2": "https://igauenohattori-dc.com/clinic/", "内容": "伊賀上野はっとり歯科医院【3:歯科】三重県伊賀市小田町２１９" }, "geometry": { "type": "Point", "coordinates": [ 136.124154, 34.774225 ] } },
{ "type": "Feature", "properties": { "ID": 2433240019415, "正式名称": "はやかわ矯正歯科", "機関区分": 3, "都道府県コード": 24, "市区町村コード": 202, "所在地": "三重県四日市市八田２丁目１－２", "緯度": 34.992361, "経度": 136.642327, "url": "https://www.iryou.teikyouseido.mhlw.go.jp/znk-web/juminkanja/S2430/initialize?prefCd=24&kikanCd=3240019415&kikanKbn=3", "url2": "https://www.hayakawa-kyousei.com", "内容": "はやかわ矯正歯科【3:歯科】三重県四日市市八田２丁目１－２" }, "geometry": { "type": "Point", "coordinates": [ 136.642327, 34.992361 ] } },
{ "type": "Feature", "properties": { "ID": 2433240019417, "正式名称": "おかむら歯科医院", "機関区分": 3, "都道府県コード": 24, "市区町村コード": 203, "所在地": "三重県伊勢市久世戸町７２－２２", "緯度": 34.479448, "経度": 136.7237, "url": "https://www.iryou.teikyouseido.mhlw.go.jp/znk-web/juminkanja/S2430/initialize?prefCd=24&kikanCd=3240019417&kikanKbn=3", "url2": "http://okamura-dental.net/", "内容": "おかむら歯科医院【3:歯科】三重県伊勢市久世戸町７２－２２" }, "geometry": { "type": "Point", "coordinates": [ 136.7237, 34.479448 ] } },
{ "type": "Feature", "properties": { "ID": 2433240019418, "正式名称": "医療法人レナクス　はしもと歯科", "機関区分": 3, "都道府県コード": 24, "市区町村コード": 207, "所在地": "三重県鈴鹿市高岡台２－１－８", "緯度": 34.908146, "経度": 136.5946, "url": "https://www.iryou.teikyouseido.mhlw.go.jp/znk-web/juminkanja/S2430/initialize?prefCd=24&kikanCd=3240019418&kikanKbn=3", "url2": "www.hdc-com", "内容": "医療法人レナクス　はしもと歯科【3:歯科】三重県鈴鹿市高岡台２－１－８" }, "geometry": { "type": "Point", "coordinates": [ 136.5946, 34.908146 ] } },
{ "type": "Feature", "properties": { "ID": 2433240019419, "正式名称": "三ツ矢橋歯科ファミリー矯正歯科", "機関区分": 3, "都道府県コード": 24, "市区町村コード": 205, "所在地": "三重県桑名市三ツ矢橋１６番地", "緯度": 35.058601, "経度": 136.683545, "url": "https://www.iryou.teikyouseido.mhlw.go.jp/znk-web/juminkanja/S2430/initialize?prefCd=24&kikanCd=3240019419&kikanKbn=3", "url2": "https://mitsuyabashi-dc.com", "内容": "三ツ矢橋歯科ファミリー矯正歯科【3:歯科】三重県桑名市三ツ矢橋１６番地" }, "geometry": { "type": "Point", "coordinates": [ 136.683545, 35.058601 ] } },
{ "type": "Feature", "properties": { "ID": 2433240019420, "正式名称": "おおやデンタルクリニック", "機関区分": 3, "都道府県コード": 24, "市区町村コード": 216, "所在地": "三重県伊賀市上野茅町２７１８－７", "緯度": 34.76085, "経度": 136.134726, "url": "https://www.iryou.teikyouseido.mhlw.go.jp/znk-web/juminkanja/S2430/initialize?prefCd=24&kikanCd=3240019420&kikanKbn=3", "url2": null, "内容": "おおやデンタルクリニック【3:歯科】三重県伊賀市上野茅町２７１８－７" }, "geometry": { "type": "Point", "coordinates": [ 136.134726, 34.76085 ] } },
{ "type": "Feature", "properties": { "ID": 2433240019421, "正式名称": "医療法人ＴＭＤ　　フレンド歯科", "機関区分": 3, "都道府県コード": 24, "市区町村コード": 207, "所在地": "三重県鈴鹿市地子町８１４－３３", "緯度": 34.867474, "経度": 136.559113, "url": "https://www.iryou.teikyouseido.mhlw.go.jp/znk-web/juminkanja/S2430/initialize?prefCd=24&kikanCd=3240019421&kikanKbn=3", "url2": null, "内容": "医療法人ＴＭＤ　　フレンド歯科【3:歯科】三重県鈴鹿市地子町８１４－３３" }, "geometry": { "type": "Point", "coordinates": [ 136.559113, 34.867474 ] } },
{ "type": "Feature", "properties": { "ID": 2433240019423, "正式名称": "山根歯科医院", "機関区分": 3, "都道府県コード": 24, "市区町村コード": 341, "所在地": "三重県三重郡菰野町菰野１４２２", "緯度": 35.011239, "経度": 136.514353, "url": "https://www.iryou.teikyouseido.mhlw.go.jp/znk-web/juminkanja/S2430/initialize?prefCd=24&kikanCd=3240019423&kikanKbn=3", "url2": null, "内容": "山根歯科医院【3:歯科】三重県三重郡菰野町菰野１４２２" }, "geometry": { "type": "Point", "coordinates": [ 136.514353, 35.011239 ] } },
{ "type": "Feature", "properties": { "ID": 2433240019424, "正式名称": "セントラル歯科クリニック", "機関区分": 3, "都道府県コード": 24, "市区町村コード": 202, "所在地": "三重県四日市市新町６－８", "緯度": 34.965864, "経度": 136.63022, "url": "https://www.iryou.teikyouseido.mhlw.go.jp/znk-web/juminkanja/S2430/initialize?prefCd=24&kikanCd=3240019424&kikanKbn=3", "url2": "https://www.central-shika-yokkaichi.com", "内容": "セントラル歯科クリニック【3:歯科】三重県四日市市新町６－８" }, "geometry": { "type": "Point", "coordinates": [ 136.63022, 34.965864 ] } },
{ "type": "Feature", "properties": { "ID": 2433240019425, "正式名称": "なかい歯科クリニック", "機関区分": 3, "都道府県コード": 24, "市区町村コード": 543, "所在地": "三重県北牟婁郡紀北町東長島３２１－１", "緯度": 34.20995, "経度": 136.340032, "url": "https://www.iryou.teikyouseido.mhlw.go.jp/znk-web/juminkanja/S2430/initialize?prefCd=24&kikanCd=3240019425&kikanKbn=3", "url2": "https://nakai-dental.net", "内容": "なかい歯科クリニック【3:歯科】三重県北牟婁郡紀北町東長島３２１－１" }, "geometry": { "type": "Point", "coordinates": [ 136.340032, 34.20995 ] } },
{ "type": "Feature", "properties": { "ID": 2433240019427, "正式名称": "長崎歯科医院", "機関区分": 3, "都道府県コード": 24, "市区町村コード": 201, "所在地": "三重県津市久居明神町字西藤谷１２０６－２", "緯度": 34.691775, "経度": 136.482144, "url": "https://www.iryou.teikyouseido.mhlw.go.jp/znk-web/juminkanja/S2430/initialize?prefCd=24&kikanCd=3240019427&kikanKbn=3", "url2": "https://nagasaki-dc.com", "内容": "長崎歯科医院【3:歯科】三重県津市久居明神町字西藤谷１２０６－２" }, "geometry": { "type": "Point", "coordinates": [ 136.482144, 34.691775 ] } },
{ "type": "Feature", "properties": { "ID": 2433240019428, "正式名称": "重盛ファミリー歯科", "機関区分": 3, "都道府県コード": 24, "市区町村コード": 202, "所在地": "三重県四日市市八王子町２４７８", "緯度": 34.951529, "経度": 136.569506, "url": "https://www.iryou.teikyouseido.mhlw.go.jp/znk-web/juminkanja/S2430/initialize?prefCd=24&kikanCd=3240019428&kikanKbn=3", "url2": "https://shigemori-dental.com/", "内容": "重盛ファミリー歯科【3:歯科】三重県四日市市八王子町２４７８" }, "geometry": { "type": "Point", "coordinates": [ 136.569506, 34.951529 ] } },
{ "type": "Feature", "properties": { "ID": 2433240019429, "正式名称": "医療法人　辻歯科医院", "機関区分": 3, "都道府県コード": 24, "市区町村コード": 202, "所在地": "三重県四日市市川島町６０００－７４", "緯度": 34.97742, "経度": 136.55853, "url": "https://www.iryou.teikyouseido.mhlw.go.jp/znk-web/juminkanja/S2430/initialize?prefCd=24&kikanCd=3240019429&kikanKbn=3", "url2": null, "内容": "医療法人　辻歯科医院【3:歯科】三重県四日市市川島町６０００－７４" }, "geometry": { "type": "Point", "coordinates": [ 136.55853, 34.97742 ] } },
{ "type": "Feature", "properties": { "ID": 2433240019430, "正式名称": "さちデンタルクリニック", "機関区分": 3, "都道府県コード": 24, "市区町村コード": 202, "所在地": "三重県四日市市室山町６１３－８エクセレント室山Ｂ１０２", "緯度": 34.953823, "経度": 136.576206, "url": "https://www.iryou.teikyouseido.mhlw.go.jp/znk-web/juminkanja/S2430/initialize?prefCd=24&kikanCd=3240019430&kikanKbn=3", "url2": "sachi-dentalcl.com", "内容": "さちデンタルクリニック【3:歯科】三重県四日市市室山町６１３－８エクセレント室山Ｂ１０２" }, "geometry": { "type": "Point", "coordinates": [ 136.576206, 34.953823 ] } },
{ "type": "Feature", "properties": { "ID": 2433240019432, "正式名称": "朝日つげ歯科", "機関区分": 3, "都道府県コード": 24, "市区町村コード": 343, "所在地": "三重県三重郡朝日町小向９２５", "緯度": 35.034096, "経度": 136.663255, "url": "https://www.iryou.teikyouseido.mhlw.go.jp/znk-web/juminkanja/S2430/initialize?prefCd=24&kikanCd=3240019432&kikanKbn=3", "url2": "https://a-tsuge-dc.com/", "内容": "朝日つげ歯科【3:歯科】三重県三重郡朝日町小向９２５" }, "geometry": { "type": "Point", "coordinates": [ 136.663255, 35.034096 ] } },
{ "type": "Feature", "properties": { "ID": 2433240019433, "正式名称": "中谷歯科医院", "機関区分": 3, "都道府県コード": 24, "市区町村コード": 208, "所在地": "三重県名張市栄町２８２３－１", "緯度": 34.623845, "経度": 136.09331, "url": "https://www.iryou.teikyouseido.mhlw.go.jp/znk-web/juminkanja/S2430/initialize?prefCd=24&kikanCd=3240019433&kikanKbn=3", "url2": "http://nakatani-dc-nabari.ci-hp.jp", "内容": "中谷歯科医院【3:歯科】三重県名張市栄町２８２３－１" }, "geometry": { "type": "Point", "coordinates": [ 136.09331, 34.623845 ] } },
{ "type": "Feature", "properties": { "ID": 2433240019434, "正式名称": "グリーン歯科", "機関区分": 3, "都道府県コード": 24, "市区町村コード": 205, "所在地": "三重県桑名市野田３丁目８－３", "緯度": 35.082199, "経度": 136.631789, "url": "https://www.iryou.teikyouseido.mhlw.go.jp/znk-web/juminkanja/S2430/initialize?prefCd=24&kikanCd=3240019434&kikanKbn=3", "url2": null, "内容": "グリーン歯科【3:歯科】三重県桑名市野田３丁目８－３" }, "geometry": { "type": "Point", "coordinates": [ 136.631789, 35.082199 ] } },
{ "type": "Feature", "properties": { "ID": 2433240019435, "正式名称": "医療法人想泉会　名張かめい歯科・矯正歯科", "機関区分": 3, "都道府県コード": 24, "市区町村コード": 208, "所在地": "三重県名張市赤目町丈六４４９－１", "緯度": 34.60295, "経度": 136.075492, "url": "https://www.iryou.teikyouseido.mhlw.go.jp/znk-web/juminkanja/S2430/initialize?prefCd=24&kikanCd=3240019435&kikanKbn=3", "url2": "https://www.kamei-dentalclinic.com/", "内容": "医療法人想泉会　名張かめい歯科・矯正歯科【3:歯科】三重県名張市赤目町丈六４４９－１" }, "geometry": { "type": "Point", "coordinates": [ 136.075492, 34.60295 ] } },
{ "type": "Feature", "properties": { "ID": 2433240019437, "正式名称": "高花平デンタルクリニック", "機関区分": 3, "都道府県コード": 24, "市区町村コード": 202, "所在地": "三重県四日市市高花平３丁目１－３", "緯度": 34.95439, "経度": 136.551816, "url": "https://www.iryou.teikyouseido.mhlw.go.jp/znk-web/juminkanja/S2430/initialize?prefCd=24&kikanCd=3240019437&kikanKbn=3", "url2": "https://takahanadaira-dentalclinic.com", "内容": "高花平デンタルクリニック【3:歯科】三重県四日市市高花平３丁目１－３" }, "geometry": { "type": "Point", "coordinates": [ 136.551816, 34.95439 ] } },
{ "type": "Feature", "properties": { "ID": 2433240019438, "正式名称": "中尾歯科　まつもと診療所", "機関区分": 3, "都道府県コード": 24, "市区町村コード": 202, "所在地": "三重県四日市市松本３丁目９－９", "緯度": 34.969822, "経度": 136.589546, "url": "https://www.iryou.teikyouseido.mhlw.go.jp/znk-web/juminkanja/S2430/initialize?prefCd=24&kikanCd=3240019438&kikanKbn=3", "url2": "https://nakaoshika\\maysumoto.doctorsfile.jp", "内容": "中尾歯科　まつもと診療所【3:歯科】三重県四日市市松本３丁目９－９" }, "geometry": { "type": "Point", "coordinates": [ 136.589546, 34.969822 ] } },
{ "type": "Feature", "properties": { "ID": 2433240019439, "正式名称": "市川歯科", "機関区分": 3, "都道府県コード": 24, "市区町村コード": 202, "所在地": "三重県四日市市山城町１１４９－１", "緯度": 35.035574, "経度": 136.589152, "url": "https://www.iryou.teikyouseido.mhlw.go.jp/znk-web/juminkanja/S2430/initialize?prefCd=24&kikanCd=3240019439&kikanKbn=3", "url2": null, "内容": "市川歯科【3:歯科】三重県四日市市山城町１１４９－１" }, "geometry": { "type": "Point", "coordinates": [ 136.589152, 35.035574 ] } },
{ "type": "Feature", "properties": { "ID": 2433240019440, "正式名称": "岡本歯科", "機関区分": 3, "都道府県コード": 24, "市区町村コード": 202, "所在地": "三重県四日市市元新町５－１７", "緯度": 34.968069, "経度": 136.62746, "url": "https://www.iryou.teikyouseido.mhlw.go.jp/znk-web/juminkanja/S2430/initialize?prefCd=24&kikanCd=3240019440&kikanKbn=3", "url2": null, "内容": "岡本歯科【3:歯科】三重県四日市市元新町５－１７" }, "geometry": { "type": "Point", "coordinates": [ 136.62746, 34.968069 ] } },
{ "type": "Feature", "properties": { "ID": 2433240019441, "正式名称": "ドレミ歯科", "機関区分": 3, "都道府県コード": 24, "市区町村コード": 208, "所在地": "三重県名張市つつじが丘北４番町１", "緯度": 34.608057, "経度": 136.129636, "url": "https://www.iryou.teikyouseido.mhlw.go.jp/znk-web/juminkanja/S2430/initialize?prefCd=24&kikanCd=3240019441&kikanKbn=3", "url2": null, "内容": "ドレミ歯科【3:歯科】三重県名張市つつじが丘北４番町１" }, "geometry": { "type": "Point", "coordinates": [ 136.129636, 34.608057 ] } },
{ "type": "Feature", "properties": { "ID": 2433240019442, "正式名称": "医療法人ＳａＫｕＲａ　しんじ歯科クリニック", "機関区分": 3, "都道府県コード": 24, "市区町村コード": 202, "所在地": "三重県四日市市智積町６７３２－７", "緯度": 34.986657, "経度": 136.541111, "url": "https://www.iryou.teikyouseido.mhlw.go.jp/znk-web/juminkanja/S2430/initialize?prefCd=24&kikanCd=3240019442&kikanKbn=3", "url2": "https://shinji-shika.com", "内容": "医療法人ＳａＫｕＲａ　しんじ歯科クリニック【3:歯科】三重県四日市市智積町６７３２－７" }, "geometry": { "type": "Point", "coordinates": [ 136.541111, 34.986657 ] } },
{ "type": "Feature", "properties": { "ID": 2433240019443, "正式名称": "継松歯科医院", "機関区分": 3, "都道府県コード": 24, "市区町村コード": 204, "所在地": "三重県松阪市垣鼻町８０７", "緯度": 34.569893, "経度": 136.539137, "url": "https://www.iryou.teikyouseido.mhlw.go.jp/znk-web/juminkanja/S2430/initialize?prefCd=24&kikanCd=3240019443&kikanKbn=3", "url2": null, "内容": "継松歯科医院【3:歯科】三重県松阪市垣鼻町８０７" }, "geometry": { "type": "Point", "coordinates": [ 136.539137, 34.569893 ] } },
{ "type": "Feature", "properties": { "ID": 2433240019444, "正式名称": "かとうデンタルクリニック", "機関区分": 3, "都道府県コード": 24, "市区町村コード": 201, "所在地": "三重県津市久居射場町６５－１", "緯度": 34.680441, "経度": 136.466577, "url": "https://www.iryou.teikyouseido.mhlw.go.jp/znk-web/juminkanja/S2430/initialize?prefCd=24&kikanCd=3240019444&kikanKbn=3", "url2": "https://kato-dentalclinic.com", "内容": "かとうデンタルクリニック【3:歯科】三重県津市久居射場町６５－１" }, "geometry": { "type": "Point", "coordinates": [ 136.466577, 34.680441 ] } },
{ "type": "Feature", "properties": { "ID": 2433240019445, "正式名称": "田所歯科矯正歯科クリニック", "機関区分": 3, "都道府県コード": 24, "市区町村コード": 203, "所在地": "三重県伊勢市曽祢１－４－１８", "緯度": 34.492484, "経度": 136.701945, "url": "https://www.iryou.teikyouseido.mhlw.go.jp/znk-web/juminkanja/S2430/initialize?prefCd=24&kikanCd=3240019445&kikanKbn=3", "url2": null, "内容": "田所歯科矯正歯科クリニック【3:歯科】三重県伊勢市曽祢１－４－１８" }, "geometry": { "type": "Point", "coordinates": [ 136.701945, 34.492484 ] } },
{ "type": "Feature", "properties": { "ID": 2433240019446, "正式名称": "大矢矯正歯科", "機関区分": 3, "都道府県コード": 24, "市区町村コード": 203, "所在地": "三重県伊勢市宮後２－１７－３２", "緯度": 34.492855, "経度": 136.710621, "url": "https://www.iryou.teikyouseido.mhlw.go.jp/znk-web/juminkanja/S2430/initialize?prefCd=24&kikanCd=3240019446&kikanKbn=3", "url2": "https://oyakyousei.com/", "内容": "大矢矯正歯科【3:歯科】三重県伊勢市宮後２－１７－３２" }, "geometry": { "type": "Point", "coordinates": [ 136.710621, 34.492855 ] } },
{ "type": "Feature", "properties": { "ID": 2433240019447, "正式名称": "のぞみ歯科口腔外科", "機関区分": 3, "都道府県コード": 24, "市区町村コード": 344, "所在地": "三重県三重郡川越町豊田２７３", "緯度": 35.016343, "経度": 136.660701, "url": "https://www.iryou.teikyouseido.mhlw.go.jp/znk-web/juminkanja/S2430/initialize?prefCd=24&kikanCd=3240019447&kikanKbn=3", "url2": "https://dc-nozomi.com/", "内容": "のぞみ歯科口腔外科【3:歯科】三重県三重郡川越町豊田２７３" }, "geometry": { "type": "Point", "coordinates": [ 136.660701, 35.016343 ] } },
{ "type": "Feature", "properties": { "ID": 2433240019448, "正式名称": "ＲｅＢｏｎ　Ｄｅｎｔａｌ　Ｃｌｉｎｉｃ", "機関区分": 3, "都道府県コード": 24, "市区町村コード": 202, "所在地": "三重県四日市市諏訪町１３－８アトレ諏訪新道１階", "緯度": 34.967432, "経度": 136.62427, "url": "https://www.iryou.teikyouseido.mhlw.go.jp/znk-web/juminkanja/S2430/initialize?prefCd=24&kikanCd=3240019448&kikanKbn=3", "url2": "https://www.rebon-dc.com/", "内容": "ＲｅＢｏｎ　Ｄｅｎｔａｌ　Ｃｌｉｎｉｃ【3:歯科】三重県四日市市諏訪町１３－８アトレ諏訪新道１階" }, "geometry": { "type": "Point", "coordinates": [ 136.62427, 34.967432 ] } },
{ "type": "Feature", "properties": { "ID": 2433240019449, "正式名称": "杉山歯科医院", "機関区分": 3, "都道府県コード": 24, "市区町村コード": 204, "所在地": "三重県松阪市嬉野中川新町４－１２７", "緯度": 34.631597, "経度": 136.476805, "url": "https://www.iryou.teikyouseido.mhlw.go.jp/znk-web/juminkanja/S2430/initialize?prefCd=24&kikanCd=3240019449&kikanKbn=3", "url2": null, "内容": "杉山歯科医院【3:歯科】三重県松阪市嬉野中川新町４－１２７" }, "geometry": { "type": "Point", "coordinates": [ 136.476805, 34.631597 ] } },
{ "type": "Feature", "properties": { "ID": 2433240019450, "正式名称": "ともファミリー歯科・矯正歯科", "機関区分": 3, "都道府県コード": 24, "市区町村コード": 207, "所在地": "三重県鈴鹿市白子駅前３－１そよら鈴鹿白子２階", "緯度": 34.836488, "経度": 136.591649, "url": "https://www.iryou.teikyouseido.mhlw.go.jp/znk-web/juminkanja/S2430/initialize?prefCd=24&kikanCd=3240019450&kikanKbn=3", "url2": "https://www.tomo-familyshika.com", "内容": "ともファミリー歯科・矯正歯科【3:歯科】三重県鈴鹿市白子駅前３－１そよら鈴鹿白子２階" }, "geometry": { "type": "Point", "coordinates": [ 136.591649, 34.836488 ] } },
{ "type": "Feature", "properties": { "ID": 2433240019451, "正式名称": "医療法人孝心会　あおい歯科クリニック", "機関区分": 3, "都道府県コード": 24, "市区町村コード": 209, "所在地": "三重県尾鷲市南陽町１０－６", "緯度": 34.06894, "経度": 136.191985, "url": "https://www.iryou.teikyouseido.mhlw.go.jp/znk-web/juminkanja/S2430/initialize?prefCd=24&kikanCd=3240019451&kikanKbn=3", "url2": null, "内容": "医療法人孝心会　あおい歯科クリニック【3:歯科】三重県尾鷲市南陽町１０－６" }, "geometry": { "type": "Point", "coordinates": [ 136.191985, 34.06894 ] } },
{ "type": "Feature", "properties": { "ID": 2433240019452, "正式名称": "美濃歯科医院", "機関区分": 3, "都道府県コード": 24, "市区町村コード": 201, "所在地": "三重県津市大門４－３岡半ビル２Ｆ", "緯度": 34.717718, "経度": 136.513351, "url": "https://www.iryou.teikyouseido.mhlw.go.jp/znk-web/juminkanja/S2430/initialize?prefCd=24&kikanCd=3240019452&kikanKbn=3", "url2": null, "内容": "美濃歯科医院【3:歯科】三重県津市大門４－３岡半ビル２Ｆ" }, "geometry": { "type": "Point", "coordinates": [ 136.513351, 34.717718 ] } },
{ "type": "Feature", "properties": { "ID": 2433240019453, "正式名称": "医療法人　ふかつ歯科", "機関区分": 3, "都道府県コード": 24, "市区町村コード": 202, "所在地": "三重県四日市市富田３丁目１－１", "緯度": 35.005052, "経度": 136.651785, "url": "https://www.iryou.teikyouseido.mhlw.go.jp/znk-web/juminkanja/S2430/initialize?prefCd=24&kikanCd=3240019453&kikanKbn=3", "url2": "http://www.fukatsu-dc.com/", "内容": "医療法人　ふかつ歯科【3:歯科】三重県四日市市富田３丁目１－１" }, "geometry": { "type": "Point", "coordinates": [ 136.651785, 35.005052 ] } },
{ "type": "Feature", "properties": { "ID": 2433240019454, "正式名称": "医療法人　きらり歯科", "機関区分": 3, "都道府県コード": 24, "市区町村コード": 205, "所在地": "三重県桑名市陽だまりの丘７丁目１５１２", "緯度": 35.087115, "経度": 136.636297, "url": "https://www.iryou.teikyouseido.mhlw.go.jp/znk-web/juminkanja/S2430/initialize?prefCd=24&kikanCd=3240019454&kikanKbn=3", "url2": "http://www.kirari-dc.com", "内容": "医療法人　きらり歯科【3:歯科】三重県桑名市陽だまりの丘７丁目１５１２" }, "geometry": { "type": "Point", "coordinates": [ 136.636297, 35.087115 ] } },
{ "type": "Feature", "properties": { "ID": 2433240019455, "正式名称": "医療法人大緑会　大長歯科矯正歯科", "機関区分": 3, "都道府県コード": 24, "市区町村コード": 324, "所在地": "三重県員弁郡東員町長深３３８３", "緯度": 35.061341, "経度": 136.567805, "url": "https://www.iryou.teikyouseido.mhlw.go.jp/znk-web/juminkanja/S2430/initialize?prefCd=24&kikanCd=3240019455&kikanKbn=3", "url2": null, "内容": "医療法人大緑会　大長歯科矯正歯科【3:歯科】三重県員弁郡東員町長深３３８３" }, "geometry": { "type": "Point", "coordinates": [ 136.567805, 35.061341 ] } },
{ "type": "Feature", "properties": { "ID": 2433240019456, "正式名称": "吉川歯科医院", "機関区分": 3, "都道府県コード": 24, "市区町村コード": 205, "所在地": "三重県桑名市有楽町６５富士ビル４Ｆ", "緯度": 35.067326, "経度": 136.684944, "url": "https://www.iryou.teikyouseido.mhlw.go.jp/znk-web/juminkanja/S2430/initialize?prefCd=24&kikanCd=3240019456&kikanKbn=3", "url2": null, "内容": "吉川歯科医院【3:歯科】三重県桑名市有楽町６５富士ビル４Ｆ" }, "geometry": { "type": "Point", "coordinates": [ 136.684944, 35.067326 ] } },
{ "type": "Feature", "properties": { "ID": 2433240019457, "正式名称": "さとう歯科", "機関区分": 3, "都道府県コード": 24, "市区町村コード": 202, "所在地": "三重県四日市市天カ須賀５－２－６", "緯度": 35.012106, "経度": 136.665597, "url": "https://www.iryou.teikyouseido.mhlw.go.jp/znk-web/juminkanja/S2430/initialize?prefCd=24&kikanCd=3240019457&kikanKbn=3", "url2": null, "内容": "さとう歯科【3:歯科】三重県四日市市天カ須賀５－２－６" }, "geometry": { "type": "Point", "coordinates": [ 136.665597, 35.012106 ] } },
{ "type": "Feature", "properties": { "ID": 2433240019458, "正式名称": "やまさき歯科", "機関区分": 3, "都道府県コード": 24, "市区町村コード": 208, "所在地": "三重県名張市夏見８５－８", "緯度": 34.616565, "経度": 136.101205, "url": "https://www.iryou.teikyouseido.mhlw.go.jp/znk-web/juminkanja/S2430/initialize?prefCd=24&kikanCd=3240019458&kikanKbn=3", "url2": null, "内容": "やまさき歯科【3:歯科】三重県名張市夏見８５－８" }, "geometry": { "type": "Point", "coordinates": [ 136.101205, 34.616565 ] } },
{ "type": "Feature", "properties": { "ID": 2433240019459, "正式名称": "大石歯科医院　南島診療所", "機関区分": 3, "都道府県コード": 24, "市区町村コード": 472, "所在地": "三重県度会郡南伊勢町村山１１１８", "緯度": 34.280592, "経度": 136.498353, "url": "https://www.iryou.teikyouseido.mhlw.go.jp/znk-web/juminkanja/S2430/initialize?prefCd=24&kikanCd=3240019459&kikanKbn=3", "url2": null, "内容": "大石歯科医院　南島診療所【3:歯科】三重県度会郡南伊勢町村山１１１８" }, "geometry": { "type": "Point", "coordinates": [ 136.498353, 34.280592 ] } },
{ "type": "Feature", "properties": { "ID": 2433240019460, "正式名称": "医療法人ｏｕｌ　いなもり矯正歯科", "機関区分": 3, "都道府県コード": 24, "市区町村コード": 204, "所在地": "三重県松阪市嬉野中川新町２－１７６", "緯度": 34.635271, "経度": 136.482559, "url": "https://www.iryou.teikyouseido.mhlw.go.jp/znk-web/juminkanja/S2430/initialize?prefCd=24&kikanCd=3240019460&kikanKbn=3", "url2": "http://www.hanafukurou.com/", "内容": "医療法人ｏｕｌ　いなもり矯正歯科【3:歯科】三重県松阪市嬉野中川新町２－１７６" }, "geometry": { "type": "Point", "coordinates": [ 136.482559, 34.635271 ] } },
{ "type": "Feature", "properties": { "ID": 2433240019461, "正式名称": "小林歯科医院", "機関区分": 3, "都道府県コード": 24, "市区町村コード": 201, "所在地": "三重県津市藤方１５９２－５", "緯度": 34.688352, "経度": 136.512034, "url": "https://www.iryou.teikyouseido.mhlw.go.jp/znk-web/juminkanja/S2430/initialize?prefCd=24&kikanCd=3240019461&kikanKbn=3", "url2": "kobayashi-dc-tsu.com", "内容": "小林歯科医院【3:歯科】三重県津市藤方１５９２－５" }, "geometry": { "type": "Point", "coordinates": [ 136.512034, 34.688352 ] } },
{ "type": "Feature", "properties": { "ID": 2433240019462, "正式名称": "はぐみ歯科", "機関区分": 3, "都道府県コード": 24, "市区町村コード": 205, "所在地": "三重県桑名市大山田１－１１－３", "緯度": 35.079498, "経度": 136.638951, "url": "https://www.iryou.teikyouseido.mhlw.go.jp/znk-web/juminkanja/S2430/initialize?prefCd=24&kikanCd=3240019462&kikanKbn=3", "url2": "http://www.hagumisika.com", "内容": "はぐみ歯科【3:歯科】三重県桑名市大山田１－１１－３" }, "geometry": { "type": "Point", "coordinates": [ 136.638951, 35.079498 ] } },
{ "type": "Feature", "properties": { "ID": 2433240019463, "正式名称": "岩田歯科医院", "機関区分": 3, "都道府県コード": 24, "市区町村コード": 324, "所在地": "三重県員弁郡東員町大木１９４８―１", "緯度": 35.080222, "経度": 136.582577, "url": "https://www.iryou.teikyouseido.mhlw.go.jp/znk-web/juminkanja/S2430/initialize?prefCd=24&kikanCd=3240019463&kikanKbn=3", "url2": null, "内容": "岩田歯科医院【3:歯科】三重県員弁郡東員町大木１９４８―１" }, "geometry": { "type": "Point", "coordinates": [ 136.582577, 35.080222 ] } },
{ "type": "Feature", "properties": { "ID": 2433240019464, "正式名称": "ＳＰＴ　矢谷歯科口腔医院", "機関区分": 3, "都道府県コード": 24, "市区町村コード": 216, "所在地": "三重県伊賀市上野忍町２５９０－３", "緯度": 34.762934, "経度": 136.133154, "url": "https://www.iryou.teikyouseido.mhlw.go.jp/znk-web/juminkanja/S2430/initialize?prefCd=24&kikanCd=3240019464&kikanKbn=3", "url2": "https://iga-dental.jp", "内容": "ＳＰＴ　矢谷歯科口腔医院【3:歯科】三重県伊賀市上野忍町２５９０－３" }, "geometry": { "type": "Point", "coordinates": [ 136.133154, 34.762934 ] } },
{ "type": "Feature", "properties": { "ID": 2433240019465, "正式名称": "桑名・四日市フローレン訪問歯科", "機関区分": 3, "都道府県コード": 24, "市区町村コード": 205, "所在地": "三重県桑名市寿町三丁目７３番地", "緯度": 35.065052, "経度": 136.686517, "url": "https://www.iryou.teikyouseido.mhlw.go.jp/znk-web/juminkanja/S2430/initialize?prefCd=24&kikanCd=3240019465&kikanKbn=3", "url2": null, "内容": "桑名・四日市フローレン訪問歯科【3:歯科】三重県桑名市寿町三丁目７３番地" }, "geometry": { "type": "Point", "coordinates": [ 136.686517, 35.065052 ] } },
{ "type": "Feature", "properties": { "ID": 2433240019466, "正式名称": "西井歯科", "機関区分": 3, "都道府県コード": 24, "市区町村コード": 211, "所在地": "三重県鳥羽市鳥羽５－４－１０", "緯度": 34.470323, "経度": 136.842651, "url": "https://www.iryou.teikyouseido.mhlw.go.jp/znk-web/juminkanja/S2430/initialize?prefCd=24&kikanCd=3240019466&kikanKbn=3", "url2": null, "内容": "西井歯科【3:歯科】三重県鳥羽市鳥羽５－４－１０" }, "geometry": { "type": "Point", "coordinates": [ 136.842651, 34.470323 ] } },
{ "type": "Feature", "properties": { "ID": 2433240019467, "正式名称": "おかもと歯科", "機関区分": 3, "都道府県コード": 24, "市区町村コード": 214, "所在地": "三重県いなべ市大安町石榑東１８５３―７", "緯度": 35.107914, "経度": 136.528384, "url": "https://www.iryou.teikyouseido.mhlw.go.jp/znk-web/juminkanja/S2430/initialize?prefCd=24&kikanCd=3240019467&kikanKbn=3", "url2": null, "内容": "おかもと歯科【3:歯科】三重県いなべ市大安町石榑東１８５３―７" }, "geometry": { "type": "Point", "coordinates": [ 136.528384, 35.107914 ] } },
{ "type": "Feature", "properties": { "ID": 2433240019468, "正式名称": "留奥歯科・口腔医院", "機関区分": 3, "都道府県コード": 24, "市区町村コード": 207, "所在地": "三重県鈴鹿市白子駅前１－８", "緯度": 34.838908, "経度": 136.589004, "url": "https://www.iryou.teikyouseido.mhlw.go.jp/znk-web/juminkanja/S2430/initialize?prefCd=24&kikanCd=3240019468&kikanKbn=3", "url2": "https://tomedc.com", "内容": "留奥歯科・口腔医院【3:歯科】三重県鈴鹿市白子駅前１－８" }, "geometry": { "type": "Point", "coordinates": [ 136.589004, 34.838908 ] } },
{ "type": "Feature", "properties": { "ID": 2433240019469, "正式名称": "武田歯科医院", "機関区分": 3, "都道府県コード": 24, "市区町村コード": 216, "所在地": "三重県伊賀市上野中町２９８５", "緯度": 34.765843, "経度": 136.128763, "url": "https://www.iryou.teikyouseido.mhlw.go.jp/znk-web/juminkanja/S2430/initialize?prefCd=24&kikanCd=3240019469&kikanKbn=3", "url2": null, "内容": "武田歯科医院【3:歯科】三重県伊賀市上野中町２９８５" }, "geometry": { "type": "Point", "coordinates": [ 136.128763, 34.765843 ] } },
{ "type": "Feature", "properties": { "ID": 2433240019470, "正式名称": "かまたに歯科", "機関区分": 3, "都道府県コード": 24, "市区町村コード": 201, "所在地": "三重県津市半田３４３８－７", "緯度": 34.69813, "経度": 136.499838, "url": "https://www.iryou.teikyouseido.mhlw.go.jp/znk-web/juminkanja/S2430/initialize?prefCd=24&kikanCd=3240019470&kikanKbn=3", "url2": "https://kamatanishika.com", "内容": "かまたに歯科【3:歯科】三重県津市半田３４３８－７" }, "geometry": { "type": "Point", "coordinates": [ 136.499838, 34.69813 ] } },
{ "type": "Feature", "properties": { "ID": 2433240019471, "正式名称": "いとう歯科", "機関区分": 3, "都道府県コード": 24, "市区町村コード": 461, "所在地": "三重県度会郡玉城町野篠字村ノ内２２６", "緯度": 34.486272, "経度": 136.61803, "url": "https://www.iryou.teikyouseido.mhlw.go.jp/znk-web/juminkanja/S2430/initialize?prefCd=24&kikanCd=3240019471&kikanKbn=3", "url2": "http://www.itou-shika.jp", "内容": "いとう歯科【3:歯科】三重県度会郡玉城町野篠字村ノ内２２６" }, "geometry": { "type": "Point", "coordinates": [ 136.61803, 34.486272 ] } },
{ "type": "Feature", "properties": { "ID": 2433240019472, "正式名称": "エステラデンタルクリニック", "機関区分": 3, "都道府県コード": 24, "市区町村コード": 204, "所在地": "三重県松阪市船江町１３９２－２７", "緯度": 34.593673, "経度": 136.522733, "url": "https://www.iryou.teikyouseido.mhlw.go.jp/znk-web/juminkanja/S2430/initialize?prefCd=24&kikanCd=3240019472&kikanKbn=3", "url2": "https://estella-dental.jp", "内容": "エステラデンタルクリニック【3:歯科】三重県松阪市船江町１３９２－２７" }, "geometry": { "type": "Point", "coordinates": [ 136.522733, 34.593673 ] } },
{ "type": "Feature", "properties": { "ID": 2433240019473, "正式名称": "大森歯科医院", "機関区分": 3, "都道府県コード": 24, "市区町村コード": 204, "所在地": "三重県松阪市小津町５０４", "緯度": 34.614568, "経度": 136.513024, "url": "https://www.iryou.teikyouseido.mhlw.go.jp/znk-web/juminkanja/S2430/initialize?prefCd=24&kikanCd=3240019473&kikanKbn=3", "url2": null, "内容": "大森歯科医院【3:歯科】三重県松阪市小津町５０４" }, "geometry": { "type": "Point", "coordinates": [ 136.513024, 34.614568 ] } },
{ "type": "Feature", "properties": { "ID": 2433240019474, "正式名称": "たつみ歯科", "機関区分": 3, "都道府県コード": 24, "市区町村コード": 202, "所在地": "三重県四日市市松原町１５－１３", "緯度": 35.011632, "経度": 136.657019, "url": "https://www.iryou.teikyouseido.mhlw.go.jp/znk-web/juminkanja/S2430/initialize?prefCd=24&kikanCd=3240019474&kikanKbn=3", "url2": "http://tatsumi-dent.com", "内容": "たつみ歯科【3:歯科】三重県四日市市松原町１５－１３" }, "geometry": { "type": "Point", "coordinates": [ 136.657019, 35.011632 ] } },
{ "type": "Feature", "properties": { "ID": 2433240019475, "正式名称": "にしいデンタルクリニック", "機関区分": 3, "都道府県コード": 24, "市区町村コード": 204, "所在地": "三重県松阪市下村町字西ノ庄８７０－８", "緯度": 34.548576, "経度": 136.541632, "url": "https://www.iryou.teikyouseido.mhlw.go.jp/znk-web/juminkanja/S2430/initialize?prefCd=24&kikanCd=3240019475&kikanKbn=3", "url2": "https://www.nishidental.com", "内容": "にしいデンタルクリニック【3:歯科】三重県松阪市下村町字西ノ庄８７０－８" }, "geometry": { "type": "Point", "coordinates": [ 136.541632, 34.548576 ] } },
{ "type": "Feature", "properties": { "ID": 2433240019476, "正式名称": "平沢歯科診療所", "機関区分": 3, "都道府県コード": 24, "市区町村コード": 208, "所在地": "三重県名張市元町４３０", "緯度": 34.620766, "経度": 136.087867, "url": "https://www.iryou.teikyouseido.mhlw.go.jp/znk-web/juminkanja/S2430/initialize?prefCd=24&kikanCd=3240019476&kikanKbn=3", "url2": null, "内容": "平沢歯科診療所【3:歯科】三重県名張市元町４３０" }, "geometry": { "type": "Point", "coordinates": [ 136.087867, 34.620766 ] } },
{ "type": "Feature", "properties": { "ID": 2433240019477, "正式名称": "内原歯科", "機関区分": 3, "都道府県コード": 24, "市区町村コード": 201, "所在地": "三重県津市広明町１２０の２", "緯度": 34.731911, "経度": 136.508436, "url": "https://www.iryou.teikyouseido.mhlw.go.jp/znk-web/juminkanja/S2430/initialize?prefCd=24&kikanCd=3240019477&kikanKbn=3", "url2": "https://www.uchihara-shika.net", "内容": "内原歯科【3:歯科】三重県津市広明町１２０の２" }, "geometry": { "type": "Point", "coordinates": [ 136.508436, 34.731911 ] } },
{ "type": "Feature", "properties": { "ID": 2433240019478, "正式名称": "医療法人虹空会　にじのそら矯正歯科・鈴鹿", "機関区分": 3, "都道府県コード": 24, "市区町村コード": 207, "所在地": "三重県鈴鹿市南玉垣町７１１０", "緯度": 34.859124, "経度": 136.585864, "url": "https://www.iryou.teikyouseido.mhlw.go.jp/znk-web/juminkanja/S2430/initialize?prefCd=24&kikanCd=3240019478&kikanKbn=3", "url2": "https://nijinosora-dental.cm", "内容": "医療法人虹空会　にじのそら矯正歯科・鈴鹿【3:歯科】三重県鈴鹿市南玉垣町７１１０" }, "geometry": { "type": "Point", "coordinates": [ 136.585864, 34.859124 ] } },
{ "type": "Feature", "properties": { "ID": 2433240019481, "正式名称": "中村歯科", "機関区分": 3, "都道府県コード": 24, "市区町村コード": 203, "所在地": "三重県伊勢市吹上２丁目１の１９", "緯度": 34.489007, "経度": 136.712963, "url": "https://www.iryou.teikyouseido.mhlw.go.jp/znk-web/juminkanja/S2430/initialize?prefCd=24&kikanCd=3240019481&kikanKbn=3", "url2": null, "内容": "中村歯科【3:歯科】三重県伊勢市吹上２丁目１の１９" }, "geometry": { "type": "Point", "coordinates": [ 136.712963, 34.489007 ] } },
{ "type": "Feature", "properties": { "ID": 2433240019482, "正式名称": "宮本デンタルクリニック", "機関区分": 3, "都道府県コード": 24, "市区町村コード": 202, "所在地": "三重県四日市市上海老町１６３２－１", "緯度": 35.034342, "経度": 136.569136, "url": "https://www.iryou.teikyouseido.mhlw.go.jp/znk-web/juminkanja/S2430/initialize?prefCd=24&kikanCd=3240019482&kikanKbn=3", "url2": "miyamoto-dental.jp", "内容": "宮本デンタルクリニック【3:歯科】三重県四日市市上海老町１６３２－１" }, "geometry": { "type": "Point", "coordinates": [ 136.569136, 35.034342 ] } },
{ "type": "Feature", "properties": { "ID": 2433240019484, "正式名称": "もみじ歯科", "機関区分": 3, "都道府県コード": 24, "市区町村コード": 207, "所在地": "三重県鈴鹿市阿古曽町２２―３", "緯度": 34.868459, "経度": 136.545948, "url": "https://www.iryou.teikyouseido.mhlw.go.jp/znk-web/juminkanja/S2430/initialize?prefCd=24&kikanCd=3240019484&kikanKbn=3", "url2": "https://momiji-dc.jp", "内容": "もみじ歯科【3:歯科】三重県鈴鹿市阿古曽町２２―３" }, "geometry": { "type": "Point", "coordinates": [ 136.545948, 34.868459 ] } },
{ "type": "Feature", "properties": { "ID": 2433240019485, "正式名称": "ナカハマデンタル", "機関区分": 3, "都道府県コード": 24, "市区町村コード": 201, "所在地": "三重県津市江戸橋２―６５―１", "緯度": 34.738761, "経度": 136.522459, "url": "https://www.iryou.teikyouseido.mhlw.go.jp/znk-web/juminkanja/S2430/initialize?prefCd=24&kikanCd=3240019485&kikanKbn=3", "url2": "nakahama-dental.com", "内容": "ナカハマデンタル【3:歯科】三重県津市江戸橋２―６５―１" }, "geometry": { "type": "Point", "coordinates": [ 136.522459, 34.738761 ] } },
{ "type": "Feature", "properties": { "ID": 2433240019486, "正式名称": "医療法人　杉原歯科", "機関区分": 3, "都道府県コード": 24, "市区町村コード": 203, "所在地": "三重県伊勢市馬瀬町３５２―２", "緯度": 34.521282, "経度": 136.730907, "url": "https://www.iryou.teikyouseido.mhlw.go.jp/znk-web/juminkanja/S2430/initialize?prefCd=24&kikanCd=3240019486&kikanKbn=3", "url2": "http://www.sugiharashika.com/", "内容": "医療法人　杉原歯科【3:歯科】三重県伊勢市馬瀬町３５２―２" }, "geometry": { "type": "Point", "coordinates": [ 136.730907, 34.521282 ] } },
{ "type": "Feature", "properties": { "ID": 2433240019488, "正式名称": "四日市はぎのや歯科・矯正歯科・口腔機能クリニック", "機関区分": 3, "都道府県コード": 24, "市区町村コード": 202, "所在地": "三重県四日市市城西町６６０番１", "緯度": 34.964264, "経度": 136.603379, "url": "https://www.iryou.teikyouseido.mhlw.go.jp/znk-web/juminkanja/S2430/initialize?prefCd=24&kikanCd=3240019488&kikanKbn=3", "url2": "haginoya-yokkaichi.com", "内容": "四日市はぎのや歯科・矯正歯科・口腔機能クリニック【3:歯科】三重県四日市市城西町６６０番１" }, "geometry": { "type": "Point", "coordinates": [ 136.603379, 34.964264 ] } },
{ "type": "Feature", "properties": { "ID": 2433240019489, "正式名称": "ももい歯科", "機関区分": 3, "都道府県コード": 24, "市区町村コード": 207, "所在地": "三重県鈴鹿市西条５丁目６８", "緯度": 34.879475, "経度": 136.568286, "url": "https://www.iryou.teikyouseido.mhlw.go.jp/znk-web/juminkanja/S2430/initialize?prefCd=24&kikanCd=3240019489&kikanKbn=3", "url2": null, "内容": "ももい歯科【3:歯科】三重県鈴鹿市西条５丁目６８" }, "geometry": { "type": "Point", "coordinates": [ 136.568286, 34.879475 ] } },
{ "type": "Feature", "properties": { "ID": 2433240019490, "正式名称": "医療法人　良友会　中尾歯科　白子駅前診療所", "機関区分": 3, "都道府県コード": 24, "市区町村コード": 207, "所在地": "三重県鈴鹿市白子駅前５－１６白子駅前ビル２Ａ", "緯度": 34.836893, "経度": 136.590616, "url": "https://www.iryou.teikyouseido.mhlw.go.jp/znk-web/juminkanja/S2430/initialize?prefCd=24&kikanCd=3240019490&kikanKbn=3", "url2": "http://www.nakao-shika.jp/", "内容": "医療法人　良友会　中尾歯科　白子駅前診療所【3:歯科】三重県鈴鹿市白子駅前５－１６白子駅前ビル２Ａ" }, "geometry": { "type": "Point", "coordinates": [ 136.590616, 34.836893 ] } },
{ "type": "Feature", "properties": { "ID": 2433240019491, "正式名称": "つばき歯科", "機関区分": 3, "都道府県コード": 24, "市区町村コード": 207, "所在地": "三重県鈴鹿市庄野羽山四丁目１番２号イオンモール鈴鹿２階４０２区画", "緯度": 34.871765, "経度": 136.5316, "url": "https://www.iryou.teikyouseido.mhlw.go.jp/znk-web/juminkanja/S2430/initialize?prefCd=24&kikanCd=3240019491&kikanKbn=3", "url2": "https://tsubaki-dental-cl.jp", "内容": "つばき歯科【3:歯科】三重県鈴鹿市庄野羽山四丁目１番２号イオンモール鈴鹿２階４０２区画" }, "geometry": { "type": "Point", "coordinates": [ 136.5316, 34.871765 ] } },
{ "type": "Feature", "properties": { "ID": 2433240023100, "正式名称": "小川歯科医院", "機関区分": 3, "都道府県コード": 24, "市区町村コード": 205, "所在地": "三重県桑名市西別所１２００―３１３", "緯度": 35.062067, "経度": 136.660595, "url": "https://www.iryou.teikyouseido.mhlw.go.jp/znk-web/juminkanja/S2430/initialize?prefCd=24&kikanCd=3240023100&kikanKbn=3", "url2": "http://ogw-dc.com", "内容": "小川歯科医院【3:歯科】三重県桑名市西別所１２００―３１３" }, "geometry": { "type": "Point", "coordinates": [ 136.660595, 35.062067 ] } },
{ "type": "Feature", "properties": { "ID": 243324004170, "正式名称": "いとう歯科", "機関区分": 3, "都道府県コード": 24, "市区町村コード": 201, "所在地": "三重県津市長岡町３０１８－５", "緯度": 34.7411, "経度": 136.485967, "url": "https://www.iryou.teikyouseido.mhlw.go.jp/znk-web/juminkanja/S2430/initialize?prefCd=24&kikanCd=324004170&kikanKbn=3", "url2": null, "内容": "いとう歯科【3:歯科】三重県津市長岡町３０１８－５" }, "geometry": { "type": "Point", "coordinates": [ 136.485967, 34.7411 ] } }
]
}
