{
"type": "FeatureCollection",
"name": "geo_24_居宅介護支援",
"crs": { "type": "name", "properties": { "name": "urn:ogc:def:crs:OGC:1.3:CRS84" } },
"features": [
{ "type": "Feature", "properties": { "内容": "居宅介護支援事業所　福祉のひなた【居宅介護支援】三重県津市津興４７リュミエール３０３号室", "url": "https://www.kaigokensaku.mhlw.go.jp/24/index.php?action_kouhyou_detail_004_kani=true&JigyosyoCd=2470506268-00&ServiceCd=430&Type=search", "url2": null }, "geometry": { "type": "Point", "coordinates": [ 136.5197322, 34.6928589 ] } },
{ "type": "Feature", "properties": { "内容": "スマイルハート【居宅介護支援】三重県津市垂水2985-1", "url": "https://www.kaigokensaku.mhlw.go.jp/24/index.php?action_kouhyou_detail_004_kani=true&JigyosyoCd=2470505708-00&ServiceCd=430&Type=search", "url2": "http://smileheart.org" }, "geometry": { "type": "Point", "coordinates": [ 136.5046749, 34.6960303 ] } },
{ "type": "Feature", "properties": { "内容": "居宅介護支援事業所　リーエンダ【居宅介護支援】津市城山2丁目17番5号", "url": "https://www.kaigokensaku.mhlw.go.jp/24/index.php?action_kouhyou_detail_004_kani=true&JigyosyoCd=2470506730-00&ServiceCd=430&Type=search", "url2": null }, "geometry": { "type": "Point", "coordinates": [ 136.5043488, 34.6781467 ] } },
{ "type": "Feature", "properties": { "内容": "居宅介護支援事業所そら【居宅介護支援】津市上浜町６丁目２２４－１００", "url": "https://www.kaigokensaku.mhlw.go.jp/24/index.php?action_kouhyou_detail_004_kani=true&JigyosyoCd=2470503810-00&ServiceCd=430&Type=search", "url2": null }, "geometry": { "type": "Point", "coordinates": [ 136.50278030000004, 34.7404507 ] } },
{ "type": "Feature", "properties": { "内容": "居宅介護支援事業所つなぎて【居宅介護支援】三重県津市雲出本郷町1286-4", "url": "https://www.kaigokensaku.mhlw.go.jp/24/index.php?action_kouhyou_detail_004_kani=true&JigyosyoCd=2470505773-00&ServiceCd=430&Type=search", "url2": null }, "geometry": { "type": "Point", "coordinates": [ 136.521959599999946, 34.6644196 ] } },
{ "type": "Feature", "properties": { "内容": "居宅介護支援事業所　エンジョイライフ大谷【居宅介護支援】大谷町132番地29", "url": "https://www.kaigokensaku.mhlw.go.jp/24/index.php?action_kouhyou_detail_004_kani=true&JigyosyoCd=2470506052-00&ServiceCd=430&Type=search", "url2": "http://hp.kaipoke.biz/53g/" }, "geometry": { "type": "Point", "coordinates": [ 136.5063163, 34.7351085 ] } },
{ "type": "Feature", "properties": { "内容": "居宅介護支援事業所　株式会社　司【居宅介護支援】三重県津市藤方372番地", "url": "https://www.kaigokensaku.mhlw.go.jp/24/index.php?action_kouhyou_detail_004_kani=true&JigyosyoCd=2470504966-00&ServiceCd=430&Type=search", "url2": null }, "geometry": { "type": "Point", "coordinates": [ 136.5093961, 34.6825729 ] } },
{ "type": "Feature", "properties": { "内容": "ケアプランセンター　フリーダム【居宅介護支援】三重県津市高茶屋小森町1813番地12", "url": "https://www.kaigokensaku.mhlw.go.jp/24/index.php?action_kouhyou_detail_004_kani=true&JigyosyoCd=2470506243-00&ServiceCd=430&Type=search", "url2": null }, "geometry": { "type": "Point", "coordinates": [ 136.497953622477752, 34.665943464158211 ] } },
{ "type": "Feature", "properties": { "内容": "ケアサポート　おーぷんせさみ【居宅介護支援】三重県津市江戸橋一丁目１０番２６号アトリエK　２０７", "url": "https://www.kaigokensaku.mhlw.go.jp/24/index.php?action_kouhyou_detail_004_kani=true&JigyosyoCd=2470501632-00&ServiceCd=430&Type=search", "url2": null }, "geometry": { "type": "Point", "coordinates": [ 136.517583899999977, 34.7452861 ] } },
{ "type": "Feature", "properties": { "内容": "ケアプランセンターRashik【居宅介護支援】三重県津市本町9-9", "url": "https://www.kaigokensaku.mhlw.go.jp/24/index.php?action_kouhyou_detail_004_kani=true&JigyosyoCd=2470506771-00&ServiceCd=430&Type=search", "url2": null }, "geometry": { "type": "Point", "coordinates": [ 136.5092069, 34.7094152 ] } },
{ "type": "Feature", "properties": { "内容": "津橋北デイサービスセンター「サポート」【居宅介護支援】津市上浜町6丁目277-1", "url": "https://www.kaigokensaku.mhlw.go.jp/24/index.php?action_kouhyou_detail_004_kani=true&JigyosyoCd=2470500337-00&ServiceCd=430&Type=search", "url2": "https://wellcare.or.jp" }, "geometry": { "type": "Point", "coordinates": [ 136.504257899999971, 34.7419171 ] } },
{ "type": "Feature", "properties": { "内容": "ケアプラアンセンター一花【居宅介護支援】三重県津市大園町１１番４３号", "url": "https://www.kaigokensaku.mhlw.go.jp/24/index.php?action_kouhyou_detail_004_kani=true&JigyosyoCd=2470506805-00&ServiceCd=430&Type=search", "url2": null }, "geometry": { "type": "Point", "coordinates": [ 136.492754100000013, 34.7157874 ] } },
{ "type": "Feature", "properties": { "内容": "ニチイケアセンター津【居宅介護支援】三重県津市下弁財町津興244", "url": "https://www.kaigokensaku.mhlw.go.jp/24/index.php?action_kouhyou_detail_004_kani=true&JigyosyoCd=2470500600-00&ServiceCd=430&Type=search", "url2": "http://www.nichiigakkan.co.jp" }, "geometry": { "type": "Point", "coordinates": [ 136.518826799999943, 34.7032906 ] } },
{ "type": "Feature", "properties": { "内容": "居宅介護支援事業所ときの音色【居宅介護支援】三重県津市中村町745-25ときの音色", "url": "https://www.kaigokensaku.mhlw.go.jp/24/index.php?action_kouhyou_detail_004_kani=true&JigyosyoCd=2470506094-00&ServiceCd=430&Type=search", "url2": "https://kaigo-momotaro.jp/" }, "geometry": { "type": "Point", "coordinates": [ 136.407070278326415, 34.672242956870043 ] } },
{ "type": "Feature", "properties": { "内容": "ナースカンパニー居宅介護支援事業所【居宅介護支援】三重県津市一志町大仰５８番地総合支援ファシリティおおのき", "url": "https://www.kaigokensaku.mhlw.go.jp/24/index.php?action_kouhyou_detail_004_kani=true&JigyosyoCd=2470502705-00&ServiceCd=430&Type=search", "url2": "http://hp.kaipoke.biz/g2d/" }, "geometry": { "type": "Point", "coordinates": [ 136.413546088483656, 34.648039340399848 ] } },
{ "type": "Feature", "properties": { "内容": "居宅介護支援事業所　陽だまりサポート【居宅介護支援】津市江戸橋1丁目84-1二葉ビル3Ｆ", "url": "https://www.kaigokensaku.mhlw.go.jp/24/index.php?action_kouhyou_detail_004_kani=true&JigyosyoCd=2470503307-00&ServiceCd=430&Type=search", "url2": null }, "geometry": { "type": "Point", "coordinates": [ 136.518970385241715, 34.74514762712429 ] } },
{ "type": "Feature", "properties": { "内容": "フェニックス居宅介護支援事業所【居宅介護支援】三重県津市乙部５番３号フェニックスメディカルセンタービル　４F", "url": "https://www.kaigokensaku.mhlw.go.jp/24/index.php?action_kouhyou_detail_004_kani=true&JigyosyoCd=2470504511-00&ServiceCd=430&Type=search", "url2": null }, "geometry": { "type": "Point", "coordinates": [ 136.516323899999946, 34.7171408 ] } },
{ "type": "Feature", "properties": { "内容": "しおりの里居宅介護支援事業所【居宅介護支援】三重県津市野田2035番地2", "url": "https://www.kaigokensaku.mhlw.go.jp/24/index.php?action_kouhyou_detail_004_kani=true&JigyosyoCd=2470502192-00&ServiceCd=430&Type=search", "url2": "http://www.pmc.or.jp/ymcg/shiori/kyotaku.html" }, "geometry": { "type": "Point", "coordinates": [ 136.462087099999962, 34.7089491 ] } },
{ "type": "Feature", "properties": { "内容": "なごやか居宅介護支援事業所【居宅介護支援】三重県津市柳山津興３３０８", "url": "https://www.kaigokensaku.mhlw.go.jp/24/index.php?action_kouhyou_detail_004_kani=true&JigyosyoCd=2470501624-00&ServiceCd=430&Type=search", "url2": null }, "geometry": { "type": "Point", "coordinates": [ 136.512366499999985, 34.7078701 ] } },
{ "type": "Feature", "properties": { "内容": "ことのは【居宅介護支援】三重県津市安東町1933", "url": "https://www.kaigokensaku.mhlw.go.jp/24/index.php?action_kouhyou_detail_004_kani=true&JigyosyoCd=2470506474-00&ServiceCd=430&Type=search", "url2": "https://encompany.jp/" }, "geometry": { "type": "Point", "coordinates": [ 136.4664996, 34.7420131 ] } },
{ "type": "Feature", "properties": { "内容": "ケアプランセンターあのう【居宅介護支援】三重県津市安濃町田端上野970-3", "url": "https://www.kaigokensaku.mhlw.go.jp/24/index.php?action_kouhyou_detail_004_kani=true&JigyosyoCd=2472400114-00&ServiceCd=430&Type=search", "url2": "http://www.akeai.or.jp/" }, "geometry": { "type": "Point", "coordinates": [ 136.437256487171908, 34.763672642619106 ] } },
{ "type": "Feature", "properties": { "内容": "居宅介護支援事業所　えん【居宅介護支援】三重県津市河芸町中別保2438番地7", "url": "https://www.kaigokensaku.mhlw.go.jp/24/index.php?action_kouhyou_detail_004_kani=true&JigyosyoCd=2470506623-00&ServiceCd=430&Type=search", "url2": null }, "geometry": { "type": "Point", "coordinates": [ 136.5458853, 34.7835641 ] } },
{ "type": "Feature", "properties": { "内容": "居宅介護支援事業所ナゴミガーデン【居宅介護支援】津市一志町片野367番地１", "url": "https://www.kaigokensaku.mhlw.go.jp/24/index.php?action_kouhyou_detail_004_kani=true&JigyosyoCd=2470503794-00&ServiceCd=430&Type=search", "url2": "www.nagomi-uc.jp" }, "geometry": { "type": "Point", "coordinates": [ 136.462242400000036, 34.6485427 ] } },
{ "type": "Feature", "properties": { "内容": "第二岩崎病院【居宅介護支援】三重県津市一身田町387番地", "url": "https://www.kaigokensaku.mhlw.go.jp/24/index.php?action_kouhyou_detail_004_kani=true&JigyosyoCd=2410505131-00&ServiceCd=430&Type=search", "url2": "http://www.iwasaki-hosp.or.jp" }, "geometry": { "type": "Point", "coordinates": [ 136.507768, 34.758906 ] } },
{ "type": "Feature", "properties": { "内容": "つつじの里ケアセンター【居宅介護支援】三重県津市白山町二本木1163", "url": "https://www.kaigokensaku.mhlw.go.jp/24/index.php?action_kouhyou_detail_004_kani=true&JigyosyoCd=2470502028-00&ServiceCd=430&Type=search", "url2": "http://www.akeai.or.jp/" }, "geometry": { "type": "Point", "coordinates": [ 136.371187700000064, 34.6680964 ] } },
{ "type": "Feature", "properties": { "内容": "居宅介護支援センター　れんげ【居宅介護支援】三重県津市白塚町4324", "url": "https://www.kaigokensaku.mhlw.go.jp/24/index.php?action_kouhyou_detail_004_kani=true&JigyosyoCd=2470502606-00&ServiceCd=430&Type=search", "url2": null }, "geometry": { "type": "Point", "coordinates": [ 136.526751150926174, 34.761870640528159 ] } },
{ "type": "Feature", "properties": { "内容": "シルバータウン新町ケアプランセンター【居宅介護支援】三重県津市南丸之内222-21", "url": "https://www.kaigokensaku.mhlw.go.jp/24/index.php?action_kouhyou_detail_004_kani=true&JigyosyoCd=2470501962-00&ServiceCd=430&Type=search", "url2": "http://www.akeai.or.jp/" }, "geometry": { "type": "Point", "coordinates": [ 136.500176353025836, 34.714899948176082 ] } },
{ "type": "Feature", "properties": { "内容": "株式会社　あいの手【居宅介護支援】三重県三重県津市渋見町357-5", "url": "https://www.kaigokensaku.mhlw.go.jp/24/index.php?action_kouhyou_detail_004_kani=true&JigyosyoCd=2470502465-00&ServiceCd=430&Type=search", "url2": null }, "geometry": { "type": "Point", "coordinates": [ 136.4925177, 34.7372345 ] } },
{ "type": "Feature", "properties": { "内容": "居宅介護支援事業所　虹【居宅介護支援】津市河芸町東千里8-4", "url": "https://www.kaigokensaku.mhlw.go.jp/24/index.php?action_kouhyou_detail_004_kani=true&JigyosyoCd=2472400270-00&ServiceCd=430&Type=search", "url2": null }, "geometry": { "type": "Point", "coordinates": [ 136.552382599999987, 34.8024379 ] } },
{ "type": "Feature", "properties": { "内容": "さくらケアサービス【居宅介護支援】津市本町4番6号", "url": "https://www.kaigokensaku.mhlw.go.jp/24/index.php?action_kouhyou_detail_004_kani=true&JigyosyoCd=2410505156-00&ServiceCd=430&Type=search", "url2": null }, "geometry": { "type": "Point", "coordinates": [ 136.508967, 34.7083838 ] } },
{ "type": "Feature", "properties": { "内容": "居宅介護支援事業所　花紬【居宅介護支援】津市芸濃町椋本字藤ノ山3805番2", "url": "https://www.kaigokensaku.mhlw.go.jp/24/index.php?action_kouhyou_detail_004_kani=true&JigyosyoCd=2470502580-00&ServiceCd=430&Type=search", "url2": "http://www.fushugroup.jp/" }, "geometry": { "type": "Point", "coordinates": [ 136.441927103301964, 34.810606744671382 ] } },
{ "type": "Feature", "properties": { "内容": "居宅介護支援事業所サンヒルズガーデン【居宅介護支援】三重県津市一身田上津部田１４２４", "url": "https://www.kaigokensaku.mhlw.go.jp/24/index.php?action_kouhyou_detail_004_kani=true&JigyosyoCd=2470503398-00&ServiceCd=430&Type=search", "url2": "http://www.za.ztv.ne.jp/sunhills0601/" }, "geometry": { "type": "Point", "coordinates": [ 136.498866799999973, 34.7427864 ] } },
{ "type": "Feature", "properties": { "内容": "ケアプランセンターよつば【居宅介護支援】三重県津市白山町川口238番地１", "url": "https://www.kaigokensaku.mhlw.go.jp/24/index.php?action_kouhyou_detail_004_kani=true&JigyosyoCd=2470506235-00&ServiceCd=430&Type=search", "url2": "kaipoke.biz/u7m/" }, "geometry": { "type": "Point", "coordinates": [ 136.336851700000011, 34.6398259 ] } },
{ "type": "Feature", "properties": { "内容": "介護老人保健施設さくら苑【居宅介護支援】三重県津市榊原町5630番地", "url": "https://www.kaigokensaku.mhlw.go.jp/24/index.php?action_kouhyou_detail_004_kani=true&JigyosyoCd=2450680059-00&ServiceCd=430&Type=search", "url2": "http://www.ohrin-mc.jp/sakuraen/" }, "geometry": { "type": "Point", "coordinates": [ 136.368925399999966, 34.700816 ] } },
{ "type": "Feature", "properties": { "内容": "居宅介護支援事業所　明神【居宅介護支援】三重県津市久居明神町1530番地69", "url": "https://www.kaigokensaku.mhlw.go.jp/24/index.php?action_kouhyou_detail_004_kani=true&JigyosyoCd=2470504537-00&ServiceCd=430&Type=search", "url2": null }, "geometry": { "type": "Point", "coordinates": [ 136.467805170361316, 34.694645133149884 ] } },
{ "type": "Feature", "properties": { "内容": "ケアマネジャーオフィスマザーズ【居宅介護支援】三重県津市藤枝町67番地", "url": "https://www.kaigokensaku.mhlw.go.jp/24/index.php?action_kouhyou_detail_004_kani=true&JigyosyoCd=2470505823-00&ServiceCd=430&Type=search", "url2": null }, "geometry": { "type": "Point", "coordinates": [ 136.511545822398375, 34.694304284231798 ] } },
{ "type": "Feature", "properties": { "内容": "津市社協居宅介護支援事業所（北部）【居宅介護支援】三重県津市河芸町浜田８６８番地津市河芸ほほえみセンター", "url": "https://www.kaigokensaku.mhlw.go.jp/24/index.php?action_kouhyou_detail_004_kani=true&JigyosyoCd=2472400023-00&ServiceCd=430&Type=search", "url2": null }, "geometry": { "type": "Point", "coordinates": [ 136.531873200000064, 34.7876421 ] } },
{ "type": "Feature", "properties": { "内容": "合同会社居宅介護支援事業所うぶしな【居宅介護支援】三重県津市産品394番地", "url": "https://www.kaigokensaku.mhlw.go.jp/24/index.php?action_kouhyou_detail_004_kani=true&JigyosyoCd=2470505989-00&ServiceCd=430&Type=search", "url2": null }, "geometry": { "type": "Point", "coordinates": [ 136.450924500000013, 34.7216412 ] } },
{ "type": "Feature", "properties": { "内容": "居宅介護支援事業所　万葉の里【居宅介護支援】津市一志町高野236-5", "url": "https://www.kaigokensaku.mhlw.go.jp/24/index.php?action_kouhyou_detail_004_kani=true&JigyosyoCd=2472500319-00&ServiceCd=430&Type=search", "url2": null }, "geometry": { "type": "Point", "coordinates": [ 136.43258620000006, 34.6596328 ] } },
{ "type": "Feature", "properties": { "内容": "ベタニヤ居宅介護支援事業所【居宅介護支援】三重県津市豊が丘五丁目47番10号", "url": "https://www.kaigokensaku.mhlw.go.jp/24/index.php?action_kouhyou_detail_004_kani=true&JigyosyoCd=2470501673-00&ServiceCd=430&Type=search", "url2": "http://betaniya.jp/" }, "geometry": { "type": "Point", "coordinates": [ 136.459439764417994, 34.806374267477459 ] } },
{ "type": "Feature", "properties": { "内容": "ケアセンター　トマトハウス【居宅介護支援】久居北口町438番地40", "url": "https://www.kaigokensaku.mhlw.go.jp/24/index.php?action_kouhyou_detail_004_kani=true&JigyosyoCd=2470505898-00&ServiceCd=430&Type=search", "url2": "tomato-h.jp" }, "geometry": { "type": "Point", "coordinates": [ 136.473309421565233, 34.678882243593456 ] } },
{ "type": "Feature", "properties": { "内容": "豊野みかんの里居宅介護支援事業所【居宅介護支援】津市一身田豊野てノ坪1659番地", "url": "https://www.kaigokensaku.mhlw.go.jp/24/index.php?action_kouhyou_detail_004_kani=true&JigyosyoCd=2470504024-00&ServiceCd=430&Type=search", "url2": "https://care-net.biz/24/toyono-mikan/" }, "geometry": { "type": "Point", "coordinates": [ 136.51871013721771, 34.768331155216657 ] } },
{ "type": "Feature", "properties": { "内容": "津地区医師会介護支援センター【居宅介護支援】三重県津市島崎町９７－１津地区医師会館2階", "url": "https://www.kaigokensaku.mhlw.go.jp/24/index.php?action_kouhyou_detail_004_kani=true&JigyosyoCd=2470500022-00&ServiceCd=430&Type=search", "url2": "http://www.tsu-med.jp/" }, "geometry": { "type": "Point", "coordinates": [ 136.522003198147559, 34.731110750571887 ] } },
{ "type": "Feature", "properties": { "内容": "実践津【居宅介護支援】津市大倉9番4号", "url": "https://www.kaigokensaku.mhlw.go.jp/24/index.php?action_kouhyou_detail_004_kani=true&JigyosyoCd=2470501442-00&ServiceCd=430&Type=search", "url2": "http://www.kaigo-kango.or.jp" }, "geometry": { "type": "Point", "coordinates": [ 136.506633593254065, 34.703022464309726 ] } },
{ "type": "Feature", "properties": { "内容": "グリーンヒルケアプランセンター【居宅介護支援】三重県津市緑が丘１丁目1-1", "url": "https://www.kaigokensaku.mhlw.go.jp/24/index.php?action_kouhyou_detail_004_kani=true&JigyosyoCd=2470505294-00&ServiceCd=430&Type=search", "url2": "http://www.akeai.or.jp" }, "geometry": { "type": "Point", "coordinates": [ 136.47206553082728, 34.714040343328179 ] } },
{ "type": "Feature", "properties": { "内容": "居宅介護支援事業所　みえ愛の里【居宅介護支援】三重県津市雲出本郷町字連方前2128番", "url": "https://www.kaigokensaku.mhlw.go.jp/24/index.php?action_kouhyou_detail_004_kani=true&JigyosyoCd=2470505575-00&ServiceCd=430&Type=search", "url2": "http://www.ainosato-mie.jp/mie/" }, "geometry": { "type": "Point", "coordinates": [ 136.520582, 34.658706 ] } },
{ "type": "Feature", "properties": { "内容": "津市社協居宅介護支援事業所(美杉）【居宅介護支援】三重県津市美杉町奥津９２９番地", "url": "https://www.kaigokensaku.mhlw.go.jp/24/index.php?action_kouhyou_detail_004_kani=true&JigyosyoCd=2472500061-00&ServiceCd=430&Type=search", "url2": null }, "geometry": { "type": "Point", "coordinates": [ 136.26899979999996, 34.5113968 ] } },
{ "type": "Feature", "properties": { "内容": "津市社協居宅介護支援事業所（白山）【居宅介護支援】三重県津市白山町川口８９２番地津市白山保健福祉センター", "url": "https://www.kaigokensaku.mhlw.go.jp/24/index.php?action_kouhyou_detail_004_kani=true&JigyosyoCd=2472500095-00&ServiceCd=430&Type=search", "url2": null }, "geometry": { "type": "Point", "coordinates": [ 136.340481400663748, 34.640418319087424 ] } },
{ "type": "Feature", "properties": { "内容": "在宅介護支援センター報徳園【居宅介護支援】三重県津市河辺町１３１７番地１", "url": "https://www.kaigokensaku.mhlw.go.jp/24/index.php?action_kouhyou_detail_004_kani=true&JigyosyoCd=2470500253-00&ServiceCd=430&Type=search", "url2": "URL:http://www.houtokuen.ｊｐ/" }, "geometry": { "type": "Point", "coordinates": [ 136.485998800000061, 34.7500239 ] } },
{ "type": "Feature", "properties": { "内容": "青い鳥居宅介護支援事業所【居宅介護支援】津市豊が丘四丁目37番3号", "url": "https://www.kaigokensaku.mhlw.go.jp/24/index.php?action_kouhyou_detail_004_kani=true&JigyosyoCd=2470502838-00&ServiceCd=430&Type=search", "url2": null }, "geometry": { "type": "Point", "coordinates": [ 136.462317435582008, 34.80750825414794 ] } },
{ "type": "Feature", "properties": { "内容": "はないろケアプランセンター【居宅介護支援】三重県津市久居元町2220-11", "url": "https://www.kaigokensaku.mhlw.go.jp/24/index.php?action_kouhyou_detail_004_kani=true&JigyosyoCd=2470506458-00&ServiceCd=430&Type=search", "url2": null }, "geometry": { "type": "Point", "coordinates": [ 136.4692977, 34.668046 ] } },
{ "type": "Feature", "properties": { "内容": "地域総合ケアセンター久居指定居宅介護支援センターシルバーケア豊壽園【居宅介護支援】三重県津市久居新町3006番地　ポルタ久居3F", "url": "https://www.kaigokensaku.mhlw.go.jp/24/index.php?action_kouhyou_detail_004_kani=true&JigyosyoCd=2470600053-00&ServiceCd=430&Type=search", "url2": "http://www.sensin.or.jp/" }, "geometry": { "type": "Point", "coordinates": [ 136.477242599999954, 34.6754877 ] } },
{ "type": "Feature", "properties": { "内容": "榊原陽光苑在宅介護支援センター【居宅介護支援】津市榊原町5684", "url": "https://www.kaigokensaku.mhlw.go.jp/24/index.php?action_kouhyou_detail_004_kani=true&JigyosyoCd=2470600111-00&ServiceCd=430&Type=search", "url2": "http://www.miefukusikai.or.jp/akuse.htmi" }, "geometry": { "type": "Point", "coordinates": [ 136.3725693, 34.7022326 ] } },
{ "type": "Feature", "properties": { "内容": "フルハウス　居宅介護支援事業所【居宅介護支援】津市香良洲町1990", "url": "https://www.kaigokensaku.mhlw.go.jp/24/index.php?action_kouhyou_detail_004_kani=true&JigyosyoCd=2472500137-00&ServiceCd=430&Type=search", "url2": "https://hamayu-kai.or.jp" }, "geometry": { "type": "Point", "coordinates": [ 136.541545600000063, 34.6409231 ] } },
{ "type": "Feature", "properties": { "内容": "白塚指定居宅介護支援センターシルバーケア豊壽園【居宅介護支援】三重県津市白塚町58-14", "url": "https://www.kaigokensaku.mhlw.go.jp/24/index.php?action_kouhyou_detail_004_kani=true&JigyosyoCd=2470501277-00&ServiceCd=430&Type=search", "url2": "http://www.sensin.or.jp/" }, "geometry": { "type": "Point", "coordinates": [ 136.5329041, 34.7730047 ] } },
{ "type": "Feature", "properties": { "内容": "居宅介護支援事業所　おひさま【居宅介護支援】三重県津市高茶屋2丁目35-4", "url": "https://www.kaigokensaku.mhlw.go.jp/24/index.php?action_kouhyou_detail_004_kani=true&JigyosyoCd=2470503729-00&ServiceCd=430&Type=search", "url2": null }, "geometry": { "type": "Point", "coordinates": [ 136.511235559724469, 34.676689003807169 ] } },
{ "type": "Feature", "properties": { "内容": "居宅介護支援事業所　マイホーム高松山【居宅介護支援】津市半田2226-20", "url": "https://www.kaigokensaku.mhlw.go.jp/24/index.php?action_kouhyou_detail_004_kani=true&JigyosyoCd=2470504065-00&ServiceCd=430&Type=search", "url2": null }, "geometry": { "type": "Point", "coordinates": [ 136.494282928836157, 34.701601620478435 ] } },
{ "type": "Feature", "properties": { "内容": "トマト居宅介護支援センター【居宅介護支援】津市殿村860-2", "url": "https://www.kaigokensaku.mhlw.go.jp/24/index.php?action_kouhyou_detail_004_kani=true&JigyosyoCd=2450580010-00&ServiceCd=430&Type=search", "url2": "http://www.tomato.or.jp/" }, "geometry": { "type": "Point", "coordinates": [ 136.463974109045012, 34.726628997211016 ] } },
{ "type": "Feature", "properties": { "内容": "高田居宅介護支援事業所【居宅介護支援】三重県津市大里野田町字宮下1124-1", "url": "https://www.kaigokensaku.mhlw.go.jp/24/index.php?action_kouhyou_detail_004_kani=true&JigyosyoCd=2470500295-00&ServiceCd=430&Type=search", "url2": null }, "geometry": { "type": "Point", "coordinates": [ 136.486392199999955, 34.7815887 ] } },
{ "type": "Feature", "properties": { "内容": "北郊【居宅介護支援】三重県津市栗真中山町下沢84-2北郊デイサービスセンター・２階", "url": "https://www.kaigokensaku.mhlw.go.jp/24/index.php?action_kouhyou_detail_004_kani=true&JigyosyoCd=2470500519-00&ServiceCd=430&Type=search", "url2": "http://care-net.biz/24/hokukou" }, "geometry": { "type": "Point", "coordinates": [ 136.522949599999947, 34.7581148 ] } },
{ "type": "Feature", "properties": { "内容": "居宅介護支援事業所　花のん【居宅介護支援】一志町高野160-657", "url": "https://www.kaigokensaku.mhlw.go.jp/24/index.php?action_kouhyou_detail_004_kani=true&JigyosyoCd=2470503463-00&ServiceCd=430&Type=search", "url2": "http://daykanon.exblog.jp" }, "geometry": { "type": "Point", "coordinates": [ 136.428595300000012, 34.6593108 ] } },
{ "type": "Feature", "properties": { "内容": "居宅介護支援事業所　あかり【居宅介護支援】三重県津市一身田町３３９－３４", "url": "https://www.kaigokensaku.mhlw.go.jp/24/index.php?action_kouhyou_detail_004_kani=true&JigyosyoCd=2470504248-00&ServiceCd=430&Type=search", "url2": null }, "geometry": { "type": "Point", "coordinates": [ 136.510548200000017, 34.760953 ] } },
{ "type": "Feature", "properties": { "内容": "居宅介護支援事業所アルカディア【居宅介護支援】三重県津市乙部11番5号", "url": "https://www.kaigokensaku.mhlw.go.jp/24/index.php?action_kouhyou_detail_004_kani=true&JigyosyoCd=2470505054-00&ServiceCd=430&Type=search", "url2": "www.arcadia-mie.jp" }, "geometry": { "type": "Point", "coordinates": [ 136.520060300000068, 34.7173601 ] } },
{ "type": "Feature", "properties": { "内容": "藤田医科大学居宅介護支援ななくり【居宅介護支援】東丸之内4-21", "url": "https://www.kaigokensaku.mhlw.go.jp/24/index.php?action_kouhyou_detail_004_kani=true&JigyosyoCd=2470505930-00&ServiceCd=430&Type=search", "url2": "https://nanakuri.fujita-hu.ac.jp" }, "geometry": { "type": "Point", "coordinates": [ 136.510029058699814, 34.716103285844575 ] } },
{ "type": "Feature", "properties": { "内容": "シルバーサービス憩いの汀【居宅介護支援】三重県津市海岸町14番20号", "url": "https://www.kaigokensaku.mhlw.go.jp/24/index.php?action_kouhyou_detail_004_kani=true&JigyosyoCd=2470505971-00&ServiceCd=430&Type=search", "url2": "http://www.za.ztv.ne.jp/ikoinomigiwa/" }, "geometry": { "type": "Point", "coordinates": [ 136.5227658, 34.7176559 ] } },
{ "type": "Feature", "properties": { "内容": "あいけあセンター【居宅介護支援】三重県津市白山町二本木728-1", "url": "https://www.kaigokensaku.mhlw.go.jp/24/index.php?action_kouhyou_detail_004_kani=true&JigyosyoCd=2470506128-00&ServiceCd=430&Type=search", "url2": null }, "geometry": { "type": "Point", "coordinates": [ 136.3664238, 34.6631904 ] } },
{ "type": "Feature", "properties": { "内容": "居宅介護支援事業所スマイルかざはや【居宅介護支援】三重県津市戸木町4174-1", "url": "https://www.kaigokensaku.mhlw.go.jp/24/index.php?action_kouhyou_detail_004_kani=true&JigyosyoCd=2470600301-00&ServiceCd=430&Type=search", "url2": "http://www.seiju-kai.or.jp/kazahayaen/index.shtml" }, "geometry": { "type": "Point", "coordinates": [ 136.451546094056766, 34.684921533551481 ] } },
{ "type": "Feature", "properties": { "内容": "げいのう逢春園居宅介護支援事業所【居宅介護支援】三重県津市芸濃町椋本5310番地1", "url": "https://www.kaigokensaku.mhlw.go.jp/24/index.php?action_kouhyou_detail_004_kani=true&JigyosyoCd=2472400080-00&ServiceCd=430&Type=search", "url2": null }, "geometry": { "type": "Point", "coordinates": [ 136.43020439999998, 34.8166838 ] } },
{ "type": "Feature", "properties": { "内容": "美里ヒルズ居宅介護支援事業所【居宅介護支援】三重県津市美里町三郷430番地", "url": "https://www.kaigokensaku.mhlw.go.jp/24/index.php?action_kouhyou_detail_004_kani=true&JigyosyoCd=2472400494-00&ServiceCd=430&Type=search", "url2": "https://www.misatohills.jp" }, "geometry": { "type": "Point", "coordinates": [ 136.386703, 34.7243686 ] } },
{ "type": "Feature", "properties": { "内容": "つまちなか居宅介護支援センターシルバーケア豊壽園【居宅介護支援】三重県津市大門7番15号津センターパレス内4階", "url": "https://www.kaigokensaku.mhlw.go.jp/24/index.php?action_kouhyou_detail_004_kani=true&JigyosyoCd=2470500196-00&ServiceCd=430&Type=search", "url2": "http://www.sensin.or.jp/" }, "geometry": { "type": "Point", "coordinates": [ 136.511134047557675, 34.718691682566899 ] } },
{ "type": "Feature", "properties": { "内容": "三重県看護協会居宅介護支援事業　なでしこ津【居宅介護支援】三重県津市森町　2019番地7", "url": "https://www.kaigokensaku.mhlw.go.jp/24/index.php?action_kouhyou_detail_004_kani=true&JigyosyoCd=2470500303-00&ServiceCd=430&Type=search", "url2": "http://www.mie-nurse.or.jp/" }, "geometry": { "type": "Point", "coordinates": [ 136.423941499999955, 34.6846099 ] } },
{ "type": "Feature", "properties": { "内容": "ケアステーションたきび【居宅介護支援】三重県津市殿村３３２番地１", "url": "https://www.kaigokensaku.mhlw.go.jp/24/index.php?action_kouhyou_detail_004_kani=true&JigyosyoCd=2470500568-00&ServiceCd=430&Type=search", "url2": "http://cs-takibi.jp" }, "geometry": { "type": "Point", "coordinates": [ 136.4665999, 34.7205475 ] } },
{ "type": "Feature", "properties": { "内容": "高茶屋指定居宅介護支援センターシルバーケア豊壽園【居宅介護支援】津市高茶屋小森町字瓦ケ野4152", "url": "https://www.kaigokensaku.mhlw.go.jp/24/index.php?action_kouhyou_detail_004_kani=true&JigyosyoCd=2470502077-00&ServiceCd=430&Type=search", "url2": "http://www.sensin.or.jp" }, "geometry": { "type": "Point", "coordinates": [ 136.489905499999963, 34.6668551 ] } },
{ "type": "Feature", "properties": { "内容": "居宅介護支援事業所　安濃津ろまん【居宅介護支援】三重県津市神戸154-9", "url": "https://www.kaigokensaku.mhlw.go.jp/24/index.php?action_kouhyou_detail_004_kani=true&JigyosyoCd=2472400072-00&ServiceCd=430&Type=search", "url2": "http://www.anotsu-roman.jp/" }, "geometry": { "type": "Point", "coordinates": [ 136.489341599999989, 34.7147879 ] } },
{ "type": "Feature", "properties": { "内容": "幸居宅介護支援センター【居宅介護支援】久居野村町595-12コーポ大日堂201号", "url": "https://www.kaigokensaku.mhlw.go.jp/24/index.php?action_kouhyou_detail_004_kani=true&JigyosyoCd=2470506656-00&ServiceCd=430&Type=search", "url2": "https://www.daria-suzuka.com/" }, "geometry": { "type": "Point", "coordinates": [ 136.491767900000013, 34.6752519 ] } },
{ "type": "Feature", "properties": { "内容": "居宅介護支援事業所Nケア【居宅介護支援】三重県津市観音寺町446番地86", "url": "https://www.kaigokensaku.mhlw.go.jp/24/index.php?action_kouhyou_detail_004_kani=true&JigyosyoCd=2470506946-00&ServiceCd=430&Type=search", "url2": null }, "geometry": { "type": "Point", "coordinates": [ 136.503746299999989, 34.7276744 ] } },
{ "type": "Feature", "properties": { "内容": "居宅介護支援事業所　さくら【居宅介護支援】三重県津市一身田大古曽306番地", "url": "https://www.kaigokensaku.mhlw.go.jp/24/index.php?action_kouhyou_detail_004_kani=true&JigyosyoCd=2470506292-00&ServiceCd=430&Type=search", "url2": null }, "geometry": { "type": "Point", "coordinates": [ 136.503635300000013, 34.7574284 ] } },
{ "type": "Feature", "properties": { "内容": "ケアプランセンターつむぎ【居宅介護支援】三重県津市河芸町東千里607番地1エクシヴ22301号室", "url": "https://www.kaigokensaku.mhlw.go.jp/24/index.php?action_kouhyou_detail_004_kani=true&JigyosyoCd=2470506680-00&ServiceCd=430&Type=search", "url2": null }, "geometry": { "type": "Point", "coordinates": [ 136.561745699999989, 34.8043182 ] } },
{ "type": "Feature", "properties": { "内容": "藤田医科大学七栗記念病院在宅介護支援センター【居宅介護支援】三重県津市大鳥町424番地1", "url": "https://www.kaigokensaku.mhlw.go.jp/24/index.php?action_kouhyou_detail_004_kani=true&JigyosyoCd=2470600020-00&ServiceCd=430&Type=search", "url2": "http://www.fujita-hu.ac.jp/HOSPITAL4/" }, "geometry": { "type": "Point", "coordinates": [ 136.394692500000019, 34.687291600000023 ] } },
{ "type": "Feature", "properties": { "内容": "居宅介護支援　しばた【居宅介護支援】三重県津市美里町船山117", "url": "https://www.kaigokensaku.mhlw.go.jp/24/index.php?action_kouhyou_detail_004_kani=true&JigyosyoCd=2470503455-00&ServiceCd=430&Type=search", "url2": null }, "geometry": { "type": "Point", "coordinates": [ 136.398475800000028, 34.758193 ] } },
{ "type": "Feature", "properties": { "内容": "居宅介護支援事業所ひとりひとり【居宅介護支援】久居西鷹跡町396-11B", "url": "https://www.kaigokensaku.mhlw.go.jp/24/index.php?action_kouhyou_detail_004_kani=true&JigyosyoCd=2470506540-00&ServiceCd=430&Type=search", "url2": null }, "geometry": { "type": "Point", "coordinates": [ 136.4635441, 34.676273 ] } },
{ "type": "Feature", "properties": { "内容": "芹の里在宅介護支援センター【居宅介護支援】三重県津市久居井戸山町707-3", "url": "https://www.kaigokensaku.mhlw.go.jp/24/index.php?action_kouhyou_detail_004_kani=true&JigyosyoCd=2470600095-00&ServiceCd=430&Type=search", "url2": "https://seri-clinic.jp" }, "geometry": { "type": "Point", "coordinates": [ 136.48300113610685, 34.66858809606962 ] } },
{ "type": "Feature", "properties": { "内容": "ケアプランセンター楓【居宅介護支援】芸濃町林1973サイレンス芸濃1B", "url": "https://www.kaigokensaku.mhlw.go.jp/24/index.php?action_kouhyou_detail_004_kani=true&JigyosyoCd=2470504487-00&ServiceCd=430&Type=search", "url2": null }, "geometry": { "type": "Point", "coordinates": [ 136.421288600000025, 34.8237107 ] } },
{ "type": "Feature", "properties": { "内容": "フレンドリー指定居宅介護支援事業所【居宅介護支援】三重県津市海岸町13番28号コーポエクセレンス102", "url": "https://www.kaigokensaku.mhlw.go.jp/24/index.php?action_kouhyou_detail_004_kani=true&JigyosyoCd=2470504198-00&ServiceCd=430&Type=search", "url2": null }, "geometry": { "type": "Point", "coordinates": [ 136.521464899999955, 34.7176103 ] } },
{ "type": "Feature", "properties": { "内容": "指定居宅介護支援事業所ハートヒルかわげ【居宅介護支援】三重県津市河芸町一色39番地1通所介護事業所ハートヒルかわげＲ２３・2階", "url": "https://www.kaigokensaku.mhlw.go.jp/24/index.php?action_kouhyou_detail_004_kani=true&JigyosyoCd=2472400049-00&ServiceCd=430&Type=search", "url2": "https://heart-hill.or.jp/" }, "geometry": { "type": "Point", "coordinates": [ 136.539355684236057, 34.78424393102317 ] } },
{ "type": "Feature", "properties": { "内容": "居宅介護支援事業所　菫【居宅介護支援】三重県津市末広町1039-2", "url": "https://www.kaigokensaku.mhlw.go.jp/24/index.php?action_kouhyou_detail_004_kani=true&JigyosyoCd=2470504982-00&ServiceCd=430&Type=search", "url2": null }, "geometry": { "type": "Point", "coordinates": [ 136.525120744844116, 34.72344178133666 ] } },
{ "type": "Feature", "properties": { "内容": "居宅介護支援事業所渚園【居宅介護支援】柳山津興369-14", "url": "https://www.kaigokensaku.mhlw.go.jp/24/index.php?action_kouhyou_detail_004_kani=true&JigyosyoCd=2470504016-00&ServiceCd=430&Type=search", "url2": null }, "geometry": { "type": "Point", "coordinates": [ 136.521306791312639, 34.708606842876755 ] } },
{ "type": "Feature", "properties": { "内容": "居宅介護支援事業所　オハナ【居宅介護支援】三重県津市高茶屋小森町１７２０－１９", "url": "https://www.kaigokensaku.mhlw.go.jp/24/index.php?action_kouhyou_detail_004_kani=true&JigyosyoCd=2470504891-00&ServiceCd=430&Type=search", "url2": null }, "geometry": { "type": "Point", "coordinates": [ 136.487441900000022, 34.6655164 ] } },
{ "type": "Feature", "properties": { "内容": "居宅介護支援事業所　レモンの里【居宅介護支援】三重県津市神納４１７番地有料老人ホームレモンの里", "url": "https://www.kaigokensaku.mhlw.go.jp/24/index.php?action_kouhyou_detail_004_kani=true&JigyosyoCd=2470505187-00&ServiceCd=430&Type=search", "url2": null }, "geometry": { "type": "Point", "coordinates": [ 136.486929818994724, 34.717974971567457 ] } },
{ "type": "Feature", "properties": { "内容": "居宅介護支援　はせやま【居宅介護支援】三重県津市片田長谷町167-1", "url": "https://www.kaigokensaku.mhlw.go.jp/24/index.php?action_kouhyou_detail_004_kani=true&JigyosyoCd=2470500055-00&ServiceCd=430&Type=search", "url2": "http://www.mie-keiaikai.or.jp/" }, "geometry": { "type": "Point", "coordinates": [ 136.42567889999998, 34.7272064 ] } },
{ "type": "Feature", "properties": { "内容": "居宅介護支援事業所　フォルテシモ【居宅介護支援】三重県津市久居新町885-1", "url": "https://www.kaigokensaku.mhlw.go.jp/24/index.php?action_kouhyou_detail_004_kani=true&JigyosyoCd=2470505526-00&ServiceCd=430&Type=search", "url2": null }, "geometry": { "type": "Point", "coordinates": [ 136.476177839461229, 34.675155502236898 ] } },
{ "type": "Feature", "properties": { "内容": "特定非営利活動法人　在宅支援サービス青空【居宅介護支援】三重県津市半田212-1", "url": "https://www.kaigokensaku.mhlw.go.jp/24/index.php?action_kouhyou_detail_004_kani=true&JigyosyoCd=2470503232-00&ServiceCd=430&Type=search", "url2": null }, "geometry": { "type": "Point", "coordinates": [ 136.488803588885503, 34.709263535213964 ] } },
{ "type": "Feature", "properties": { "内容": "居宅介護支援事業所　カトレア【居宅介護支援】三重県津市久居小野辺町925-3", "url": "https://www.kaigokensaku.mhlw.go.jp/24/index.php?action_kouhyou_detail_004_kani=true&JigyosyoCd=2470501236-00&ServiceCd=430&Type=search", "url2": "https://cattleya-care.com" }, "geometry": { "type": "Point", "coordinates": [ 136.495705190215347, 34.678920792898325 ] } },
{ "type": "Feature", "properties": { "内容": "ケアマネジャー事務所妙【居宅介護支援】津市南中央2-31", "url": "https://www.kaigokensaku.mhlw.go.jp/24/index.php?action_kouhyou_detail_004_kani=true&JigyosyoCd=2470505120-00&ServiceCd=430&Type=search", "url2": null }, "geometry": { "type": "Point", "coordinates": [ 136.509508699999969, 34.7044012 ] } },
{ "type": "Feature", "properties": { "内容": "居宅介護支援事業所ハート3【居宅介護支援】三重県津市一志町田尻107番地", "url": "https://www.kaigokensaku.mhlw.go.jp/24/index.php?action_kouhyou_detail_004_kani=true&JigyosyoCd=2470505765-00&ServiceCd=430&Type=search", "url2": null }, "geometry": { "type": "Point", "coordinates": [ 136.432521400000013, 34.6563857 ] } },
{ "type": "Feature", "properties": { "内容": "ケアプランセンターリンクス【居宅介護支援】桜田町4-46小宮ハイツ101", "url": "https://www.kaigokensaku.mhlw.go.jp/24/index.php?action_kouhyou_detail_004_kani=true&JigyosyoCd=2470507001-00&ServiceCd=430&Type=search", "url2": null }, "geometry": { "type": "Point", "coordinates": [ 136.9064, 35.1423416 ] } },
{ "type": "Feature", "properties": { "内容": "居宅介護支援事業所　幸の里【居宅介護支援】三重県津市河辺町2692", "url": "https://www.kaigokensaku.mhlw.go.jp/24/index.php?action_kouhyou_detail_004_kani=true&JigyosyoCd=2470505732-00&ServiceCd=430&Type=search", "url2": null }, "geometry": { "type": "Point", "coordinates": [ 136.482327599999962, 34.7403559 ] } },
{ "type": "Feature", "properties": { "内容": "ケアプラン結び【居宅介護支援】三重県津市庄田町１３６８番地", "url": "https://www.kaigokensaku.mhlw.go.jp/24/index.php?action_kouhyou_detail_004_kani=true&JigyosyoCd=2470506987-00&ServiceCd=430&Type=search", "url2": null }, "geometry": { "type": "Point", "coordinates": [ 136.42341540000001, 34.677792 ] } },
{ "type": "Feature", "properties": { "内容": "居宅介護支援事業所コーケン【居宅介護支援】三重県津市寿町11番28", "url": "https://www.kaigokensaku.mhlw.go.jp/24/index.php?action_kouhyou_detail_004_kani=true&JigyosyoCd=2470506920-00&ServiceCd=430&Type=search", "url2": "tsu-ko-ken-kotobuki.jimdo.com/" }, "geometry": { "type": "Point", "coordinates": [ 136.518978881614686, 34.71473321945674 ] } },
{ "type": "Feature", "properties": { "内容": "ケアマネジメント　笑みたす【居宅介護支援】三重県津市高茶屋小森町5番地", "url": "https://www.kaigokensaku.mhlw.go.jp/24/index.php?action_kouhyou_detail_004_kani=true&JigyosyoCd=2470506870-00&ServiceCd=430&Type=search", "url2": null }, "geometry": { "type": "Point", "coordinates": [ 136.48979460000001, 34.668213 ] } },
{ "type": "Feature", "properties": { "内容": "ケアプランニングはうすか【居宅介護支援】三重県津市藤方2138番地6", "url": "https://www.kaigokensaku.mhlw.go.jp/24/index.php?action_kouhyou_detail_004_kani=true&JigyosyoCd=2470506276-00&ServiceCd=430&Type=search", "url2": null }, "geometry": { "type": "Point", "coordinates": [ 136.514751057672129, 34.694620542446025 ] } },
{ "type": "Feature", "properties": { "内容": "Resora居宅介護支援センター津【居宅介護支援】三重県津市豊が丘3丁目25番1号ネオポリスビル2階", "url": "https://www.kaigokensaku.mhlw.go.jp/24/index.php?action_kouhyou_detail_004_kani=true&JigyosyoCd=2470506367-00&ServiceCd=430&Type=search", "url2": "http://www.resora-net.com" }, "geometry": { "type": "Point", "coordinates": [ 136.4691081, 34.8040438 ] } },
{ "type": "Feature", "properties": { "内容": "居宅介護支援事業所　青空【居宅介護支援】津市高茶屋6丁目10番14号", "url": "https://www.kaigokensaku.mhlw.go.jp/24/index.php?action_kouhyou_detail_004_kani=true&JigyosyoCd=2470302106-00&ServiceCd=430&Type=search", "url2": null }, "geometry": { "type": "Point", "coordinates": [ 136.499675900000057, 34.6729822 ] } },
{ "type": "Feature", "properties": { "内容": "ケアマネジメントオフィス響【居宅介護支援】三重県津市美里町家所2574", "url": "https://www.kaigokensaku.mhlw.go.jp/24/index.php?action_kouhyou_detail_004_kani=true&JigyosyoCd=2470506037-00&ServiceCd=430&Type=search", "url2": "https://hibikinomori-mie.com" }, "geometry": { "type": "Point", "coordinates": [ 136.412777637434374, 34.728725919890401 ] } },
{ "type": "Feature", "properties": { "内容": "福祉よろず保科【居宅介護支援】三重県津市高茶屋四丁目37番43号", "url": "https://www.kaigokensaku.mhlw.go.jp/24/index.php?action_kouhyou_detail_004_kani=true&JigyosyoCd=2470506789-00&ServiceCd=430&Type=search", "url2": "https://www.yorozuhoshina.co.jp/" }, "geometry": { "type": "Point", "coordinates": [ 136.504351423426044, 34.668441226660725 ] } },
{ "type": "Feature", "properties": { "内容": "居宅介護支援センターいちし【居宅介護支援】一志町日置４６番地", "url": "https://www.kaigokensaku.mhlw.go.jp/24/index.php?action_kouhyou_detail_004_kani=true&JigyosyoCd=2470504438-00&ServiceCd=430&Type=search", "url2": "http://ichishinosato.hp4u.jp/" }, "geometry": { "type": "Point", "coordinates": [ 136.445182400000022, 34.6576441 ] } },
{ "type": "Feature", "properties": { "内容": "みえ医療福祉生協　つケアプランセンター【居宅介護支援】三重県津市寿町16番24号", "url": "https://www.kaigokensaku.mhlw.go.jp/24/index.php?action_kouhyou_detail_004_kani=true&JigyosyoCd=2470503562-00&ServiceCd=430&Type=search", "url2": "http://www.mie-hewcoop.jp/" }, "geometry": { "type": "Point", "coordinates": [ 136.516818441029045, 34.715498325333122 ] } },
{ "type": "Feature", "properties": { "内容": "合同会社居宅介護支援センターはる【居宅介護支援】三重県津市白塚町2977－1", "url": "https://www.kaigokensaku.mhlw.go.jp/24/index.php?action_kouhyou_detail_004_kani=true&JigyosyoCd=2470505237-00&ServiceCd=430&Type=search", "url2": null }, "geometry": { "type": "Point", "coordinates": [ 136.535012599999988, 34.7631588 ] } },
{ "type": "Feature", "properties": { "内容": "居宅介護支援事業所　ふれんど【居宅介護支援】三重県津市芸濃町椋本3716番地", "url": "https://www.kaigokensaku.mhlw.go.jp/24/index.php?action_kouhyou_detail_004_kani=true&JigyosyoCd=2472500442-00&ServiceCd=430&Type=search", "url2": null }, "geometry": { "type": "Point", "coordinates": [ 136.442568690892017, 34.807884559982995 ] } },
{ "type": "Feature", "properties": { "内容": "すこやか居宅介護支援センター【居宅介護支援】三重県四日市市生桑町６５５－１", "url": "https://www.kaigokensaku.mhlw.go.jp/24/index.php?action_kouhyou_detail_004_kani=true&JigyosyoCd=2470204401-00&ServiceCd=430&Type=search", "url2": null }, "geometry": { "type": "Point", "coordinates": [ 136.597688610954492, 34.982815867701191 ] } },
{ "type": "Feature", "properties": { "内容": "CarePlanステーションこころ【居宅介護支援】三重県四日市市東坂部町53-1", "url": "https://www.kaigokensaku.mhlw.go.jp/24/index.php?action_kouhyou_detail_004_kani=true&JigyosyoCd=2470206372-00&ServiceCd=430&Type=search", "url2": "https://gelande0304.wixsite.com/my-site-1" }, "geometry": { "type": "Point", "coordinates": [ 136.5948994, 34.9931891 ] } },
{ "type": "Feature", "properties": { "内容": "居宅介護支援事業所ケアサポート四日市楠館【居宅介護支援】楠町小倉764-1プレステージ四日市楠館", "url": "https://www.kaigokensaku.mhlw.go.jp/24/index.php?action_kouhyou_detail_004_kani=true&JigyosyoCd=2470206497-00&ServiceCd=430&Type=search", "url2": null }, "geometry": { "type": "Point", "coordinates": [ 136.6260474, 34.9218327 ] } },
{ "type": "Feature", "properties": { "内容": "居宅介護支援事業所ココロン【居宅介護支援】四日市市北条町10番6号", "url": "https://www.kaigokensaku.mhlw.go.jp/24/index.php?action_kouhyou_detail_004_kani=true&JigyosyoCd=2470203270-00&ServiceCd=430&Type=search", "url2": null }, "geometry": { "type": "Point", "coordinates": [ 136.6319145, 34.9712451 ] } },
{ "type": "Feature", "properties": { "内容": "居宅介護支援事業所リンクアップ【居宅介護支援】三重県四日市市釆女町167番地1", "url": "https://www.kaigokensaku.mhlw.go.jp/24/index.php?action_kouhyou_detail_004_kani=true&JigyosyoCd=2470206521-00&ServiceCd=430&Type=search", "url2": null }, "geometry": { "type": "Point", "coordinates": [ 136.5853276, 34.9271634 ] } },
{ "type": "Feature", "properties": { "内容": "居宅介護支援事業所ケアヒルズ四日市【居宅介護支援】三重県四日市市日永西3丁目3-20田中ビル101", "url": "https://www.kaigokensaku.mhlw.go.jp/24/index.php?action_kouhyou_detail_004_kani=true&JigyosyoCd=2470205341-00&ServiceCd=430&Type=search", "url2": "https://www.care-hills.com/" }, "geometry": { "type": "Point", "coordinates": [ 136.596991424439324, 34.951609457668958 ] } },
{ "type": "Feature", "properties": { "内容": "居宅支援事業所　LightUP【居宅介護支援】大矢知町　４９８－６", "url": "https://www.kaigokensaku.mhlw.go.jp/24/index.php?action_kouhyou_detail_004_kani=true&JigyosyoCd=2470206448-00&ServiceCd=430&Type=search", "url2": null }, "geometry": { "type": "Point", "coordinates": [ 136.6411994, 35.0216215 ] } },
{ "type": "Feature", "properties": { "内容": "聖十字保々在宅介護サービスセンター【居宅介護支援】三重県四日市市中野町2492番地", "url": "https://www.kaigokensaku.mhlw.go.jp/24/index.php?action_kouhyou_detail_004_kani=true&JigyosyoCd=2470200979-00&ServiceCd=430&Type=search", "url2": "http://suzukaseijujikai.jp/" }, "geometry": { "type": "Point", "coordinates": [ 136.560551736523422, 35.050260750053035 ] } },
{ "type": "Feature", "properties": { "内容": "居宅介護支援事業所TEAM紬【居宅介護支援】三重県四日市市泊町13番10号　1号室", "url": "https://www.kaigokensaku.mhlw.go.jp/24/index.php?action_kouhyou_detail_004_kani=true&JigyosyoCd=2470206398-00&ServiceCd=430&Type=search", "url2": null }, "geometry": { "type": "Point", "coordinates": [ 136.598646788360583, 34.937398991375645 ] } },
{ "type": "Feature", "properties": { "内容": "きょたくかいごしえん　しるびずばとん【居宅介護支援】三重県四日市市午起1丁目5番16号", "url": "https://www.kaigokensaku.mhlw.go.jp/24/index.php?action_kouhyou_detail_004_kani=true&JigyosyoCd=2470206612-00&ServiceCd=430&Type=search", "url2": "https://shirubiz-mie.com" }, "geometry": { "type": "Point", "coordinates": [ 136.6393285, 34.9716794 ] } },
{ "type": "Feature", "properties": { "内容": "四日市羽津医療センター附属居宅介護支援センター【居宅介護支援】四日市市羽津山町10-8", "url": "https://www.kaigokensaku.mhlw.go.jp/24/index.php?action_kouhyou_detail_004_kani=true&JigyosyoCd=2470200268-00&ServiceCd=430&Type=search", "url2": "http://yokkaichi.jcho.go.jp/rouken/" }, "geometry": { "type": "Point", "coordinates": [ 136.626650807409646, 34.989672320688037 ] } },
{ "type": "Feature", "properties": { "内容": "ライト　ケア　サービス【居宅介護支援】三重県四日市市富州原町5-14", "url": "https://www.kaigokensaku.mhlw.go.jp/24/index.php?action_kouhyou_detail_004_kani=true&JigyosyoCd=2470200276-00&ServiceCd=430&Type=search", "url2": "http://www.tennan.info" }, "geometry": { "type": "Point", "coordinates": [ 136.6581033, 35.009357 ] } },
{ "type": "Feature", "properties": { "内容": "ケアプランセンター　花びより【居宅介護支援】三重県四日市市笹川3丁目21番1号サービス付き高齢者向け住宅", "url": "https://www.kaigokensaku.mhlw.go.jp/24/index.php?action_kouhyou_detail_004_kani=true&JigyosyoCd=2470204435-00&ServiceCd=430&Type=search", "url2": "mail@hanabiyori.net" }, "geometry": { "type": "Point", "coordinates": [ 136.573101880950958, 34.953028245885761 ] } },
{ "type": "Feature", "properties": { "内容": "ケアサービス菜の花【居宅介護支援】三重県四日市市八千代台３－１－６７", "url": "https://www.kaigokensaku.mhlw.go.jp/24/index.php?action_kouhyou_detail_004_kani=true&JigyosyoCd=2470201795-00&ServiceCd=430&Type=search", "url2": "http://care-net.biz/nanohana/" }, "geometry": { "type": "Point", "coordinates": [ 136.580526299999974, 35.0311396 ] } },
{ "type": "Feature", "properties": { "内容": "アルファ居宅サービス【居宅介護支援】三重県四日市市楠町南五味塚160-4真鈴川記念", "url": "https://www.kaigokensaku.mhlw.go.jp/24/index.php?action_kouhyou_detail_004_kani=true&JigyosyoCd=2470206547-00&ServiceCd=430&Type=search", "url2": "https://www.alfakyotaku.jp" }, "geometry": { "type": "Point", "coordinates": [ 136.634503200000012, 34.9052226 ] } },
{ "type": "Feature", "properties": { "内容": "ケアまちパーク介護支援事業所【居宅介護支援】三重県四日市市松本三丁目5番19号", "url": "https://www.kaigokensaku.mhlw.go.jp/24/index.php?action_kouhyou_detail_004_kani=true&JigyosyoCd=2470205705-00&ServiceCd=430&Type=search", "url2": "caremachipark@cocoa.plala.or.jp" }, "geometry": { "type": "Point", "coordinates": [ 136.590843, 34.968829 ] } },
{ "type": "Feature", "properties": { "内容": "ケアプランサービスのぞみ【居宅介護支援】三重県四日市市智積町８０６番地", "url": "https://www.kaigokensaku.mhlw.go.jp/24/index.php?action_kouhyou_detail_004_kani=true&JigyosyoCd=2470205069-00&ServiceCd=430&Type=search", "url2": "http://www.nozomi-care.ocn.ne.jp" }, "geometry": { "type": "Point", "coordinates": [ 136.539505400000053, 34.9914888 ] } },
{ "type": "Feature", "properties": { "内容": "ケアライフ　ホスタ【居宅介護支援】三重県四日市市采女町９３８番地1", "url": "https://www.kaigokensaku.mhlw.go.jp/24/index.php?action_kouhyou_detail_004_kani=true&JigyosyoCd=2470206380-00&ServiceCd=430&Type=search", "url2": null }, "geometry": { "type": "Point", "coordinates": [ 136.5751688, 34.9276848 ] } },
{ "type": "Feature", "properties": { "内容": "四郷在宅介護サービスセンター居宅介護支援事業【居宅介護支援】三重県四日市市西日野町小溝野4015番地", "url": "https://www.kaigokensaku.mhlw.go.jp/24/index.php?action_kouhyou_detail_004_kani=true&JigyosyoCd=2470200151-00&ServiceCd=430&Type=search", "url2": "http://seizanrikai.jp" }, "geometry": { "type": "Point", "coordinates": [ 136.58841910000001, 34.9599227 ] } },
{ "type": "Feature", "properties": { "内容": "英水苑在宅介護サービスセンター【居宅介護支援】四日市市智積町中須34-1", "url": "https://www.kaigokensaku.mhlw.go.jp/24/index.php?action_kouhyou_detail_004_kani=true&JigyosyoCd=2470200201-00&ServiceCd=430&Type=search", "url2": "http://www.eisuikai.jp/" }, "geometry": { "type": "Point", "coordinates": [ 136.543554069531325, 34.99961188939016 ] } },
{ "type": "Feature", "properties": { "内容": "居宅介護支援センターさくら【居宅介護支援】三重県四日市市浜一色町15番14-1号特別養護老人ホームさくらスマイル", "url": "https://www.kaigokensaku.mhlw.go.jp/24/index.php?action_kouhyou_detail_004_kani=true&JigyosyoCd=2470205523-00&ServiceCd=430&Type=search", "url2": "sakuracom.or.jp" }, "geometry": { "type": "Point", "coordinates": [ 136.634460895106486, 34.978788580085805 ] } },
{ "type": "Feature", "properties": { "内容": "けあまねセンター四日市もも【居宅介護支援】三重県四日市市朝明町441-1", "url": "https://www.kaigokensaku.mhlw.go.jp/24/index.php?action_kouhyou_detail_004_kani=true&JigyosyoCd=2470202405-00&ServiceCd=430&Type=search", "url2": "https://www.momo3.net" }, "geometry": { "type": "Point", "coordinates": [ 136.589617, 35.0394746 ] } },
{ "type": "Feature", "properties": { "内容": "居宅介護支援事業所つばさ【居宅介護支援】四日市市室山町226番地", "url": "https://www.kaigokensaku.mhlw.go.jp/24/index.php?action_kouhyou_detail_004_kani=true&JigyosyoCd=2470203528-00&ServiceCd=430&Type=search", "url2": null }, "geometry": { "type": "Point", "coordinates": [ 136.579832702160587, 34.953822418351905 ] } },
{ "type": "Feature", "properties": { "内容": "居宅介護支援事業所　かすみの里【居宅介護支援】四日市市白須賀一丁目12番8号", "url": "https://www.kaigokensaku.mhlw.go.jp/24/index.php?action_kouhyou_detail_004_kani=true&JigyosyoCd=2470204245-00&ServiceCd=430&Type=search", "url2": "http://www.unemenosato.or.jp" }, "geometry": { "type": "Point", "coordinates": [ 136.642189544705161, 34.989314051053348 ] } },
{ "type": "Feature", "properties": { "内容": "居宅介護支援事業所　惠【居宅介護支援】三重県四日市市下之宮町字御熱田326番地1シティハイツポプラ105号室", "url": "https://www.kaigokensaku.mhlw.go.jp/24/index.php?action_kouhyou_detail_004_kani=true&JigyosyoCd=2470205838-00&ServiceCd=430&Type=search", "url2": null }, "geometry": { "type": "Point", "coordinates": [ 136.641168230827333, 35.013490652577403 ] } },
{ "type": "Feature", "properties": { "内容": "医療法人徳新会　四日市徳新会介護センター【居宅介護支援】三重県四日市市久保田２丁目１番２号", "url": "https://www.kaigokensaku.mhlw.go.jp/24/index.php?action_kouhyou_detail_004_kani=true&JigyosyoCd=2470206513-00&ServiceCd=430&Type=search", "url2": "https://yok-toku.jp/" }, "geometry": { "type": "Point", "coordinates": [ 136.612286899999987, 34.9732625 ] } },
{ "type": "Feature", "properties": { "内容": "在宅介護サービスセンター　うねめの里【居宅介護支援】三重県四日市市采女町字森ヶ山418-1", "url": "https://www.kaigokensaku.mhlw.go.jp/24/index.php?action_kouhyou_detail_004_kani=true&JigyosyoCd=2470200029-00&ServiceCd=430&Type=search", "url2": "http://www.eiko-kai.jp/" }, "geometry": { "type": "Point", "coordinates": [ 136.580681, 34.932458 ] } },
{ "type": "Feature", "properties": { "内容": "ケアプランぴーす【居宅介護支援】三重県四日市市南松本町9番地11", "url": "https://www.kaigokensaku.mhlw.go.jp/24/index.php?action_kouhyou_detail_004_kani=true&JigyosyoCd=2470205291-00&ServiceCd=430&Type=search", "url2": "https://www.kaigo-peace.com/" }, "geometry": { "type": "Point", "coordinates": [ 136.581139, 34.9666332 ] } },
{ "type": "Feature", "properties": { "内容": "ケアプランセンター不二【居宅介護支援】三重県四日市市生桑町2452-6", "url": "https://www.kaigokensaku.mhlw.go.jp/24/index.php?action_kouhyou_detail_004_kani=true&JigyosyoCd=2470206125-00&ServiceCd=430&Type=search", "url2": "https://www.ishii-nensho.co.jp/" }, "geometry": { "type": "Point", "coordinates": [ 136.5987986, 34.9912163 ] } },
{ "type": "Feature", "properties": { "内容": "南部陽光苑在宅介護サービスセンター【居宅介護支援】三重県四日市市河原田町2146番地", "url": "https://www.kaigokensaku.mhlw.go.jp/24/index.php?action_kouhyou_detail_004_kani=true&JigyosyoCd=2470200243-00&ServiceCd=430&Type=search", "url2": "http://www.miefukushikai.or.jp/" }, "geometry": { "type": "Point", "coordinates": [ 136.599071800000047, 34.9102136 ] } },
{ "type": "Feature", "properties": { "内容": "ハピネスやさと在宅介護支援センター居宅介護支援事業所【居宅介護支援】三重県四日市市千代田町３２５－１", "url": "https://www.kaigokensaku.mhlw.go.jp/24/index.php?action_kouhyou_detail_004_kani=true&JigyosyoCd=2470200250-00&ServiceCd=430&Type=search", "url2": "http://www.apatheia.jp" }, "geometry": { "type": "Point", "coordinates": [ 136.624915900000019, 35.0310238 ] } },
{ "type": "Feature", "properties": { "内容": "こごみ居宅介護支援事業所【居宅介護支援】南小松町615番地13", "url": "https://www.kaigokensaku.mhlw.go.jp/24/index.php?action_kouhyou_detail_004_kani=true&JigyosyoCd=2470205606-00&ServiceCd=430&Type=search", "url2": null }, "geometry": { "type": "Point", "coordinates": [ 136.564636400000012, 34.9244015 ] } },
{ "type": "Feature", "properties": { "内容": "富田浜指定居宅介護支援事業所【居宅介護支援】四日市市富田浜町26-14", "url": "https://www.kaigokensaku.mhlw.go.jp/24/index.php?action_kouhyou_detail_004_kani=true&JigyosyoCd=2470200219-00&ServiceCd=430&Type=search", "url2": "http://www.tomidahama.jp/" }, "geometry": { "type": "Point", "coordinates": [ 136.652425730163628, 34.998000520546846 ] } },
{ "type": "Feature", "properties": { "内容": "三美介護支援センター【居宅介護支援】三重県四日市市水沢町2503番地5", "url": "https://www.kaigokensaku.mhlw.go.jp/24/index.php?action_kouhyou_detail_004_kani=true&JigyosyoCd=2470202496-00&ServiceCd=430&Type=search", "url2": "https://sa-n-bi.com/" }, "geometry": { "type": "Point", "coordinates": [ 136.478042446471392, 34.974164369779345 ] } },
{ "type": "Feature", "properties": { "内容": "居宅介護支援　えいとえいと【居宅介護支援】三重県四日市市生桑町2048番８", "url": "https://www.kaigokensaku.mhlw.go.jp/24/index.php?action_kouhyou_detail_004_kani=true&JigyosyoCd=2470205820-00&ServiceCd=430&Type=search", "url2": null }, "geometry": { "type": "Point", "coordinates": [ 136.594910700000014, 34.9869993 ] } },
{ "type": "Feature", "properties": { "内容": "川村居宅支援事業所【居宅介護支援】四日市市城北町8-1", "url": "https://www.kaigokensaku.mhlw.go.jp/24/index.php?action_kouhyou_detail_004_kani=true&JigyosyoCd=2470200375-00&ServiceCd=430&Type=search", "url2": null }, "geometry": { "type": "Point", "coordinates": [ 136.61150769762267, 34.964958519550066 ] } },
{ "type": "Feature", "properties": { "内容": "居宅介護支援事業所りんりん【居宅介護支援】三重県四日市市浜田町18-3酢文ビル2B号室", "url": "https://www.kaigokensaku.mhlw.go.jp/24/index.php?action_kouhyou_detail_004_kani=true&JigyosyoCd=2470205796-00&ServiceCd=430&Type=search", "url2": "https://rinrin-llc.com/" }, "geometry": { "type": "Point", "coordinates": [ 136.620379, 34.962019 ] } },
{ "type": "Feature", "properties": { "内容": "桜園三聖居宅介護支援センター【居宅介護支援】三重県四日市市高浜町5-7", "url": "https://www.kaigokensaku.mhlw.go.jp/24/index.php?action_kouhyou_detail_004_kani=true&JigyosyoCd=2470205739-00&ServiceCd=430&Type=search", "url2": "www.sansei-sakura.info/" }, "geometry": { "type": "Point", "coordinates": [ 136.637982500000021, 34.9785579 ] } },
{ "type": "Feature", "properties": { "内容": "陽光苑在宅介護サービスセンター【居宅介護支援】三重県四日市市西坂部町1127番地", "url": "https://www.kaigokensaku.mhlw.go.jp/24/index.php?action_kouhyou_detail_004_kani=true&JigyosyoCd=2470200235-00&ServiceCd=430&Type=search", "url2": "http://www.miefukusikai.jp/" }, "geometry": { "type": "Point", "coordinates": [ 136.586632, 35.0074542 ] } },
{ "type": "Feature", "properties": { "内容": "すずらん福祉会　楽々館【居宅介護支援】三重県四日市市高浜町8番26号", "url": "https://www.kaigokensaku.mhlw.go.jp/24/index.php?action_kouhyou_detail_004_kani=true&JigyosyoCd=2470201548-00&ServiceCd=430&Type=search", "url2": "http://www.suzuranfukushikai.jp" }, "geometry": { "type": "Point", "coordinates": [ 136.638677803904784, 34.977582022612523 ] } },
{ "type": "Feature", "properties": { "内容": "四日市市社会福祉協議会指定居宅介護支援事業所ゆりかもめ【居宅介護支援】三重県四日市市楠町北五味塚1450-1", "url": "https://www.kaigokensaku.mhlw.go.jp/24/index.php?action_kouhyou_detail_004_kani=true&JigyosyoCd=2472200043-00&ServiceCd=430&Type=search", "url2": "http://yokkaichi-shakyo.or.jp/home/" }, "geometry": { "type": "Point", "coordinates": [ 136.6361769, 34.9168338 ] } },
{ "type": "Feature", "properties": { "内容": "天ヵ須賀在宅介護サービスセンター【居宅介護支援】四日市市天ヵ須賀４丁目７番２５号", "url": "https://www.kaigokensaku.mhlw.go.jp/24/index.php?action_kouhyou_detail_004_kani=true&JigyosyoCd=2470201035-00&ServiceCd=430&Type=search", "url2": "http://www.tokujukai.com/" }, "geometry": { "type": "Point", "coordinates": [ 136.669235500000013, 35.0153316 ] } },
{ "type": "Feature", "properties": { "内容": "しあわせ居宅介護支援センター【居宅介護支援】三重県四日市市水沢町横堀５１３１－１", "url": "https://www.kaigokensaku.mhlw.go.jp/24/index.php?action_kouhyou_detail_004_kani=true&JigyosyoCd=2470201886-00&ServiceCd=430&Type=search", "url2": "http://shiawase-senior.co.jp/wp-login.php" }, "geometry": { "type": "Point", "coordinates": [ 136.500847193886216, 34.968446220999567 ] } },
{ "type": "Feature", "properties": { "内容": "セントケア四日市【居宅介護支援】四日市市新正4丁目７－５", "url": "https://www.kaigokensaku.mhlw.go.jp/24/index.php?action_kouhyou_detail_004_kani=true&JigyosyoCd=2470202538-00&ServiceCd=430&Type=search", "url2": "https://saint-care-mie.com" }, "geometry": { "type": "Point", "coordinates": [ 136.616716499999939, 34.9556298 ] } },
{ "type": "Feature", "properties": { "内容": "みなと在宅介護サービスセンター【居宅介護支援】三重県四日市市高砂町7-6", "url": "https://www.kaigokensaku.mhlw.go.jp/24/index.php?action_kouhyou_detail_004_kani=true&JigyosyoCd=2470200227-00&ServiceCd=430&Type=search", "url2": "https://www.kazekaorukai.com/" }, "geometry": { "type": "Point", "coordinates": [ 136.636653499999966, 34.9613825 ] } },
{ "type": "Feature", "properties": { "内容": "しおはま在宅介護サービスセンター【居宅介護支援】三重県四日市市塩浜栄町471", "url": "https://www.kaigokensaku.mhlw.go.jp/24/index.php?action_kouhyou_detail_004_kani=true&JigyosyoCd=2470201027-00&ServiceCd=430&Type=search", "url2": "http://kazekaorukai.com" }, "geometry": { "type": "Point", "coordinates": [ 136.614795400000048, 34.9293963 ] } },
{ "type": "Feature", "properties": { "内容": "居宅介護支援事業所　くぬぎの木【居宅介護支援】四日市市赤水町1245-7", "url": "https://www.kaigokensaku.mhlw.go.jp/24/index.php?action_kouhyou_detail_004_kani=true&JigyosyoCd=2470200045-00&ServiceCd=430&Type=search", "url2": "http://www.kunuginoki.jp/" }, "geometry": { "type": "Point", "coordinates": [ 136.56162310000002, 35.0092984 ] } },
{ "type": "Feature", "properties": { "内容": "みたき在宅ケアセンター【居宅介護支援】三重県四日市市生桑町菰池４５８－１", "url": "https://www.kaigokensaku.mhlw.go.jp/24/index.php?action_kouhyou_detail_004_kani=true&JigyosyoCd=2470201530-00&ServiceCd=430&Type=search", "url2": "https://mitaki.or.jp" }, "geometry": { "type": "Point", "coordinates": [ 136.60345522750012, 34.980622189650198 ] } },
{ "type": "Feature", "properties": { "内容": "居宅介護支援　シリウス【居宅介護支援】三重県四日市市山城町770番２", "url": "https://www.kaigokensaku.mhlw.go.jp/24/index.php?action_kouhyou_detail_004_kani=true&JigyosyoCd=2470204104-00&ServiceCd=430&Type=search", "url2": null }, "geometry": { "type": "Point", "coordinates": [ 136.584342600000042, 35.0332226 ] } },
{ "type": "Feature", "properties": { "内容": "居宅介護支援事業所　すぎな【居宅介護支援】三重県四日市市楠町本郷１６９２２階", "url": "https://www.kaigokensaku.mhlw.go.jp/24/index.php?action_kouhyou_detail_004_kani=true&JigyosyoCd=2470206430-00&ServiceCd=430&Type=search", "url2": null }, "geometry": { "type": "Point", "coordinates": [ 136.618842300000011, 34.9124771 ] } },
{ "type": "Feature", "properties": { "内容": "居宅支援事業所　　フォーエバーライフ【居宅介護支援】茂福町1-21", "url": "https://www.kaigokensaku.mhlw.go.jp/24/index.php?action_kouhyou_detail_004_kani=true&JigyosyoCd=2470202264-00&ServiceCd=430&Type=search", "url2": null }, "geometry": { "type": "Point", "coordinates": [ 136.646062799999982, 34.997339 ] } },
{ "type": "Feature", "properties": { "内容": "居宅介護支援事業所　オリーブ【居宅介護支援】四日市市小林町3018-23", "url": "https://www.kaigokensaku.mhlw.go.jp/24/index.php?action_kouhyou_detail_004_kani=true&JigyosyoCd=2470203783-00&ServiceCd=430&Type=search", "url2": "http://espoir-olive.com/corp/" }, "geometry": { "type": "Point", "coordinates": [ 136.544757148618402, 34.957165805575009 ] } },
{ "type": "Feature", "properties": { "内容": "居宅介護支援キョウユウサービス【居宅介護支援】三重県四日市市浮橋二丁目２３番地１１", "url": "https://www.kaigokensaku.mhlw.go.jp/24/index.php?action_kouhyou_detail_004_kani=true&JigyosyoCd=2470203288-00&ServiceCd=430&Type=search", "url2": "http://kyouyuu-service.dyndns.org" }, "geometry": { "type": "Point", "coordinates": [ 136.572906200000034, 34.9694746 ] } },
{ "type": "Feature", "properties": { "内容": "ヴィラ四日市在宅介護サービスセンター【居宅介護支援】四日市市垂坂町8-2", "url": "https://www.kaigokensaku.mhlw.go.jp/24/index.php?action_kouhyou_detail_004_kani=true&JigyosyoCd=2470200318-00&ServiceCd=430&Type=search", "url2": "http://yokkaichi.tokuyou.jp/index.html" }, "geometry": { "type": "Point", "coordinates": [ 136.627655399999981, 35.0053741 ] } },
{ "type": "Feature", "properties": { "内容": "居宅介護支援事業所　にっこり山城【居宅介護支援】三重県四日市市山城町1014", "url": "https://www.kaigokensaku.mhlw.go.jp/24/index.php?action_kouhyou_detail_004_kani=true&JigyosyoCd=2470205028-00&ServiceCd=430&Type=search", "url2": "http://nikkoriyamajou.com/" }, "geometry": { "type": "Point", "coordinates": [ 136.585792783575499, 35.035160131438005 ] } },
{ "type": "Feature", "properties": { "内容": "ユートピア在宅介護支援センター【居宅介護支援】四日市市久保田２丁目１２番８号", "url": "https://www.kaigokensaku.mhlw.go.jp/24/index.php?action_kouhyou_detail_004_kani=true&JigyosyoCd=2470200300-00&ServiceCd=430&Type=search", "url2": "http://yokkaichi-yutopia.com" }, "geometry": { "type": "Point", "coordinates": [ 136.609895888360597, 34.975391142624403 ] } },
{ "type": "Feature", "properties": { "内容": "くす居宅介護支援事業所【居宅介護支援】三重県四日市市楠町北五味塚24番地サニーコート102号", "url": "https://www.kaigokensaku.mhlw.go.jp/24/index.php?action_kouhyou_detail_004_kani=true&JigyosyoCd=2470205598-00&ServiceCd=430&Type=search", "url2": null }, "geometry": { "type": "Point", "coordinates": [ 136.627463799999987, 34.9123172 ] } },
{ "type": "Feature", "properties": { "内容": "四日市医師会居宅介護支援事業所【居宅介護支援】三重県四日市市西新地14-20", "url": "https://www.kaigokensaku.mhlw.go.jp/24/index.php?action_kouhyou_detail_004_kani=true&JigyosyoCd=2470200011-00&ServiceCd=430&Type=search", "url2": "http://www.yokkaichi-med.com" }, "geometry": { "type": "Point", "coordinates": [ 136.62052360000007, 34.9706226 ] } },
{ "type": "Feature", "properties": { "内容": "ケアプランセンターKicori（きこり）【居宅介護支援】三重県四日市市桜台本町５１－１", "url": "https://www.kaigokensaku.mhlw.go.jp/24/index.php?action_kouhyou_detail_004_kani=true&JigyosyoCd=2470205721-00&ServiceCd=430&Type=search", "url2": "http://www.toytree-kicori.com/" }, "geometry": { "type": "Point", "coordinates": [ 136.538623599999937, 34.9897838 ] } },
{ "type": "Feature", "properties": { "内容": "居宅介護支援事業所しらゆりケア【居宅介護支援】三重県四日市市日永西2-9-11", "url": "https://www.kaigokensaku.mhlw.go.jp/24/index.php?action_kouhyou_detail_004_kani=true&JigyosyoCd=2460290287-00&ServiceCd=430&Type=search", "url2": "http://planb-shirayuri.com/" }, "geometry": { "type": "Point", "coordinates": [ 136.598747771827647, 34.953476427733051 ] } },
{ "type": "Feature", "properties": { "内容": "居宅介護支援事業所　あすか【居宅介護支援】三重県四日市市赤堀南町6-7", "url": "https://www.kaigokensaku.mhlw.go.jp/24/index.php?action_kouhyou_detail_004_kani=true&JigyosyoCd=2470204807-00&ServiceCd=430&Type=search", "url2": "http://aska-kaigo.jp" }, "geometry": { "type": "Point", "coordinates": [ 136.610739100000046, 34.9581737 ] } },
{ "type": "Feature", "properties": { "内容": "みえ医療福祉生協居宅介護支援事業所いくわ【居宅介護支援】四日市市生桑町1455", "url": "https://www.kaigokensaku.mhlw.go.jp/24/index.php?action_kouhyou_detail_004_kani=true&JigyosyoCd=2470203437-00&ServiceCd=430&Type=search", "url2": "http://www/y-medico/com/" }, "geometry": { "type": "Point", "coordinates": [ 136.596532700000012, 34.979937399999983 ] } },
{ "type": "Feature", "properties": { "内容": "医心館居宅介護支援事業所四日市Ⅱ【居宅介護支援】三重県四日市市芝田一丁目1番20号", "url": "https://www.kaigokensaku.mhlw.go.jp/24/index.php?action_kouhyou_detail_004_kani=true&JigyosyoCd=2470206000-00&ServiceCd=430&Type=search", "url2": null }, "geometry": { "type": "Point", "coordinates": [ 136.6085568, 34.9675058 ] } },
{ "type": "Feature", "properties": { "内容": "居宅介護支援センターニコニコ【居宅介護支援】三重県四日市市松寺3丁目6番29号", "url": "https://www.kaigokensaku.mhlw.go.jp/24/index.php?action_kouhyou_detail_004_kani=true&JigyosyoCd=2470204914-00&ServiceCd=430&Type=search", "url2": null }, "geometry": { "type": "Point", "coordinates": [ 136.652961600000026, 35.0243385 ] } },
{ "type": "Feature", "properties": { "内容": "LTS居宅介護支援センター【居宅介護支援】三重県四日市市大治田2-18-19", "url": "https://www.kaigokensaku.mhlw.go.jp/24/index.php?action_kouhyou_detail_004_kani=true&JigyosyoCd=2470202728-00&ServiceCd=430&Type=search", "url2": "http://www.life-techno.jp/ikoinosato/index.html" }, "geometry": { "type": "Point", "coordinates": [ 136.600076899999976, 34.931312 ] } },
{ "type": "Feature", "properties": { "内容": "日永英水苑在宅介護サービスセンター【居宅介護支援】四日市市大字日永5530-23", "url": "https://www.kaigokensaku.mhlw.go.jp/24/index.php?action_kouhyou_detail_004_kani=true&JigyosyoCd=2470200466-00&ServiceCd=430&Type=search", "url2": "http://www.eisuikai.jp/" }, "geometry": { "type": "Point", "coordinates": [ 136.585286, 34.9418632 ] } },
{ "type": "Feature", "properties": { "内容": "ケアプランオフィス　ＨＡＲＵＫＡ【居宅介護支援】三重県四日市市三滝台三丁目5番地14", "url": "https://www.kaigokensaku.mhlw.go.jp/24/index.php?action_kouhyou_detail_004_kani=true&JigyosyoCd=2470206273-00&ServiceCd=430&Type=search", "url2": null }, "geometry": { "type": "Point", "coordinates": [ 136.5697532, 34.9760737 ] } },
{ "type": "Feature", "properties": { "内容": "合同会社　ケアプラン一花【居宅介護支援】三重県四日市市波木町124-11", "url": "https://www.kaigokensaku.mhlw.go.jp/24/index.php?action_kouhyou_detail_004_kani=true&JigyosyoCd=2470204831-00&ServiceCd=430&Type=search", "url2": null }, "geometry": { "type": "Point", "coordinates": [ 136.579166900000018, 34.9378691 ] } },
{ "type": "Feature", "properties": { "内容": "よっかいち諧朋苑居宅介護支援サービス【居宅介護支援】四日市市西大鐘町字山添1580番地", "url": "https://www.kaigokensaku.mhlw.go.jp/24/index.php?action_kouhyou_detail_004_kani=true&JigyosyoCd=2470200102-00&ServiceCd=430&Type=search", "url2": "https://www.kaihouen.jp/" }, "geometry": { "type": "Point", "coordinates": [ 136.599271400000021, 35.040721900000015 ] } },
{ "type": "Feature", "properties": { "内容": "マーベラス居宅介護支援事業所【居宅介護支援】三重県四日市市室山町225番地1", "url": "https://www.kaigokensaku.mhlw.go.jp/24/index.php?action_kouhyou_detail_004_kani=true&JigyosyoCd=2470206109-00&ServiceCd=430&Type=search", "url2": "http://luise.jp" }, "geometry": { "type": "Point", "coordinates": [ 136.580213752778633, 34.953841219495871 ] } },
{ "type": "Feature", "properties": { "内容": "ケアサポートさち【居宅介護支援】三重県四日市市貝塚町八之縄280番地19", "url": "https://www.kaigokensaku.mhlw.go.jp/24/index.php?action_kouhyou_detail_004_kani=true&JigyosyoCd=2470203163-00&ServiceCd=430&Type=search", "url2": null }, "geometry": { "type": "Point", "coordinates": [ 136.610287400000061, 34.9182413 ] } },
{ "type": "Feature", "properties": { "内容": "ケアプラン　なごやか【居宅介護支援】三重県伊勢市小木町１２８番地１", "url": "https://www.kaigokensaku.mhlw.go.jp/24/index.php?action_kouhyou_detail_004_kani=true&JigyosyoCd=2470800745-00&ServiceCd=430&Type=search", "url2": null }, "geometry": { "type": "Point", "coordinates": [ 136.72801759999993, 34.5034575 ] } },
{ "type": "Feature", "properties": { "内容": "居宅介護支援事業所　ひだか【居宅介護支援】三重県伊勢市桜木町55番1", "url": "https://www.kaigokensaku.mhlw.go.jp/24/index.php?action_kouhyou_detail_004_kani=true&JigyosyoCd=2470803061-00&ServiceCd=430&Type=search", "url2": null }, "geometry": { "type": "Point", "coordinates": [ 136.7174638, 34.47327 ] } },
{ "type": "Feature", "properties": { "内容": "ケアプラン　元気ひろば【居宅介護支援】伊勢市大世古１－８－７", "url": "https://www.kaigokensaku.mhlw.go.jp/24/index.php?action_kouhyou_detail_004_kani=true&JigyosyoCd=2470801784-00&ServiceCd=430&Type=search", "url2": "http://ise-genkihiroba.com/" }, "geometry": { "type": "Point", "coordinates": [ 136.702386499999989, 34.4923718 ] } },
{ "type": "Feature", "properties": { "内容": "ポピー居宅介護支援事業所【居宅介護支援】三重県伊勢市楠部町５１０番地86", "url": "https://www.kaigokensaku.mhlw.go.jp/24/index.php?action_kouhyou_detail_004_kani=true&JigyosyoCd=2472800719-00&ServiceCd=430&Type=search", "url2": "https://mk-corporation-ise.com" }, "geometry": { "type": "Point", "coordinates": [ 136.7284515, 34.4774709 ] } },
{ "type": "Feature", "properties": { "内容": "居宅介護支援事業所スマイルサークル【居宅介護支援】三重県伊勢市船江4丁目18番28号", "url": "https://www.kaigokensaku.mhlw.go.jp/24/index.php?action_kouhyou_detail_004_kani=true&JigyosyoCd=2470802899-00&ServiceCd=430&Type=search", "url2": null }, "geometry": { "type": "Point", "coordinates": [ 136.714185526434619, 34.505051649422214 ] } },
{ "type": "Feature", "properties": { "内容": "居宅介護支援事業所　グリーンリーフ【居宅介護支援】三重県伊勢市藤里町338番地3", "url": "https://www.kaigokensaku.mhlw.go.jp/24/index.php?action_kouhyou_detail_004_kani=true&JigyosyoCd=2470802949-00&ServiceCd=430&Type=search", "url2": null }, "geometry": { "type": "Point", "coordinates": [ 136.701372002049794, 34.472980350636966 ] } },
{ "type": "Feature", "properties": { "内容": "ケアプランリノ【居宅介護支援】三重県伊勢市二見町光の街1015-5", "url": "https://www.kaigokensaku.mhlw.go.jp/24/index.php?action_kouhyou_detail_004_kani=true&JigyosyoCd=2470802964-00&ServiceCd=430&Type=search", "url2": null }, "geometry": { "type": "Point", "coordinates": [ 136.764946400000014, 34.4970345 ] } },
{ "type": "Feature", "properties": { "内容": "エフ・ケアプランセンター【居宅介護支援】三重県伊勢市一之木4-11-31　フジハイツ205号室", "url": "https://www.kaigokensaku.mhlw.go.jp/24/index.php?action_kouhyou_detail_004_kani=true&JigyosyoCd=2470800984-00&ServiceCd=430&Type=search", "url2": null }, "geometry": { "type": "Point", "coordinates": [ 136.7070278, 34.5025956 ] } },
{ "type": "Feature", "properties": { "内容": "正邦苑指定居宅介護支援事業所【居宅介護支援】三重県伊勢市村松町3294-1", "url": "https://www.kaigokensaku.mhlw.go.jp/24/index.php?action_kouhyou_detail_004_kani=true&JigyosyoCd=2470800158-00&ServiceCd=430&Type=search", "url2": "http://www.jikeikai-ise.or.jp/" }, "geometry": { "type": "Point", "coordinates": [ 136.689518, 34.5442729 ] } },
{ "type": "Feature", "properties": { "内容": "あいあいケアプランセンター居宅介護支援事業所【居宅介護支援】三重県伊勢市小俣町元町609-3", "url": "https://www.kaigokensaku.mhlw.go.jp/24/index.php?action_kouhyou_detail_004_kani=true&JigyosyoCd=2470802352-00&ServiceCd=430&Type=search", "url2": null }, "geometry": { "type": "Point", "coordinates": [ 136.672597600000017, 34.5075879 ] } },
{ "type": "Feature", "properties": { "内容": "ふたみ指定居宅介護支援センターシルバーケア豊壽園【居宅介護支援】伊勢市二見町三津855", "url": "https://www.kaigokensaku.mhlw.go.jp/24/index.php?action_kouhyou_detail_004_kani=true&JigyosyoCd=2472800503-00&ServiceCd=430&Type=search", "url2": "ｈｔｔｐ：//ｗｗｗ．ｓｅｎｓｉｎ．ｏｒ．ｊｐ/" }, "geometry": { "type": "Point", "coordinates": [ 136.773046900000054, 34.5002002 ] } },
{ "type": "Feature", "properties": { "内容": "ケアフィットプランセンター【居宅介護支援】伊勢市小俣町宮前６４１－１", "url": "https://www.kaigokensaku.mhlw.go.jp/24/index.php?action_kouhyou_detail_004_kani=true&JigyosyoCd=2470801834-00&ServiceCd=430&Type=search", "url2": "http://www.care-fit.com" }, "geometry": { "type": "Point", "coordinates": [ 136.671225361974393, 34.496224105793821 ] } },
{ "type": "Feature", "properties": { "内容": "神路園居宅介護支援事業所【居宅介護支援】三重県伊勢市二俣町577番地9", "url": "https://www.kaigokensaku.mhlw.go.jp/24/index.php?action_kouhyou_detail_004_kani=true&JigyosyoCd=2470800059-00&ServiceCd=430&Type=search", "url2": "http://www.amigo2.ne.jp/~kamizien/" }, "geometry": { "type": "Point", "coordinates": [ 136.681602099999964, 34.4748179 ] } },
{ "type": "Feature", "properties": { "内容": "あおぞらケアプランセンター【居宅介護支援】三重県伊勢市朝熊町1918番地12", "url": "https://www.kaigokensaku.mhlw.go.jp/24/index.php?action_kouhyou_detail_004_kani=true&JigyosyoCd=2470802972-00&ServiceCd=430&Type=search", "url2": null }, "geometry": { "type": "Point", "coordinates": [ 136.7554757, 34.4774556 ] } },
{ "type": "Feature", "properties": { "内容": "森伸　居宅介護支援センター【居宅介護支援】三重県伊勢市前山町355-1ディア・ライフ伊勢南", "url": "https://www.kaigokensaku.mhlw.go.jp/24/index.php?action_kouhyou_detail_004_kani=true&JigyosyoCd=2470800232-00&ServiceCd=430&Type=search", "url2": "http://morisin.co.jp/" }, "geometry": { "type": "Point", "coordinates": [ 136.688869252128598, 34.467133230038357 ] } },
{ "type": "Feature", "properties": { "内容": "山咲苑居宅介護支援事業所【居宅介護支援】伊勢市楠部町字若ノ山２６０５－１３", "url": "https://www.kaigokensaku.mhlw.go.jp/24/index.php?action_kouhyou_detail_004_kani=true&JigyosyoCd=2470800109-00&ServiceCd=430&Type=search", "url2": null }, "geometry": { "type": "Point", "coordinates": [ 136.747563320559721, 34.480283119251304 ] } },
{ "type": "Feature", "properties": { "内容": "居宅介護支援事業センター　オアシス【居宅介護支援】三重県伊勢市宮後3丁目7-61", "url": "https://www.kaigokensaku.mhlw.go.jp/24/index.php?action_kouhyou_detail_004_kani=true&JigyosyoCd=2470800505-00&ServiceCd=430&Type=search", "url2": null }, "geometry": { "type": "Point", "coordinates": [ 136.710666299999957, 34.4981464 ] } },
{ "type": "Feature", "properties": { "内容": "居宅介護支援事業所楽寿苑【居宅介護支援】三重県伊勢市馬瀬町1065番地在宅複合型施設　楽寿苑", "url": "https://www.kaigokensaku.mhlw.go.jp/24/index.php?action_kouhyou_detail_004_kani=true&JigyosyoCd=2470800612-00&ServiceCd=430&Type=search", "url2": "http://www.hoeikai.or.jp/main/" }, "geometry": { "type": "Point", "coordinates": [ 136.724637, 34.5136921 ] } },
{ "type": "Feature", "properties": { "内容": "居宅介護支援事業所　ほのぼの【居宅介護支援】三重県伊勢市中島２丁目２４－２４", "url": "https://www.kaigokensaku.mhlw.go.jp/24/index.php?action_kouhyou_detail_004_kani=true&JigyosyoCd=2470801487-00&ServiceCd=430&Type=search", "url2": "http:www.isewatari-iryoseikyo.com" }, "geometry": { "type": "Point", "coordinates": [ 136.688128366148931, 34.489957223510075 ] } },
{ "type": "Feature", "properties": { "内容": "城田居宅介護支援事業所【居宅介護支援】三重県伊勢市上地町395-3", "url": "https://www.kaigokensaku.mhlw.go.jp/24/index.php?action_kouhyou_detail_004_kani=true&JigyosyoCd=2470802824-00&ServiceCd=430&Type=search", "url2": null }, "geometry": { "type": "Point", "coordinates": [ 136.669232599999987, 34.4868908 ] } },
{ "type": "Feature", "properties": { "内容": "社会福祉法人　伊勢市社会福祉協議会　小俣居宅介護支援事業所【居宅介護支援】三重県伊勢市小俣町元町５３６番地", "url": "https://www.kaigokensaku.mhlw.go.jp/24/index.php?action_kouhyou_detail_004_kani=true&JigyosyoCd=2472800065-00&ServiceCd=430&Type=search", "url2": "https://ise-shakyo.jp/" }, "geometry": { "type": "Point", "coordinates": [ 136.675180700000027, 34.5078713 ] } },
{ "type": "Feature", "properties": { "内容": "社会福祉法人　伊勢市社会福祉協議会　居宅介護支援事業所【居宅介護支援】三重県伊勢市御薗町長屋２７６７", "url": "https://www.kaigokensaku.mhlw.go.jp/24/index.php?action_kouhyou_detail_004_kani=true&JigyosyoCd=2472800123-00&ServiceCd=430&Type=search", "url2": "https://ise-shakyo.jp/" }, "geometry": { "type": "Point", "coordinates": [ 136.707624799999962, 34.509978 ] } },
{ "type": "Feature", "properties": { "内容": "医療法人全心会伊勢ひかりケアプランセンター【居宅介護支援】三重県伊勢市御薗町高向810-1", "url": "https://www.kaigokensaku.mhlw.go.jp/24/index.php?action_kouhyou_detail_004_kani=true&JigyosyoCd=2470801032-00&ServiceCd=430&Type=search", "url2": "https://ise-hikari.com" }, "geometry": { "type": "Point", "coordinates": [ 136.698173354852401, 34.500068061195357 ] } },
{ "type": "Feature", "properties": { "内容": "みやがわ居宅介護支援事業所【居宅介護支援】三重県伊勢市小俣町本町６番地", "url": "https://www.kaigokensaku.mhlw.go.jp/24/index.php?action_kouhyou_detail_004_kani=true&JigyosyoCd=2470801107-00&ServiceCd=430&Type=search", "url2": null }, "geometry": { "type": "Point", "coordinates": [ 136.670686599999954, 34.505452 ] } },
{ "type": "Feature", "properties": { "内容": "高見指定居宅介護支援センター【居宅介護支援】三重県伊勢市岡本1丁目16番31号", "url": "https://www.kaigokensaku.mhlw.go.jp/24/index.php?action_kouhyou_detail_004_kani=true&JigyosyoCd=2470800083-00&ServiceCd=430&Type=search", "url2": null }, "geometry": { "type": "Point", "coordinates": [ 136.711201592065464, 34.484419480493429 ] } },
{ "type": "Feature", "properties": { "内容": "白百合園居宅介護支援事業所【居宅介護支援】三重県伊勢市上地町3130番地", "url": "https://www.kaigokensaku.mhlw.go.jp/24/index.php?action_kouhyou_detail_004_kani=true&JigyosyoCd=2470800117-00&ServiceCd=430&Type=search", "url2": "http://fukutokukai.jp/" }, "geometry": { "type": "Point", "coordinates": [ 136.656523900000025, 34.5008105 ] } },
{ "type": "Feature", "properties": { "内容": "伊勢あさま苑指定居宅介護支援事業所【居宅介護支援】三重県伊勢市朝熊町３０７４番地１１", "url": "https://www.kaigokensaku.mhlw.go.jp/24/index.php?action_kouhyou_detail_004_kani=true&JigyosyoCd=2470800315-00&ServiceCd=430&Type=search", "url2": "http://www.asamaen.jp" }, "geometry": { "type": "Point", "coordinates": [ 136.759001300000023, 34.490104 ] } },
{ "type": "Feature", "properties": { "内容": "ＪＡ伊勢介護相談センター　ひまわり【居宅介護支援】伊勢市上地町１８１０", "url": "https://www.kaigokensaku.mhlw.go.jp/24/index.php?action_kouhyou_detail_004_kani=true&JigyosyoCd=2470800687-00&ServiceCd=430&Type=search", "url2": "www.jaise.jp" }, "geometry": { "type": "Point", "coordinates": [ 136.661767700000041, 34.4914787 ] } },
{ "type": "Feature", "properties": { "内容": "居宅介護支援事業所　高砂寮【居宅介護支援】三重県伊勢市小俣町宮前38番地特別養護老人ホーム　高砂寮内", "url": "https://www.kaigokensaku.mhlw.go.jp/24/index.php?action_kouhyou_detail_004_kani=true&JigyosyoCd=2470801990-00&ServiceCd=430&Type=search", "url2": "http://takasago-ise.jp/index.html" }, "geometry": { "type": "Point", "coordinates": [ 136.681316199999969, 34.4950954 ] } },
{ "type": "Feature", "properties": { "内容": "ひかりの橋　ケアプランセンター【居宅介護支援】常磐２丁目4番３５号", "url": "https://www.kaigokensaku.mhlw.go.jp/24/index.php?action_kouhyou_detail_004_kani=true&JigyosyoCd=2470802584-00&ServiceCd=430&Type=search", "url2": "http://hikarinohasi.jp/" }, "geometry": { "type": "Point", "coordinates": [ 136.695899080078902, 34.493258311338565 ] } },
{ "type": "Feature", "properties": { "内容": "居宅介護支援事業所　ことり【居宅介護支援】三重県伊勢市津村町７９１番地１", "url": "https://www.kaigokensaku.mhlw.go.jp/24/index.php?action_kouhyou_detail_004_kani=true&JigyosyoCd=2470802279-00&ServiceCd=430&Type=search", "url2": null }, "geometry": { "type": "Point", "coordinates": [ 136.657824, 34.4529616 ] } },
{ "type": "Feature", "properties": { "内容": "居宅介護支援事業所双寿園【居宅介護支援】三重県伊勢市河崎３丁目15-33", "url": "https://www.kaigokensaku.mhlw.go.jp/24/index.php?action_kouhyou_detail_004_kani=true&JigyosyoCd=2470800075-00&ServiceCd=430&Type=search", "url2": null }, "geometry": { "type": "Point", "coordinates": [ 136.718765599999983, 34.4957555 ] } },
{ "type": "Feature", "properties": { "内容": "ふるさとケアセンター【居宅介護支援】三重県伊勢市宇治浦田3丁目59－25", "url": "https://www.kaigokensaku.mhlw.go.jp/24/index.php?action_kouhyou_detail_004_kani=true&JigyosyoCd=2470801081-00&ServiceCd=430&Type=search", "url2": "http://care-net.biz/24/mamiihand/" }, "geometry": { "type": "Point", "coordinates": [ 136.714966199999907, 34.4630508 ] } },
{ "type": "Feature", "properties": { "内容": "ケアプラン有明の里伊勢【居宅介護支援】三重県伊勢市中村町７３３番地４", "url": "https://www.kaigokensaku.mhlw.go.jp/24/index.php?action_kouhyou_detail_004_kani=true&JigyosyoCd=2470801578-00&ServiceCd=430&Type=search", "url2": "http://www.ariakenosato.com/" }, "geometry": { "type": "Point", "coordinates": [ 136.727255459663411, 34.471296349162287 ] } },
{ "type": "Feature", "properties": { "内容": "居宅介護支援センターささえ愛い【居宅介護支援】三重県伊勢市通町210番地3", "url": "https://www.kaigokensaku.mhlw.go.jp/24/index.php?action_kouhyou_detail_004_kani=true&JigyosyoCd=2470802659-00&ServiceCd=430&Type=search", "url2": null }, "geometry": { "type": "Point", "coordinates": [ 136.742977399999972, 34.4989359 ] } },
{ "type": "Feature", "properties": { "内容": "たんぽぽ指定居宅介護支援事業所【居宅介護支援】伊勢市御薗町長屋1997-1", "url": "https://www.kaigokensaku.mhlw.go.jp/24/index.php?action_kouhyou_detail_004_kani=true&JigyosyoCd=2472800164-00&ServiceCd=430&Type=search", "url2": "http://www.myclinic.ne.jp/fukui/pc/" }, "geometry": { "type": "Point", "coordinates": [ 136.710838500000023, 34.5055316 ] } },
{ "type": "Feature", "properties": { "内容": "さくら居宅介護支援事業所【居宅介護支援】三重県伊勢市浦口3丁目7-11", "url": "https://www.kaigokensaku.mhlw.go.jp/24/index.php?action_kouhyou_detail_004_kani=true&JigyosyoCd=2470802956-00&ServiceCd=430&Type=search", "url2": null }, "geometry": { "type": "Point", "coordinates": [ 136.693221275942278, 34.488301410120478 ] } },
{ "type": "Feature", "properties": { "内容": "ケアプランあしたね【居宅介護支援】三重県伊勢市岩渕３丁目4番４５号", "url": "https://www.kaigokensaku.mhlw.go.jp/24/index.php?action_kouhyou_detail_004_kani=true&JigyosyoCd=2470803160-00&ServiceCd=430&Type=search", "url2": null }, "geometry": { "type": "Point", "coordinates": [ 136.7175825, 34.489028 ] } },
{ "type": "Feature", "properties": { "内容": "居宅介護支援センター「ゆう」【居宅介護支援】三重県伊勢市上地町3102-6", "url": "https://www.kaigokensaku.mhlw.go.jp/24/index.php?action_kouhyou_detail_004_kani=true&JigyosyoCd=2470801180-00&ServiceCd=430&Type=search", "url2": "https://kaigo-yu.co.jp/" }, "geometry": { "type": "Point", "coordinates": [ 136.658372919573964, 34.503304018607444 ] } },
{ "type": "Feature", "properties": { "内容": "海野指定居宅介護支援センター【居宅介護支援】三重県伊勢市常盤2丁目3-14", "url": "https://www.kaigokensaku.mhlw.go.jp/24/index.php?action_kouhyou_detail_004_kani=true&JigyosyoCd=2470800042-00&ServiceCd=430&Type=search", "url2": "http://www.ise-ics.co.jp/unno/" }, "geometry": { "type": "Point", "coordinates": [ 136.696043754769875, 34.493573777385777 ] } },
{ "type": "Feature", "properties": { "内容": "あいりぃケアプラン【居宅介護支援】三重県伊勢市中村町302番地187", "url": "https://www.kaigokensaku.mhlw.go.jp/24/index.php?action_kouhyou_detail_004_kani=true&JigyosyoCd=2470803152-00&ServiceCd=430&Type=search", "url2": null }, "geometry": { "type": "Point", "coordinates": [ 136.723063700000012, 34.4738205 ] } },
{ "type": "Feature", "properties": { "内容": "田中ケアプランセンター【居宅介護支援】伊勢市曽祢1丁目6-1", "url": "https://www.kaigokensaku.mhlw.go.jp/24/index.php?action_kouhyou_detail_004_kani=true&JigyosyoCd=2470800018-00&ServiceCd=430&Type=search", "url2": "https://isetanaka.jp/careplan.php" }, "geometry": { "type": "Point", "coordinates": [ 136.701516898811377, 34.492506004220957 ] } },
{ "type": "Feature", "properties": { "内容": "ケアプラン　すずや【居宅介護支援】三重県伊勢市浦口３丁目１０番７号", "url": "https://www.kaigokensaku.mhlw.go.jp/24/index.php?action_kouhyou_detail_004_kani=true&JigyosyoCd=2470802881-00&ServiceCd=430&Type=search", "url2": null }, "geometry": { "type": "Point", "coordinates": [ 136.6952766, 34.4887906 ] } },
{ "type": "Feature", "properties": { "内容": "きょたくかいごしえんじぎょうしょ【居宅介護支援】三重県伊勢市藤里町165-19", "url": "https://www.kaigokensaku.mhlw.go.jp/24/index.php?action_kouhyou_detail_004_kani=true&JigyosyoCd=2470802832-00&ServiceCd=430&Type=search", "url2": null }, "geometry": { "type": "Point", "coordinates": [ 136.699495399999989, 34.464672100000016 ] } },
{ "type": "Feature", "properties": { "内容": "くらし伊勢ケアプランセンター【居宅介護支援】三重県伊勢市小俣町本町151番地", "url": "https://www.kaigokensaku.mhlw.go.jp/24/index.php?action_kouhyou_detail_004_kani=true&JigyosyoCd=2470802931-00&ServiceCd=430&Type=search", "url2": "kurashiise.com" }, "geometry": { "type": "Point", "coordinates": [ 136.6734576, 34.5037648 ] } },
{ "type": "Feature", "properties": { "内容": "居宅介護支援事業所　絆【居宅介護支援】三重県伊勢市上地町2564番地1", "url": "https://www.kaigokensaku.mhlw.go.jp/24/index.php?action_kouhyou_detail_004_kani=true&JigyosyoCd=2470801735-00&ServiceCd=430&Type=search", "url2": "www.eminoie.com/content2.html" }, "geometry": { "type": "Point", "coordinates": [ 136.66287890000001, 34.4993165 ] } },
{ "type": "Feature", "properties": { "内容": "居宅介護支援事業所　歩み【居宅介護支援】三重県松阪市飯南町深野３３４７－１", "url": "https://www.kaigokensaku.mhlw.go.jp/24/index.php?action_kouhyou_detail_004_kani=true&JigyosyoCd=2470701190-00&ServiceCd=430&Type=search", "url2": null }, "geometry": { "type": "Point", "coordinates": [ 136.408484300000026, 34.4765274 ] } },
{ "type": "Feature", "properties": { "内容": "ケアプランななせ【居宅介護支援】東町59-6", "url": "https://www.kaigokensaku.mhlw.go.jp/24/index.php?action_kouhyou_detail_004_kani=true&JigyosyoCd=2470704392-00&ServiceCd=430&Type=search", "url2": "www.diaman.co.jp" }, "geometry": { "type": "Point", "coordinates": [ 136.550486, 34.577397 ] } },
{ "type": "Feature", "properties": { "内容": "わらいふケアプランセンター【居宅介護支援】小片野町2586番地4", "url": "https://www.kaigokensaku.mhlw.go.jp/24/index.php?action_kouhyou_detail_004_kani=true&JigyosyoCd=2470704343-00&ServiceCd=430&Type=search", "url2": "https://brushwoodys.wixsite.com/website" }, "geometry": { "type": "Point", "coordinates": [ 136.4374981, 34.4817358 ] } },
{ "type": "Feature", "properties": { "内容": "アクア居宅介護支援事業所【居宅介護支援】三重県松阪市西之庄町51-2", "url": "https://www.kaigokensaku.mhlw.go.jp/24/index.php?action_kouhyou_detail_004_kani=true&JigyosyoCd=2460790252-00&ServiceCd=430&Type=search", "url2": "https://aqua-medical.net/" }, "geometry": { "type": "Point", "coordinates": [ 136.5226446, 34.5808545 ] } },
{ "type": "Feature", "properties": { "内容": "居宅介護支援事業所ＯＲＡＮＧＥ【居宅介護支援】三重県松阪市嬉野宮野町1041番地", "url": "https://www.kaigokensaku.mhlw.go.jp/24/index.php?action_kouhyou_detail_004_kani=true&JigyosyoCd=2470703709-00&ServiceCd=430&Type=search", "url2": null }, "geometry": { "type": "Point", "coordinates": [ 136.424047735412586, 34.598097321678011 ] } },
{ "type": "Feature", "properties": { "内容": "ケアプランセンター　一期一笑【居宅介護支援】松阪市五反田町2丁目1325番地4", "url": "https://www.kaigokensaku.mhlw.go.jp/24/index.php?action_kouhyou_detail_004_kani=true&JigyosyoCd=2470704426-00&ServiceCd=430&Type=search", "url2": null }, "geometry": { "type": "Point", "coordinates": [ 136.51949554681778, 34.565491225361022 ] } },
{ "type": "Feature", "properties": { "内容": "指定居宅介護支援事業所　木もれび【居宅介護支援】松阪市西野町457-3", "url": "https://www.kaigokensaku.mhlw.go.jp/24/index.php?action_kouhyou_detail_004_kani=true&JigyosyoCd=2470700754-00&ServiceCd=430&Type=search", "url2": null }, "geometry": { "type": "Point", "coordinates": [ 136.474819367528539, 34.551712399091514 ] } },
{ "type": "Feature", "properties": { "内容": "ケアプランセンター西井【居宅介護支援】松阪市曽原町821-3有料老人ホームシニアヴィレッジみくも内", "url": "https://www.kaigokensaku.mhlw.go.jp/24/index.php?action_kouhyou_detail_004_kani=true&JigyosyoCd=2472500343-00&ServiceCd=430&Type=search", "url2": "https://nishii-iin.com/" }, "geometry": { "type": "Point", "coordinates": [ 136.517606606745858, 34.63082994846642 ] } },
{ "type": "Feature", "properties": { "内容": "青葉指定居宅介護支援事業所【居宅介護支援】三重県松阪市駅部田町207番地", "url": "https://www.kaigokensaku.mhlw.go.jp/24/index.php?action_kouhyou_detail_004_kani=true&JigyosyoCd=2470700358-00&ServiceCd=430&Type=search", "url2": "http://www.ma.mctv.ne.jp/~biha_ra/index.html" }, "geometry": { "type": "Point", "coordinates": [ 136.528781966270458, 34.560647133980154 ] } },
{ "type": "Feature", "properties": { "内容": "指定居宅介護支援センター　いぶき【居宅介護支援】三重県松阪市市場庄町1098番地", "url": "https://www.kaigokensaku.mhlw.go.jp/24/index.php?action_kouhyou_detail_004_kani=true&JigyosyoCd=2470701984-00&ServiceCd=430&Type=search", "url2": "http://www.kirakudo.jp/ibuki/" }, "geometry": { "type": "Point", "coordinates": [ 136.515768200000025, 34.601562700000017 ] } },
{ "type": "Feature", "properties": { "内容": "シンシア・ケアプランセンター　嬉野【居宅介護支援】松阪市嬉野町１４７５番地８", "url": "https://www.kaigokensaku.mhlw.go.jp/24/index.php?action_kouhyou_detail_004_kani=true&JigyosyoCd=2470702396-00&ServiceCd=430&Type=search", "url2": "http://www.sincere-gri.com/019_cpcureshino/index.html" }, "geometry": { "type": "Point", "coordinates": [ 136.480788399999938, 34.6252402 ] } },
{ "type": "Feature", "properties": { "内容": "居宅介護支援事業所きずな【居宅介護支援】三重県松阪市八重田町485-4", "url": "https://www.kaigokensaku.mhlw.go.jp/24/index.php?action_kouhyou_detail_004_kani=true&JigyosyoCd=2470701976-00&ServiceCd=430&Type=search", "url2": null }, "geometry": { "type": "Point", "coordinates": [ 136.504600399999987, 34.579195 ] } },
{ "type": "Feature", "properties": { "内容": "居宅介護支援事業所　ハートケアなんせい【居宅介護支援】松阪市山室町2292-4", "url": "https://www.kaigokensaku.mhlw.go.jp/24/index.php?action_kouhyou_detail_004_kani=true&JigyosyoCd=2470701117-00&ServiceCd=430&Type=search", "url2": "http://www.nansei-hospital.jp/hcnansei/" }, "geometry": { "type": "Point", "coordinates": [ 136.527510399999983, 34.5440913 ] } },
{ "type": "Feature", "properties": { "内容": "吉祥苑指定居宅介護支援事業所【居宅介護支援】三重県松阪市鎌田町275番地１", "url": "https://www.kaigokensaku.mhlw.go.jp/24/index.php?action_kouhyou_detail_004_kani=true&JigyosyoCd=2470700085-00&ServiceCd=430&Type=search", "url2": "http://www.sumire-kai.or.jp" }, "geometry": { "type": "Point", "coordinates": [ 136.536339, 34.5822543 ] } },
{ "type": "Feature", "properties": { "内容": "居宅介護支援事業所　緑風苑【居宅介護支援】三重県松阪市久保町１９２７－６", "url": "https://www.kaigokensaku.mhlw.go.jp/24/index.php?action_kouhyou_detail_004_kani=true&JigyosyoCd=2470700127-00&ServiceCd=430&Type=search", "url2": "https://aikeikai.or.jp/" }, "geometry": { "type": "Point", "coordinates": [ 136.526649600000042, 34.5373837 ] } },
{ "type": "Feature", "properties": { "内容": "やまゆりの里ケアプランセンター【居宅介護支援】三重県松阪市嬉野中川町1529-1", "url": "https://www.kaigokensaku.mhlw.go.jp/24/index.php?action_kouhyou_detail_004_kani=true&JigyosyoCd=2470701588-00&ServiceCd=430&Type=search", "url2": "http://www.akeai.or.jp" }, "geometry": { "type": "Point", "coordinates": [ 136.474853, 34.624554 ] } },
{ "type": "Feature", "properties": { "内容": "指定居宅介護支援センター亀楽堂【居宅介護支援】三重県松阪市大黒田町1741-1", "url": "https://www.kaigokensaku.mhlw.go.jp/24/index.php?action_kouhyou_detail_004_kani=true&JigyosyoCd=2470700275-00&ServiceCd=430&Type=search", "url2": "http://www.kirakudo.jp" }, "geometry": { "type": "Point", "coordinates": [ 136.523826699999972, 34.5668662 ] } },
{ "type": "Feature", "properties": { "内容": "三重県健康福祉生活協同組合【居宅介護支援】松阪市春日町2丁目88番地2", "url": "https://www.kaigokensaku.mhlw.go.jp/24/index.php?action_kouhyou_detail_004_kani=true&JigyosyoCd=2470700051-00&ServiceCd=430&Type=search", "url2": "http://fukushicoop.jimdo.com" }, "geometry": { "type": "Point", "coordinates": [ 136.531567770296078, 34.56469482320027 ] } },
{ "type": "Feature", "properties": { "内容": "嘉祥苑指定居宅介護支援事業者【居宅介護支援】三重県松阪市鎌田町２３４－１０", "url": "https://www.kaigokensaku.mhlw.go.jp/24/index.php?action_kouhyou_detail_004_kani=true&JigyosyoCd=2470700176-00&ServiceCd=430&Type=search", "url2": "http://www.kashouen.or.jp" }, "geometry": { "type": "Point", "coordinates": [ 136.536150099999986, 34.5820793 ] } },
{ "type": "Feature", "properties": { "内容": "指定居宅介護支援事業所さくら園【居宅介護支援】三重県松阪市下蛸路町409-1", "url": "https://www.kaigokensaku.mhlw.go.jp/24/index.php?action_kouhyou_detail_004_kani=true&JigyosyoCd=2470702040-00&ServiceCd=430&Type=search", "url2": "http://www.sakuraen.com/kyotaku.htm" }, "geometry": { "type": "Point", "coordinates": [ 136.54243740000004, 34.524333 ] } },
{ "type": "Feature", "properties": { "内容": "松阪地区医師会居宅介護支援事業所【居宅介護支援】三重県松阪市白粉町３６３番地", "url": "https://www.kaigokensaku.mhlw.go.jp/24/index.php?action_kouhyou_detail_004_kani=true&JigyosyoCd=2470700028-00&ServiceCd=430&Type=search", "url2": "http://med.matsusaka.or.jp/" }, "geometry": { "type": "Point", "coordinates": [ 136.5309704, 34.5704357 ] } },
{ "type": "Feature", "properties": { "内容": "アサヒ・ビハーラ居宅介護支援事業所【居宅介護支援】三重県松阪市駅部田町208番地", "url": "https://www.kaigokensaku.mhlw.go.jp/24/index.php?action_kouhyou_detail_004_kani=true&JigyosyoCd=2470700259-00&ServiceCd=430&Type=search", "url2": "http://www.ma.mctv.ne.jp/biha_ra/topimage.html" }, "geometry": { "type": "Point", "coordinates": [ 136.529057, 34.5604617 ] } },
{ "type": "Feature", "properties": { "内容": "松阪わの会ケアプランセンター【居宅介護支援】小片野町1327-1", "url": "https://www.kaigokensaku.mhlw.go.jp/24/index.php?action_kouhyou_detail_004_kani=true&JigyosyoCd=2470703337-00&ServiceCd=430&Type=search", "url2": null }, "geometry": { "type": "Point", "coordinates": [ 136.440558900000042, 34.4843271 ] } },
{ "type": "Feature", "properties": { "内容": "居宅介護支援事業所　こころ【居宅介護支援】三重県松阪市嬉野一志町75番地16", "url": "https://www.kaigokensaku.mhlw.go.jp/24/index.php?action_kouhyou_detail_004_kani=true&JigyosyoCd=2470703402-00&ServiceCd=430&Type=search", "url2": null }, "geometry": { "type": "Point", "coordinates": [ 136.4673927, 34.6275674 ] } },
{ "type": "Feature", "properties": { "内容": "ふれあいの里くしだ【居宅介護支援】三重県松阪市櫛田町647番地の2", "url": "https://www.kaigokensaku.mhlw.go.jp/24/index.php?action_kouhyou_detail_004_kani=true&JigyosyoCd=2470703931-00&ServiceCd=430&Type=search", "url2": "http://www.jp-mienaka.or.jp/" }, "geometry": { "type": "Point", "coordinates": [ 136.5876513, 34.5503834 ] } },
{ "type": "Feature", "properties": { "内容": "桜木記念病院居宅介護支援センター【居宅介護支援】三重県松阪市南町４４３－４", "url": "https://www.kaigokensaku.mhlw.go.jp/24/index.php?action_kouhyou_detail_004_kani=true&JigyosyoCd=2470700044-00&ServiceCd=430&Type=search", "url2": "http://www.sakuragi-hp.com" }, "geometry": { "type": "Point", "coordinates": [ 136.535050700000056, 34.5667697 ] } },
{ "type": "Feature", "properties": { "内容": "松阪社協嬉野支所居宅介護支援事業所【居宅介護支援】三重県松阪市嬉野権現前町423-9", "url": "https://www.kaigokensaku.mhlw.go.jp/24/index.php?action_kouhyou_detail_004_kani=true&JigyosyoCd=2472500038-00&ServiceCd=430&Type=search", "url2": "https://matsusakawel.com" }, "geometry": { "type": "Point", "coordinates": [ 136.480952300000013, 34.6232904 ] } },
{ "type": "Feature", "properties": { "内容": "みどりの森居宅介護支援事業所【居宅介護支援】下村町1963-2", "url": "https://www.kaigokensaku.mhlw.go.jp/24/index.php?action_kouhyou_detail_004_kani=true&JigyosyoCd=2470702545-00&ServiceCd=430&Type=search", "url2": "http://www.midori-nomori.com/index.html" }, "geometry": { "type": "Point", "coordinates": [ 136.536560663326867, 34.584221784403418 ] } },
{ "type": "Feature", "properties": { "内容": "居宅介護支援事業所　りんご【居宅介護支援】松阪市曽原町２０７－６", "url": "https://www.kaigokensaku.mhlw.go.jp/24/index.php?action_kouhyou_detail_004_kani=true&JigyosyoCd=2472500426-00&ServiceCd=430&Type=search", "url2": null }, "geometry": { "type": "Point", "coordinates": [ 136.5103153, 34.6276658 ] } },
{ "type": "Feature", "properties": { "内容": "協和苑居宅介護支援事業所【居宅介護支援】松阪市上川町３８２１番２", "url": "https://www.kaigokensaku.mhlw.go.jp/24/index.php?action_kouhyou_detail_004_kani=true&JigyosyoCd=2470700366-00&ServiceCd=430&Type=search", "url2": "http://miekf.com" }, "geometry": { "type": "Point", "coordinates": [ 136.5491194, 34.5484111 ] } },
{ "type": "Feature", "properties": { "内容": "居宅介護支援事業所なでしこ苑【居宅介護支援】三重県松阪市川井町字中道53番地4", "url": "https://www.kaigokensaku.mhlw.go.jp/24/index.php?action_kouhyou_detail_004_kani=true&JigyosyoCd=2470700119-00&ServiceCd=430&Type=search", "url2": "http://www.nadesicoen.com/" }, "geometry": { "type": "Point", "coordinates": [ 136.524141, 34.5831518 ] } },
{ "type": "Feature", "properties": { "内容": "南勢カトリック居宅介護支援事業所【居宅介護支援】三重県松阪市小阿坂町１９８８ー６", "url": "https://www.kaigokensaku.mhlw.go.jp/24/index.php?action_kouhyou_detail_004_kani=true&JigyosyoCd=2470700143-00&ServiceCd=430&Type=search", "url2": "http://nankato.or.jp/" }, "geometry": { "type": "Point", "coordinates": [ 136.473609399999987, 34.5779665 ] } },
{ "type": "Feature", "properties": { "内容": "松阪社協飯高支所居宅介護支援事業所【居宅介護支援】三重県松阪市飯高町宮前180番地飯高地域振興局内", "url": "https://www.kaigokensaku.mhlw.go.jp/24/index.php?action_kouhyou_detail_004_kani=true&JigyosyoCd=2472600028-00&ServiceCd=430&Type=search", "url2": "https://matsusakawel.com" }, "geometry": { "type": "Point", "coordinates": [ 136.333087896380761, 34.427900447773737 ] } },
{ "type": "Feature", "properties": { "内容": "居宅介護支援事業所さわやか苑【居宅介護支援】三重県松阪市若葉町77-7", "url": "https://www.kaigokensaku.mhlw.go.jp/24/index.php?action_kouhyou_detail_004_kani=true&JigyosyoCd=2470700135-00&ServiceCd=430&Type=search", "url2": "http://www.sawayaka-well.jp" }, "geometry": { "type": "Point", "coordinates": [ 136.545074399999976, 34.5796689 ] } },
{ "type": "Feature", "properties": { "内容": "居宅介護支援事業所東部さわやか【居宅介護支援】松阪市西黒部町3728-1", "url": "https://www.kaigokensaku.mhlw.go.jp/24/index.php?action_kouhyou_detail_004_kani=true&JigyosyoCd=2470701620-00&ServiceCd=430&Type=search", "url2": "http://www.sawayaka-well.jp" }, "geometry": { "type": "Point", "coordinates": [ 136.563683699999956, 34.5845078 ] } },
{ "type": "Feature", "properties": { "内容": "あぽろケアプランセンター【居宅介護支援】三重県松阪市大津町1099番地", "url": "https://www.kaigokensaku.mhlw.go.jp/24/index.php?action_kouhyou_detail_004_kani=true&JigyosyoCd=2470703501-00&ServiceCd=430&Type=search", "url2": null }, "geometry": { "type": "Point", "coordinates": [ 136.549195972277033, 34.562924440715754 ] } },
{ "type": "Feature", "properties": { "内容": "居宅介護支援事業所　松阪天啓苑【居宅介護支援】三重県松阪市高須町3460番17", "url": "https://www.kaigokensaku.mhlw.go.jp/24/index.php?action_kouhyou_detail_004_kani=true&JigyosyoCd=2470701851-00&ServiceCd=430&Type=search", "url2": "ikushinkai-tm.jp" }, "geometry": { "type": "Point", "coordinates": [ 136.56564979999996, 34.5970592 ] } },
{ "type": "Feature", "properties": { "内容": "飯南シルバー【居宅介護支援】三重県松阪市辻原町97番地3", "url": "https://www.kaigokensaku.mhlw.go.jp/24/index.php?action_kouhyou_detail_004_kani=true&JigyosyoCd=2470703923-00&ServiceCd=430&Type=search", "url2": "https://www.ja-mienaka.or.jp/" }, "geometry": { "type": "Point", "coordinates": [ 136.392812600000013, 34.4518639 ] } },
{ "type": "Feature", "properties": { "内容": "居宅介護支援事業所さくらんぼ【居宅介護支援】三重県松阪市飯南町粥見5471-18", "url": "https://www.kaigokensaku.mhlw.go.jp/24/index.php?action_kouhyou_detail_004_kani=true&JigyosyoCd=2470702032-00&ServiceCd=430&Type=search", "url2": "http://www.sakuraen.com/sakuranbo/" }, "geometry": { "type": "Point", "coordinates": [ 136.375915099999929, 34.4456662 ] } },
{ "type": "Feature", "properties": { "内容": "居宅介護支援事業所　たすけあい【居宅介護支援】松阪市久保町1244-10アネックスN201号", "url": "https://www.kaigokensaku.mhlw.go.jp/24/index.php?action_kouhyou_detail_004_kani=true&JigyosyoCd=2470702768-00&ServiceCd=430&Type=search", "url2": null }, "geometry": { "type": "Point", "coordinates": [ 136.538443076206278, 34.550695824657083 ] } },
{ "type": "Feature", "properties": { "内容": "居宅介護支援事業所ほてい【居宅介護支援】松阪市市場庄町1373", "url": "https://www.kaigokensaku.mhlw.go.jp/24/index.php?action_kouhyou_detail_004_kani=true&JigyosyoCd=2470703105-00&ServiceCd=430&Type=search", "url2": null }, "geometry": { "type": "Point", "coordinates": [ 136.517339496434033, 34.601976923184637 ] } },
{ "type": "Feature", "properties": { "内容": "居宅介護支援事業所スマイルスター【居宅介護支援】三重県松阪市垣鼻町746イルコリーヌⅡ105号", "url": "https://www.kaigokensaku.mhlw.go.jp/24/index.php?action_kouhyou_detail_004_kani=true&JigyosyoCd=2470702883-00&ServiceCd=430&Type=search", "url2": "www.smile-toun.org" }, "geometry": { "type": "Point", "coordinates": [ 136.537583799291468, 34.569059753186323 ] } },
{ "type": "Feature", "properties": { "内容": "居宅介護支援事業所「ワークス」【居宅介護支援】三重県松阪市嬉野中川町439番地5", "url": "https://www.kaigokensaku.mhlw.go.jp/24/index.php?action_kouhyou_detail_004_kani=true&JigyosyoCd=2470702941-00&ServiceCd=430&Type=search", "url2": null }, "geometry": { "type": "Point", "coordinates": [ 136.479943899999967, 34.6295842 ] } },
{ "type": "Feature", "properties": { "内容": "居宅介護支援事業所リビングサポート【居宅介護支援】三重県松阪市久保町1503番地15", "url": "https://www.kaigokensaku.mhlw.go.jp/24/index.php?action_kouhyou_detail_004_kani=true&JigyosyoCd=2470703535-00&ServiceCd=430&Type=search", "url2": "https://www.living-support.co.jp/" }, "geometry": { "type": "Point", "coordinates": [ 136.536626100000035, 34.5494799 ] } },
{ "type": "Feature", "properties": { "内容": "三重ケアマネセンター【居宅介護支援】三重県松阪市宝塚町830番地111", "url": "https://www.kaigokensaku.mhlw.go.jp/24/index.php?action_kouhyou_detail_004_kani=true&JigyosyoCd=2470700853-00&ServiceCd=430&Type=search", "url2": "https://caremane-center.com/" }, "geometry": { "type": "Point", "coordinates": [ 136.516691700000024, 34.5526593 ] } },
{ "type": "Feature", "properties": { "内容": "ケアサポート　はあとふる【居宅介護支援】三重県松阪市内五曲町134-2", "url": "https://www.kaigokensaku.mhlw.go.jp/24/index.php?action_kouhyou_detail_004_kani=true&JigyosyoCd=2470703600-00&ServiceCd=430&Type=search", "url2": "hp.kaipoke.biz/zwn/access.html" }, "geometry": { "type": "Point", "coordinates": [ 136.521537560509159, 34.57265061818277 ] } },
{ "type": "Feature", "properties": { "内容": "むつみ園指定居宅介護支援事業所【居宅介護支援】三重県松阪市嬉野須賀領町477-8", "url": "https://www.kaigokensaku.mhlw.go.jp/24/index.php?action_kouhyou_detail_004_kani=true&JigyosyoCd=2472500285-00&ServiceCd=430&Type=search", "url2": "http://www.mutsumifukusikai-mie.com" }, "geometry": { "type": "Point", "coordinates": [ 136.485665899999958, 34.6162245 ] } },
{ "type": "Feature", "properties": { "内容": "おうちとつなぐ居宅介護支援事業所【居宅介護支援】三重県松阪市鎌田町403番地9松相ハイツ102", "url": "https://www.kaigokensaku.mhlw.go.jp/24/index.php?action_kouhyou_detail_004_kani=true&JigyosyoCd=2470704046-00&ServiceCd=430&Type=search", "url2": "https://ioji.org/" }, "geometry": { "type": "Point", "coordinates": [ 136.5278271, 34.539525 ] } },
{ "type": "Feature", "properties": { "内容": "居宅介護支援事業所「ローマリンダ」【居宅介護支援】三重県松阪市山室町690-2", "url": "https://www.kaigokensaku.mhlw.go.jp/24/index.php?action_kouhyou_detail_004_kani=true&JigyosyoCd=2470701224-00&ServiceCd=430&Type=search", "url2": "http://www.shoutoku.or.jp" }, "geometry": { "type": "Point", "coordinates": [ 136.502296500000057, 34.5299505 ] } },
{ "type": "Feature", "properties": { "内容": "野呂医院れいわ居宅介護支援事業所【居宅介護支援】三重県松阪市小片野町３０２番地野呂医院", "url": "https://www.kaigokensaku.mhlw.go.jp/24/index.php?action_kouhyou_detail_004_kani=true&JigyosyoCd=2470703626-00&ServiceCd=430&Type=search", "url2": "http://www.noroma-c.com/home.html" }, "geometry": { "type": "Point", "coordinates": [ 136.446933041676289, 34.482897791689403 ] } },
{ "type": "Feature", "properties": { "内容": "居宅介護支援事業所シンビオシス【居宅介護支援】三重県松阪市春日町二丁目186番地", "url": "https://www.kaigokensaku.mhlw.go.jp/24/index.php?action_kouhyou_detail_004_kani=true&JigyosyoCd=2470703170-00&ServiceCd=430&Type=search", "url2": null }, "geometry": { "type": "Point", "coordinates": [ 136.532054775875679, 34.562731233090659 ] } },
{ "type": "Feature", "properties": { "内容": "ケアプランセンター　ふきのとう【居宅介護支援】三重県松阪市西之庄町243-38", "url": "https://www.kaigokensaku.mhlw.go.jp/24/index.php?action_kouhyou_detail_004_kani=true&JigyosyoCd=2470703741-00&ServiceCd=430&Type=search", "url2": null }, "geometry": { "type": "Point", "coordinates": [ 136.5272484, 34.5802615 ] } },
{ "type": "Feature", "properties": { "内容": "ケアプランセンターまつさか【居宅介護支援】三重県松阪市下村町616-66", "url": "https://www.kaigokensaku.mhlw.go.jp/24/index.php?action_kouhyou_detail_004_kani=true&JigyosyoCd=2470703881-00&ServiceCd=430&Type=search", "url2": null }, "geometry": { "type": "Point", "coordinates": [ 136.5458624, 34.5547281 ] } },
{ "type": "Feature", "properties": { "内容": "居宅介護支援事業所いまここ【居宅介護支援】大石町346", "url": "https://www.kaigokensaku.mhlw.go.jp/24/index.php?action_kouhyou_detail_004_kani=true&JigyosyoCd=2470703915-00&ServiceCd=430&Type=search", "url2": null }, "geometry": { "type": "Point", "coordinates": [ 130.4933829, 33.3159928 ] } },
{ "type": "Feature", "properties": { "内容": "コープみえ　居宅介護支援事業所【居宅介護支援】大黒田町847-7", "url": "https://www.kaigokensaku.mhlw.go.jp/24/index.php?action_kouhyou_detail_004_kani=true&JigyosyoCd=2470703162-00&ServiceCd=430&Type=search", "url2": "http://www.coop-mie.jp/" }, "geometry": { "type": "Point", "coordinates": [ 136.520214899999985, 34.561155200000044 ] } },
{ "type": "Feature", "properties": { "内容": "きょたく介護支援センター季煌【居宅介護支援】三重県松阪市若葉町475番地1", "url": "https://www.kaigokensaku.mhlw.go.jp/24/index.php?action_kouhyou_detail_004_kani=true&JigyosyoCd=2470703873-00&ServiceCd=430&Type=search", "url2": "kirameki_228@kansya-wa.or.jp" }, "geometry": { "type": "Point", "coordinates": [ 136.542724600000014, 34.5812566 ] } },
{ "type": "Feature", "properties": { "内容": "メディカルガーデン松阪【居宅介護支援】三重県松阪市大津町849番地", "url": "https://www.kaigokensaku.mhlw.go.jp/24/index.php?action_kouhyou_detail_004_kani=true&JigyosyoCd=2470702453-00&ServiceCd=430&Type=search", "url2": "https://m.mg-shima.jp" }, "geometry": { "type": "Point", "coordinates": [ 136.549611950926163, 34.566643540140085 ] } },
{ "type": "Feature", "properties": { "内容": "松阪市民病院指定居宅介護支援事業所【居宅介護支援】三重県松阪市殿町1550番地松阪市民病院１階　地域連携課内", "url": "https://www.kaigokensaku.mhlw.go.jp/24/index.php?action_kouhyou_detail_004_kani=true&JigyosyoCd=2470703055-00&ServiceCd=430&Type=search", "url2": "https//www.city.matsusaka.mie.jp" }, "geometry": { "type": "Point", "coordinates": [ 136.5259652, 34.5775083 ] } },
{ "type": "Feature", "properties": { "内容": "松阪社協松阪支所居宅介護支援事業所【居宅介護支援】三重県松阪市鎌田町213-1", "url": "https://www.kaigokensaku.mhlw.go.jp/24/index.php?action_kouhyou_detail_004_kani=true&JigyosyoCd=2470700150-00&ServiceCd=430&Type=search", "url2": "https://matsusakawel.com" }, "geometry": { "type": "Point", "coordinates": [ 136.535155935768842, 34.580624582327026 ] } },
{ "type": "Feature", "properties": { "内容": "ケアスタッフ指定居宅介護支援事業所【居宅介護支援】松阪市猟師町90-31", "url": "https://www.kaigokensaku.mhlw.go.jp/24/index.php?action_kouhyou_detail_004_kani=true&JigyosyoCd=2470700192-00&ServiceCd=430&Type=search", "url2": null }, "geometry": { "type": "Point", "coordinates": [ 136.544779299999959, 34.6026663 ] } },
{ "type": "Feature", "properties": { "内容": "伊賀町居宅介護支援事業所【居宅介護支援】桑名市伊賀町55-1在宅総合ステーション伊賀町", "url": "https://www.kaigokensaku.mhlw.go.jp/24/index.php?action_kouhyou_detail_004_kani=true&JigyosyoCd=2470101573-00&ServiceCd=430&Type=search", "url2": "kyotaku@k-hewcoop.jp" }, "geometry": { "type": "Point", "coordinates": [ 136.698407, 35.0599807 ] } },
{ "type": "Feature", "properties": { "内容": "つばき　居宅介護支援事業所【居宅介護支援】三重県桑名市新西方４丁目76", "url": "https://www.kaigokensaku.mhlw.go.jp/24/index.php?action_kouhyou_detail_004_kani=true&JigyosyoCd=2470102597-00&ServiceCd=430&Type=search", "url2": null }, "geometry": { "type": "Point", "coordinates": [ 136.655843299999987, 35.0717989 ] } },
{ "type": "Feature", "properties": { "内容": "すずらん星見ヶ丘サポートセンター【居宅介護支援】三重県桑名市星見ヶ丘9丁目104番地", "url": "https://www.kaigokensaku.mhlw.go.jp/24/index.php?action_kouhyou_detail_004_kani=true&JigyosyoCd=2470101193-00&ServiceCd=430&Type=search", "url2": null }, "geometry": { "type": "Point", "coordinates": [ 136.63613970629612, 35.074365926087282 ] } },
{ "type": "Feature", "properties": { "内容": "指定居宅介護支援事業所長寿苑【居宅介護支援】三重県桑名市額田１２５６－２", "url": "https://www.kaigokensaku.mhlw.go.jp/24/index.php?action_kouhyou_detail_004_kani=true&JigyosyoCd=2470100187-00&ServiceCd=430&Type=search", "url2": "https://chojuen.org" }, "geometry": { "type": "Point", "coordinates": [ 136.639392026983586, 35.073573325931171 ] } },
{ "type": "Feature", "properties": { "内容": "ザ・ぷらん　木もれび【居宅介護支援】三重県桑名市大字桑部2533番地3", "url": "https://www.kaigokensaku.mhlw.go.jp/24/index.php?action_kouhyou_detail_004_kani=true&JigyosyoCd=2470101235-00&ServiceCd=430&Type=search", "url2": null }, "geometry": { "type": "Point", "coordinates": [ 136.656936, 35.047752700000011 ] } },
{ "type": "Feature", "properties": { "内容": "桑名医師会居宅介護支援事業者えがお【居宅介護支援】桑名市大字東方尾弓田３０３８番地", "url": "https://www.kaigokensaku.mhlw.go.jp/24/index.php?action_kouhyou_detail_004_kani=true&JigyosyoCd=2470100047-00&ServiceCd=430&Type=search", "url2": "http://www.kuwana-med.com" }, "geometry": { "type": "Point", "coordinates": [ 136.677529975779777, 35.076088835214911 ] } },
{ "type": "Feature", "properties": { "内容": "介護ネットグリーン居宅介護支援事業センター【居宅介護支援】三重県桑名市大字矢田413-1", "url": "https://www.kaigokensaku.mhlw.go.jp/24/index.php?action_kouhyou_detail_004_kani=true&JigyosyoCd=2470100328-00&ServiceCd=430&Type=search", "url2": null }, "geometry": { "type": "Point", "coordinates": [ 136.67160130000002, 35.058355 ] } },
{ "type": "Feature", "properties": { "内容": "すずらん居宅介護支援事業所【居宅介護支援】三重県桑名市大字下深谷部４４７番地１", "url": "https://www.kaigokensaku.mhlw.go.jp/24/index.php?action_kouhyou_detail_004_kani=true&JigyosyoCd=2470100690-00&ServiceCd=430&Type=search", "url2": null }, "geometry": { "type": "Point", "coordinates": [ 136.670742300000029, 35.0934348 ] } },
{ "type": "Feature", "properties": { "内容": "ナーシングホームもも桑名【居宅介護支援】筒尾1丁目13-1", "url": "https://www.kaigokensaku.mhlw.go.jp/24/index.php?action_kouhyou_detail_004_kani=true&JigyosyoCd=2470101623-00&ServiceCd=430&Type=search", "url2": "https://www.momo3.net" }, "geometry": { "type": "Point", "coordinates": [ 136.648491899999954, 35.0782497 ] } },
{ "type": "Feature", "properties": { "内容": "居宅介護支援事業所かけはし【居宅介護支援】三重県桑名市長島町福吉268番地1シニアプラザながしま２階", "url": "https://www.kaigokensaku.mhlw.go.jp/24/index.php?action_kouhyou_detail_004_kani=true&JigyosyoCd=2470102225-00&ServiceCd=430&Type=search", "url2": "https://www.sato-group.jp" }, "geometry": { "type": "Point", "coordinates": [ 136.716890879559287, 35.057972303851088 ] } },
{ "type": "Feature", "properties": { "内容": "三交ウェルフェア桑名事業所【居宅介護支援】三重県桑名市明正町77番地1", "url": "https://www.kaigokensaku.mhlw.go.jp/24/index.php?action_kouhyou_detail_004_kani=true&JigyosyoCd=2470102274-00&ServiceCd=430&Type=search", "url2": "http://www.sanco-welfare.co.jp" }, "geometry": { "type": "Point", "coordinates": [ 136.677061720350252, 35.05850431878104 ] } },
{ "type": "Feature", "properties": { "内容": "ヒューマン・ケア指定居宅介護支援事業所【居宅介護支援】三重県桑名市星見ヶ丘６丁目９１９番地", "url": "https://www.kaigokensaku.mhlw.go.jp/24/index.php?action_kouhyou_detail_004_kani=true&JigyosyoCd=2470100138-00&ServiceCd=430&Type=search", "url2": "https://humancarestationmie.com/" }, "geometry": { "type": "Point", "coordinates": [ 136.632709699999964, 35.0658199 ] } },
{ "type": "Feature", "properties": { "内容": "ケアプランセンターらいむの丘【居宅介護支援】三重県桑名市大字星川2239-1", "url": "https://www.kaigokensaku.mhlw.go.jp/24/index.php?action_kouhyou_detail_004_kani=true&JigyosyoCd=2470102662-00&ServiceCd=430&Type=search", "url2": "http://www.kuwana-shakyo.com/" }, "geometry": { "type": "Point", "coordinates": [ 136.6276997, 35.0677944 ] } },
{ "type": "Feature", "properties": { "内容": "長島町在宅介護支援センターアパティア【居宅介護支援】三重県桑名市長島町西外面1070番地", "url": "https://www.kaigokensaku.mhlw.go.jp/24/index.php?action_kouhyou_detail_004_kani=true&JigyosyoCd=2472000062-00&ServiceCd=430&Type=search", "url2": "http://www.apatheia.jp" }, "geometry": { "type": "Point", "coordinates": [ 136.692095900000027, 35.0938962 ] } },
{ "type": "Feature", "properties": { "内容": "指定居宅介護支援事業所いこい【居宅介護支援】三重県桑名市中央町５－７", "url": "https://www.kaigokensaku.mhlw.go.jp/24/index.php?action_kouhyou_detail_004_kani=true&JigyosyoCd=2470100021-00&ServiceCd=430&Type=search", "url2": "http://www.ikoi-mie.com" }, "geometry": { "type": "Point", "coordinates": [ 136.685142605418349, 35.061900698523431 ] } },
{ "type": "Feature", "properties": { "内容": "居宅介護支援スィート【居宅介護支援】三重県桑名市西方1538番1", "url": "https://www.kaigokensaku.mhlw.go.jp/24/index.php?action_kouhyou_detail_004_kani=true&JigyosyoCd=2470100674-00&ServiceCd=430&Type=search", "url2": "http://care-sweet.com" }, "geometry": { "type": "Point", "coordinates": [ 136.666428011500557, 35.077710700521529 ] } },
{ "type": "Feature", "properties": { "内容": "居宅介護支援事業所　ほほえみ【居宅介護支援】三重県桑名市大字桑部八左衛門新田1079-1", "url": "https://www.kaigokensaku.mhlw.go.jp/24/index.php?action_kouhyou_detail_004_kani=true&JigyosyoCd=2470100807-00&ServiceCd=430&Type=search", "url2": "https://hohoemi-g.com" }, "geometry": { "type": "Point", "coordinates": [ 136.647544899999957, 35.0515939 ] } },
{ "type": "Feature", "properties": { "内容": "ウエルネス在宅介護支援センター【居宅介護支援】三重県桑名市新西方3丁目218番地", "url": "https://www.kaigokensaku.mhlw.go.jp/24/index.php?action_kouhyou_detail_004_kani=true&JigyosyoCd=2470100179-00&ServiceCd=430&Type=search", "url2": "http://www.kuwana.ne.jp/wellness" }, "geometry": { "type": "Point", "coordinates": [ 136.6569581, 35.0728282 ] } },
{ "type": "Feature", "properties": { "内容": "エバーグリーン中京【居宅介護支援】三重県桑名市大字和泉524番地", "url": "https://www.kaigokensaku.mhlw.go.jp/24/index.php?action_kouhyou_detail_004_kani=true&JigyosyoCd=2470100948-00&ServiceCd=430&Type=search", "url2": null }, "geometry": { "type": "Point", "coordinates": [ 136.690674599999966, 35.0416071 ] } },
{ "type": "Feature", "properties": { "内容": "医療法人桑名病院【居宅介護支援】桑名市京橋町30番地", "url": "https://www.kaigokensaku.mhlw.go.jp/24/index.php?action_kouhyou_detail_004_kani=true&JigyosyoCd=2410105080-00&ServiceCd=430&Type=search", "url2": "http://www.kuwana-hosp.jp" }, "geometry": { "type": "Point", "coordinates": [ 136.691455, 35.0632468 ] } },
{ "type": "Feature", "properties": { "内容": "クオ【居宅介護支援】三重県桑名市大福214番地", "url": "https://www.kaigokensaku.mhlw.go.jp/24/index.php?action_kouhyou_detail_004_kani=true&JigyosyoCd=2470101060-00&ServiceCd=430&Type=search", "url2": "qr-quo.hp4u.jp" }, "geometry": { "type": "Point", "coordinates": [ 136.681139300000041, 35.0548056 ] } },
{ "type": "Feature", "properties": { "内容": "指定居宅介護支援事業所ふるさと【居宅介護支援】三重県桑名市大字北別所字蔵金坊１６０７", "url": "https://www.kaigokensaku.mhlw.go.jp/24/index.php?action_kouhyou_detail_004_kani=true&JigyosyoCd=2470100500-00&ServiceCd=430&Type=search", "url2": "http://www.takurousho-furusato.com/location.html" }, "geometry": { "type": "Point", "coordinates": [ 136.691938299999947, 35.0683019 ] } },
{ "type": "Feature", "properties": { "内容": "ケアプランセンターなごみ【居宅介護支援】三重県桑名市江場字寺前599番地1", "url": "https://www.kaigokensaku.mhlw.go.jp/24/index.php?action_kouhyou_detail_004_kani=true&JigyosyoCd=2470102506-00&ServiceCd=430&Type=search", "url2": "http://www.plusnavi.mie.jp/" }, "geometry": { "type": "Point", "coordinates": [ 136.6883804, 35.0489258 ] } },
{ "type": "Feature", "properties": { "内容": "西桑名指定居宅介護支援事業所【居宅介護支援】三重県桑名市新西方二丁目８２番地", "url": "https://www.kaigokensaku.mhlw.go.jp/24/index.php?action_kouhyou_detail_004_kani=true&JigyosyoCd=2470100104-00&ServiceCd=430&Type=search", "url2": "http://www.aoki-naika.jp" }, "geometry": { "type": "Point", "coordinates": [ 136.658102399999962, 35.0749114 ] } },
{ "type": "Feature", "properties": { "内容": "指定居宅介護支援事業所　ソフトハウス【居宅介護支援】三重県桑名市多度町福永字西福永440－48", "url": "https://www.kaigokensaku.mhlw.go.jp/24/index.php?action_kouhyou_detail_004_kani=true&JigyosyoCd=2470101078-00&ServiceCd=430&Type=search", "url2": "http://www.softhouse.jp/" }, "geometry": { "type": "Point", "coordinates": [ 136.648616544590453, 35.145034506539218 ] } },
{ "type": "Feature", "properties": { "内容": "けあまねステーション　れんげの里【居宅介護支援】三重県桑名市新西方２丁目１番地", "url": "https://www.kaigokensaku.mhlw.go.jp/24/index.php?action_kouhyou_detail_004_kani=true&JigyosyoCd=2470100971-00&ServiceCd=430&Type=search", "url2": "http://rennge-sato.com" }, "geometry": { "type": "Point", "coordinates": [ 136.658179181088229, 35.075382126165195 ] } },
{ "type": "Feature", "properties": { "内容": "指定居宅介護支援事業所わかば【居宅介護支援】三重県桑名市内堀28番地の1　もりえい病院内", "url": "https://www.kaigokensaku.mhlw.go.jp/24/index.php?action_kouhyou_detail_004_kani=true&JigyosyoCd=2470100153-00&ServiceCd=430&Type=search", "url2": "www.moriei.jp" }, "geometry": { "type": "Point", "coordinates": [ 136.69501850000006, 35.0617943 ] } },
{ "type": "Feature", "properties": { "内容": "ケアプランはすの花【居宅介護支援】三重県桑名市多度町多度１２９３－３", "url": "https://www.kaigokensaku.mhlw.go.jp/24/index.php?action_kouhyou_detail_004_kani=true&JigyosyoCd=2470102811-00&ServiceCd=430&Type=search", "url2": null }, "geometry": { "type": "Point", "coordinates": [ 136.617449099999988, 35.1399628 ] } },
{ "type": "Feature", "properties": { "内容": "桑名の杜　居宅介護支援事業所【居宅介護支援】大字桑部1464-1", "url": "https://www.kaigokensaku.mhlw.go.jp/24/index.php?action_kouhyou_detail_004_kani=true&JigyosyoCd=2470102035-00&ServiceCd=430&Type=search", "url2": null }, "geometry": { "type": "Point", "coordinates": [ 136.643498693859897, 35.050849345945224 ] } },
{ "type": "Feature", "properties": { "内容": "小林薬局ケアプランセンター【居宅介護支援】三重県桑名市福島873-1メゾンくわな＋わん　A-202", "url": "https://www.kaigokensaku.mhlw.go.jp/24/index.php?action_kouhyou_detail_004_kani=true&JigyosyoCd=2440100309-00&ServiceCd=430&Type=search", "url2": "https://www.kobayaku.com" }, "geometry": { "type": "Point", "coordinates": [ 136.687285548301702, 35.074157197606063 ] } },
{ "type": "Feature", "properties": { "内容": "ケアサービスたんぽぽ【居宅介護支援】三重県桑名市外堀45番地", "url": "https://www.kaigokensaku.mhlw.go.jp/24/index.php?action_kouhyou_detail_004_kani=true&JigyosyoCd=2470101417-00&ServiceCd=430&Type=search", "url2": "ｈｔｔｐ//www.yasunaga-seikotsu.com/tanpopo/" }, "geometry": { "type": "Point", "coordinates": [ 136.6935353, 35.0601333 ] } },
{ "type": "Feature", "properties": { "内容": "ヨナハケアプランセンター【居宅介護支援】三重県桑名市星見ヶ丘7丁目121ヨナハ在宅ケアセンター　星見ヶ丘", "url": "https://www.kaigokensaku.mhlw.go.jp/24/index.php?action_kouhyou_detail_004_kani=true&JigyosyoCd=2470101748-00&ServiceCd=430&Type=search", "url2": "https://yonaha.or.jp/zc/plan.html" }, "geometry": { "type": "Point", "coordinates": [ 136.635548400000062, 35.0666476 ] } },
{ "type": "Feature", "properties": { "内容": "居宅介護支援センター鈴鹿香寿苑【居宅介護支援】三重県鈴鹿市稲生西３丁目17番17号鈴鹿香寿苑", "url": "https://www.kaigokensaku.mhlw.go.jp/24/index.php?action_kouhyou_detail_004_kani=true&JigyosyoCd=2470303211-00&ServiceCd=430&Type=search", "url2": "http://www.keyakien.jp/" }, "geometry": { "type": "Point", "coordinates": [ 136.55678365819702, 34.841696345444248 ] } },
{ "type": "Feature", "properties": { "内容": "居宅介護支援事業所　楽家生【居宅介護支援】鈴鹿市南玉垣町5470番地", "url": "https://www.kaigokensaku.mhlw.go.jp/24/index.php?action_kouhyou_detail_004_kani=true&JigyosyoCd=2470301504-00&ServiceCd=430&Type=search", "url2": "http://www.rakkasei-m.sakura.ne.jp/RAKKASEI_HOMEPAGE/" }, "geometry": { "type": "Point", "coordinates": [ 136.584914799999979, 34.8606179 ] } },
{ "type": "Feature", "properties": { "内容": "おおえのき接骨院居宅介護支援事業所【居宅介護支援】三重県鈴鹿市稲生町5114", "url": "https://www.kaigokensaku.mhlw.go.jp/24/index.php?action_kouhyou_detail_004_kani=true&JigyosyoCd=2470301397-00&ServiceCd=430&Type=search", "url2": "https://www.ohenoki.com" }, "geometry": { "type": "Point", "coordinates": [ 136.564389624681098, 34.838726189939194 ] } },
{ "type": "Feature", "properties": { "内容": "ケアマネセンターたなか【居宅介護支援】三重県鈴鹿市郡山町７９５番地の１６", "url": "https://www.kaigokensaku.mhlw.go.jp/24/index.php?action_kouhyou_detail_004_kani=true&JigyosyoCd=2470303575-00&ServiceCd=430&Type=search", "url2": null }, "geometry": { "type": "Point", "coordinates": [ 136.533093400000013, 34.8150384 ] } },
{ "type": "Feature", "properties": { "内容": "ケアプランセンター蒼色【居宅介護支援】三重県鈴鹿市神戸９丁目27-7ライオンズマンション鈴鹿壱番館２０７号", "url": "https://www.kaigokensaku.mhlw.go.jp/24/index.php?action_kouhyou_detail_004_kani=true&JigyosyoCd=2470303823-00&ServiceCd=430&Type=search", "url2": null }, "geometry": { "type": "Point", "coordinates": [ 136.586173699999989, 34.8841719 ] } },
{ "type": "Feature", "properties": { "内容": "居宅介護支援事業所　鈴鹿聖十字の家【居宅介護支援】三重県鈴鹿市木田町1961番地", "url": "https://www.kaigokensaku.mhlw.go.jp/24/index.php?action_kouhyou_detail_004_kani=true&JigyosyoCd=2470300035-00&ServiceCd=430&Type=search", "url2": "http://www.suzukaseijujikai.jp/" }, "geometry": { "type": "Point", "coordinates": [ 136.563073600000052, 34.9049943 ] } },
{ "type": "Feature", "properties": { "内容": "居宅介護支援事業所こすもす【居宅介護支援】鈴鹿市山辺町1043-1", "url": "https://www.kaigokensaku.mhlw.go.jp/24/index.php?action_kouhyou_detail_004_kani=true&JigyosyoCd=2470301280-00&ServiceCd=430&Type=search", "url2": null }, "geometry": { "type": "Point", "coordinates": [ 136.559573621164787, 34.900410231261553 ] } },
{ "type": "Feature", "properties": { "内容": "富士ライフケアネット株式会社　居宅介護支援事業所　玉垣あんしん館【居宅介護支援】三重県鈴鹿市南玉垣町5520番地", "url": "https://www.kaigokensaku.mhlw.go.jp/24/index.php?action_kouhyou_detail_004_kani=true&JigyosyoCd=2470303849-00&ServiceCd=430&Type=search", "url2": "http://www.fujielectric.co.jp/flcn/" }, "geometry": { "type": "Point", "coordinates": [ 136.5805263, 34.8599286 ] } },
{ "type": "Feature", "properties": { "内容": "居宅介護支援事業所　柔【居宅介護支援】三重県鈴鹿市岡田二丁目１２番８号", "url": "https://www.kaigokensaku.mhlw.go.jp/24/index.php?action_kouhyou_detail_004_kani=true&JigyosyoCd=2470303682-00&ServiceCd=430&Type=search", "url2": null }, "geometry": { "type": "Point", "coordinates": [ 136.5463933, 34.8779516 ] } },
{ "type": "Feature", "properties": { "内容": "鈴鹿回生病院　居宅介護支援事業所【居宅介護支援】鈴鹿市国府町１１２番地", "url": "https://www.kaigokensaku.mhlw.go.jp/24/index.php?action_kouhyou_detail_004_kani=true&JigyosyoCd=2410305177-00&ServiceCd=430&Type=search", "url2": "http://www.kaiseihp.com/" }, "geometry": { "type": "Point", "coordinates": [ 136.495330400000057, 34.8603866 ] } },
{ "type": "Feature", "properties": { "内容": "クローバー居宅介護支援事業所【居宅介護支援】三重県鈴鹿市南玉垣町６５１３－１", "url": "https://www.kaigokensaku.mhlw.go.jp/24/index.php?action_kouhyou_detail_004_kani=true&JigyosyoCd=2470302395-00&ServiceCd=430&Type=search", "url2": null }, "geometry": { "type": "Point", "coordinates": [ 136.567271500000061, 34.8627393 ] } },
{ "type": "Feature", "properties": { "内容": "鈴鹿市指定居宅介護支援事業所「社協」【居宅介護支援】鈴鹿市神戸地子町383番地の1社会福祉センター", "url": "https://www.kaigokensaku.mhlw.go.jp/24/index.php?action_kouhyou_detail_004_kani=true&JigyosyoCd=2470300027-00&ServiceCd=430&Type=search", "url2": "http://www.suzuka-shakyo.or.jp/" }, "geometry": { "type": "Point", "coordinates": [ 136.57392649999997, 34.8755577 ] } },
{ "type": "Feature", "properties": { "内容": "居宅介護支援センター　鈴鹿けやき苑【居宅介護支援】三重県鈴鹿市石薬師町字寺東452番地68鈴鹿けやき苑", "url": "https://www.kaigokensaku.mhlw.go.jp/24/index.php?action_kouhyou_detail_004_kani=true&JigyosyoCd=2470300423-00&ServiceCd=430&Type=search", "url2": "http://www.keyakien.jp/" }, "geometry": { "type": "Point", "coordinates": [ 136.553094595553603, 34.901764573854095 ] } },
{ "type": "Feature", "properties": { "内容": "居宅介護支援事業所　「はな家族」【居宅介護支援】高岡町２６８７", "url": "https://www.kaigokensaku.mhlw.go.jp/24/index.php?action_kouhyou_detail_004_kani=true&JigyosyoCd=2470302775-00&ServiceCd=430&Type=search", "url2": null }, "geometry": { "type": "Point", "coordinates": [ 136.593334156129458, 34.895665320102296 ] } },
{ "type": "Feature", "properties": { "内容": "ゆずりは居宅介護支援事業所【居宅介護支援】三重県鈴鹿市算所1丁目18番14号", "url": "https://www.kaigokensaku.mhlw.go.jp/24/index.php?action_kouhyou_detail_004_kani=true&JigyosyoCd=2470300761-00&ServiceCd=430&Type=search", "url2": null }, "geometry": { "type": "Point", "coordinates": [ 136.543564470639012, 34.870531163525925 ] } },
{ "type": "Feature", "properties": { "内容": "居宅介護支援事業所　アルテハイム鈴鹿【居宅介護支援】三重県鈴鹿市平田１丁目3番5号", "url": "https://www.kaigokensaku.mhlw.go.jp/24/index.php?action_kouhyou_detail_004_kani=true&JigyosyoCd=2470300118-00&ServiceCd=430&Type=search", "url2": null }, "geometry": { "type": "Point", "coordinates": [ 136.539811900000046, 34.8745216 ] } },
{ "type": "Feature", "properties": { "内容": "居宅介護支援ブルーリボン【居宅介護支援】三重県鈴鹿市十宮一丁目１１番２４号古里あい２　２０１号室", "url": "https://www.kaigokensaku.mhlw.go.jp/24/index.php?action_kouhyou_detail_004_kani=true&JigyosyoCd=2470301462-00&ServiceCd=430&Type=search", "url2": null }, "geometry": { "type": "Point", "coordinates": [ 136.581561200000039, 34.8930117 ] } },
{ "type": "Feature", "properties": { "内容": "なのはな居宅介護支援事業所【居宅介護支援】三重県鈴鹿市長太旭町6丁目3番8号", "url": "https://www.kaigokensaku.mhlw.go.jp/24/index.php?action_kouhyou_detail_004_kani=true&JigyosyoCd=2470302130-00&ServiceCd=430&Type=search", "url2": "http:/www.white-kaigo.com/" }, "geometry": { "type": "Point", "coordinates": [ 136.634160599999973, 34.893865800000015 ] } },
{ "type": "Feature", "properties": { "内容": "居宅介護支援センター鈴鹿シルバーケア豊壽園【居宅介護支援】三重県鈴鹿市東磯山２丁目5－1", "url": "https://www.kaigokensaku.mhlw.go.jp/24/index.php?action_kouhyou_detail_004_kani=true&JigyosyoCd=2470302361-00&ServiceCd=430&Type=search", "url2": null }, "geometry": { "type": "Point", "coordinates": [ 136.573433300000033, 34.8124174 ] } },
{ "type": "Feature", "properties": { "内容": "居宅介護支援事業所ﾌﾟﾗｰｼﾞｭ【居宅介護支援】南若松町429－17ﾌﾟﾗｰｼﾞｭなごみ", "url": "https://www.kaigokensaku.mhlw.go.jp/24/index.php?action_kouhyou_detail_004_kani=true&JigyosyoCd=2470303328-00&ServiceCd=430&Type=search", "url2": null }, "geometry": { "type": "Point", "coordinates": [ 136.610657067597913, 34.850072726735831 ] } },
{ "type": "Feature", "properties": { "内容": "さつきの里【居宅介護支援】鈴鹿市伊船町字北上の割2020-3", "url": "https://www.kaigokensaku.mhlw.go.jp/24/index.php?action_kouhyou_detail_004_kani=true&JigyosyoCd=2470300985-00&ServiceCd=430&Type=search", "url2": "http://www.suzuka-inter.co.jp/satuki/" }, "geometry": { "type": "Point", "coordinates": [ 136.47920709999994, 34.9292845 ] } },
{ "type": "Feature", "properties": { "内容": "居宅介護支援事業所　きらら【居宅介護支援】三重県鈴鹿市東磯山1-1-21デュオ201", "url": "https://www.kaigokensaku.mhlw.go.jp/24/index.php?action_kouhyou_detail_004_kani=true&JigyosyoCd=2470303401-00&ServiceCd=430&Type=search", "url2": null }, "geometry": { "type": "Point", "coordinates": [ 136.568506900000017, 34.8112277 ] } },
{ "type": "Feature", "properties": { "内容": "居宅介護支援あかね【居宅介護支援】鈴鹿市白子駅前16-15ローレルコート白子306", "url": "https://www.kaigokensaku.mhlw.go.jp/24/index.php?action_kouhyou_detail_004_kani=true&JigyosyoCd=2470301926-00&ServiceCd=430&Type=search", "url2": null }, "geometry": { "type": "Point", "coordinates": [ 136.5903649, 34.834990900000015 ] } },
{ "type": "Feature", "properties": { "内容": "鈴鹿中央病院　居宅介護支援センター【居宅介護支援】三重県鈴鹿市安塚町山之花１２７５番地１８４", "url": "https://www.kaigokensaku.mhlw.go.jp/24/index.php?action_kouhyou_detail_004_kani=true&JigyosyoCd=2470300126-00&ServiceCd=430&Type=search", "url2": "http://www.miekosei.or.jp/2_sch/kanjya/z-zai.html#b" }, "geometry": { "type": "Point", "coordinates": [ 136.569528429681782, 34.865569474597869 ] } },
{ "type": "Feature", "properties": { "内容": "居宅介護支援事業所　鈴の丘【居宅介護支援】三重県鈴鹿市庄野町2550番地", "url": "https://www.kaigokensaku.mhlw.go.jp/24/index.php?action_kouhyou_detail_004_kani=true&JigyosyoCd=2450380031-00&ServiceCd=430&Type=search", "url2": "http://www.mecha.ne.jp/~suzu-oka/" }, "geometry": { "type": "Point", "coordinates": [ 136.508893887171894, 34.887354445523712 ] } },
{ "type": "Feature", "properties": { "内容": "伊勢マリンホーム居宅介護支援事業【居宅介護支援】三重県鈴鹿市南若松町字南新田2-1", "url": "https://www.kaigokensaku.mhlw.go.jp/24/index.php?action_kouhyou_detail_004_kani=true&JigyosyoCd=2470300241-00&ServiceCd=430&Type=search", "url2": "http://isemarin.jp/" }, "geometry": { "type": "Point", "coordinates": [ 136.6003830202377, 34.83888428836643 ] } },
{ "type": "Feature", "properties": { "内容": "居宅支援　なごみ【居宅介護支援】三重県鈴鹿市南若松町４８８番地", "url": "https://www.kaigokensaku.mhlw.go.jp/24/index.php?action_kouhyou_detail_004_kani=true&JigyosyoCd=2470301165-00&ServiceCd=430&Type=search", "url2": null }, "geometry": { "type": "Point", "coordinates": [ 136.611679500000037, 34.8508438 ] } },
{ "type": "Feature", "properties": { "内容": "在宅介護支援センター　ルーエハイム【居宅介護支援】三重県鈴鹿市長法寺町字権現７６３番地", "url": "https://www.kaigokensaku.mhlw.go.jp/24/index.php?action_kouhyou_detail_004_kani=true&JigyosyoCd=2470300076-00&ServiceCd=430&Type=search", "url2": "https://www.ruheheim.com" }, "geometry": { "type": "Point", "coordinates": [ 136.508473603998709, 34.826512584446817 ] } },
{ "type": "Feature", "properties": { "内容": "指定居宅介護支援事業所　かなしょうず園【居宅介護支援】三重県鈴鹿市地子町字金生水８１４－３０", "url": "https://www.kaigokensaku.mhlw.go.jp/24/index.php?action_kouhyou_detail_004_kani=true&JigyosyoCd=2470300092-00&ServiceCd=430&Type=search", "url2": "ｈｔｔｔ：//tennenkai.or.jp/" }, "geometry": { "type": "Point", "coordinates": [ 136.561982899999947, 34.8664498 ] } },
{ "type": "Feature", "properties": { "内容": "医療法人　ほうしょう会　居宅介護支援事業所　うの花【居宅介護支援】三重県鈴鹿市石薬師町2385-4", "url": "https://www.kaigokensaku.mhlw.go.jp/24/index.php?action_kouhyou_detail_004_kani=true&JigyosyoCd=2470301090-00&ServiceCd=430&Type=search", "url2": null }, "geometry": { "type": "Point", "coordinates": [ 136.536903100000018, 34.9145101 ] } },
{ "type": "Feature", "properties": { "内容": "有限会社ホワイト介護居宅介護支援事業部【居宅介護支援】三重県鈴鹿市中旭が丘四丁目6番8号", "url": "https://www.kaigokensaku.mhlw.go.jp/24/index.php?action_kouhyou_detail_004_kani=true&JigyosyoCd=2470300415-00&ServiceCd=430&Type=search", "url2": "http://www.mecha.ne.jp/~kita/" }, "geometry": { "type": "Point", "coordinates": [ 136.579612499999939, 34.8422505 ] } },
{ "type": "Feature", "properties": { "内容": "居宅介護支援事業所　太陽の家【居宅介護支援】三重県鈴鹿市西條町495-1", "url": "https://www.kaigokensaku.mhlw.go.jp/24/index.php?action_kouhyou_detail_004_kani=true&JigyosyoCd=2470301959-00&ServiceCd=430&Type=search", "url2": "http://taiyo-ie.com" }, "geometry": { "type": "Point", "coordinates": [ 136.566060064418025, 34.875409040292475 ] } },
{ "type": "Feature", "properties": { "内容": "有限会社　イトーファーマシー　居宅介護支援事業所　沙羅【居宅介護支援】三重県鈴鹿市安塚町638-16", "url": "https://www.kaigokensaku.mhlw.go.jp/24/index.php?action_kouhyou_detail_004_kani=true&JigyosyoCd=2470300043-00&ServiceCd=430&Type=search", "url2": "http://www.ito-pharmacy.jp" }, "geometry": { "type": "Point", "coordinates": [ 136.5711212, 34.8671861 ] } },
{ "type": "Feature", "properties": { "内容": "居宅介護支援事業所ひまわり【居宅介護支援】三重県鈴鹿市神戸三丁目１２－１０", "url": "https://www.kaigokensaku.mhlw.go.jp/24/index.php?action_kouhyou_detail_004_kani=true&JigyosyoCd=2470300050-00&ServiceCd=430&Type=search", "url2": "http://www.murase.or.jp/" }, "geometry": { "type": "Point", "coordinates": [ 136.584028699999976, 34.8784021 ] } },
{ "type": "Feature", "properties": { "内容": "くすのき園　居宅介護支援事業所【居宅介護支援】三重県鈴鹿市上箕田町字近田2639-2", "url": "https://www.kaigokensaku.mhlw.go.jp/24/index.php?action_kouhyou_detail_004_kani=true&JigyosyoCd=2470300100-00&ServiceCd=430&Type=search", "url2": "https://jidoukai-kusunokien.com" }, "geometry": { "type": "Point", "coordinates": [ 136.612554100000011, 34.8774636 ] } },
{ "type": "Feature", "properties": { "内容": "居宅介護支援事業所　フレンドクラブ【居宅介護支援】三重県鈴鹿市柳町1519－3", "url": "https://www.kaigokensaku.mhlw.go.jp/24/index.php?action_kouhyou_detail_004_kani=true&JigyosyoCd=2470300670-00&ServiceCd=430&Type=search", "url2": "http://www.friendc.net" }, "geometry": { "type": "Point", "coordinates": [ 136.596833299999957, 34.8762941 ] } },
{ "type": "Feature", "properties": { "内容": "居宅介護支援事業所　　汐騒の詩【居宅介護支援】鈴鹿市岸岡町2973-2", "url": "https://www.kaigokensaku.mhlw.go.jp/24/index.php?action_kouhyou_detail_004_kani=true&JigyosyoCd=2470301710-00&ServiceCd=430&Type=search", "url2": "http://www.shiosaino-uta.com" }, "geometry": { "type": "Point", "coordinates": [ 136.603224599999976, 34.8483636 ] } },
{ "type": "Feature", "properties": { "内容": "居宅介護支援事業所　香里【居宅介護支援】三重県鈴鹿市磯山1丁目5-23", "url": "https://www.kaigokensaku.mhlw.go.jp/24/index.php?action_kouhyou_detail_004_kani=true&JigyosyoCd=2470303443-00&ServiceCd=430&Type=search", "url2": null }, "geometry": { "type": "Point", "coordinates": [ 136.566790200000014, 34.8118737 ] } },
{ "type": "Feature", "properties": { "内容": "居宅介護支援事業所桜の森白子ホーム【居宅介護支援】鈴鹿市南玉垣町7300-2", "url": "https://www.kaigokensaku.mhlw.go.jp/24/index.php?action_kouhyou_detail_004_kani=true&JigyosyoCd=2470303203-00&ServiceCd=430&Type=search", "url2": "http://www.shiroko-home.com/" }, "geometry": { "type": "Point", "coordinates": [ 136.587328500000012, 34.8500053 ] } },
{ "type": "Feature", "properties": { "内容": "居宅介護支援事業所パークヒルズ高塚【居宅介護支援】鈴鹿市高塚町字北新地2036", "url": "https://www.kaigokensaku.mhlw.go.jp/24/index.php?action_kouhyou_detail_004_kani=true&JigyosyoCd=2470301736-00&ServiceCd=430&Type=search", "url2": "http://www.shiokawa-hp.jp" }, "geometry": { "type": "Point", "coordinates": [ 136.511883600000033, 34.9048076 ] } },
{ "type": "Feature", "properties": { "内容": "在宅介護支援センター　鈴鹿グリーンホーム　居宅介護支援事業所【居宅介護支援】三重県鈴鹿市岸田町字六名1547番地73", "url": "https://www.kaigokensaku.mhlw.go.jp/24/index.php?action_kouhyou_detail_004_kani=true&JigyosyoCd=2470300258-00&ServiceCd=430&Type=search", "url2": "https://suzuka-greenhome.jp/" }, "geometry": { "type": "Point", "coordinates": [ 136.505925499999989, 34.9353406 ] } },
{ "type": "Feature", "properties": { "内容": "居宅介護支援事業所かどや【居宅介護支援】鈴鹿市高塚町２１６番３", "url": "https://www.kaigokensaku.mhlw.go.jp/24/index.php?action_kouhyou_detail_004_kani=true&JigyosyoCd=2470302759-00&ServiceCd=430&Type=search", "url2": "http://www.shｉokawa-hp.jp" }, "geometry": { "type": "Point", "coordinates": [ 136.514219499999967, 34.8976973 ] } },
{ "type": "Feature", "properties": { "内容": "居宅介護支援事業所　アヌエ【居宅介護支援】三重県鈴鹿市国府町943-1Anue　サービス付き高齢者向け住宅", "url": "https://www.kaigokensaku.mhlw.go.jp/24/index.php?action_kouhyou_detail_004_kani=true&JigyosyoCd=2470303799-00&ServiceCd=430&Type=search", "url2": "https://anue.xsrv.jp" }, "geometry": { "type": "Point", "coordinates": [ 136.4981684, 34.8575928 ] } },
{ "type": "Feature", "properties": { "内容": "ケアプランセンターつなぐ【居宅介護支援】三重県鈴鹿市神戸7-8-1", "url": "https://www.kaigokensaku.mhlw.go.jp/24/index.php?action_kouhyou_detail_004_kani=true&JigyosyoCd=2470303765-00&ServiceCd=430&Type=search", "url2": "https://atom-tsunagu.com" }, "geometry": { "type": "Point", "coordinates": [ 136.577406044180293, 34.885243380568241 ] } },
{ "type": "Feature", "properties": { "内容": "居宅介護支援事業所　Komorebi【居宅介護支援】三重県鈴鹿市若松東1丁目12-19", "url": "https://www.kaigokensaku.mhlw.go.jp/24/index.php?action_kouhyou_detail_004_kani=true&JigyosyoCd=2470303518-00&ServiceCd=430&Type=search", "url2": null }, "geometry": { "type": "Point", "coordinates": [ 136.615913897909849, 34.857205693180923 ] } },
{ "type": "Feature", "properties": { "内容": "あおぞら居宅介護支援事業所【居宅介護支援】三重県鈴鹿市東玉垣町乙戸部2850-33", "url": "https://www.kaigokensaku.mhlw.go.jp/24/index.php?action_kouhyou_detail_004_kani=true&JigyosyoCd=2470303302-00&ServiceCd=430&Type=search", "url2": null }, "geometry": { "type": "Point", "coordinates": [ 139.623852, 35.4540366 ] } },
{ "type": "Feature", "properties": { "内容": "居宅介護支援事業所「栞」【居宅介護支援】三重県鈴鹿市東玉垣町2609番地の5", "url": "https://www.kaigokensaku.mhlw.go.jp/24/index.php?action_kouhyou_detail_004_kani=true&JigyosyoCd=2470303336-00&ServiceCd=430&Type=search", "url2": null }, "geometry": { "type": "Point", "coordinates": [ 136.597325, 34.8577099 ] } },
{ "type": "Feature", "properties": { "内容": "居宅介護支援事業所　たんぽぽ道伯【居宅介護支援】三重県鈴鹿市道伯町2403番地", "url": "https://www.kaigokensaku.mhlw.go.jp/24/index.php?action_kouhyou_detail_004_kani=true&JigyosyoCd=2470303005-00&ServiceCd=430&Type=search", "url2": "http://kibou-tanpopo.jimdo.com/" }, "geometry": { "type": "Point", "coordinates": [ 136.554855800000041, 34.8583812 ] } },
{ "type": "Feature", "properties": { "内容": "Resora居宅介護支援センター【居宅介護支援】三重県鈴鹿市神戸６丁目６番２号", "url": "https://www.kaigokensaku.mhlw.go.jp/24/index.php?action_kouhyou_detail_004_kani=true&JigyosyoCd=2470303070-00&ServiceCd=430&Type=search", "url2": null }, "geometry": { "type": "Point", "coordinates": [ 136.576520699999946, 34.8833321 ] } },
{ "type": "Feature", "properties": { "内容": "ケアマネセンターベルサポート【居宅介護支援】三重県鈴鹿市郡山町795-16", "url": "https://www.kaigokensaku.mhlw.go.jp/24/index.php?action_kouhyou_detail_004_kani=true&JigyosyoCd=2470303724-00&ServiceCd=430&Type=search", "url2": null }, "geometry": { "type": "Point", "coordinates": [ 136.5330578, 34.815047700000015 ] } },
{ "type": "Feature", "properties": { "内容": "居宅介護支援事業所オレンジ【居宅介護支援】鈴鹿市江島台二丁目1-8　2F", "url": "https://www.kaigokensaku.mhlw.go.jp/24/index.php?action_kouhyou_detail_004_kani=true&JigyosyoCd=2470302437-00&ServiceCd=430&Type=search", "url2": null }, "geometry": { "type": "Point", "coordinates": [ 136.588993581150817, 34.843021953094464 ] } },
{ "type": "Feature", "properties": { "内容": "居宅介護支援事業所さくらんぼ名張【居宅介護支援】名張市桔梗が丘4-1-33", "url": "https://www.kaigokensaku.mhlw.go.jp/24/index.php?action_kouhyou_detail_004_kani=true&JigyosyoCd=2471301636-00&ServiceCd=430&Type=search", "url2": "https：//www.sakuranbo-iga.com" }, "geometry": { "type": "Point", "coordinates": [ 136.112684800000011, 34.6413501 ] } },
{ "type": "Feature", "properties": { "内容": "コウセイ介護支援サービス【居宅介護支援】三重県名張市新田2230－１", "url": "https://www.kaigokensaku.mhlw.go.jp/24/index.php?action_kouhyou_detail_004_kani=true&JigyosyoCd=2471300117-00&ServiceCd=430&Type=search", "url2": "https://www.nabari-kosei.or.jp/" }, "geometry": { "type": "Point", "coordinates": [ 136.126175831213374, 34.662291713673326 ] } },
{ "type": "Feature", "properties": { "内容": "株式会社スーパーシルバー人材センター【居宅介護支援】名張市赤目町柏原2330番地", "url": "https://www.kaigokensaku.mhlw.go.jp/24/index.php?action_kouhyou_detail_004_kani=true&JigyosyoCd=2471300901-00&ServiceCd=430&Type=search", "url2": "http://www.ss-hrc.com" }, "geometry": { "type": "Point", "coordinates": [ 136.082371299999977, 34.6034218 ] } },
{ "type": "Feature", "properties": { "内容": "居宅介護支援事業所ほっこり【居宅介護支援】三重県名張市すずらん台西4-71", "url": "https://www.kaigokensaku.mhlw.go.jp/24/index.php?action_kouhyou_detail_004_kani=true&JigyosyoCd=2471301370-00&ServiceCd=430&Type=search", "url2": null }, "geometry": { "type": "Point", "coordinates": [ 136.155309, 34.6427728 ] } },
{ "type": "Feature", "properties": { "内容": "社会福祉法人　名張市社会福祉協議会「ふれあい」【居宅介護支援】三重県名張市丸之内79番地名張市総合福祉センターふれあい", "url": "https://www.kaigokensaku.mhlw.go.jp/24/index.php?action_kouhyou_detail_004_kani=true&JigyosyoCd=2471300042-00&ServiceCd=430&Type=search", "url2": "http://www.nabarishakyo.jp/" }, "geometry": { "type": "Point", "coordinates": [ 136.090737200000035, 34.6209621 ] } },
{ "type": "Feature", "properties": { "内容": "居宅介護支援事業所はなの里【居宅介護支援】三重県名張市西田原2000番地", "url": "https://www.kaigokensaku.mhlw.go.jp/24/index.php?action_kouhyou_detail_004_kani=true&JigyosyoCd=2471300141-00&ServiceCd=430&Type=search", "url2": "http://www.hananosato-nabari.com" }, "geometry": { "type": "Point", "coordinates": [ 136.10661719999996, 34.6556786 ] } },
{ "type": "Feature", "properties": { "内容": "訪問看護ステーション　そらまめ【居宅介護支援】三重県名張市百合が丘東９番町２６０番地", "url": "https://www.kaigokensaku.mhlw.go.jp/24/index.php?action_kouhyou_detail_004_kani=true&JigyosyoCd=2461390045-00&ServiceCd=430&Type=search", "url2": "http://www.kouseikai-med.com" }, "geometry": { "type": "Point", "coordinates": [ 136.1028834, 34.6022114 ] } },
{ "type": "Feature", "properties": { "内容": "ケアマネ処　のんびり【居宅介護支援】三重県名張市新田字出山1233番3", "url": "https://www.kaigokensaku.mhlw.go.jp/24/index.php?action_kouhyou_detail_004_kani=true&JigyosyoCd=2471300786-00&ServiceCd=430&Type=search", "url2": "http://www.nonbiri.co.jp" }, "geometry": { "type": "Point", "coordinates": [ 136.124939700000027, 34.6646778 ] } },
{ "type": "Feature", "properties": { "内容": "ケアプランセンター　大地【居宅介護支援】神屋114番地", "url": "https://www.kaigokensaku.mhlw.go.jp/24/index.php?action_kouhyou_detail_004_kani=true&JigyosyoCd=2471300877-00&ServiceCd=430&Type=search", "url2": null }, "geometry": { "type": "Point", "coordinates": [ 136.142768700000033, 34.579087 ] } },
{ "type": "Feature", "properties": { "内容": "居宅介護支援事業所　第２はなの里　和み【居宅介護支援】三重県名張市百合が丘西５番町１番地第2はなの里", "url": "https://www.kaigokensaku.mhlw.go.jp/24/index.php?action_kouhyou_detail_004_kani=true&JigyosyoCd=2471300950-00&ServiceCd=430&Type=search", "url2": "http://www.hananosato-nabari.com" }, "geometry": { "type": "Point", "coordinates": [ 136.096261799999979, 34.604002700000017 ] } },
{ "type": "Feature", "properties": { "内容": "近鉄スマイル桔梗が丘ケアセンター【居宅介護支援】三重県名張市桔梗が丘西3番町1街区10番地", "url": "https://www.kaigokensaku.mhlw.go.jp/24/index.php?action_kouhyou_detail_004_kani=true&JigyosyoCd=2471300406-00&ServiceCd=430&Type=search", "url2": "http://www.k-smile.com" }, "geometry": { "type": "Point", "coordinates": [ 136.111383700000033, 34.6438355 ] } },
{ "type": "Feature", "properties": { "内容": "ケアプランセンターまめやか【居宅介護支援】三重県名張市美旗中村字弓谷２３２７番地複合福祉施設てらだ", "url": "https://www.kaigokensaku.mhlw.go.jp/24/index.php?action_kouhyou_detail_004_kani=true&JigyosyoCd=2471301487-00&ServiceCd=430&Type=search", "url2": "http//www.terada-hp.or.jp" }, "geometry": { "type": "Point", "coordinates": [ 136.1302899, 34.6556124 ] } },
{ "type": "Feature", "properties": { "内容": "居宅介護支援事業所ハッピーウッド【居宅介護支援】朝日町1247-1", "url": "https://www.kaigokensaku.mhlw.go.jp/24/index.php?action_kouhyou_detail_004_kani=true&JigyosyoCd=2471301263-00&ServiceCd=430&Type=search", "url2": "happywellnes.jp" }, "geometry": { "type": "Point", "coordinates": [ 136.118687311549991, 34.650427021568149 ] } },
{ "type": "Feature", "properties": { "内容": "居宅介護支援事業所すみれ【居宅介護支援】東田原３３６－２", "url": "https://www.kaigokensaku.mhlw.go.jp/24/index.php?action_kouhyou_detail_004_kani=true&JigyosyoCd=2471301396-00&ServiceCd=430&Type=search", "url2": "https://happywellnes.jp/" }, "geometry": { "type": "Point", "coordinates": [ 136.121725360320028, 34.666885957292848 ] } },
{ "type": "Feature", "properties": { "内容": "在宅複合型施設グリーントピア名張【居宅介護支援】三重県名張市東田原2745番地", "url": "https://www.kaigokensaku.mhlw.go.jp/24/index.php?action_kouhyou_detail_004_kani=true&JigyosyoCd=2471300018-00&ServiceCd=430&Type=search", "url2": "http://www.green-center.or.jp" }, "geometry": { "type": "Point", "coordinates": [ 136.111505599999987, 34.6519152 ] } },
{ "type": "Feature", "properties": { "内容": "福笑み　居宅部【居宅介護支援】三重県名張市鴻之台2番町57番地", "url": "https://www.kaigokensaku.mhlw.go.jp/24/index.php?action_kouhyou_detail_004_kani=true&JigyosyoCd=2471301321-00&ServiceCd=430&Type=search", "url2": null }, "geometry": { "type": "Point", "coordinates": [ 136.1077033, 34.6266479 ] } },
{ "type": "Feature", "properties": { "内容": "伊賀福祉居宅介護支援事業所【居宅介護支援】三重県名張市下比奈知2872番地2", "url": "https://www.kaigokensaku.mhlw.go.jp/24/index.php?action_kouhyou_detail_004_kani=true&JigyosyoCd=2471300380-00&ServiceCd=430&Type=search", "url2": "igafukusi.com" }, "geometry": { "type": "Point", "coordinates": [ 136.119305599999961, 34.6272208 ] } },
{ "type": "Feature", "properties": { "内容": "居宅介護支援事業所　名張もみじ山荘【居宅介護支援】三重県名張市赤目町長坂日之谷２５０番３", "url": "https://www.kaigokensaku.mhlw.go.jp/24/index.php?action_kouhyou_detail_004_kani=true&JigyosyoCd=2471300869-00&ServiceCd=430&Type=search", "url2": "http://nabari-momiji@rice.ocn.ne.jp" }, "geometry": { "type": "Point", "coordinates": [ 136.079441814476354, 34.570493850110523 ] } },
{ "type": "Feature", "properties": { "内容": "桃の里【居宅介護支援】三重県名張市桔梗が丘三番町四街区４３番地２０", "url": "https://www.kaigokensaku.mhlw.go.jp/24/index.php?action_kouhyou_detail_004_kani=true&JigyosyoCd=2471300661-00&ServiceCd=430&Type=search", "url2": null }, "geometry": { "type": "Point", "coordinates": [ 136.112648, 34.641344 ] } },
{ "type": "Feature", "properties": { "内容": "国津園居宅介護支援事業所【居宅介護支援】三重県名張市神屋７６５番地", "url": "https://www.kaigokensaku.mhlw.go.jp/24/index.php?action_kouhyou_detail_004_kani=true&JigyosyoCd=2471300075-00&ServiceCd=430&Type=search", "url2": "https://www.kunitsuen.jp" }, "geometry": { "type": "Point", "coordinates": [ 136.145918400000028, 34.5881776 ] } },
{ "type": "Feature", "properties": { "内容": "居宅介護支援事業所　みちびき【居宅介護支援】西原町2920-2", "url": "https://www.kaigokensaku.mhlw.go.jp/24/index.php?action_kouhyou_detail_004_kani=true&JigyosyoCd=2471301610-00&ServiceCd=430&Type=search", "url2": "https//michibiki-kaigo.com" }, "geometry": { "type": "Point", "coordinates": [ 139.8841693, 36.5413106 ] } },
{ "type": "Feature", "properties": { "内容": "ケアプランセンターのどか【居宅介護支援】三重県名張市桔梗が丘5番町9街区1812番地1", "url": "https://www.kaigokensaku.mhlw.go.jp/24/index.php?action_kouhyou_detail_004_kani=true&JigyosyoCd=2471301677-00&ServiceCd=430&Type=search", "url2": null }, "geometry": { "type": "Point", "coordinates": [ 136.126842210450747, 34.639861172601485 ] } },
{ "type": "Feature", "properties": { "内容": "和の風名張伊賀まる　居宅介護支援事業所【居宅介護支援】三重県名張市梅が丘南１番町２１３－１", "url": "https://www.kaigokensaku.mhlw.go.jp/24/index.php?action_kouhyou_detail_004_kani=true&JigyosyoCd=2471301354-00&ServiceCd=430&Type=search", "url2": "http://wanokazenabariigamaru.com" }, "geometry": { "type": "Point", "coordinates": [ 136.0907935, 34.6364083 ] } },
{ "type": "Feature", "properties": { "内容": "医療法人寺田病院　居宅介護支援事業所【居宅介護支援】三重県名張市夏見３２６０番地1", "url": "https://www.kaigokensaku.mhlw.go.jp/24/index.php?action_kouhyou_detail_004_kani=true&JigyosyoCd=2471300190-00&ServiceCd=430&Type=search", "url2": "http://www.terada-hp.or.jp" }, "geometry": { "type": "Point", "coordinates": [ 136.106044005557237, 34.619915002068176 ] } },
{ "type": "Feature", "properties": { "内容": "居宅介護サービス　ひろこの家【居宅介護支援】滝之原1587－4", "url": "https://www.kaigokensaku.mhlw.go.jp/24/index.php?action_kouhyou_detail_004_kani=true&JigyosyoCd=2471300984-00&ServiceCd=430&Type=search", "url2": "http://hirokonoie.webcrow.jp/" }, "geometry": { "type": "Point", "coordinates": [ 136.166250371339856, 34.629215344624889 ] } },
{ "type": "Feature", "properties": { "内容": "ハローケア訪問看護ステーション桔梗【居宅介護支援】三重県名張市西原町2628番地1", "url": "https://www.kaigokensaku.mhlw.go.jp/24/index.php?action_kouhyou_detail_004_kani=true&JigyosyoCd=2461390102-00&ServiceCd=430&Type=search", "url2": "http://www.heartland.or.jp/" }, "geometry": { "type": "Point", "coordinates": [ 136.116191, 34.6539928 ] } },
{ "type": "Feature", "properties": { "内容": "居宅介護支援事業所　　長寿園【居宅介護支援】三重県尾鷲市大字南浦4599-3", "url": "https://www.kaigokensaku.mhlw.go.jp/24/index.php?action_kouhyou_detail_004_kani=true&JigyosyoCd=2471000014-00&ServiceCd=430&Type=search", "url2": "http://www.owasechojuen.or.jp/" }, "geometry": { "type": "Point", "coordinates": [ 136.209426381660222, 34.081997524950445 ] } },
{ "type": "Feature", "properties": { "内容": "居宅介護支援事業所はまゆう【居宅介護支援】三木里町292", "url": "https://www.kaigokensaku.mhlw.go.jp/24/index.php?action_kouhyou_detail_004_kani=true&JigyosyoCd=2471000659-00&ServiceCd=430&Type=search", "url2": "kyotaku-hamayuu@zb.ztv.ne.jp" }, "geometry": { "type": "Point", "coordinates": [ 136.209482266270442, 34.001108851626014 ] } },
{ "type": "Feature", "properties": { "内容": "尾鷲社協介護事業所【居宅介護支援】三重県尾鷲市中村町１番５号", "url": "https://www.kaigokensaku.mhlw.go.jp/24/index.php?action_kouhyou_detail_004_kani=true&JigyosyoCd=2471000030-00&ServiceCd=430&Type=search", "url2": "http://owasewel.com/" }, "geometry": { "type": "Point", "coordinates": [ 136.196078100000022, 34.0736099 ] } },
{ "type": "Feature", "properties": { "内容": "有限会社尾鷲介護サービスライト【居宅介護支援】三重県尾鷲市矢浜1-31-11", "url": "https://www.kaigokensaku.mhlw.go.jp/24/index.php?action_kouhyou_detail_004_kani=true&JigyosyoCd=2471000196-00&ServiceCd=430&Type=search", "url2": null }, "geometry": { "type": "Point", "coordinates": [ 136.2002056, 34.0604726 ] } },
{ "type": "Feature", "properties": { "内容": "在宅ケアグループ　あいあい【居宅介護支援】三重県尾鷲市矢浜一丁目15番45号", "url": "https://www.kaigokensaku.mhlw.go.jp/24/index.php?action_kouhyou_detail_004_kani=true&JigyosyoCd=2471000550-00&ServiceCd=430&Type=search", "url2": null }, "geometry": { "type": "Point", "coordinates": [ 136.20157770000003, 34.0629501 ] } },
{ "type": "Feature", "properties": { "内容": "介護サービス　海岸通り【居宅介護支援】三重県尾鷲市三木里町293-10", "url": "https://www.kaigokensaku.mhlw.go.jp/24/index.php?action_kouhyou_detail_004_kani=true&JigyosyoCd=2471000147-00&ServiceCd=430&Type=search", "url2": null }, "geometry": { "type": "Point", "coordinates": [ 136.209797799999933, 34.0009238 ] } },
{ "type": "Feature", "properties": { "内容": "介護センター　ひらり【居宅介護支援】三重県尾鷲市林町１２番２２号", "url": "https://www.kaigokensaku.mhlw.go.jp/24/index.php?action_kouhyou_detail_004_kani=true&JigyosyoCd=2471000568-00&ServiceCd=430&Type=search", "url2": null }, "geometry": { "type": "Point", "coordinates": [ 136.197080799999981, 34.0720128 ] } },
{ "type": "Feature", "properties": { "内容": "居宅介護支援事業所あゆむ【居宅介護支援】三重県尾鷲市光ヶ丘11番44号", "url": "https://www.kaigokensaku.mhlw.go.jp/24/index.php?action_kouhyou_detail_004_kani=true&JigyosyoCd=2471000592-00&ServiceCd=430&Type=search", "url2": null }, "geometry": { "type": "Point", "coordinates": [ 136.180924, 34.0649439 ] } },
{ "type": "Feature", "properties": { "内容": "居宅介護支援事業所ひろば【居宅介護支援】三重県亀山市和賀町14番20号", "url": "https://www.kaigokensaku.mhlw.go.jp/24/index.php?action_kouhyou_detail_004_kani=true&JigyosyoCd=2470401106-00&ServiceCd=430&Type=search", "url2": null }, "geometry": { "type": "Point", "coordinates": [ 136.447119939286779, 34.841426869512752 ] } },
{ "type": "Feature", "properties": { "内容": "さくらさくら【居宅介護支援】川合町１０３", "url": "https://www.kaigokensaku.mhlw.go.jp/24/index.php?action_kouhyou_detail_004_kani=true&JigyosyoCd=2470400835-00&ServiceCd=430&Type=search", "url2": null }, "geometry": { "type": "Point", "coordinates": [ 136.4876451, 34.8653747 ] } },
{ "type": "Feature", "properties": { "内容": "亀山愛の里居宅介護支援事業所【居宅介護支援】亀山市川合町1288-4", "url": "https://www.kaigokensaku.mhlw.go.jp/24/index.php?action_kouhyou_detail_004_kani=true&JigyosyoCd=2470400611-00&ServiceCd=430&Type=search", "url2": "https://kameyama-ainosato.com" }, "geometry": { "type": "Point", "coordinates": [ 136.475542837850981, 34.862682112831514 ] } },
{ "type": "Feature", "properties": { "内容": "安全の里居宅介護支援事業所【居宅介護支援】亀山市住山町590番地１", "url": "https://www.kaigokensaku.mhlw.go.jp/24/index.php?action_kouhyou_detail_004_kani=true&JigyosyoCd=2470400017-00&ServiceCd=430&Type=search", "url2": "https://www.anzenfukushikai.or.jp/" }, "geometry": { "type": "Point", "coordinates": [ 136.430253577046159, 34.875170439526478 ] } },
{ "type": "Feature", "properties": { "内容": "居宅介護支援事業所亀寿苑【居宅介護支援】三重県亀山市阿野田町2443-1", "url": "https://www.kaigokensaku.mhlw.go.jp/24/index.php?action_kouhyou_detail_004_kani=true&JigyosyoCd=2470400256-00&ServiceCd=430&Type=search", "url2": "https://www.kijuen.jp" }, "geometry": { "type": "Point", "coordinates": [ 136.464527099999941, 34.8380106 ] } },
{ "type": "Feature", "properties": { "内容": "指定居宅介護支援事業所　優　亀山【居宅介護支援】三重県亀山市椿世町201-1", "url": "https://www.kaigokensaku.mhlw.go.jp/24/index.php?action_kouhyou_detail_004_kani=true&JigyosyoCd=2470400181-00&ServiceCd=430&Type=search", "url2": null }, "geometry": { "type": "Point", "coordinates": [ 136.465536103868146, 34.86210872552784 ] } },
{ "type": "Feature", "properties": { "内容": "華旺寿居宅介護支援事業所【居宅介護支援】三重県亀山市関町坂下２５２", "url": "https://www.kaigokensaku.mhlw.go.jp/24/index.php?action_kouhyou_detail_004_kani=true&JigyosyoCd=2472300033-00&ServiceCd=430&Type=search", "url2": "http://www.hiragikaikaosu.com./" }, "geometry": { "type": "Point", "coordinates": [ 136.355818399999947, 34.8909225 ] } },
{ "type": "Feature", "properties": { "内容": "居宅介護支援事業所　亀寿苑川崎【居宅介護支援】亀山市川崎町字野畑4787－2", "url": "https://www.kaigokensaku.mhlw.go.jp/24/index.php?action_kouhyou_detail_004_kani=true&JigyosyoCd=2470400777-00&ServiceCd=430&Type=search", "url2": "http://www.kijuen.jp" }, "geometry": { "type": "Point", "coordinates": [ 136.475148844258115, 34.900167113048632 ] } },
{ "type": "Feature", "properties": { "内容": "居宅介護支援事業所ＲｉｎＲｉｎ【居宅介護支援】三重県亀山市両尾町2182-1", "url": "https://www.kaigokensaku.mhlw.go.jp/24/index.php?action_kouhyou_detail_004_kani=true&JigyosyoCd=2470400744-00&ServiceCd=430&Type=search", "url2": "http://ringringring.jp" }, "geometry": { "type": "Point", "coordinates": [ 136.432244, 34.901408 ] } },
{ "type": "Feature", "properties": { "内容": "さと和居宅介護支援事業所【居宅介護支援】三重県亀山市布気町６３４番１０", "url": "https://www.kaigokensaku.mhlw.go.jp/24/index.php?action_kouhyou_detail_004_kani=true&JigyosyoCd=2470400389-00&ServiceCd=430&Type=search", "url2": "satowakd@outlook.jp" }, "geometry": { "type": "Point", "coordinates": [ 136.422076, 34.8679178 ] } },
{ "type": "Feature", "properties": { "内容": "居宅支援みずほ【居宅介護支援】三重県亀山市小下町１３－４", "url": "https://www.kaigokensaku.mhlw.go.jp/24/index.php?action_kouhyou_detail_004_kani=true&JigyosyoCd=2470400371-00&ServiceCd=430&Type=search", "url2": null }, "geometry": { "type": "Point", "coordinates": [ 136.47257433753046, 34.852808871108415 ] } },
{ "type": "Feature", "properties": { "内容": "居宅支援花しょうぶ苑【居宅介護支援】三重県亀山市本町1丁目2番12号", "url": "https://www.kaigokensaku.mhlw.go.jp/24/index.php?action_kouhyou_detail_004_kani=true&JigyosyoCd=2470400132-00&ServiceCd=430&Type=search", "url2": "http://www17.ocn.ne.jp/~hanasyob/" }, "geometry": { "type": "Point", "coordinates": [ 136.459649600000034, 34.8526421 ] } },
{ "type": "Feature", "properties": { "内容": "居宅介護支援センター　みえ【居宅介護支援】アイリス町14-7", "url": "https://www.kaigokensaku.mhlw.go.jp/24/index.php?action_kouhyou_detail_004_kani=true&JigyosyoCd=2470400439-00&ServiceCd=430&Type=search", "url2": null }, "geometry": { "type": "Point", "coordinates": [ 136.460588, 34.8671154 ] } },
{ "type": "Feature", "properties": { "内容": "居宅介護支援事業所野村きぼう苑【居宅介護支援】亀山市野村3丁目28番20号", "url": "https://www.kaigokensaku.mhlw.go.jp/24/index.php?action_kouhyou_detail_004_kani=true&JigyosyoCd=2470400462-00&ServiceCd=430&Type=search", "url2": "http://www.nomura-kibouen.or.jp" }, "geometry": { "type": "Point", "coordinates": [ 136.436221899999964, 34.8573717 ] } },
{ "type": "Feature", "properties": { "内容": "居宅介護支援事業所　りんくみずほ台【居宅介護支援】三重県亀山市川合町照田159株式会社アーネストケアリング", "url": "https://www.kaigokensaku.mhlw.go.jp/24/index.php?action_kouhyou_detail_004_kani=true&JigyosyoCd=2470400975-00&ServiceCd=430&Type=search", "url2": null }, "geometry": { "type": "Point", "coordinates": [ 136.47245190000001, 34.8701585 ] } },
{ "type": "Feature", "properties": { "内容": "花あかり居宅介護支援事業所【居宅介護支援】川崎町4678", "url": "https://www.kaigokensaku.mhlw.go.jp/24/index.php?action_kouhyou_detail_004_kani=true&JigyosyoCd=2470400512-00&ServiceCd=430&Type=search", "url2": null }, "geometry": { "type": "Point", "coordinates": [ 136.476427039251718, 34.902737530566007 ] } },
{ "type": "Feature", "properties": { "内容": "うさぎ亀山居宅介護支援事業所【居宅介護支援】三重県亀山市川合町1119番地38", "url": "https://www.kaigokensaku.mhlw.go.jp/24/index.php?action_kouhyou_detail_004_kani=true&JigyosyoCd=2470400306-00&ServiceCd=430&Type=search", "url2": "http://usagikameyama.com" }, "geometry": { "type": "Point", "coordinates": [ 136.474722668339638, 34.870275869721546 ] } },
{ "type": "Feature", "properties": { "内容": "鳥羽市社会福祉協議会　指定居宅介護支援事業所【居宅介護支援】三重県鳥羽大明東町2-5鳥羽市保健福祉センターひだまり", "url": "https://www.kaigokensaku.mhlw.go.jp/24/index.php?action_kouhyou_detail_004_kani=true&JigyosyoCd=2470900016-00&ServiceCd=430&Type=search", "url2": "http://www.toba-shakyo.or.jp/" }, "geometry": { "type": "Point", "coordinates": [ 136.851375453595693, 34.470560317038192 ] } },
{ "type": "Feature", "properties": { "内容": "藤原ケアマネ事務所【居宅介護支援】三重県鳥羽市鳥羽４丁目１１－５８", "url": "https://www.kaigokensaku.mhlw.go.jp/24/index.php?action_kouhyou_detail_004_kani=true&JigyosyoCd=2470900263-00&ServiceCd=430&Type=search", "url2": null }, "geometry": { "type": "Point", "coordinates": [ 136.842233010989389, 34.47529663947585 ] } },
{ "type": "Feature", "properties": { "内容": "ひまわり居宅介護支援事業所【居宅介護支援】三重県鳥羽市安楽島町1437-11", "url": "https://www.kaigokensaku.mhlw.go.jp/24/index.php?action_kouhyou_detail_004_kani=true&JigyosyoCd=2470900297-00&ServiceCd=430&Type=search", "url2": null }, "geometry": { "type": "Point", "coordinates": [ 136.850228099999981, 34.4667536 ] } },
{ "type": "Feature", "properties": { "内容": "相談センター花しるべ【居宅介護支援】三重県鳥羽市船津町231-1", "url": "https://www.kaigokensaku.mhlw.go.jp/24/index.php?action_kouhyou_detail_004_kani=true&JigyosyoCd=2470900438-00&ServiceCd=430&Type=search", "url2": null }, "geometry": { "type": "Point", "coordinates": [ 136.8399728, 34.4655668 ] } },
{ "type": "Feature", "properties": { "内容": "鳥羽豊和苑居宅介護支援事業所【居宅介護支援】鳥羽市安楽島町字腰掛1045-77", "url": "https://www.kaigokensaku.mhlw.go.jp/24/index.php?action_kouhyou_detail_004_kani=true&JigyosyoCd=2470900230-00&ServiceCd=430&Type=search", "url2": "http://www.houwakai.or.jp" }, "geometry": { "type": "Point", "coordinates": [ 136.862118427447484, 34.475149686170063 ] } },
{ "type": "Feature", "properties": { "内容": "鳥羽陽光苑居宅介護支援事業所【居宅介護支援】三重県鳥羽市岩倉町609番地特別養護老人ホーム　鳥羽陽光苑", "url": "https://www.kaigokensaku.mhlw.go.jp/24/index.php?action_kouhyou_detail_004_kani=true&JigyosyoCd=2470900032-00&ServiceCd=430&Type=search", "url2": "http://youkouen.miefukushikai.jp" }, "geometry": { "type": "Point", "coordinates": [ 136.848354, 34.4428947 ] } },
{ "type": "Feature", "properties": { "内容": "居宅介護支援事業所あらしま【居宅介護支援】三重県鳥羽市安楽島町字高山1075番地58", "url": "https://www.kaigokensaku.mhlw.go.jp/24/index.php?action_kouhyou_detail_004_kani=true&JigyosyoCd=2470900339-00&ServiceCd=430&Type=search", "url2": "http://www.koushin.or.jp/" }, "geometry": { "type": "Point", "coordinates": [ 136.8586537, 34.4748816 ] } },
{ "type": "Feature", "properties": { "内容": "ケアプラン有明の里【居宅介護支援】三重県鳥羽市相差町1878-1", "url": "https://www.kaigokensaku.mhlw.go.jp/24/index.php?action_kouhyou_detail_004_kani=true&JigyosyoCd=2470900131-00&ServiceCd=430&Type=search", "url2": null }, "geometry": { "type": "Point", "coordinates": [ 136.9000787, 34.3908483 ] } },
{ "type": "Feature", "properties": { "内容": "居宅介護支援事業所かがやき【居宅介護支援】三重県熊野市久生屋町297-1", "url": "https://www.kaigokensaku.mhlw.go.jp/24/index.php?action_kouhyou_detail_004_kani=true&JigyosyoCd=2471100442-00&ServiceCd=430&Type=search", "url2": "http://care-koukikai.net" }, "geometry": { "type": "Point", "coordinates": [ 136.067949673836438, 33.857813984315655 ] } },
{ "type": "Feature", "properties": { "内容": "合同会社　ありまケアプランセンター【居宅介護支援】熊野市有馬町5538", "url": "https://www.kaigokensaku.mhlw.go.jp/24/index.php?action_kouhyou_detail_004_kani=true&JigyosyoCd=2471100483-00&ServiceCd=430&Type=search", "url2": "なし" }, "geometry": { "type": "Point", "coordinates": [ 136.078216600000019, 33.8656832 ] } },
{ "type": "Feature", "properties": { "内容": "居宅介護支援事業所ささえあい【居宅介護支援】三重県熊野市木本町710番地７", "url": "https://www.kaigokensaku.mhlw.go.jp/24/index.php?action_kouhyou_detail_004_kani=true&JigyosyoCd=2471100418-00&ServiceCd=430&Type=search", "url2": "https://kumanonoki.wixsite.com/kumanonoki" }, "geometry": { "type": "Point", "coordinates": [ 136.0992923, 33.8910979 ] } },
{ "type": "Feature", "properties": { "内容": "リエゾンケアプランセンター【居宅介護支援】三重県熊野市久生屋町７２２番地３", "url": "https://www.kaigokensaku.mhlw.go.jp/24/index.php?action_kouhyou_detail_004_kani=true&JigyosyoCd=2471100525-00&ServiceCd=430&Type=search", "url2": null }, "geometry": { "type": "Point", "coordinates": [ 136.0696986, 33.8630663 ] } },
{ "type": "Feature", "properties": { "内容": "熊社協井戸居宅介護支援事業所【居宅介護支援】三重県熊野市井戸町１１５０", "url": "https://www.kaigokensaku.mhlw.go.jp/24/index.php?action_kouhyou_detail_004_kani=true&JigyosyoCd=2471100020-00&ServiceCd=430&Type=search", "url2": "http://www.k-shakyo.com/" }, "geometry": { "type": "Point", "coordinates": [ 136.088468, 33.8937556 ] } },
{ "type": "Feature", "properties": { "内容": "有限会社ケアプランおかざき【居宅介護支援】三重県熊野市久生屋町1253", "url": "https://www.kaigokensaku.mhlw.go.jp/24/index.php?action_kouhyou_detail_004_kani=true&JigyosyoCd=2471100194-00&ServiceCd=430&Type=search", "url2": null }, "geometry": { "type": "Point", "coordinates": [ 136.0647619, 33.8584313 ] } },
{ "type": "Feature", "properties": { "内容": "居宅介護支援事業所　オレンジロードむつみ苑【居宅介護支援】熊野市久生屋町８４７番地２", "url": "https://www.kaigokensaku.mhlw.go.jp/24/index.php?action_kouhyou_detail_004_kani=true&JigyosyoCd=2471100095-00&ServiceCd=430&Type=search", "url2": "https://www.mutsumien-kumano.jp/" }, "geometry": { "type": "Point", "coordinates": [ 136.074300200000039, 33.8651833 ] } },
{ "type": "Feature", "properties": { "内容": "ケアプランセンターあすか【居宅介護支援】三重県熊野市久生屋町573", "url": "https://www.kaigokensaku.mhlw.go.jp/24/index.php?action_kouhyou_detail_004_kani=true&JigyosyoCd=2471100152-00&ServiceCd=430&Type=search", "url2": "https://www.cpc-asuka.org" }, "geometry": { "type": "Point", "coordinates": [ 136.06810797829587, 33.861136271554713 ] } },
{ "type": "Feature", "properties": { "内容": "居宅介護支援事業所つむぎ【居宅介護支援】久生屋町810-20", "url": "https://www.kaigokensaku.mhlw.go.jp/24/index.php?action_kouhyou_detail_004_kani=true&JigyosyoCd=2471100459-00&ServiceCd=430&Type=search", "url2": null }, "geometry": { "type": "Point", "coordinates": [ 136.072917002932741, 33.865098276774219 ] } },
{ "type": "Feature", "properties": { "内容": "特定非営利活動法人たんぽぽ【居宅介護支援】熊野市有馬町字山崎前4520-345", "url": "https://www.kaigokensaku.mhlw.go.jp/24/index.php?action_kouhyou_detail_004_kani=true&JigyosyoCd=2471100129-00&ServiceCd=430&Type=search", "url2": null }, "geometry": { "type": "Point", "coordinates": [ 136.08662419999996, 33.8741324 ] } },
{ "type": "Feature", "properties": { "内容": "特定非営利活動法人　思いやり支援センターくまの【居宅介護支援】三重県熊野市井戸町３３１番地の５", "url": "https://www.kaigokensaku.mhlw.go.jp/24/index.php?action_kouhyou_detail_004_kani=true&JigyosyoCd=2471100061-00&ServiceCd=430&Type=search", "url2": null }, "geometry": { "type": "Point", "coordinates": [ 136.092470700000035, 33.886948 ] } },
{ "type": "Feature", "properties": { "内容": "居宅介護支援センターひだまり【居宅介護支援】北勢町阿下喜2851－1", "url": "https://www.kaigokensaku.mhlw.go.jp/24/index.php?action_kouhyou_detail_004_kani=true&JigyosyoCd=2471400685-00&ServiceCd=430&Type=search", "url2": null }, "geometry": { "type": "Point", "coordinates": [ 136.522892899999988, 35.1495522 ] } },
{ "type": "Feature", "properties": { "内容": "ナーシングホームもも居宅介護支援室【居宅介護支援】北勢町阿下喜3514番地", "url": "https://www.kaigokensaku.mhlw.go.jp/24/index.php?action_kouhyou_detail_004_kani=true&JigyosyoCd=2471400917-00&ServiceCd=430&Type=search", "url2": "https://www.momo3.net" }, "geometry": { "type": "Point", "coordinates": [ 136.511655499999989, 35.1478332 ] } },
{ "type": "Feature", "properties": { "内容": "アイリス居宅介護支援センター【居宅介護支援】三重県いなべ市北勢町阿下喜3700番地", "url": "https://www.kaigokensaku.mhlw.go.jp/24/index.php?action_kouhyou_detail_004_kani=true&JigyosyoCd=2472100045-00&ServiceCd=430&Type=search", "url2": "http://hokusei-you.net/iris/index.php" }, "geometry": { "type": "Point", "coordinates": [ 136.517004430688559, 35.145879331143618 ] } },
{ "type": "Feature", "properties": { "内容": "居宅介護支援事業所みえのえみ【居宅介護支援】いなべ市大安町石榑下113番地4", "url": "https://www.kaigokensaku.mhlw.go.jp/24/index.php?action_kouhyou_detail_004_kani=true&JigyosyoCd=2471400354-00&ServiceCd=430&Type=search", "url2": null }, "geometry": { "type": "Point", "coordinates": [ 136.528082499999982, 35.1084806 ] } },
{ "type": "Feature", "properties": { "内容": "いなべ市社協ケアプランセンター【居宅介護支援】三重県いなべ市北勢町阿下喜2624番地2ケアプランセンター内", "url": "https://www.kaigokensaku.mhlw.go.jp/24/index.php?action_kouhyou_detail_004_kani=true&JigyosyoCd=2471400099-00&ServiceCd=430&Type=search", "url2": "http://www.inabewel.or.jp" }, "geometry": { "type": "Point", "coordinates": [ 136.524263091651846, 35.153125991923808 ] } },
{ "type": "Feature", "properties": { "内容": "ジェイエイあいけあ癒いの里居宅介護支援センター【居宅介護支援】三重県いなべ市藤原町石川953-1番地", "url": "https://www.kaigokensaku.mhlw.go.jp/24/index.php?action_kouhyou_detail_004_kani=true&JigyosyoCd=2471400958-00&ServiceCd=430&Type=search", "url2": "https://www.ja-miekita.or.jp/" }, "geometry": { "type": "Point", "coordinates": [ 136.4996243, 35.1582531 ] } },
{ "type": "Feature", "properties": { "内容": "介護支援センター治田の里【居宅介護支援】三重県いなべ市北勢町東村４２", "url": "https://www.kaigokensaku.mhlw.go.jp/24/index.php?action_kouhyou_detail_004_kani=true&JigyosyoCd=2471400479-00&ServiceCd=430&Type=search", "url2": null }, "geometry": { "type": "Point", "coordinates": [ 136.512016600000038, 35.131173 ] } },
{ "type": "Feature", "properties": { "内容": "居宅介護支援レオ【居宅介護支援】三重県いなべ市北勢町田辺304番地1", "url": "https://www.kaigokensaku.mhlw.go.jp/24/index.php?action_kouhyou_detail_004_kani=true&JigyosyoCd=2471400784-00&ServiceCd=430&Type=search", "url2": "https://actice.biz" }, "geometry": { "type": "Point", "coordinates": [ 136.522789003293383, 35.200757220702954 ] } },
{ "type": "Feature", "properties": { "内容": "へいあん居宅介護支援事業所【居宅介護支援】三重県志摩市大王町波切塚原1694-1", "url": "https://www.kaigokensaku.mhlw.go.jp/24/index.php?action_kouhyou_detail_004_kani=true&JigyosyoCd=2472901335-00&ServiceCd=430&Type=search", "url2": "https://heiancare.co.jp" }, "geometry": { "type": "Point", "coordinates": [ 136.881051399999933, 34.2780444 ] } },
{ "type": "Feature", "properties": { "内容": "社協相談支援センターゆうゆう【居宅介護支援】三重県志摩市大王町波切3243番地１", "url": "https://www.kaigokensaku.mhlw.go.jp/24/index.php?action_kouhyou_detail_004_kani=true&JigyosyoCd=2472900022-00&ServiceCd=430&Type=search", "url2": "http://www.shima-fukushikyo.or.jp/" }, "geometry": { "type": "Point", "coordinates": [ 136.885170199999948, 34.281875 ] } },
{ "type": "Feature", "properties": { "内容": "社協相談支援センターかがやき【居宅介護支援】三重県志摩市磯部町迫間９５５", "url": "https://www.kaigokensaku.mhlw.go.jp/24/index.php?action_kouhyou_detail_004_kani=true&JigyosyoCd=2472900063-00&ServiceCd=430&Type=search", "url2": "https://shima-fukushikyo.or.jp" }, "geometry": { "type": "Point", "coordinates": [ 136.79102690000002, 34.3731955 ] } },
{ "type": "Feature", "properties": { "内容": "阿児指定居宅介護支援センター　シルバーケア豊壽園【居宅介護支援】三重県志摩市阿児町神明字中田878-78", "url": "https://www.kaigokensaku.mhlw.go.jp/24/index.php?action_kouhyou_detail_004_kani=true&JigyosyoCd=2472900303-00&ServiceCd=430&Type=search", "url2": "http://www.sensin.or.jp" }, "geometry": { "type": "Point", "coordinates": [ 136.819562424692549, 34.321623230156014 ] } },
{ "type": "Feature", "properties": { "内容": "居宅介護支援事業所　豊和【居宅介護支援】三重県志摩市阿児町鵜方2555-1", "url": "https://www.kaigokensaku.mhlw.go.jp/24/index.php?action_kouhyou_detail_004_kani=true&JigyosyoCd=2472900683-00&ServiceCd=430&Type=search", "url2": "http://www.houwakai.or.jp/support.htm" }, "geometry": { "type": "Point", "coordinates": [ 136.834801, 34.3324396 ] } },
{ "type": "Feature", "properties": { "内容": "のぞみ【居宅介護支援】志摩市大王町波切3236-3", "url": "https://www.kaigokensaku.mhlw.go.jp/24/index.php?action_kouhyou_detail_004_kani=true&JigyosyoCd=2472901145-00&ServiceCd=430&Type=search", "url2": null }, "geometry": { "type": "Point", "coordinates": [ 136.884989615899741, 34.280975607141905 ] } },
{ "type": "Feature", "properties": { "内容": "居宅介護支援事業所虹の夢志摩【居宅介護支援】三重県志摩市阿児町国府3708番地34", "url": "https://www.kaigokensaku.mhlw.go.jp/24/index.php?action_kouhyou_detail_004_kani=true&JigyosyoCd=2472901269-00&ServiceCd=430&Type=search", "url2": null }, "geometry": { "type": "Point", "coordinates": [ 136.892590106603961, 34.356870897345964 ] } },
{ "type": "Feature", "properties": { "内容": "志摩ヘルパーステーション【居宅介護支援】三重県志摩市阿児町鵜方4036－2", "url": "https://www.kaigokensaku.mhlw.go.jp/24/index.php?action_kouhyou_detail_004_kani=true&JigyosyoCd=2472900980-00&ServiceCd=430&Type=search", "url2": "http://www.ohyamanet.into/~futonten/ccpoo7" }, "geometry": { "type": "Point", "coordinates": [ 136.824205, 34.3290537 ] } },
{ "type": "Feature", "properties": { "内容": "さくら【居宅介護支援】三重県志摩市志摩町布施田１６８０－１", "url": "https://www.kaigokensaku.mhlw.go.jp/24/index.php?action_kouhyou_detail_004_kani=true&JigyosyoCd=2472900857-00&ServiceCd=430&Type=search", "url2": null }, "geometry": { "type": "Point", "coordinates": [ 136.823860800000034, 34.2552963 ] } },
{ "type": "Feature", "properties": { "内容": "たいようケアプランセンター【居宅介護支援】三重県志摩市志摩町和具2039-4", "url": "https://www.kaigokensaku.mhlw.go.jp/24/index.php?action_kouhyou_detail_004_kani=true&JigyosyoCd=2472900311-00&ServiceCd=430&Type=search", "url2": "https://taiyoukaigo.com" }, "geometry": { "type": "Point", "coordinates": [ 136.807179, 34.2606814 ] } },
{ "type": "Feature", "properties": { "内容": "メディカルガーデン志摩居宅介護支援事業所【居宅介護支援】志摩市阿児町鵜方２６８２－３２３", "url": "https://www.kaigokensaku.mhlw.go.jp/24/index.php?action_kouhyou_detail_004_kani=true&JigyosyoCd=2472901186-00&ServiceCd=430&Type=search", "url2": null }, "geometry": { "type": "Point", "coordinates": [ 136.839992, 34.3429634 ] } },
{ "type": "Feature", "properties": { "内容": "志摩の結【居宅介護支援】三重県志摩市磯部町下之郷２３０番地１", "url": "https://www.kaigokensaku.mhlw.go.jp/24/index.php?action_kouhyou_detail_004_kani=true&JigyosyoCd=2472901939-00&ServiceCd=430&Type=search", "url2": null }, "geometry": { "type": "Point", "coordinates": [ 136.8104356, 34.374866 ] } },
{ "type": "Feature", "properties": { "内容": "ケアプランセンターなごみ【居宅介護支援】三重県志摩市志摩町和具　1966番地1", "url": "https://www.kaigokensaku.mhlw.go.jp/24/index.php?action_kouhyou_detail_004_kani=true&JigyosyoCd=2472901418-00&ServiceCd=430&Type=search", "url2": null }, "geometry": { "type": "Point", "coordinates": [ 136.808521290454081, 34.25859933217167 ] } },
{ "type": "Feature", "properties": { "内容": "ほほえみ【居宅介護支援】三重県志摩市阿児町鵜方3394-26", "url": "https://www.kaigokensaku.mhlw.go.jp/24/index.php?action_kouhyou_detail_004_kani=true&JigyosyoCd=2472901855-00&ServiceCd=430&Type=search", "url2": "danran-shima.com" }, "geometry": { "type": "Point", "coordinates": [ 136.822005363225685, 34.325938502479367 ] } },
{ "type": "Feature", "properties": { "内容": "ケアプラン　ゆらり【居宅介護支援】三重県志摩市磯部町渡鹿野480-2", "url": "https://www.kaigokensaku.mhlw.go.jp/24/index.php?action_kouhyou_detail_004_kani=true&JigyosyoCd=2472900618-00&ServiceCd=430&Type=search", "url2": null }, "geometry": { "type": "Point", "coordinates": [ 136.875518177909839, 34.360496888249614 ] } },
{ "type": "Feature", "properties": { "内容": "こうふう苑居宅介護支援事業所【居宅介護支援】三重県伊賀市四十九町1870番地の8", "url": "https://www.kaigokensaku.mhlw.go.jp/24/index.php?action_kouhyou_detail_004_kani=true&JigyosyoCd=2471201307-00&ServiceCd=430&Type=search", "url2": "http://www.fukujyukai.or.jp/" }, "geometry": { "type": "Point", "coordinates": [ 136.135781618385295, 34.749343478868283 ] } },
{ "type": "Feature", "properties": { "内容": "ケアプラン光【居宅介護支援】三重県伊賀市小田町1373-29", "url": "https://www.kaigokensaku.mhlw.go.jp/24/index.php?action_kouhyou_detail_004_kani=true&JigyosyoCd=2471201505-00&ServiceCd=430&Type=search", "url2": null }, "geometry": { "type": "Point", "coordinates": [ 136.1166546, 34.7676377 ] } },
{ "type": "Feature", "properties": { "内容": "ケアプランセンター花あかり【居宅介護支援】三重県伊賀市上野池町1295番地の3", "url": "https://www.kaigokensaku.mhlw.go.jp/24/index.php?action_kouhyou_detail_004_kani=true&JigyosyoCd=2471201562-00&ServiceCd=430&Type=search", "url2": null }, "geometry": { "type": "Point", "coordinates": [ 136.1334156, 34.7627097 ] } },
{ "type": "Feature", "properties": { "内容": "ゆめが丘鶴寿園在宅介護支援センター【居宅介護支援】三重県伊賀市ゆめが丘2-1-3", "url": "https://www.kaigokensaku.mhlw.go.jp/24/index.php?action_kouhyou_detail_004_kani=true&JigyosyoCd=2471201083-00&ServiceCd=430&Type=search", "url2": "www.green-center.or.jp" }, "geometry": { "type": "Point", "coordinates": [ 136.161019300000021, 34.739788 ] } },
{ "type": "Feature", "properties": { "内容": "居宅介護支援センター伊賀シルバーケア豊壽園【居宅介護支援】三重県伊賀市久米町字大木872-1", "url": "https://www.kaigokensaku.mhlw.go.jp/24/index.php?action_kouhyou_detail_004_kani=true&JigyosyoCd=2471200952-00&ServiceCd=430&Type=search", "url2": "http://www.sensin.or.jp/" }, "geometry": { "type": "Point", "coordinates": [ 136.140319659893748, 34.755209286465984 ] } },
{ "type": "Feature", "properties": { "内容": "ふくじゅえん居宅介護支援事業所【居宅介護支援】三重県伊賀市西山1650番地", "url": "https://www.kaigokensaku.mhlw.go.jp/24/index.php?action_kouhyou_detail_004_kani=true&JigyosyoCd=2471200028-00&ServiceCd=430&Type=search", "url2": "http://www.fukujyukai.or.jp/" }, "geometry": { "type": "Point", "coordinates": [ 136.083422599999949, 34.7837125 ] } },
{ "type": "Feature", "properties": { "内容": "おおやまだ在宅介護支援センター鶴寿園【居宅介護支援】三重県伊賀市真泥２０６６番地", "url": "https://www.kaigokensaku.mhlw.go.jp/24/index.php?action_kouhyou_detail_004_kani=true&JigyosyoCd=2473200075-00&ServiceCd=430&Type=search", "url2": "http://www.green-center.or.jp/" }, "geometry": { "type": "Point", "coordinates": [ 136.196911, 34.760523 ] } },
{ "type": "Feature", "properties": { "内容": "居宅介護支援事業所おかなみ【居宅介護支援】三重県伊賀市上之庄2711番地1", "url": "https://www.kaigokensaku.mhlw.go.jp/24/index.php?action_kouhyou_detail_004_kani=true&JigyosyoCd=2471200051-00&ServiceCd=430&Type=search", "url2": "http://www.okanami.com/" }, "geometry": { "type": "Point", "coordinates": [ 136.113575297574954, 34.729511891579016 ] } },
{ "type": "Feature", "properties": { "内容": "居宅介護支援事業所ふるさと【居宅介護支援】ゆめが丘4丁目6番地の13", "url": "https://www.kaigokensaku.mhlw.go.jp/24/index.php?action_kouhyou_detail_004_kani=true&JigyosyoCd=2471201430-00&ServiceCd=430&Type=search", "url2": null }, "geometry": { "type": "Point", "coordinates": [ 136.157582600000012, 34.7347523 ] } },
{ "type": "Feature", "properties": { "内容": "在宅介護支援センターなしのき【居宅介護支援】三重県伊賀市朝屋725-1", "url": "https://www.kaigokensaku.mhlw.go.jp/24/index.php?action_kouhyou_detail_004_kani=true&JigyosyoCd=2471200077-00&ServiceCd=430&Type=search", "url2": "http://www.iga-sjk.or.jp" }, "geometry": { "type": "Point", "coordinates": [ 136.107624291903306, 34.755748862370616 ] } },
{ "type": "Feature", "properties": { "内容": "ケアプランセンター中部【居宅介護支援】三重県伊賀市四十九町1929番地46福祉サービス総合センター", "url": "https://www.kaigokensaku.mhlw.go.jp/24/index.php?action_kouhyou_detail_004_kani=true&JigyosyoCd=2471200366-00&ServiceCd=430&Type=search", "url2": null }, "geometry": { "type": "Point", "coordinates": [ 136.134607800000026, 34.7510612 ] } },
{ "type": "Feature", "properties": { "内容": "居宅介護支援事業所　伊賀さくら苑【居宅介護支援】三重県伊賀市円徳院324番地1", "url": "https://www.kaigokensaku.mhlw.go.jp/24/index.php?action_kouhyou_detail_004_kani=true&JigyosyoCd=2471200838-00&ServiceCd=430&Type=search", "url2": "http://www.ohrin-mc.jp/iga/" }, "geometry": { "type": "Point", "coordinates": [ 136.1838755, 34.811718 ] } },
{ "type": "Feature", "properties": { "内容": "居宅介護支援センター彩四季【居宅介護支援】伊賀市市部奥山2611番5", "url": "https://www.kaigokensaku.mhlw.go.jp/24/index.php?action_kouhyou_detail_004_kani=true&JigyosyoCd=2471200044-00&ServiceCd=430&Type=search", "url2": null }, "geometry": { "type": "Point", "coordinates": [ 136.178797238419946, 34.739104840097177 ] } },
{ "type": "Feature", "properties": { "内容": "居宅介護支援センターさくら【居宅介護支援】三重県伊賀市比土３７７番地１", "url": "https://www.kaigokensaku.mhlw.go.jp/24/index.php?action_kouhyou_detail_004_kani=true&JigyosyoCd=2471200481-00&ServiceCd=430&Type=search", "url2": "https://www.aoyama-life.co.jp/" }, "geometry": { "type": "Point", "coordinates": [ 136.161987752778629, 34.675563093018724 ] } },
{ "type": "Feature", "properties": { "内容": "ハローケア訪問看護ステーション緑ヶ丘【居宅介護支援】三重県伊賀市上野桑町1777番地", "url": "https://www.kaigokensaku.mhlw.go.jp/24/index.php?action_kouhyou_detail_004_kani=true&JigyosyoCd=2461290104-00&ServiceCd=430&Type=search", "url2": "http://www.heartland.or.jp/" }, "geometry": { "type": "Point", "coordinates": [ 136.136699098642026, 34.756590185991485 ] } },
{ "type": "Feature", "properties": { "内容": "ケアオフィスちよ【居宅介護支援】三重県伊賀市新堂338番地", "url": "https://www.kaigokensaku.mhlw.go.jp/24/index.php?action_kouhyou_detail_004_kani=true&JigyosyoCd=2471201539-00&ServiceCd=430&Type=search", "url2": null }, "geometry": { "type": "Point", "coordinates": [ 136.206501399999979, 34.8223088 ] } },
{ "type": "Feature", "properties": { "内容": "居宅介護支援センター　おおぞら【居宅介護支援】三重県伊賀市高畑字深田780番地", "url": "https://www.kaigokensaku.mhlw.go.jp/24/index.php?action_kouhyou_detail_004_kani=true&JigyosyoCd=2471200754-00&ServiceCd=430&Type=search", "url2": "https://www.k-oozora.or.jp/" }, "geometry": { "type": "Point", "coordinates": [ 136.153578952904212, 34.784070453486144 ] } },
{ "type": "Feature", "properties": { "内容": "ケアプランセンター東部【居宅介護支援】三重県伊賀市愛田513いがまち保健福祉センター｢愛の里｣", "url": "https://www.kaigokensaku.mhlw.go.jp/24/index.php?action_kouhyou_detail_004_kani=true&JigyosyoCd=2473200026-00&ServiceCd=430&Type=search", "url2": null }, "geometry": { "type": "Point", "coordinates": [ 136.221413799999937, 34.806364 ] } },
{ "type": "Feature", "properties": { "内容": "ケアプランセンター南部【居宅介護支援】三重県伊賀市阿保1988番地の1青山福祉センター", "url": "https://www.kaigokensaku.mhlw.go.jp/24/index.php?action_kouhyou_detail_004_kani=true&JigyosyoCd=2473300016-00&ServiceCd=430&Type=search", "url2": null }, "geometry": { "type": "Point", "coordinates": [ 136.184404800000038, 34.6616408 ] } },
{ "type": "Feature", "properties": { "内容": "居宅介護支援センターゆめが丘【居宅介護支援】三重県伊賀市ゆめが丘2丁目1番地-4クレマチス103", "url": "https://www.kaigokensaku.mhlw.go.jp/24/index.php?action_kouhyou_detail_004_kani=true&JigyosyoCd=2471201166-00&ServiceCd=430&Type=search", "url2": null }, "geometry": { "type": "Point", "coordinates": [ 136.160298099999977, 34.7399932 ] } },
{ "type": "Feature", "properties": { "内容": "あやま在宅介護支援センター【居宅介護支援】三重県伊賀市馬場1128番地", "url": "https://www.kaigokensaku.mhlw.go.jp/24/index.php?action_kouhyou_detail_004_kani=true&JigyosyoCd=2473200042-00&ServiceCd=430&Type=search", "url2": "http://nukumorien.com/" }, "geometry": { "type": "Point", "coordinates": [ 136.175135687853697, 34.829333175305514 ] } },
{ "type": "Feature", "properties": { "内容": "居宅介護支援たまたき【居宅介護支援】伊賀市玉滝３４９６番地3", "url": "https://www.kaigokensaku.mhlw.go.jp/24/index.php?action_kouhyou_detail_004_kani=true&JigyosyoCd=2471200887-00&ServiceCd=430&Type=search", "url2": null }, "geometry": { "type": "Point", "coordinates": [ 136.173873280534366, 34.871026095876786 ] } },
{ "type": "Feature", "properties": { "内容": "特定非営利活動法人ふれあいステーション都美恵【居宅介護支援】三重県伊賀市柘植町2357番地1", "url": "https://www.kaigokensaku.mhlw.go.jp/24/index.php?action_kouhyou_detail_004_kani=true&JigyosyoCd=2473200182-00&ServiceCd=430&Type=search", "url2": null }, "geometry": { "type": "Point", "coordinates": [ 136.246179809570322, 34.843030337325203 ] } },
{ "type": "Feature", "properties": { "内容": "在宅介護支援センターいがのしろ【居宅介護支援】三重県伊賀市山出字金坪２２２０番地の１０", "url": "https://www.kaigokensaku.mhlw.go.jp/24/index.php?action_kouhyou_detail_004_kani=true&JigyosyoCd=2471200143-00&ServiceCd=430&Type=search", "url2": "https://www.sawayakaen.or.jp/" }, "geometry": { "type": "Point", "coordinates": [ 136.120406820098879, 34.714019842842838 ] } },
{ "type": "Feature", "properties": { "内容": "居宅介護支援事業所　あおやま【居宅介護支援】三重県伊賀市腰山１１３５番地", "url": "https://www.kaigokensaku.mhlw.go.jp/24/index.php?action_kouhyou_detail_004_kani=true&JigyosyoCd=2473300024-00&ServiceCd=430&Type=search", "url2": "http://www.nava21.ne.jp/~tokuyo-m/" }, "geometry": { "type": "Point", "coordinates": [ 136.20888130000003, 34.6319609 ] } },
{ "type": "Feature", "properties": { "内容": "あゆみの居宅介護支援事業所【居宅介護支援】三重県伊賀市小田町２６６番１", "url": "https://www.kaigokensaku.mhlw.go.jp/24/index.php?action_kouhyou_detail_004_kani=true&JigyosyoCd=2471201463-00&ServiceCd=430&Type=search", "url2": "https://www.medisop.jp/" }, "geometry": { "type": "Point", "coordinates": [ 136.12619377116394, 34.776361617450711 ] } },
{ "type": "Feature", "properties": { "内容": "社会福祉法人　木曽岬町社会福祉協議会　指定居宅介護支援事業所【居宅介護支援】三重県桑名郡木曽岬町大字三崎666ふれあいの里", "url": "https://www.kaigokensaku.mhlw.go.jp/24/index.php?action_kouhyou_detail_004_kani=true&JigyosyoCd=2472000096-00&ServiceCd=430&Type=search", "url2": "http://care-net.biz/24/kisosaki/" }, "geometry": { "type": "Point", "coordinates": [ 136.751615600894183, 35.064100881254078 ] } },
{ "type": "Feature", "properties": { "内容": "居宅介護支援事業所わんがん【居宅介護支援】三重県桑名郡木曽岬町大字和富10番17", "url": "https://www.kaigokensaku.mhlw.go.jp/24/index.php?action_kouhyou_detail_004_kani=true&JigyosyoCd=2472000278-00&ServiceCd=430&Type=search", "url2": "http://www.isewangan.jp/" }, "geometry": { "type": "Point", "coordinates": [ 136.75119140000001, 35.0668651 ] } },
{ "type": "Feature", "properties": { "内容": "居宅介護支援事業所　みどり【居宅介護支援】三重県員弁郡東員町穴太2400", "url": "https://www.kaigokensaku.mhlw.go.jp/24/index.php?action_kouhyou_detail_004_kani=true&JigyosyoCd=2472100631-00&ServiceCd=430&Type=search", "url2": "http://www.toin-hosp.jp" }, "geometry": { "type": "Point", "coordinates": [ 136.604601300000013, 35.086384 ] } },
{ "type": "Feature", "properties": { "内容": "東員町居宅介護支援事業所ふれあい【居宅介護支援】三重県員弁郡東員町大字山田２０１３番地東員町ふれあいセンター", "url": "https://www.kaigokensaku.mhlw.go.jp/24/index.php?action_kouhyou_detail_004_kani=true&JigyosyoCd=2472100086-00&ServiceCd=430&Type=search", "url2": "http://www.toinshakyo.or.jp" }, "geometry": { "type": "Point", "coordinates": [ 136.584964600000035, 35.0751178 ] } },
{ "type": "Feature", "properties": { "内容": "居宅介護支援センター　パークレジデンス【居宅介護支援】三重県員弁郡東員町長深３１４０番２", "url": "https://www.kaigokensaku.mhlw.go.jp/24/index.php?action_kouhyou_detail_004_kani=true&JigyosyoCd=2472100284-00&ServiceCd=430&Type=search", "url2": "http://www.kenwakai.com/" }, "geometry": { "type": "Point", "coordinates": [ 136.5702073, 35.0552615 ] } },
{ "type": "Feature", "properties": { "内容": "なでしこの家【居宅介護支援】三重県員弁郡東員町穴太2578－4", "url": "https://www.kaigokensaku.mhlw.go.jp/24/index.php?action_kouhyou_detail_004_kani=true&JigyosyoCd=2472100516-00&ServiceCd=430&Type=search", "url2": "https://rainin0723.wixsite.com/care-home" }, "geometry": { "type": "Point", "coordinates": [ 136.6181219, 35.0932364 ] } },
{ "type": "Feature", "properties": { "内容": "居宅介護支援事業所　あおい【居宅介護支援】三重県員弁郡東員町長深2126-1", "url": "https://www.kaigokensaku.mhlw.go.jp/24/index.php?action_kouhyou_detail_004_kani=true&JigyosyoCd=2472100805-00&ServiceCd=430&Type=search", "url2": null }, "geometry": { "type": "Point", "coordinates": [ 136.5822981, 35.0539172 ] } },
{ "type": "Feature", "properties": { "内容": "ケアマネ処　和楽【居宅介護支援】三重県員弁郡東員町大木2693番", "url": "https://www.kaigokensaku.mhlw.go.jp/24/index.php?action_kouhyou_detail_004_kani=true&JigyosyoCd=2472100821-00&ServiceCd=430&Type=search", "url2": "https://www.t-waraku.com/index.html" }, "geometry": { "type": "Point", "coordinates": [ 136.586502700000011, 35.099864 ] } },
{ "type": "Feature", "properties": { "内容": "居宅介護支援事業所　紫苑【居宅介護支援】三重県員弁郡東員町大字六把野新田字藪之内１４０番地７", "url": "https://www.kaigokensaku.mhlw.go.jp/24/index.php?action_kouhyou_detail_004_kani=true&JigyosyoCd=2472100540-00&ServiceCd=430&Type=search", "url2": "http://www.sion-toin.com/" }, "geometry": { "type": "Point", "coordinates": [ 136.593611302820165, 35.080372134440765 ] } },
{ "type": "Feature", "properties": { "内容": "居宅介護支援　らいむの庭【居宅介護支援】三重県三重郡菰野町大字菰野2174番地５", "url": "https://www.kaigokensaku.mhlw.go.jp/24/index.php?action_kouhyou_detail_004_kani=true&JigyosyoCd=2472200811-00&ServiceCd=430&Type=search", "url2": null }, "geometry": { "type": "Point", "coordinates": [ 136.505451499999964, 35.0135441 ] } },
{ "type": "Feature", "properties": { "内容": "てんごく【居宅介護支援】三重郡菰野町千草7054-60", "url": "https://www.kaigokensaku.mhlw.go.jp/24/index.php?action_kouhyou_detail_004_kani=true&JigyosyoCd=2472200241-00&ServiceCd=430&Type=search", "url2": null }, "geometry": { "type": "Point", "coordinates": [ 136.48972040000001, 35.0339631 ] } },
{ "type": "Feature", "properties": { "内容": "居宅介護支援事業所　菰野聖十字の家【居宅介護支援】三重郡菰野町宿野1433-69", "url": "https://www.kaigokensaku.mhlw.go.jp/24/index.php?action_kouhyou_detail_004_kani=true&JigyosyoCd=2472200076-00&ServiceCd=430&Type=search", "url2": "http://suzukaseijujikai.jp/" }, "geometry": { "type": "Point", "coordinates": [ 136.519401099999982, 35.003151 ] } },
{ "type": "Feature", "properties": { "内容": "菰野町居宅介護支援事業所けやき【居宅介護支援】三重県三重郡菰野町潤田1281菰野町保健福祉センターけやき", "url": "https://www.kaigokensaku.mhlw.go.jp/24/index.php?action_kouhyou_detail_004_kani=true&JigyosyoCd=2472200019-00&ServiceCd=430&Type=search", "url2": "http://komonovc.sakura.ne.jp/syakyo/" }, "geometry": { "type": "Point", "coordinates": [ 136.50595480000004, 35.0200039 ] } },
{ "type": "Feature", "properties": { "内容": "菰野厚生病院居宅介護支援事業所いきいき【居宅介護支援】三重県三重郡菰野町大字福村75番地", "url": "https://www.kaigokensaku.mhlw.go.jp/24/index.php?action_kouhyou_detail_004_kani=true&JigyosyoCd=2472200035-00&ServiceCd=430&Type=search", "url2": "ｈttp://www.miekosei.or.jp/3_kkh/index.html" }, "geometry": { "type": "Point", "coordinates": [ 136.521167500000047, 35.0083947 ] } },
{ "type": "Feature", "properties": { "内容": "社会医療法人　尚徳会　湯の山介護老人保健施設【居宅介護支援】三重郡菰野町大字千草字東江野7045-73", "url": "https://www.kaigokensaku.mhlw.go.jp/24/index.php?action_kouhyou_detail_004_kani=true&JigyosyoCd=2452280015-00&ServiceCd=430&Type=search", "url2": "https://www.yonaha.jp/yunoyama/" }, "geometry": { "type": "Point", "coordinates": [ 136.480229763229346, 35.018007799307888 ] } },
{ "type": "Feature", "properties": { "内容": "居宅介護サービスセンターひまわり【居宅介護支援】三重県三重郡菰野町川北203", "url": "https://www.kaigokensaku.mhlw.go.jp/24/index.php?action_kouhyou_detail_004_kani=true&JigyosyoCd=2472200563-00&ServiceCd=430&Type=search", "url2": null }, "geometry": { "type": "Point", "coordinates": [ 136.543051699999978, 35.0264649 ] } },
{ "type": "Feature", "properties": { "内容": "ヒューマンケアプランセンター福ちゃん【居宅介護支援】三重県三重郡菰野町大字潤田1064番地", "url": "https://www.kaigokensaku.mhlw.go.jp/24/index.php?action_kouhyou_detail_004_kani=true&JigyosyoCd=2472200878-00&ServiceCd=430&Type=search", "url2": null }, "geometry": { "type": "Point", "coordinates": [ 136.5105249, 35.0260752 ] } },
{ "type": "Feature", "properties": { "内容": "居宅介護支援事業所しろやま【居宅介護支援】三重県三重郡菰野町大字千草字城山８８８番地", "url": "https://www.kaigokensaku.mhlw.go.jp/24/index.php?action_kouhyou_detail_004_kani=true&JigyosyoCd=2472200670-00&ServiceCd=430&Type=search", "url2": "https://shiroyamaen.or.jp/" }, "geometry": { "type": "Point", "coordinates": [ 136.507343600000013, 35.0200678 ] } },
{ "type": "Feature", "properties": { "内容": "ケアプランサービスたけなり【居宅介護支援】三重県三重郡菰野町大字竹成1930-1", "url": "https://www.kaigokensaku.mhlw.go.jp/24/index.php?action_kouhyou_detail_004_kani=true&JigyosyoCd=2472200712-00&ServiceCd=430&Type=search", "url2": null }, "geometry": { "type": "Point", "coordinates": [ 136.514645725879006, 35.047809460735145 ] } },
{ "type": "Feature", "properties": { "内容": "朝日町居宅介護支援事業所【居宅介護支援】三重県三重郡朝日町大字小向891番地5朝日町保健福祉センター「さわやか村」", "url": "https://www.kaigokensaku.mhlw.go.jp/24/index.php?action_kouhyou_detail_004_kani=true&JigyosyoCd=2472200050-00&ServiceCd=430&Type=search", "url2": "http://asahi-shakyo.com/" }, "geometry": { "type": "Point", "coordinates": [ 136.664271500000041, 35.0346264 ] } },
{ "type": "Feature", "properties": { "内容": "川越町居宅介護支援センター【居宅介護支援】三重県三重郡川越町大字豊田一色３１４", "url": "https://www.kaigokensaku.mhlw.go.jp/24/index.php?action_kouhyou_detail_004_kani=true&JigyosyoCd=2472200068-00&ServiceCd=430&Type=search", "url2": "http://www.kawagoe-shakyo.com" }, "geometry": { "type": "Point", "coordinates": [ 136.670315599999981, 35.0263609 ] } },
{ "type": "Feature", "properties": { "内容": "きらく　居宅介護支援事業所【居宅介護支援】三重郡川越町大字豊田一色字藤島２１８番地１", "url": "https://www.kaigokensaku.mhlw.go.jp/24/index.php?action_kouhyou_detail_004_kani=true&JigyosyoCd=2472200720-00&ServiceCd=430&Type=search", "url2": "http://www.kiraku-mie.com/" }, "geometry": { "type": "Point", "coordinates": [ 136.6707712, 35.0224725 ] } },
{ "type": "Feature", "properties": { "内容": "居宅介護支援事業所あしすと【居宅介護支援】三重県多気郡多気町油夫372番地1", "url": "https://www.kaigokensaku.mhlw.go.jp/24/index.php?action_kouhyou_detail_004_kani=true&JigyosyoCd=2472701420-00&ServiceCd=430&Type=search", "url2": null }, "geometry": { "type": "Point", "coordinates": [ 136.555206737434389, 34.479997 ] } },
{ "type": "Feature", "properties": { "内容": "みずほの里居宅介護支援事業所【居宅介護支援】三重県多気郡多気町仁田シノ原706-7", "url": "https://www.kaigokensaku.mhlw.go.jp/24/index.php?action_kouhyou_detail_004_kani=true&JigyosyoCd=2452780014-00&ServiceCd=430&Type=search", "url2": "http://www.mizuhonosato.or.jp" }, "geometry": { "type": "Point", "coordinates": [ 136.548018100000036, 34.4830659 ] } },
{ "type": "Feature", "properties": { "内容": "なごみの里　居宅介護支援事業所【居宅介護支援】三重県多気郡多気町古江大字東山1512-1", "url": "https://www.kaigokensaku.mhlw.go.jp/24/index.php?action_kouhyou_detail_004_kani=true&JigyosyoCd=2472700216-00&ServiceCd=430&Type=search", "url2": "http://www.pmc.or.jp/nagomi/" }, "geometry": { "type": "Point", "coordinates": [ 136.480439100000012, 34.4610221 ] } },
{ "type": "Feature", "properties": { "内容": "多気町社会福祉協議会【居宅介護支援】三重県多気郡多気町朝柄2889番地", "url": "https://www.kaigokensaku.mhlw.go.jp/24/index.php?action_kouhyou_detail_004_kani=true&JigyosyoCd=2472700075-00&ServiceCd=430&Type=search", "url2": null }, "geometry": { "type": "Point", "coordinates": [ 136.462118700000019, 34.4609884 ] } },
{ "type": "Feature", "properties": { "内容": "居宅介護支援事業所ビオラ【居宅介護支援】三重県多気郡明和町2229-1", "url": "https://www.kaigokensaku.mhlw.go.jp/24/index.php?action_kouhyou_detail_004_kani=true&JigyosyoCd=2470701398-00&ServiceCd=430&Type=search", "url2": "https://home-kagayaki.com/" }, "geometry": { "type": "Point", "coordinates": [ 136.611363799999907, 34.5367977 ] } },
{ "type": "Feature", "properties": { "内容": "社会福祉法人　明和町社会福祉協議会【居宅介護支援】三重県多気郡明和町大字馬之上９１７－１", "url": "https://www.kaigokensaku.mhlw.go.jp/24/index.php?action_kouhyou_detail_004_kani=true&JigyosyoCd=2472700034-00&ServiceCd=430&Type=search", "url2": "m-skyo02@ma.mctv.ne.jp" }, "geometry": { "type": "Point", "coordinates": [ 136.6245844, 34.5500401 ] } },
{ "type": "Feature", "properties": { "内容": "sky居宅介護支援事業所【居宅介護支援】三重県多気郡明和町大字明星字水池3513番地", "url": "https://www.kaigokensaku.mhlw.go.jp/24/index.php?action_kouhyou_detail_004_kani=true&JigyosyoCd=2472701289-00&ServiceCd=430&Type=search", "url2": null }, "geometry": { "type": "Point", "coordinates": [ 136.635462, 34.5298092 ] } },
{ "type": "Feature", "properties": { "内容": "嘉祥苑明和ケアプランセンター【居宅介護支援】三重県多気郡明和町金剛坂８１６番地６８", "url": "https://www.kaigokensaku.mhlw.go.jp/24/index.php?action_kouhyou_detail_004_kani=true&JigyosyoCd=2472700943-00&ServiceCd=430&Type=search", "url2": null }, "geometry": { "type": "Point", "coordinates": [ 136.606767399999967, 34.5310725 ] } },
{ "type": "Feature", "properties": { "内容": "アコラス　指定居宅介護支援事業者【居宅介護支援】三重県多気郡明和町大字南藤原字一水口７５１番地", "url": "https://www.kaigokensaku.mhlw.go.jp/24/index.php?action_kouhyou_detail_004_kani=true&JigyosyoCd=2452780030-00&ServiceCd=430&Type=search", "url2": "http://www.kashouen.or.jp" }, "geometry": { "type": "Point", "coordinates": [ 136.62028497868198, 34.583805050785465 ] } },
{ "type": "Feature", "properties": { "内容": "済生会明和居宅介護支援センター【居宅介護支援】三重県多気郡明和町大字上野４３５", "url": "https://www.kaigokensaku.mhlw.go.jp/24/index.php?action_kouhyou_detail_004_kani=true&JigyosyoCd=2472700026-00&ServiceCd=430&Type=search", "url2": "http://www.meiwa-saiseikai.jp/" }, "geometry": { "type": "Point", "coordinates": [ 136.631467899999961, 34.5315811 ] } },
{ "type": "Feature", "properties": { "内容": "けあぷらん飛来【居宅介護支援】三重県多気郡明和町大字有爾中１３３０番地１", "url": "https://www.kaigokensaku.mhlw.go.jp/24/index.php?action_kouhyou_detail_004_kani=true&JigyosyoCd=2472701313-00&ServiceCd=430&Type=search", "url2": null }, "geometry": { "type": "Point", "coordinates": [ 136.616978099999983, 34.5257552 ] } },
{ "type": "Feature", "properties": { "内容": "ＪＡ多気郡シルバーセンターすまいる【居宅介護支援】三重県多気郡明和町大字坂本１１６７番地の１", "url": "https://www.kaigokensaku.mhlw.go.jp/24/index.php?action_kouhyou_detail_004_kani=true&JigyosyoCd=2472700133-00&ServiceCd=430&Type=search", "url2": "http://www.jamie.or.jp/jagroup/takigun/" }, "geometry": { "type": "Point", "coordinates": [ 136.618692968756136, 34.551293760440231 ] } },
{ "type": "Feature", "properties": { "内容": "あいあい介護相談めいわ【居宅介護支援】三重県多気郡明和町大字明星2539番地31", "url": "https://www.kaigokensaku.mhlw.go.jp/24/index.php?action_kouhyou_detail_004_kani=true&JigyosyoCd=2472701362-00&ServiceCd=430&Type=search", "url2": "https://aiaikaigo.com" }, "geometry": { "type": "Point", "coordinates": [ 136.6449275, 34.5331163 ] } },
{ "type": "Feature", "properties": { "内容": "オリーブ居宅介護支援事業所【居宅介護支援】三重県多気郡明和町大字大淀乙659番地1", "url": "https://www.kaigokensaku.mhlw.go.jp/24/index.php?action_kouhyou_detail_004_kani=true&JigyosyoCd=2472701206-00&ServiceCd=430&Type=search", "url2": null }, "geometry": { "type": "Point", "coordinates": [ 136.656934984269697, 34.562992415254683 ] } },
{ "type": "Feature", "properties": { "内容": "ケアプランセンターみやがわ【居宅介護支援】多気郡大台町江馬114番地", "url": "https://www.kaigokensaku.mhlw.go.jp/24/index.php?action_kouhyou_detail_004_kani=true&JigyosyoCd=2472700976-00&ServiceCd=430&Type=search", "url2": "http://www.akeai.or.jp/" }, "geometry": { "type": "Point", "coordinates": [ 136.339390457177728, 34.3642314171409 ] } },
{ "type": "Feature", "properties": { "内容": "社会福祉法人　大台町社会福祉協議会　宮川居宅介護支援事業所【居宅介護支援】三重県多気郡大台町江馬122番地", "url": "https://www.kaigokensaku.mhlw.go.jp/24/index.php?action_kouhyou_detail_004_kani=true&JigyosyoCd=2472700885-00&ServiceCd=430&Type=search", "url2": "http://www.ma.mctv.ne.jp/~syakyo/indexhtml" }, "geometry": { "type": "Point", "coordinates": [ 136.338594, 34.3637231 ] } },
{ "type": "Feature", "properties": { "内容": "居宅介護支援事業所やまびこ荘【居宅介護支援】三重県多気郡大台町江馬260", "url": "https://www.kaigokensaku.mhlw.go.jp/24/index.php?action_kouhyou_detail_004_kani=true&JigyosyoCd=2472701388-00&ServiceCd=430&Type=search", "url2": "https://www.jitokukai-web.com" }, "geometry": { "type": "Point", "coordinates": [ 136.3364583, 34.3649744 ] } },
{ "type": "Feature", "properties": { "内容": "大台共生園　指定居宅介護支援事業所【居宅介護支援】三重県多気郡大台町千代997", "url": "https://www.kaigokensaku.mhlw.go.jp/24/index.php?action_kouhyou_detail_004_kani=true&JigyosyoCd=2472700182-00&ServiceCd=430&Type=search", "url2": "https://kg-m.com" }, "geometry": { "type": "Point", "coordinates": [ 136.548198599999978, 34.4454232 ] } },
{ "type": "Feature", "properties": { "内容": "ここあ在宅介護支援サービス【居宅介護支援】三重県多気郡大台町清滝５４２番地１", "url": "https://www.kaigokensaku.mhlw.go.jp/24/index.php?action_kouhyou_detail_004_kani=true&JigyosyoCd=2472701107-00&ServiceCd=430&Type=search", "url2": null }, "geometry": { "type": "Point", "coordinates": [ 136.360939956421817, 34.366117255253499 ] } },
{ "type": "Feature", "properties": { "内容": "大樹の里居宅介護支援事業所【居宅介護支援】三重県多気郡大台町新田８１２番地", "url": "https://www.kaigokensaku.mhlw.go.jp/24/index.php?action_kouhyou_detail_004_kani=true&JigyosyoCd=2472701230-00&ServiceCd=430&Type=search", "url2": null }, "geometry": { "type": "Point", "coordinates": [ 136.515309200000047, 34.4326833 ] } },
{ "type": "Feature", "properties": { "内容": "居宅介護支援事業所ねむの木【居宅介護支援】三重県多気郡大台町弥起井４５６番地", "url": "https://www.kaigokensaku.mhlw.go.jp/24/index.php?action_kouhyou_detail_004_kani=true&JigyosyoCd=2472700547-00&ServiceCd=430&Type=search", "url2": null }, "geometry": { "type": "Point", "coordinates": [ 136.398951300000022, 34.3906679 ] } },
{ "type": "Feature", "properties": { "内容": "居宅介護支援事業所　奥井【居宅介護支援】三重県多気郡大台町佐原１０４１番地２", "url": "https://www.kaigokensaku.mhlw.go.jp/24/index.php?action_kouhyou_detail_004_kani=true&JigyosyoCd=2472701123-00&ServiceCd=430&Type=search", "url2": "http://okui-socialworker.jp" }, "geometry": { "type": "Point", "coordinates": [ 136.406416900000067, 34.3949704 ] } },
{ "type": "Feature", "properties": { "内容": "居宅介護支援事業所Seed【居宅介護支援】三重県多気郡大台町弥起井476番地2", "url": "https://www.kaigokensaku.mhlw.go.jp/24/index.php?action_kouhyou_detail_004_kani=true&JigyosyoCd=2472701271-00&ServiceCd=430&Type=search", "url2": null }, "geometry": { "type": "Point", "coordinates": [ 136.399617522090153, 34.390670888816523 ] } },
{ "type": "Feature", "properties": { "内容": "ネクスト【居宅介護支援】度会郡玉城町妙法寺３９８－１", "url": "https://www.kaigokensaku.mhlw.go.jp/24/index.php?action_kouhyou_detail_004_kani=true&JigyosyoCd=2472800305-00&ServiceCd=430&Type=search", "url2": "http://www.all-kaigo.net/" }, "geometry": { "type": "Point", "coordinates": [ 136.638021159921777, 34.493281784396608 ] } },
{ "type": "Feature", "properties": { "内容": "玉城町居宅介護支援事業所【居宅介護支援】三重県度会郡玉城町勝田4876番地1", "url": "https://www.kaigokensaku.mhlw.go.jp/24/index.php?action_kouhyou_detail_004_kani=true&JigyosyoCd=2472801725-00&ServiceCd=430&Type=search", "url2": "http://www2.mie-net.ne.jp/tamasya/" }, "geometry": { "type": "Point", "coordinates": [ 136.62859549999996, 34.4871538 ] } },
{ "type": "Feature", "properties": { "内容": "玉城町指定居宅介護支援事業所【居宅介護支援】三重県度会郡玉城町佐田８８１", "url": "https://www.kaigokensaku.mhlw.go.jp/24/index.php?action_kouhyou_detail_004_kani=true&JigyosyoCd=2472800032-00&ServiceCd=430&Type=search", "url2": "http://www.tamaki-hsp.jp/care/takukaigo.html" }, "geometry": { "type": "Point", "coordinates": [ 136.639641799999907, 34.489512 ] } },
{ "type": "Feature", "properties": { "内容": "たまきあい居宅介護支援事業所【居宅介護支援】三重県度会郡玉城町田丸１番地", "url": "https://www.kaigokensaku.mhlw.go.jp/24/index.php?action_kouhyou_detail_004_kani=true&JigyosyoCd=2472801758-00&ServiceCd=430&Type=search", "url2": "http://tamakiai.co.jp" }, "geometry": { "type": "Point", "coordinates": [ 136.6311485, 34.4932273 ] } },
{ "type": "Feature", "properties": { "内容": "居宅介護支援事業所　虹の夢　玉城【居宅介護支援】三重県度会郡玉城町蚊野2155癒しの郷　翠龍", "url": "https://www.kaigokensaku.mhlw.go.jp/24/index.php?action_kouhyou_detail_004_kani=true&JigyosyoCd=2472801436-00&ServiceCd=430&Type=search", "url2": "http://ise-lifecare.com" }, "geometry": { "type": "Point", "coordinates": [ 136.605792901357972, 34.484513907423725 ] } },
{ "type": "Feature", "properties": { "内容": "度会町居宅介護支援事業所【居宅介護支援】三重県度会郡度会町棚橋１２０２番地", "url": "https://www.kaigokensaku.mhlw.go.jp/24/index.php?action_kouhyou_detail_004_kani=true&JigyosyoCd=2472800180-00&ServiceCd=430&Type=search", "url2": "http://www.watarai-syakyo.com/" }, "geometry": { "type": "Point", "coordinates": [ 136.6216882, 34.438428 ] } },
{ "type": "Feature", "properties": { "内容": "介護相談センター　コレカラ【居宅介護支援】三重県度会郡度会町棚橋1410番地", "url": "https://www.kaigokensaku.mhlw.go.jp/24/index.php?action_kouhyou_detail_004_kani=true&JigyosyoCd=2472801865-00&ServiceCd=430&Type=search", "url2": null }, "geometry": { "type": "Point", "coordinates": [ 136.62079, 34.4369547 ] } },
{ "type": "Feature", "properties": { "内容": "ケアプラン　いいひ【居宅介護支援】度会郡大紀町阿曽2621番地12", "url": "https://www.kaigokensaku.mhlw.go.jp/24/index.php?action_kouhyou_detail_004_kani=true&JigyosyoCd=2472801352-00&ServiceCd=430&Type=search", "url2": null }, "geometry": { "type": "Point", "coordinates": [ 136.406404578729251, 34.329861188100125 ] } },
{ "type": "Feature", "properties": { "内容": "居宅介護支援事業所あゆみ【居宅介護支援】三重県度会郡大紀町滝原８７３番地", "url": "https://www.kaigokensaku.mhlw.go.jp/24/index.php?action_kouhyou_detail_004_kani=true&JigyosyoCd=2472800925-00&ServiceCd=430&Type=search", "url2": "http://kissoukai.com/" }, "geometry": { "type": "Point", "coordinates": [ 136.419568900000058, 34.3669353 ] } },
{ "type": "Feature", "properties": { "内容": "大紀町ケアプランセンター【居宅介護支援】三重県度会郡大紀町崎１８０－９", "url": "https://www.kaigokensaku.mhlw.go.jp/24/index.php?action_kouhyou_detail_004_kani=true&JigyosyoCd=2472800115-00&ServiceCd=430&Type=search", "url2": "http://www.taikishakyo.jp" }, "geometry": { "type": "Point", "coordinates": [ 136.396130306082114, 34.299328279002189 ] } },
{ "type": "Feature", "properties": { "内容": "にじいろケアプラン【居宅介護支援】三重県度会郡大紀町大内山4531番地125", "url": "https://www.kaigokensaku.mhlw.go.jp/24/index.php?action_kouhyou_detail_004_kani=true&JigyosyoCd=2472801840-00&ServiceCd=430&Type=search", "url2": null }, "geometry": { "type": "Point", "coordinates": [ 136.358377722090154, 34.284908105407141 ] } },
{ "type": "Feature", "properties": { "内容": "居宅介護支援事業所「のぞみ」【居宅介護支援】三重県度会郡南伊勢町神津佐1367番地1", "url": "https://www.kaigokensaku.mhlw.go.jp/24/index.php?action_kouhyou_detail_004_kani=true&JigyosyoCd=2472801279-00&ServiceCd=430&Type=search", "url2": "htts://fukushikurashi.com" }, "geometry": { "type": "Point", "coordinates": [ 136.726252381306494, 34.344044783515209 ] } },
{ "type": "Feature", "properties": { "内容": "柑洋苑居宅介護支援事業所【居宅介護支援】三重県度会郡郡南伊勢町五ヶ所浦2870", "url": "https://www.kaigokensaku.mhlw.go.jp/24/index.php?action_kouhyou_detail_004_kani=true&JigyosyoCd=2472801360-00&ServiceCd=430&Type=search", "url2": null }, "geometry": { "type": "Point", "coordinates": [ 136.707452200000034, 34.351156699999976 ] } },
{ "type": "Feature", "properties": { "内容": "南伊勢町社会福祉協議会　なんせい【居宅介護支援】三重県度会郡南伊勢町五ヶ所浦2928", "url": "https://www.kaigokensaku.mhlw.go.jp/24/index.php?action_kouhyou_detail_004_kani=true&JigyosyoCd=2472800214-00&ServiceCd=430&Type=search", "url2": "http://www.amigo2.ne.jp/~nantosha/" }, "geometry": { "type": "Point", "coordinates": [ 136.7058634, 34.3511955 ] } },
{ "type": "Feature", "properties": { "内容": "南島メディカルセンター　居宅介護支援事業所【居宅介護支援】三重県度会郡南伊勢町慥柄浦1-1", "url": "https://www.kaigokensaku.mhlw.go.jp/24/index.php?action_kouhyou_detail_004_kani=true&JigyosyoCd=2472800222-00&ServiceCd=430&Type=search", "url2": "http://www.miekousei.or.ip/6_nah/" }, "geometry": { "type": "Point", "coordinates": [ 136.569365430719017, 34.289559113712201 ] } },
{ "type": "Feature", "properties": { "内容": "三重外湾漁協　居宅介護支援センター「まごころ」【居宅介護支援】三重県度会郡南伊勢町東宮3310番地", "url": "https://www.kaigokensaku.mhlw.go.jp/24/index.php?action_kouhyou_detail_004_kani=true&JigyosyoCd=2472801105-00&ServiceCd=430&Type=search", "url2": "http://www.miegaiwan.or.jp" }, "geometry": { "type": "Point", "coordinates": [ 136.540893099999948, 34.2885023 ] } },
{ "type": "Feature", "properties": { "内容": "居宅介護支援事業所　ひだまり【居宅介護支援】三重県度会郡南伊勢町五ヶ所浦4023番地", "url": "https://www.kaigokensaku.mhlw.go.jp/24/index.php?action_kouhyou_detail_004_kani=true&JigyosyoCd=2472801519-00&ServiceCd=430&Type=search", "url2": "https://minamiise-sakuraen.jp" }, "geometry": { "type": "Point", "coordinates": [ 136.702172099999984, 34.3488152 ] } },
{ "type": "Feature", "properties": { "内容": "居宅介護支援事業所　たいき【居宅介護支援】三重県北牟婁郡紀北町三浦７０９番地１", "url": "https://www.kaigokensaku.mhlw.go.jp/24/index.php?action_kouhyou_detail_004_kani=true&JigyosyoCd=2473000194-00&ServiceCd=430&Type=search", "url2": "http://www.za.ztv.ne.jp/taiki/" }, "geometry": { "type": "Point", "coordinates": [ 136.277072500000031, 34.1646072 ] } },
{ "type": "Feature", "properties": { "内容": "サンケアセンター【居宅介護支援】三重県北牟婁郡紀北町上里176", "url": "https://www.kaigokensaku.mhlw.go.jp/24/index.php?action_kouhyou_detail_004_kani=true&JigyosyoCd=2473000483-00&ServiceCd=430&Type=search", "url2": "http://www.zb.ztv.ne.jp/suncare-center" }, "geometry": { "type": "Point", "coordinates": [ 136.234402672907976, 34.142412309573146 ] } },
{ "type": "Feature", "properties": { "内容": "居宅介護支援事業所　輝【居宅介護支援】東長島2482", "url": "https://www.kaigokensaku.mhlw.go.jp/24/index.php?action_kouhyou_detail_004_kani=true&JigyosyoCd=2453080026-00&ServiceCd=430&Type=search", "url2": "http://www.kaiseihp.com/kirari/index.html" }, "geometry": { "type": "Point", "coordinates": [ 136.339835200000039, 34.2082228 ] } },
{ "type": "Feature", "properties": { "内容": "介護センター　ハート【居宅介護支援】三重県北牟婁郡紀北町矢口浦952番地１", "url": "https://www.kaigokensaku.mhlw.go.jp/24/index.php?action_kouhyou_detail_004_kani=true&JigyosyoCd=2473000442-00&ServiceCd=430&Type=search", "url2": null }, "geometry": { "type": "Point", "coordinates": [ 136.262418700000012, 34.1263865 ] } },
{ "type": "Feature", "properties": { "内容": "紀北町社協指定居宅介護支援事業所「長島」【居宅介護支援】三重県北牟婁郡紀北町東長島２０９番地９紀北町社会福祉会館内", "url": "https://www.kaigokensaku.mhlw.go.jp/24/index.php?action_kouhyou_detail_004_kani=true&JigyosyoCd=2473000038-00&ServiceCd=430&Type=search", "url2": "http://www.kihoku-shakyo.com/" }, "geometry": { "type": "Point", "coordinates": [ 136.338301900000033, 34.2104197 ] } },
{ "type": "Feature", "properties": { "内容": "紀北町社協指定居宅介護支援事業所『海山』【居宅介護支援】三重県北牟婁郡紀北町引本浦239-2", "url": "https://www.kaigokensaku.mhlw.go.jp/24/index.php?action_kouhyou_detail_004_kani=true&JigyosyoCd=2473000053-00&ServiceCd=430&Type=search", "url2": "http://kihoku-syakyou.com/" }, "geometry": { "type": "Point", "coordinates": [ 136.237649761022681, 34.106232978236839 ] } },
{ "type": "Feature", "properties": { "内容": "介護センター　ホープ【居宅介護支援】三重県北牟婁郡紀北町東長島６９－１３", "url": "https://www.kaigokensaku.mhlw.go.jp/24/index.php?action_kouhyou_detail_004_kani=true&JigyosyoCd=2473000178-00&ServiceCd=430&Type=search", "url2": "https://wel-net-21.jimdosite.com" }, "geometry": { "type": "Point", "coordinates": [ 136.33492990000002, 34.2078253 ] } },
{ "type": "Feature", "properties": { "内容": "居宅介護支援事業所　小春日【居宅介護支援】北牟婁郡紀北町三浦434番地", "url": "https://www.kaigokensaku.mhlw.go.jp/24/index.php?action_kouhyou_detail_004_kani=true&JigyosyoCd=2473000327-00&ServiceCd=430&Type=search", "url2": null }, "geometry": { "type": "Point", "coordinates": [ 136.279810208316746, 34.167677427089195 ] } },
{ "type": "Feature", "properties": { "内容": "居宅介護支援事業所つむぎ【居宅介護支援】三重県北牟婁郡紀北町東長島2459-14", "url": "https://www.kaigokensaku.mhlw.go.jp/24/index.php?action_kouhyou_detail_004_kani=true&JigyosyoCd=2473000517-00&ServiceCd=430&Type=search", "url2": null }, "geometry": { "type": "Point", "coordinates": [ 136.342373110450779, 34.208908872674577 ] } },
{ "type": "Feature", "properties": { "内容": "居宅介護支援事業所JUN【居宅介護支援】三重県北牟婁郡紀北町東長島2148番地1", "url": "https://www.kaigokensaku.mhlw.go.jp/24/index.php?action_kouhyou_detail_004_kani=true&JigyosyoCd=2473000566-00&ServiceCd=430&Type=search", "url2": null }, "geometry": { "type": "Point", "coordinates": [ 136.348452499999979, 34.219269 ] } },
{ "type": "Feature", "properties": { "内容": "居宅介護支援事業所　であい【居宅介護支援】三重県南牟婁郡御浜町大字志原９２２番地１２１", "url": "https://www.kaigokensaku.mhlw.go.jp/24/index.php?action_kouhyou_detail_004_kani=true&JigyosyoCd=2473100655-00&ServiceCd=430&Type=search", "url2": null }, "geometry": { "type": "Point", "coordinates": [ 136.060348200000021, 33.8539235 ] } },
{ "type": "Feature", "properties": { "内容": "ＮＰＯ法人つどい【居宅介護支援】三重県南牟婁郡御浜町大字志原字赤崎平1819番地33", "url": "https://www.kaigokensaku.mhlw.go.jp/24/index.php?action_kouhyou_detail_004_kani=true&JigyosyoCd=2463190013-00&ServiceCd=430&Type=search", "url2": "http://npo-tsudoi.com" }, "geometry": { "type": "Point", "coordinates": [ 136.048724, 33.8144776 ] } },
{ "type": "Feature", "properties": { "内容": "介護老人保健施設きなん苑【居宅介護支援】三重県南牟婁郡御浜町阿田和１７７", "url": "https://www.kaigokensaku.mhlw.go.jp/24/index.php?action_kouhyou_detail_004_kani=true&JigyosyoCd=2473100127-00&ServiceCd=430&Type=search", "url2": "http://www.kinan-hp-mie.jp/" }, "geometry": { "type": "Point", "coordinates": [ 136.035325300000068, 33.8017149 ] } },
{ "type": "Feature", "properties": { "内容": "御浜町ケアサポートセンター【居宅介護支援】三重県南牟婁郡御浜町大字下市木2040番地御浜町福祉健康センター", "url": "https://www.kaigokensaku.mhlw.go.jp/24/index.php?action_kouhyou_detail_004_kani=true&JigyosyoCd=2473100010-00&ServiceCd=430&Type=search", "url2": "http://www.mihama-fukushi.com" }, "geometry": { "type": "Point", "coordinates": [ 136.046996199999967, 33.8340673 ] } },
{ "type": "Feature", "properties": { "内容": "みふねの杜居宅介護支援【居宅介護支援】三重県南牟婁郡紀宝町北檜杖字倉谷30", "url": "https://www.kaigokensaku.mhlw.go.jp/24/index.php?action_kouhyou_detail_004_kani=true&JigyosyoCd=2473100804-00&ServiceCd=430&Type=search", "url2": null }, "geometry": { "type": "Point", "coordinates": [ 135.970927, 33.731383 ] } },
{ "type": "Feature", "properties": { "内容": "紀宝町社協ケアプランサービス【居宅介護支援】三重県南牟婁郡紀宝町神内277-2", "url": "https://www.kaigokensaku.mhlw.go.jp/24/index.php?action_kouhyou_detail_004_kani=true&JigyosyoCd=2473100036-00&ServiceCd=430&Type=search", "url2": "http://kiho-shakyo.sub.jp/" }, "geometry": { "type": "Point", "coordinates": [ 136.0129918, 33.7487213 ] } },
{ "type": "Feature", "properties": { "内容": "合同会社　ケアサポートゼロワン【居宅介護支援】三重県南牟婁郡紀宝町鵜殿1302‐3", "url": "https://www.kaigokensaku.mhlw.go.jp/24/index.php?action_kouhyou_detail_004_kani=true&JigyosyoCd=2473100796-00&ServiceCd=430&Type=search", "url2": null }, "geometry": { "type": "Point", "coordinates": [ 136.0116282, 33.7375674 ] } },
{ "type": "Feature", "properties": { "内容": "ケアマネセンター井田【居宅介護支援】井田2095-2", "url": "https://www.kaigokensaku.mhlw.go.jp/24/index.php?action_kouhyou_detail_004_kani=true&JigyosyoCd=2473100770-00&ServiceCd=430&Type=search", "url2": null }, "geometry": { "type": "Point", "coordinates": [ 136.01955, 33.748689 ] } },
{ "type": "Feature", "properties": { "内容": "特定非営利活動法人てとて【居宅介護支援】紀宝町井内字大山４０９番地５", "url": "https://www.kaigokensaku.mhlw.go.jp/24/index.php?action_kouhyou_detail_004_kani=true&JigyosyoCd=2473100408-00&ServiceCd=430&Type=search", "url2": "https：//tetote-kihou.jp/" }, "geometry": { "type": "Point", "coordinates": [ 135.992472507195998, 33.788289684471103 ] } }
]
}
