{
"type": "FeatureCollection",
"name": "geo_24_小学校",
"crs": { "type": "name", "properties": { "name": "urn:ogc:def:crs:EPSG::6668" } },
"features": [
{ "type": "Feature", "properties": { "P29_001": "24201", "P29_002": "B124110000013", "P29_003": "16001", "P29_004": "三重大学教育学部附属小学校", "P29_005": "三重県津市観音寺町359", "P29_006": "1", "P29_007": "1", "P29_008": "00", "P29_009": null }, "geometry": { "type": "Point", "coordinates": [ 136.502028157148146, 34.727086034616519 ] } },
{ "type": "Feature", "properties": { "P29_001": "24201", "P29_002": "B124220120015", "P29_003": "16001", "P29_004": "津市立養正小学校", "P29_005": "三重県津市丸之内養正町14-1", "P29_006": "3", "P29_007": "1", "P29_008": "00", "P29_009": null }, "geometry": { "type": "Point", "coordinates": [ 136.50620148350356, 34.721834383382003 ] } },
{ "type": "Feature", "properties": { "P29_001": "24201", "P29_002": "B124220120024", "P29_003": "16001", "P29_004": "津市立修成小学校", "P29_005": "三重県津市修成町9-1", "P29_006": "3", "P29_007": "1", "P29_008": "00", "P29_009": null }, "geometry": { "type": "Point", "coordinates": [ 136.501277645303304, 34.710088918182549 ] } },
{ "type": "Feature", "properties": { "P29_001": "24201", "P29_002": "B124220120033", "P29_003": "16001", "P29_004": "津市立南立誠小学校", "P29_005": "三重県津市桜橋2-39", "P29_006": "3", "P29_007": "1", "P29_008": "00", "P29_009": null }, "geometry": { "type": "Point", "coordinates": [ 136.517209920878258, 34.731959407745258 ] } },
{ "type": "Feature", "properties": { "P29_001": "24201", "P29_002": "B124220120042", "P29_003": "16001", "P29_004": "津市立北立誠小学校", "P29_005": "三重県津市江戸橋1-30", "P29_006": "3", "P29_007": "1", "P29_008": "00", "P29_009": null }, "geometry": { "type": "Point", "coordinates": [ 136.517001926630883, 34.744690615065032 ] } },
{ "type": "Feature", "properties": { "P29_001": "24201", "P29_002": "B124220120051", "P29_003": "16001", "P29_004": "津市立敬和小学校", "P29_005": "三重県津市中河原445", "P29_006": "3", "P29_007": "1", "P29_008": "00", "P29_009": null }, "geometry": { "type": "Point", "coordinates": [ 136.520232150112321, 34.72090694704935 ] } },
{ "type": "Feature", "properties": { "P29_001": "24201", "P29_002": "B124220120060", "P29_003": "16001", "P29_004": "津市立育生小学校", "P29_005": "三重県津市下弁財町津興1350", "P29_006": "3", "P29_007": "1", "P29_008": "00", "P29_009": null }, "geometry": { "type": "Point", "coordinates": [ 136.514785782893057, 34.704467847906429 ] } },
{ "type": "Feature", "properties": { "P29_001": "24201", "P29_002": "B124220120079", "P29_003": "16001", "P29_004": "津市立新町小学校", "P29_005": "三重県津市八町3-3-1", "P29_006": "3", "P29_007": "1", "P29_008": "00", "P29_009": null }, "geometry": { "type": "Point", "coordinates": [ 136.492288916455891, 34.720662679901764 ] } },
{ "type": "Feature", "properties": { "P29_001": "24201", "P29_002": "B124220120088", "P29_003": "16001", "P29_004": "津市立藤水小学校", "P29_005": "三重県津市藤方1627", "P29_006": "3", "P29_007": "1", "P29_008": "00", "P29_009": null }, "geometry": { "type": "Point", "coordinates": [ 136.512040179755644, 34.689806618510836 ] } },
{ "type": "Feature", "properties": { "P29_001": "24201", "P29_002": "B124220120097", "P29_003": "16001", "P29_004": "津市立高茶屋小学校", "P29_005": "三重県津市高茶屋3-1-1", "P29_006": "3", "P29_007": "1", "P29_008": "00", "P29_009": null }, "geometry": { "type": "Point", "coordinates": [ 136.509099530663292, 34.672033561516997 ] } },
{ "type": "Feature", "properties": { "P29_001": "24201", "P29_002": "B124220120104", "P29_003": "16001", "P29_004": "津市立神戸小学校", "P29_005": "三重県津市神戸332-1", "P29_006": "3", "P29_007": "1", "P29_008": "00", "P29_009": null }, "geometry": { "type": "Point", "coordinates": [ 136.48180924847702, 34.714552445993419 ] } },
{ "type": "Feature", "properties": { "P29_001": "24201", "P29_002": "B124220120113", "P29_003": "16001", "P29_004": "津市立安東小学校", "P29_005": "三重県津市納所町245", "P29_006": "3", "P29_007": "1", "P29_008": "00", "P29_009": null }, "geometry": { "type": "Point", "coordinates": [ 136.486206003228602, 34.733175026777602 ] } },
{ "type": "Feature", "properties": { "P29_001": "24201", "P29_002": "B124220120122", "P29_003": "16001", "P29_004": "津市立櫛形小学校", "P29_005": "三重県津市分部1211-1", "P29_006": "3", "P29_007": "1", "P29_008": "00", "P29_009": null }, "geometry": { "type": "Point", "coordinates": [ 136.456173836212429, 34.729481580074868 ] } },
{ "type": "Feature", "properties": { "P29_001": "24201", "P29_002": "B124220120131", "P29_003": "16001", "P29_004": "津市立雲出小学校", "P29_005": "三重県津市雲出本郷町1164", "P29_006": "3", "P29_007": "1", "P29_008": "00", "P29_009": null }, "geometry": { "type": "Point", "coordinates": [ 136.524038779166858, 34.662578697265872 ] } },
{ "type": "Feature", "properties": { "P29_001": "24201", "P29_002": "B124220120140", "P29_003": "16001", "P29_004": "津市立一身田小学校", "P29_005": "三重県津市一身田大古曽355", "P29_006": "3", "P29_007": "1", "P29_008": "00", "P29_009": null }, "geometry": { "type": "Point", "coordinates": [ 136.502487760990704, 34.759831066673065 ] } },
{ "type": "Feature", "properties": { "P29_001": "24201", "P29_002": "B124220120159", "P29_003": "16001", "P29_004": "津市立白塚小学校", "P29_005": "三重県津市白塚町4463", "P29_006": "3", "P29_007": "1", "P29_008": "00", "P29_009": null }, "geometry": { "type": "Point", "coordinates": [ 136.528451751378356, 34.760599138905093 ] } },
{ "type": "Feature", "properties": { "P29_001": "24201", "P29_002": "B124220120168", "P29_003": "16001", "P29_004": "津市立栗真小学校", "P29_005": "三重県津市栗真中山町452", "P29_006": "3", "P29_007": "1", "P29_008": "00", "P29_009": null }, "geometry": { "type": "Point", "coordinates": [ 136.522564992412697, 34.761005461979309 ] } },
{ "type": "Feature", "properties": { "P29_001": "24201", "P29_002": "B124220120177", "P29_003": "16001", "P29_004": "津市立栗真小学校国児分校", "P29_005": "三重県津市栗真町屋町524", "P29_006": "3", "P29_007": "1", "P29_008": "00", "P29_009": null }, "geometry": { "type": "Point", "coordinates": [ 136.52327608157492, 34.747812176706709 ] } },
{ "type": "Feature", "properties": { "P29_001": "24201", "P29_002": "B124220120186", "P29_003": "16001", "P29_004": "津市立片田小学校", "P29_005": "三重県津市片田井戸町22", "P29_006": "3", "P29_007": "1", "P29_008": "00", "P29_009": null }, "geometry": { "type": "Point", "coordinates": [ 136.4423995927487, 34.711406238802297 ] } },
{ "type": "Feature", "properties": { "P29_001": "24201", "P29_002": "B124220120195", "P29_003": "16001", "P29_004": "津市立大里小学校", "P29_005": "三重県津市大里窪田町1821", "P29_006": "3", "P29_007": "1", "P29_008": "00", "P29_009": null }, "geometry": { "type": "Point", "coordinates": [ 136.492349505790799, 34.770811136014473 ] } },
{ "type": "Feature", "properties": { "P29_001": "24201", "P29_002": "B124220120202", "P29_003": "16001", "P29_004": "津市立高野尾小学校", "P29_005": "三重県津市高野尾町5226-1", "P29_006": "3", "P29_007": "1", "P29_008": "00", "P29_009": null }, "geometry": { "type": "Point", "coordinates": [ 136.461958997616335, 34.792786003639613 ] } },
{ "type": "Feature", "properties": { "P29_001": "24201", "P29_002": "B124220120211", "P29_003": "16001", "P29_004": "津市立西が丘小学校", "P29_005": "三重県津市長岡町800-437", "P29_006": "3", "P29_007": "1", "P29_008": "00", "P29_009": null }, "geometry": { "type": "Point", "coordinates": [ 136.491460130241308, 34.744784190981967 ] } },
{ "type": "Feature", "properties": { "P29_001": "24201", "P29_002": "B124220120220", "P29_003": "16001", "P29_004": "津市立豊が丘小学校", "P29_005": "三重県津市豊が丘2-34-1", "P29_006": "3", "P29_007": "1", "P29_008": "00", "P29_009": null }, "geometry": { "type": "Point", "coordinates": [ 136.472781233145497, 34.808079919485095 ] } },
{ "type": "Feature", "properties": { "P29_001": "24201", "P29_002": "B124220120239", "P29_003": "16001", "P29_004": "津市立南が丘小学校", "P29_005": "三重県津市垂水2538-1", "P29_006": "3", "P29_007": "1", "P29_008": "00", "P29_009": null }, "geometry": { "type": "Point", "coordinates": [ 136.49589591294145, 34.689770924572187 ] } },
{ "type": "Feature", "properties": { "P29_001": "24201", "P29_002": "B124220120248", "P29_003": "16001", "P29_004": "津市立上野小学校", "P29_005": "三重県津市河芸町上野2963", "P29_006": "3", "P29_007": "1", "P29_008": "00", "P29_009": null }, "geometry": { "type": "Point", "coordinates": [ 136.548687308382398, 34.79492365812348 ] } },
{ "type": "Feature", "properties": { "P29_001": "24201", "P29_002": "B124220120257", "P29_003": "16001", "P29_004": "津市立豊津小学校", "P29_005": "三重県津市河芸町一色1680", "P29_006": "3", "P29_007": "1", "P29_008": "00", "P29_009": null }, "geometry": { "type": "Point", "coordinates": [ 136.543643403479763, 34.783100362120592 ] } },
{ "type": "Feature", "properties": { "P29_001": "24201", "P29_002": "B124220120266", "P29_003": "16001", "P29_004": "津市立黒田小学校", "P29_005": "三重県津市河芸町北黒田109-1", "P29_006": "3", "P29_007": "1", "P29_008": "00", "P29_009": null }, "geometry": { "type": "Point", "coordinates": [ 136.520710456408409, 34.788952413671147 ] } },
{ "type": "Feature", "properties": { "P29_001": "24201", "P29_002": "B124220120275", "P29_003": "16001", "P29_004": "津市立千里ヶ丘小学校", "P29_005": "三重県津市河芸町千里ヶ丘13", "P29_006": "3", "P29_007": "1", "P29_008": "00", "P29_009": null }, "geometry": { "type": "Point", "coordinates": [ 136.548658637834762, 34.805110923516459 ] } },
{ "type": "Feature", "properties": { "P29_001": "24201", "P29_002": "B124220120284", "P29_003": "16001", "P29_004": "津市立明小学校", "P29_005": "三重県津市芸濃町林325", "P29_006": "3", "P29_007": "1", "P29_008": "00", "P29_009": null }, "geometry": { "type": "Point", "coordinates": [ 136.420578235389542, 34.82831932127246 ] } },
{ "type": "Feature", "properties": { "P29_001": "24201", "P29_002": "B124220120293", "P29_003": "16001", "P29_004": "津市立芸濃小学校", "P29_005": "三重県津市芸濃町椋本5047", "P29_006": "3", "P29_007": "1", "P29_008": "00", "P29_009": null }, "geometry": { "type": "Point", "coordinates": [ 136.427704051825373, 34.810997421733212 ] } },
{ "type": "Feature", "properties": { "P29_001": "24201", "P29_002": "B124220120300", "P29_003": "16001", "P29_004": "津市立明合小学校", "P29_005": "三重県津市安濃町粟加978", "P29_006": "3", "P29_007": "1", "P29_008": "00", "P29_009": null }, "geometry": { "type": "Point", "coordinates": [ 136.437138743748619, 34.777046683752538 ] } },
{ "type": "Feature", "properties": { "P29_001": "24201", "P29_002": "B124220120319", "P29_003": "16001", "P29_004": "津市立安濃小学校", "P29_005": "三重県津市安濃町内多451", "P29_006": "3", "P29_007": "1", "P29_008": "00", "P29_009": null }, "geometry": { "type": "Point", "coordinates": [ 136.459193718041547, 34.758989836843952 ] } },
{ "type": "Feature", "properties": { "P29_001": "24201", "P29_002": "B124220120328", "P29_003": "16001", "P29_004": "津市立村主小学校", "P29_005": "三重県津市安濃町連部68", "P29_006": "3", "P29_007": "1", "P29_008": "00", "P29_009": null }, "geometry": { "type": "Point", "coordinates": [ 136.451300001047116, 34.750182996155615 ] } },
{ "type": "Feature", "properties": { "P29_001": "24201", "P29_002": "B124220120337", "P29_003": "16001", "P29_004": "津市立草生小学校", "P29_005": "三重県津市安濃町草生4209", "P29_006": "3", "P29_007": "1", "P29_008": "00", "P29_009": null }, "geometry": { "type": "Point", "coordinates": [ 136.426840442048103, 34.764037795642039 ] } },
{ "type": "Feature", "properties": { "P29_001": "24201", "P29_002": "B124220120346", "P29_003": "16001", "P29_004": "津市立誠之小学校", "P29_005": "三重県津市久居西鷹跡町424", "P29_006": "3", "P29_007": "1", "P29_008": "00", "P29_009": null }, "geometry": { "type": "Point", "coordinates": [ 136.464990585868037, 34.675053158581505 ] } },
{ "type": "Feature", "properties": { "P29_001": "24201", "P29_002": "B124220120355", "P29_003": "16001", "P29_004": "津市立成美小学校", "P29_005": "三重県津市久居新町737", "P29_006": "3", "P29_007": "1", "P29_008": "00", "P29_009": null }, "geometry": { "type": "Point", "coordinates": [ 136.477170345547108, 34.677549856005434 ] } },
{ "type": "Feature", "properties": { "P29_001": "24201", "P29_002": "B124220120364", "P29_003": "16001", "P29_004": "津市立立成小学校", "P29_005": "三重県津市野村町560", "P29_006": "3", "P29_007": "1", "P29_008": "00", "P29_009": null }, "geometry": { "type": "Point", "coordinates": [ 136.489196359294908, 34.677584701802701 ] } },
{ "type": "Feature", "properties": { "P29_001": "24201", "P29_002": "B124220120373", "P29_003": "16001", "P29_004": "津市立桃園小学校", "P29_005": "三重県津市新家町1350", "P29_006": "3", "P29_007": "1", "P29_008": "00", "P29_009": null }, "geometry": { "type": "Point", "coordinates": [ 136.486307889082127, 34.660345616912991 ] } },
{ "type": "Feature", "properties": { "P29_001": "24201", "P29_002": "B124220120382", "P29_003": "16001", "P29_004": "津市立戸木小学校", "P29_005": "三重県津市戸木町880", "P29_006": "3", "P29_007": "1", "P29_008": "00", "P29_009": null }, "geometry": { "type": "Point", "coordinates": [ 136.452831359797244, 34.676206157454686 ] } },
{ "type": "Feature", "properties": { "P29_001": "24201", "P29_002": "B124220120391", "P29_003": "16001", "P29_004": "津市立栗葉小学校", "P29_005": "三重県津市森町270", "P29_006": "3", "P29_007": "1", "P29_008": "00", "P29_009": null }, "geometry": { "type": "Point", "coordinates": [ 136.410879886810818, 34.679145155555645 ] } },
{ "type": "Feature", "properties": { "P29_001": "24201", "P29_002": "B124220120408", "P29_003": "16001", "P29_004": "津市立榊原小学校", "P29_005": "三重県津市榊原町5848", "P29_006": "3", "P29_007": "1", "P29_008": "00", "P29_009": null }, "geometry": { "type": "Point", "coordinates": [ 136.372362441841318, 34.705384851882961 ] } },
{ "type": "Feature", "properties": { "P29_001": "24201", "P29_002": "B124220120417", "P29_003": "16001", "P29_004": "津市立香良洲小学校", "P29_005": "三重県津市香良洲町2190-1", "P29_006": "3", "P29_007": "1", "P29_008": "00", "P29_009": null }, "geometry": { "type": "Point", "coordinates": [ 136.542180313700101, 34.64569510439518 ] } },
{ "type": "Feature", "properties": { "P29_001": "24201", "P29_002": "B124220120426", "P29_003": "16001", "P29_004": "津市立一志西小学校", "P29_005": "三重県津市一志町田尻353-1", "P29_006": "3", "P29_007": "1", "P29_008": "00", "P29_009": null }, "geometry": { "type": "Point", "coordinates": [ 136.426702256403331, 34.656203159746532 ] } },
{ "type": "Feature", "properties": { "P29_001": "24201", "P29_002": "B124220120435", "P29_003": "16001", "P29_004": "津市立一志東小学校", "P29_005": "三重県津市一志町八太785-1", "P29_006": "3", "P29_007": "1", "P29_008": "00", "P29_009": null }, "geometry": { "type": "Point", "coordinates": [ 136.446749255283208, 34.652669536737889 ] } },
{ "type": "Feature", "properties": { "P29_001": "24201", "P29_002": "B124220120444", "P29_003": "16001", "P29_004": "津市立家城小学校", "P29_005": "三重県津市白山町南家城647", "P29_006": "3", "P29_007": "1", "P29_008": "00", "P29_009": null }, "geometry": { "type": "Point", "coordinates": [ 136.31380587119952, 34.627435706489386 ] } },
{ "type": "Feature", "properties": { "P29_001": "24201", "P29_002": "B124220120453", "P29_003": "16001", "P29_004": "津市立川口小学校", "P29_005": "三重県津市白山町川口1991", "P29_006": "3", "P29_007": "1", "P29_008": "00", "P29_009": null }, "geometry": { "type": "Point", "coordinates": [ 136.348141046125363, 34.642639245202112 ] } },
{ "type": "Feature", "properties": { "P29_001": "24201", "P29_002": "B124220120462", "P29_003": "16001", "P29_004": "津市立八ツ山小学校", "P29_005": "三重県津市白山町八対野2480", "P29_006": "3", "P29_007": "1", "P29_008": "00", "P29_009": null }, "geometry": { "type": "Point", "coordinates": [ 136.326961136265453, 34.649184800608779 ] } },
{ "type": "Feature", "properties": { "P29_001": "24201", "P29_002": "B124220120471", "P29_003": "16001", "P29_004": "津市立大三小学校", "P29_005": "三重県津市白山町二本木296", "P29_006": "3", "P29_007": "1", "P29_008": "00", "P29_009": null }, "geometry": { "type": "Point", "coordinates": [ 136.373173851350032, 34.664067141343558 ] } },
{ "type": "Feature", "properties": { "P29_001": "24201", "P29_002": "B124220120480", "P29_003": "16001", "P29_004": "津市立倭小学校", "P29_005": "三重県津市白山町上ノ村183", "P29_006": "3", "P29_007": "1", "P29_008": "00", "P29_009": null }, "geometry": { "type": "Point", "coordinates": [ 136.335339730638026, 34.667476797033054 ] } },
{ "type": "Feature", "properties": { "P29_001": "24201", "P29_002": "B124220120499", "P29_003": "16001", "P29_004": "津市立美杉小学校", "P29_005": "三重県津市美杉町奥津1025", "P29_006": "3", "P29_007": "1", "P29_008": "00", "P29_009": null }, "geometry": { "type": "Point", "coordinates": [ 136.266174076157654, 34.511961968562034 ] } },
{ "type": "Feature", "properties": { "P29_001": "24202", "P29_002": "B124220220014", "P29_003": "16001", "P29_004": "四日市市立中部西小学校", "P29_005": "三重県四日市市北町2-23", "P29_006": "3", "P29_007": "1", "P29_008": "00", "P29_009": null }, "geometry": { "type": "Point", "coordinates": [ 136.626879086462594, 34.97113646683534 ] } },
{ "type": "Feature", "properties": { "P29_001": "24202", "P29_002": "B124220220023", "P29_003": "16001", "P29_004": "四日市市立浜田小学校", "P29_005": "三重県四日市市北浜田町13-6", "P29_006": "3", "P29_007": "1", "P29_008": "00", "P29_009": null }, "geometry": { "type": "Point", "coordinates": [ 136.621912715070522, 34.962002467153489 ] } },
{ "type": "Feature", "properties": { "P29_001": "24202", "P29_002": "B124220220032", "P29_003": "16001", "P29_004": "四日市市立羽津小学校", "P29_005": "三重県四日市市大宮町16-35", "P29_006": "3", "P29_007": "1", "P29_008": "00", "P29_009": null }, "geometry": { "type": "Point", "coordinates": [ 136.630329499804475, 34.990744046593008 ] } },
{ "type": "Feature", "properties": { "P29_001": "24202", "P29_002": "B124220220041", "P29_003": "16001", "P29_004": "四日市市立海蔵小学校", "P29_005": "三重県四日市市東阿倉川578-1", "P29_006": "3", "P29_007": "1", "P29_008": "00", "P29_009": null }, "geometry": { "type": "Point", "coordinates": [ 136.620747344438627, 34.983148393030802 ] } },
{ "type": "Feature", "properties": { "P29_001": "24202", "P29_002": "B124220220050", "P29_003": "16001", "P29_004": "四日市市立富洲原小学校", "P29_005": "三重県四日市市富洲原31-14", "P29_006": "3", "P29_007": "1", "P29_008": "00", "P29_009": null }, "geometry": { "type": "Point", "coordinates": [ 136.661328639475983, 35.011193568138303 ] } },
{ "type": "Feature", "properties": { "P29_001": "24202", "P29_002": "B124220220069", "P29_003": "16001", "P29_004": "四日市市立富田小学校", "P29_005": "三重県四日市市富田1-24-49", "P29_006": "3", "P29_007": "1", "P29_008": "00", "P29_009": null }, "geometry": { "type": "Point", "coordinates": [ 136.650096560765348, 35.005548829249229 ] } },
{ "type": "Feature", "properties": { "P29_001": "24202", "P29_002": "B124220220078", "P29_003": "16001", "P29_004": "四日市市立日永小学校", "P29_005": "三重県四日市市日永4-5-13", "P29_006": "3", "P29_007": "1", "P29_008": "00", "P29_009": null }, "geometry": { "type": "Point", "coordinates": [ 136.601145973799476, 34.948949791948337 ] } },
{ "type": "Feature", "properties": { "P29_001": "24202", "P29_002": "B124220220087", "P29_003": "16001", "P29_004": "四日市市立四郷小学校", "P29_005": "三重県四日市市西日野町3207-1", "P29_006": "3", "P29_007": "1", "P29_008": "00", "P29_009": null }, "geometry": { "type": "Point", "coordinates": [ 136.583277004685868, 34.955245003084059 ] } },
{ "type": "Feature", "properties": { "P29_001": "24202", "P29_002": "B124220220096", "P29_003": "16001", "P29_004": "四日市市立高花平小学校", "P29_005": "三重県四日市市高花平2-1", "P29_006": "3", "P29_007": "1", "P29_008": "00", "P29_009": null }, "geometry": { "type": "Point", "coordinates": [ 136.553893962477503, 34.953680266491148 ] } },
{ "type": "Feature", "properties": { "P29_001": "24202", "P29_002": "B124220220103", "P29_003": "16001", "P29_004": "四日市市立常磐小学校", "P29_005": "三重県四日市市城西町9-14", "P29_006": "3", "P29_007": "1", "P29_008": "00", "P29_009": null }, "geometry": { "type": "Point", "coordinates": [ 136.603506371860618, 34.965422774712302 ] } },
{ "type": "Feature", "properties": { "P29_001": "24202", "P29_002": "B124220220112", "P29_003": "16001", "P29_004": "四日市市立内部小学校", "P29_005": "三重県四日市市采女町888-1", "P29_006": "3", "P29_007": "1", "P29_008": "00", "P29_009": null }, "geometry": { "type": "Point", "coordinates": [ 136.57755417706133, 34.927517391316435 ] } },
{ "type": "Feature", "properties": { "P29_001": "24202", "P29_002": "B124220220121", "P29_003": "16001", "P29_004": "四日市市立小山田小学校", "P29_005": "三重県四日市市山田町1373-1", "P29_006": "3", "P29_007": "1", "P29_008": "00", "P29_009": null }, "geometry": { "type": "Point", "coordinates": [ 136.533827848118847, 34.947053132646936 ] } },
{ "type": "Feature", "properties": { "P29_001": "24202", "P29_002": "B124220220130", "P29_003": "16001", "P29_004": "四日市市立河原田小学校", "P29_005": "三重県四日市市河原田町70", "P29_006": "3", "P29_007": "1", "P29_008": "00", "P29_009": null }, "geometry": { "type": "Point", "coordinates": [ 136.59681048123619, 34.915674383136171 ] } },
{ "type": "Feature", "properties": { "P29_001": "24202", "P29_002": "B124220220149", "P29_003": "16001", "P29_004": "四日市市立川島小学校", "P29_005": "三重県四日市市川島町2046", "P29_006": "3", "P29_007": "1", "P29_008": "00", "P29_009": null }, "geometry": { "type": "Point", "coordinates": [ 136.565926857950302, 34.970047316079807 ] } },
{ "type": "Feature", "properties": { "P29_001": "24202", "P29_002": "B124220220158", "P29_003": "16001", "P29_004": "四日市市立神前小学校", "P29_005": "三重県四日市市曽井町493-1", "P29_006": "3", "P29_007": "1", "P29_008": "00", "P29_009": null }, "geometry": { "type": "Point", "coordinates": [ 136.568078226828845, 34.984836543641329 ] } },
{ "type": "Feature", "properties": { "P29_001": "24202", "P29_002": "B124220220167", "P29_003": "16001", "P29_004": "四日市市立桜小学校", "P29_005": "三重県四日市市桜町1257", "P29_006": "3", "P29_007": "1", "P29_008": "00", "P29_009": null }, "geometry": { "type": "Point", "coordinates": [ 136.532059412574995, 34.99449607762174 ] } },
{ "type": "Feature", "properties": { "P29_001": "24202", "P29_002": "B124220220176", "P29_003": "16001", "P29_004": "四日市市立県小学校", "P29_005": "三重県四日市市赤水町1002", "P29_006": "3", "P29_007": "1", "P29_008": "00", "P29_009": null }, "geometry": { "type": "Point", "coordinates": [ 136.556304558283983, 35.011040693707358 ] } },
{ "type": "Feature", "properties": { "P29_001": "24202", "P29_002": "B124220220185", "P29_003": "16001", "P29_004": "四日市市立三重小学校", "P29_005": "三重県四日市市東坂部町222-2", "P29_006": "3", "P29_007": "1", "P29_008": "00", "P29_009": null }, "geometry": { "type": "Point", "coordinates": [ 136.598874825959882, 34.994186442878075 ] } },
{ "type": "Feature", "properties": { "P29_001": "24202", "P29_002": "B124220220194", "P29_003": "16001", "P29_004": "四日市市立大矢知興譲小学校", "P29_005": "三重県四日市市大矢知1212", "P29_006": "3", "P29_007": "1", "P29_008": "00", "P29_009": null }, "geometry": { "type": "Point", "coordinates": [ 136.633836706428553, 35.02101423555154 ] } },
{ "type": "Feature", "properties": { "P29_001": "24202", "P29_002": "B124220220201", "P29_003": "16001", "P29_004": "四日市市立八郷小学校", "P29_005": "三重県四日市市平津町99-1", "P29_006": "3", "P29_007": "1", "P29_008": "00", "P29_009": null }, "geometry": { "type": "Point", "coordinates": [ 136.626712456127819, 35.026616912947176 ] } },
{ "type": "Feature", "properties": { "P29_001": "24202", "P29_002": "B124220220210", "P29_003": "16001", "P29_004": "四日市市立下野小学校", "P29_005": "三重県四日市市朝明町475-1", "P29_006": "3", "P29_007": "1", "P29_008": "00", "P29_009": null }, "geometry": { "type": "Point", "coordinates": [ 136.588915329337823, 35.040805306298289 ] } },
{ "type": "Feature", "properties": { "P29_001": "24202", "P29_002": "B124220220229", "P29_003": "16001", "P29_004": "四日市市立水沢小学校", "P29_005": "三重県四日市市水沢町2491", "P29_006": "3", "P29_007": "1", "P29_008": "00", "P29_009": null }, "geometry": { "type": "Point", "coordinates": [ 136.478698816271418, 34.973307157205525 ] } },
{ "type": "Feature", "properties": { "P29_001": "24202", "P29_002": "B124220220238", "P29_003": "16001", "P29_004": "四日市市立保々小学校", "P29_005": "三重県四日市市西村町2741", "P29_006": "3", "P29_007": "1", "P29_008": "00", "P29_009": null }, "geometry": { "type": "Point", "coordinates": [ 136.559839417542548, 35.051690689804644 ] } },
{ "type": "Feature", "properties": { "P29_001": "24202", "P29_002": "B124220220247", "P29_003": "16001", "P29_004": "四日市市立泊山小学校", "P29_005": "三重県四日市市大字日永5530-19", "P29_006": "3", "P29_007": "1", "P29_008": "00", "P29_009": null }, "geometry": { "type": "Point", "coordinates": [ 136.586491266920774, 34.942845385071692 ] } },
{ "type": "Feature", "properties": { "P29_001": "24202", "P29_002": "B124220220256", "P29_003": "16001", "P29_004": "四日市市立常磐西小学校", "P29_005": "三重県四日市市松本764", "P29_006": "3", "P29_007": "1", "P29_008": "00", "P29_009": null }, "geometry": { "type": "Point", "coordinates": [ 136.586829545215465, 34.962952386372343 ] } },
{ "type": "Feature", "properties": { "P29_001": "24202", "P29_002": "B124220220265", "P29_003": "16001", "P29_004": "四日市市立三重西小学校", "P29_005": "三重県四日市市三重3-129", "P29_006": "3", "P29_007": "1", "P29_008": "00", "P29_009": null }, "geometry": { "type": "Point", "coordinates": [ 136.586383377835688, 34.990340475157922 ] } },
{ "type": "Feature", "properties": { "P29_001": "24202", "P29_002": "B124220220274", "P29_003": "16001", "P29_004": "四日市市立大谷台小学校", "P29_005": "三重県四日市市大谷台1-204", "P29_006": "3", "P29_007": "1", "P29_008": "00", "P29_009": null }, "geometry": { "type": "Point", "coordinates": [ 136.614812132424618, 35.001565935039729 ] } },
{ "type": "Feature", "properties": { "P29_001": "24202", "P29_002": "B124220220283", "P29_003": "16001", "P29_004": "四日市市立桜台小学校", "P29_005": "三重県四日市市桜台1-32", "P29_006": "3", "P29_007": "1", "P29_008": "00", "P29_009": null }, "geometry": { "type": "Point", "coordinates": [ 136.532669000192499, 34.986074995284753 ] } },
{ "type": "Feature", "properties": { "P29_001": "24202", "P29_002": "B124220220292", "P29_003": "16001", "P29_004": "四日市市立八郷西小学校", "P29_005": "三重県四日市市萱生町1086", "P29_006": "3", "P29_007": "1", "P29_008": "00", "P29_009": null }, "geometry": { "type": "Point", "coordinates": [ 136.603728964308658, 35.023027894925328 ] } },
{ "type": "Feature", "properties": { "P29_001": "24202", "P29_002": "B124220220309", "P29_003": "16001", "P29_004": "四日市市立三重北小学校", "P29_005": "三重県四日市市山之一色町90", "P29_006": "3", "P29_007": "1", "P29_008": "00", "P29_009": null }, "geometry": { "type": "Point", "coordinates": [ 136.6022108948778, 35.008546142471189 ] } },
{ "type": "Feature", "properties": { "P29_001": "24202", "P29_002": "B124220220318", "P29_003": "16001", "P29_004": "四日市市立羽津北小学校", "P29_005": "三重県四日市市大字羽津500", "P29_006": "3", "P29_007": "1", "P29_008": "00", "P29_009": null }, "geometry": { "type": "Point", "coordinates": [ 136.63646557011873, 34.998928231711453 ] } },
{ "type": "Feature", "properties": { "P29_001": "24202", "P29_002": "B124220220327", "P29_003": "16001", "P29_004": "四日市市立内部東小学校", "P29_005": "三重県四日市市釆女町423-4", "P29_006": "3", "P29_007": "1", "P29_008": "00", "P29_009": null }, "geometry": { "type": "Point", "coordinates": [ 136.580443870019423, 34.930865159838156 ] } },
{ "type": "Feature", "properties": { "P29_001": "24202", "P29_002": "B124220220336", "P29_003": "16001", "P29_004": "四日市市立中央小学校", "P29_005": "三重県四日市市元新町2-36", "P29_006": "3", "P29_007": "1", "P29_008": "00", "P29_009": null }, "geometry": { "type": "Point", "coordinates": [ 136.627667645264808, 34.967191608739512 ] } },
{ "type": "Feature", "properties": { "P29_001": "24202", "P29_002": "B124220220345", "P29_003": "16001", "P29_004": "四日市市立橋北小学校", "P29_005": "三重県四日市市川原町25-22", "P29_006": "3", "P29_007": "1", "P29_008": "00", "P29_009": null }, "geometry": { "type": "Point", "coordinates": [ 136.629378241641348, 34.974979466590788 ] } },
{ "type": "Feature", "properties": { "P29_001": "24202", "P29_002": "B124220220354", "P29_003": "16001", "P29_004": "四日市市立塩浜小学校", "P29_005": "三重県四日市市塩浜町一", "P29_006": "3", "P29_007": "1", "P29_008": "00", "P29_009": null }, "geometry": { "type": "Point", "coordinates": [ 136.63011564972544, 34.92941301571436 ] } },
{ "type": "Feature", "properties": { "P29_001": "24202", "P29_002": "B124220220363", "P29_003": "16001", "P29_004": "四日市市立笹川小学校", "P29_005": "三重県四日市市笹川6-25", "P29_006": "3", "P29_007": "1", "P29_008": "00", "P29_009": null }, "geometry": { "type": "Point", "coordinates": [ 136.576005112721134, 34.946901923261066 ] } },
{ "type": "Feature", "properties": { "P29_001": "24202", "P29_002": "B124220220372", "P29_003": "16001", "P29_004": "四日市市立楠小学校", "P29_005": "三重県四日市市楠町北五味塚2060-9", "P29_006": "3", "P29_007": "1", "P29_008": "00", "P29_009": null }, "geometry": { "type": "Point", "coordinates": [ 136.627509599644185, 34.914537032432484 ] } },
{ "type": "Feature", "properties": { "P29_001": "24203", "P29_002": "B124220320013", "P29_003": "16001", "P29_004": "伊勢市立進修小学校", "P29_005": "三重県伊勢市宇治浦田2-16-43", "P29_006": "3", "P29_007": "1", "P29_008": "00", "P29_009": null }, "geometry": { "type": "Point", "coordinates": [ 136.721745727527122, 34.469072917792005 ] } },
{ "type": "Feature", "properties": { "P29_001": "24203", "P29_002": "B124220320022", "P29_003": "16001", "P29_004": "伊勢市立修道小学校", "P29_005": "三重県伊勢市久世戸町5-1", "P29_006": "3", "P29_007": "1", "P29_008": "00", "P29_009": null }, "geometry": { "type": "Point", "coordinates": [ 136.723597332998821, 34.481581918985285 ] } },
{ "type": "Feature", "properties": { "P29_001": "24203", "P29_002": "B124220320031", "P29_003": "16001", "P29_004": "伊勢市立有緝小学校", "P29_005": "三重県伊勢市船江2-2-5", "P29_006": "3", "P29_007": "1", "P29_008": "00", "P29_009": null }, "geometry": { "type": "Point", "coordinates": [ 136.716030603251795, 34.497333642046009 ] } },
{ "type": "Feature", "properties": { "P29_001": "24203", "P29_002": "B124220320040", "P29_003": "16001", "P29_004": "伊勢市立早修小学校", "P29_005": "三重県伊勢市常磐3-10-19", "P29_006": "3", "P29_007": "1", "P29_008": "00", "P29_009": null }, "geometry": { "type": "Point", "coordinates": [ 136.696521613653402, 34.488485156335898 ] } },
{ "type": "Feature", "properties": { "P29_001": "24203", "P29_002": "B124220320059", "P29_003": "16001", "P29_004": "伊勢市立中島小学校", "P29_005": "三重県伊勢市二俣1-2-17", "P29_006": "3", "P29_007": "1", "P29_008": "00", "P29_009": null }, "geometry": { "type": "Point", "coordinates": [ 136.692226154668447, 34.4921652038311 ] } },
{ "type": "Feature", "properties": { "P29_001": "24203", "P29_002": "B124220320068", "P29_003": "16001", "P29_004": "伊勢市立明倫小学校", "P29_005": "三重県伊勢市岡本1-18-21", "P29_006": "3", "P29_007": "1", "P29_008": "00", "P29_009": null }, "geometry": { "type": "Point", "coordinates": [ 136.710385582951801, 34.484544045808647 ] } },
{ "type": "Feature", "properties": { "P29_001": "24203", "P29_002": "B124220320077", "P29_003": "16001", "P29_004": "伊勢市立厚生小学校", "P29_005": "三重県伊勢市一志町1-4", "P29_006": "3", "P29_007": "1", "P29_008": "00", "P29_009": null }, "geometry": { "type": "Point", "coordinates": [ 136.705179461186106, 34.492286621788324 ] } },
{ "type": "Feature", "properties": { "P29_001": "24203", "P29_002": "B124220320102", "P29_003": "16001", "P29_004": "伊勢市立佐八小学校", "P29_005": "三重県伊勢市佐八町2278-12", "P29_006": "3", "P29_007": "1", "P29_008": "00", "P29_009": null }, "geometry": { "type": "Point", "coordinates": [ 136.660223871200657, 34.464931268646268 ] } },
{ "type": "Feature", "properties": { "P29_001": "24203", "P29_002": "B124220320111", "P29_003": "16001", "P29_004": "伊勢市立宮山小学校", "P29_005": "三重県伊勢市旭町319", "P29_006": "3", "P29_007": "1", "P29_008": "00", "P29_009": null }, "geometry": { "type": "Point", "coordinates": [ 136.69755928553883, 34.474003308293028 ] } },
{ "type": "Feature", "properties": { "P29_001": "24203", "P29_002": "B124220320120", "P29_003": "16001", "P29_004": "伊勢市立浜郷小学校", "P29_005": "三重県伊勢市黒瀬町1648-1", "P29_006": "3", "P29_007": "1", "P29_008": "00", "P29_009": null }, "geometry": { "type": "Point", "coordinates": [ 136.736527243179182, 34.499559760257902 ] } },
{ "type": "Feature", "properties": { "P29_001": "24203", "P29_002": "B124220320139", "P29_003": "16001", "P29_004": "伊勢市立四郷小学校", "P29_005": "三重県伊勢市楠部町2484", "P29_006": "3", "P29_007": "1", "P29_008": "00", "P29_009": null }, "geometry": { "type": "Point", "coordinates": [ 136.737407638835776, 34.475230842573517 ] } },
{ "type": "Feature", "properties": { "P29_001": "24203", "P29_002": "B124220320148", "P29_003": "16001", "P29_004": "伊勢市立豊浜東小学校", "P29_005": "三重県伊勢市東豊浜町299-1", "P29_006": "3", "P29_007": "1", "P29_008": "00", "P29_009": null }, "geometry": { "type": "Point", "coordinates": [ 136.710459134099949, 34.529559464280737 ] } },
{ "type": "Feature", "properties": { "P29_001": "24203", "P29_002": "B124220320157", "P29_003": "16001", "P29_004": "伊勢市立豊浜西小学校", "P29_005": "三重県伊勢市西豊浜町1779", "P29_006": "3", "P29_007": "1", "P29_008": "00", "P29_009": null }, "geometry": { "type": "Point", "coordinates": [ 136.69433644641407, 34.520403771527455 ] } },
{ "type": "Feature", "properties": { "P29_001": "24203", "P29_002": "B124220320166", "P29_003": "16001", "P29_004": "伊勢市立北浜小学校", "P29_005": "三重県伊勢市村松町3285-1", "P29_006": "3", "P29_007": "1", "P29_008": "00", "P29_009": null }, "geometry": { "type": "Point", "coordinates": [ 136.690393226023673, 34.543942313557856 ] } },
{ "type": "Feature", "properties": { "P29_001": "24203", "P29_002": "B124220320175", "P29_003": "16001", "P29_004": "伊勢市立東大淀小学校", "P29_005": "三重県伊勢市東大淀町351", "P29_006": "3", "P29_007": "1", "P29_008": "00", "P29_009": null }, "geometry": { "type": "Point", "coordinates": [ 136.663170813975569, 34.556769086131844 ] } },
{ "type": "Feature", "properties": { "P29_001": "24203", "P29_002": "B124220320184", "P29_003": "16001", "P29_004": "伊勢市立城田小学校", "P29_005": "三重県伊勢市上地町1494", "P29_006": "3", "P29_007": "1", "P29_008": "00", "P29_009": null }, "geometry": { "type": "Point", "coordinates": [ 136.663832538503982, 34.490923845636935 ] } },
{ "type": "Feature", "properties": { "P29_001": "24203", "P29_002": "B124220320193", "P29_003": "16001", "P29_004": "伊勢市立上野小学校", "P29_005": "三重県伊勢市上野町2841-2", "P29_006": "3", "P29_007": "1", "P29_008": "00", "P29_009": null }, "geometry": { "type": "Point", "coordinates": [ 136.654128641685247, 34.434326537471968 ] } },
{ "type": "Feature", "properties": { "P29_001": "24203", "P29_002": "B124220320200", "P29_003": "16001", "P29_004": "伊勢市立二見浦小学校", "P29_005": "三重県伊勢市二見町光の街907-7", "P29_006": "3", "P29_007": "1", "P29_008": "00", "P29_009": null }, "geometry": { "type": "Point", "coordinates": [ 136.759824305076364, 34.498318559703122 ] } },
{ "type": "Feature", "properties": { "P29_001": "24203", "P29_002": "B124220320219", "P29_003": "16001", "P29_004": "伊勢市立小俣小学校", "P29_005": "三重県伊勢市小俣町元町663-1", "P29_006": "3", "P29_007": "1", "P29_008": "00", "P29_009": null }, "geometry": { "type": "Point", "coordinates": [ 136.673855101739548, 34.506819705014841 ] } },
{ "type": "Feature", "properties": { "P29_001": "24203", "P29_002": "B124220320228", "P29_003": "16001", "P29_004": "伊勢市立明野小学校", "P29_005": "三重県伊勢市小俣町明野1939", "P29_006": "3", "P29_007": "1", "P29_008": "00", "P29_009": null }, "geometry": { "type": "Point", "coordinates": [ 136.66216967999182, 34.515723801032372 ] } },
{ "type": "Feature", "properties": { "P29_001": "24203", "P29_002": "B124220320237", "P29_003": "16001", "P29_004": "伊勢市立御薗小学校", "P29_005": "三重県伊勢市御薗町長屋1074-9", "P29_006": "3", "P29_007": "1", "P29_008": "00", "P29_009": null }, "geometry": { "type": "Point", "coordinates": [ 136.709354662478319, 34.508775813725819 ] } },
{ "type": "Feature", "properties": { "P29_001": "24203", "P29_002": "B124220320246", "P29_003": "16001", "P29_004": "伊勢市立みなと小学校", "P29_005": "三重県伊勢市大湊町1282", "P29_006": "3", "P29_007": "1", "P29_008": "00", "P29_009": null }, "geometry": { "type": "Point", "coordinates": [ 136.733961002049199, 34.518224000661299 ] } },
{ "type": "Feature", "properties": { "P29_001": "24204", "P29_002": "B124220420012", "P29_003": "16001", "P29_004": "松阪市立第一小学校", "P29_005": "三重県松阪市殿町1349-1", "P29_006": "3", "P29_007": "1", "P29_008": "00", "P29_009": null }, "geometry": { "type": "Point", "coordinates": [ 136.529147295831876, 34.575519457853481 ] } },
{ "type": "Feature", "properties": { "P29_001": "24204", "P29_002": "B124220420021", "P29_003": "16001", "P29_004": "松阪市立第一小学校市民病院分校", "P29_005": "三重県松阪市殿町1550", "P29_006": "3", "P29_007": "1", "P29_008": "00", "P29_009": null }, "geometry": { "type": "Point", "coordinates": [ 136.526130370739935, 34.577412272667168 ] } },
{ "type": "Feature", "properties": { "P29_001": "24204", "P29_002": "B124220420030", "P29_003": "16001", "P29_004": "松阪市立第二小学校", "P29_005": "三重県松阪市垣鼻町633", "P29_006": "3", "P29_007": "1", "P29_008": "00", "P29_009": null }, "geometry": { "type": "Point", "coordinates": [ 136.538124995015039, 34.567065998186806 ] } },
{ "type": "Feature", "properties": { "P29_001": "24204", "P29_002": "B124220420049", "P29_003": "16001", "P29_004": "松阪市立第三小学校", "P29_005": "三重県松阪市西之庄町150", "P29_006": "3", "P29_007": "1", "P29_008": "00", "P29_009": null }, "geometry": { "type": "Point", "coordinates": [ 136.52474497953628, 34.581309075826631 ] } },
{ "type": "Feature", "properties": { "P29_001": "24204", "P29_002": "B124220420058", "P29_003": "16001", "P29_004": "松阪市立第四小学校", "P29_005": "三重県松阪市鎌田町428-4", "P29_006": "3", "P29_007": "1", "P29_008": "00", "P29_009": null }, "geometry": { "type": "Point", "coordinates": [ 136.53897863758931, 34.583174461432101 ] } },
{ "type": "Feature", "properties": { "P29_001": "24204", "P29_002": "B124220420067", "P29_003": "16001", "P29_004": "松阪市立第五小学校", "P29_005": "三重県松阪市久保町276", "P29_006": "3", "P29_007": "1", "P29_008": "00", "P29_009": null }, "geometry": { "type": "Point", "coordinates": [ 136.540532031801149, 34.561957141465797 ] } },
{ "type": "Feature", "properties": { "P29_001": "24204", "P29_002": "B124220420076", "P29_003": "16001", "P29_004": "松阪市立幸小学校", "P29_005": "三重県松阪市殿町1198-2", "P29_006": "3", "P29_007": "1", "P29_008": "00", "P29_009": null }, "geometry": { "type": "Point", "coordinates": [ 136.524225997498689, 34.572250040504386 ] } },
{ "type": "Feature", "properties": { "P29_001": "24204", "P29_002": "B124220420085", "P29_003": "16001", "P29_004": "松阪市立松江小学校", "P29_005": "三重県松阪市川井町380-1", "P29_006": "3", "P29_007": "1", "P29_008": "00", "P29_009": null }, "geometry": { "type": "Point", "coordinates": [ 136.516657320364317, 34.582248359230562 ] } },
{ "type": "Feature", "properties": { "P29_001": "24204", "P29_002": "B124220420094", "P29_003": "16001", "P29_004": "松阪市立伊勢寺小学校", "P29_005": "三重県松阪市伊勢寺町26", "P29_006": "3", "P29_007": "1", "P29_008": "00", "P29_009": null }, "geometry": { "type": "Point", "coordinates": [ 136.482906625683995, 34.57186558655085 ] } },
{ "type": "Feature", "properties": { "P29_001": "24204", "P29_002": "B124220420101", "P29_003": "16001", "P29_004": "松阪市立阿坂小学校", "P29_005": "三重県松阪市小阿坂町3325", "P29_006": "3", "P29_007": "1", "P29_008": "00", "P29_009": null }, "geometry": { "type": "Point", "coordinates": [ 136.472215327543154, 34.590456766502513 ] } },
{ "type": "Feature", "properties": { "P29_001": "24204", "P29_002": "B124220420110", "P29_003": "16001", "P29_004": "松阪市立松ケ崎小学校", "P29_005": "三重県松阪市松崎浦町751-2", "P29_006": "3", "P29_007": "1", "P29_008": "00", "P29_009": null }, "geometry": { "type": "Point", "coordinates": [ 136.522638872461869, 34.611021223067439 ] } },
{ "type": "Feature", "properties": { "P29_001": "24204", "P29_002": "B124220420129", "P29_003": "16001", "P29_004": "松阪市立港小学校", "P29_005": "三重県松阪市荒木町16", "P29_006": "3", "P29_007": "1", "P29_008": "00", "P29_009": null }, "geometry": { "type": "Point", "coordinates": [ 136.537256606212821, 34.592397905716773 ] } },
{ "type": "Feature", "properties": { "P29_001": "24204", "P29_002": "B124220420138", "P29_003": "16001", "P29_004": "松阪市立東黒部小学校", "P29_005": "三重県松阪市垣内田町6-1", "P29_006": "3", "P29_007": "1", "P29_008": "00", "P29_009": null }, "geometry": { "type": "Point", "coordinates": [ 136.598188305466749, 34.588906674649287 ] } },
{ "type": "Feature", "properties": { "P29_001": "24204", "P29_002": "B124220420147", "P29_003": "16001", "P29_004": "松阪市立西黒部小学校", "P29_005": "三重県松阪市西黒部町713-1", "P29_006": "3", "P29_007": "1", "P29_008": "00", "P29_009": null }, "geometry": { "type": "Point", "coordinates": [ 136.574391948955707, 34.586456053189082 ] } },
{ "type": "Feature", "properties": { "P29_001": "24204", "P29_002": "B124220420156", "P29_003": "16001", "P29_004": "松阪市立機殿小学校", "P29_005": "三重県松阪市六根町16-1", "P29_006": "3", "P29_007": "1", "P29_008": "00", "P29_009": null }, "geometry": { "type": "Point", "coordinates": [ 136.600296424633086, 34.568767037607728 ] } },
{ "type": "Feature", "properties": { "P29_001": "24204", "P29_002": "B124220420165", "P29_003": "16001", "P29_004": "松阪市立朝見小学校", "P29_005": "三重県松阪市大宮田町195", "P29_006": "3", "P29_007": "1", "P29_008": "00", "P29_009": null }, "geometry": { "type": "Point", "coordinates": [ 136.574285132655206, 34.570877673231458 ] } },
{ "type": "Feature", "properties": { "P29_001": "24204", "P29_002": "B124220420174", "P29_003": "16001", "P29_004": "松阪市立てい水小学校", "P29_005": "三重県松阪市豊原町1120", "P29_006": "3", "P29_007": "1", "P29_008": "00", "P29_009": null }, "geometry": { "type": "Point", "coordinates": [ 136.582882117225779, 34.547741229102833 ] } },
{ "type": "Feature", "properties": { "P29_001": "24204", "P29_002": "B124220420183", "P29_003": "16001", "P29_004": "松阪市立漕代小学校", "P29_005": "三重県松阪市目田町207", "P29_006": "3", "P29_007": "1", "P29_008": "00", "P29_009": null }, "geometry": { "type": "Point", "coordinates": [ 136.588098757855192, 34.538812926079622 ] } },
{ "type": "Feature", "properties": { "P29_001": "24204", "P29_002": "B124220420192", "P29_003": "16001", "P29_004": "松阪市立花岡小学校", "P29_005": "三重県松阪市大黒田町757", "P29_006": "3", "P29_007": "1", "P29_008": "00", "P29_009": null }, "geometry": { "type": "Point", "coordinates": [ 136.522219202421923, 34.560035461241029 ] } },
{ "type": "Feature", "properties": { "P29_001": "24204", "P29_002": "B124220420209", "P29_003": "16001", "P29_004": "松阪市立松尾小学校", "P29_005": "三重県松阪市丹生寺町566", "P29_006": "3", "P29_007": "1", "P29_008": "00", "P29_009": null }, "geometry": { "type": "Point", "coordinates": [ 136.492347706178464, 34.54969819740738 ] } },
{ "type": "Feature", "properties": { "P29_001": "24204", "P29_002": "B124220420218", "P29_003": "16001", "P29_004": "松阪市立大河内小学校", "P29_005": "三重県松阪市矢津町1775", "P29_006": "3", "P29_007": "1", "P29_008": "00", "P29_009": null }, "geometry": { "type": "Point", "coordinates": [ 136.475363229344879, 34.53175854722344 ] } },
{ "type": "Feature", "properties": { "P29_001": "24204", "P29_002": "B124220420227", "P29_003": "16001", "P29_004": "松阪市立南小学校", "P29_005": "三重県松阪市小片野町945", "P29_006": "3", "P29_007": "1", "P29_008": "00", "P29_009": null }, "geometry": { "type": "Point", "coordinates": [ 136.441058029914785, 34.481814764025891 ] } },
{ "type": "Feature", "properties": { "P29_001": "24204", "P29_002": "B124220420236", "P29_003": "16001", "P29_004": "松阪市立射和小学校", "P29_005": "三重県松阪市射和町557-1", "P29_006": "3", "P29_007": "1", "P29_008": "00", "P29_009": null }, "geometry": { "type": "Point", "coordinates": [ 136.539012948258659, 34.508800989667037 ] } },
{ "type": "Feature", "properties": { "P29_001": "24204", "P29_002": "B124220420245", "P29_003": "16001", "P29_004": "松阪市立山室山小学校", "P29_005": "三重県松阪市光町1", "P29_006": "3", "P29_007": "1", "P29_008": "00", "P29_009": null }, "geometry": { "type": "Point", "coordinates": [ 136.517657267121507, 34.549150635577497 ] } },
{ "type": "Feature", "properties": { "P29_001": "24204", "P29_002": "B124220420254", "P29_003": "16001", "P29_004": "松阪市立徳和小学校", "P29_005": "三重県松阪市上川町197-4", "P29_006": "3", "P29_007": "1", "P29_008": "00", "P29_009": null }, "geometry": { "type": "Point", "coordinates": [ 136.550719780596012, 34.547948878610569 ] } },
{ "type": "Feature", "properties": { "P29_001": "24204", "P29_002": "B124220420263", "P29_003": "16001", "P29_004": "松阪市立豊地小学校", "P29_005": "三重県松阪市嬉野堀之内町229", "P29_006": "3", "P29_007": "1", "P29_008": "00", "P29_009": null }, "geometry": { "type": "Point", "coordinates": [ 136.459269523320728, 34.621636141931447 ] } },
{ "type": "Feature", "properties": { "P29_001": "24204", "P29_002": "B124220420272", "P29_003": "16001", "P29_004": "松阪市立中川小学校", "P29_005": "三重県松阪市嬉野中川町1057", "P29_006": "3", "P29_007": "1", "P29_008": "00", "P29_009": null }, "geometry": { "type": "Point", "coordinates": [ 136.472728752083214, 34.635765466270605 ] } },
{ "type": "Feature", "properties": { "P29_001": "24204", "P29_002": "B124220420281", "P29_003": "16001", "P29_004": "松阪市立豊田小学校", "P29_005": "三重県松阪市嬉野川北町1338-2", "P29_006": "3", "P29_007": "1", "P29_008": "00", "P29_009": null }, "geometry": { "type": "Point", "coordinates": [ 136.497019424234736, 34.631291366920728 ] } },
{ "type": "Feature", "properties": { "P29_001": "24204", "P29_002": "B124220420290", "P29_003": "16001", "P29_004": "松阪市立中原小学校", "P29_005": "三重県松阪市嬉野田村町44", "P29_006": "3", "P29_007": "1", "P29_008": "00", "P29_009": null }, "geometry": { "type": "Point", "coordinates": [ 136.486731995466215, 34.610604404564711 ] } },
{ "type": "Feature", "properties": { "P29_001": "24204", "P29_002": "B124220420307", "P29_003": "16001", "P29_004": "松阪市立天白小学校", "P29_005": "三重県松阪市曽原町774", "P29_006": "3", "P29_007": "1", "P29_008": "00", "P29_009": null }, "geometry": { "type": "Point", "coordinates": [ 136.518412417948269, 34.622814263003178 ] } },
{ "type": "Feature", "properties": { "P29_001": "24204", "P29_002": "B124220420316", "P29_003": "16001", "P29_004": "松阪市立鵲小学校", "P29_005": "三重県松阪市笠松町279", "P29_006": "3", "P29_007": "1", "P29_008": "00", "P29_009": null }, "geometry": { "type": "Point", "coordinates": [ 136.526770645931123, 34.635526879269634 ] } },
{ "type": "Feature", "properties": { "P29_001": "24204", "P29_002": "B124220420325", "P29_003": "16001", "P29_004": "松阪市立小野江小学校", "P29_005": "三重県松阪市小野江町355", "P29_006": "3", "P29_007": "1", "P29_008": "00", "P29_009": null }, "geometry": { "type": "Point", "coordinates": [ 136.509811013598267, 34.644103326301952 ] } },
{ "type": "Feature", "properties": { "P29_001": "24204", "P29_002": "B124220420334", "P29_003": "16001", "P29_004": "松阪市立米ノ庄小学校", "P29_005": "三重県松阪市市場庄町20", "P29_006": "3", "P29_007": "1", "P29_008": "00", "P29_009": null }, "geometry": { "type": "Point", "coordinates": [ 136.508875128070144, 34.601619028954005 ] } },
{ "type": "Feature", "properties": { "P29_001": "24204", "P29_002": "B124220420343", "P29_003": "16001", "P29_004": "松阪市立仁柿小学校", "P29_005": "三重県松阪市飯南町上仁柿194", "P29_006": "3", "P29_007": "1", "P29_008": "00", "P29_009": null }, "geometry": { "type": "Point", "coordinates": [ 136.37042726262095, 34.480724308208529 ] } },
{ "type": "Feature", "properties": { "P29_001": "24204", "P29_002": "B124220420352", "P29_003": "16001", "P29_004": "松阪市立有間野小学校", "P29_005": "三重県松阪市飯南町有間野1064", "P29_006": "3", "P29_007": "1", "P29_008": "00", "P29_009": null }, "geometry": { "type": "Point", "coordinates": [ 136.351666995215766, 34.436428167143468 ] } },
{ "type": "Feature", "properties": { "P29_001": "24204", "P29_002": "B124220420361", "P29_003": "16001", "P29_004": "松阪市立柿野小学校", "P29_005": "三重県松阪市飯南町深野3688", "P29_006": "3", "P29_007": "1", "P29_008": "00", "P29_009": null }, "geometry": { "type": "Point", "coordinates": [ 136.405682831965009, 34.474206164620298 ] } },
{ "type": "Feature", "properties": { "P29_001": "24204", "P29_002": "B124220420370", "P29_003": "16001", "P29_004": "松阪市立粥見小学校", "P29_005": "三重県松阪市飯南町粥見3969", "P29_006": "3", "P29_007": "1", "P29_008": "00", "P29_009": null }, "geometry": { "type": "Point", "coordinates": [ 136.391703411507791, 34.450063618337929 ] } },
{ "type": "Feature", "properties": { "P29_001": "24204", "P29_002": "B124220420389", "P29_003": "16001", "P29_004": "松阪市立香肌小学校", "P29_005": "三重県松阪市飯高町森1810-2", "P29_006": "3", "P29_007": "1", "P29_008": "00", "P29_009": null }, "geometry": { "type": "Point", "coordinates": [ 136.222263457126502, 34.387262205052295 ] } },
{ "type": "Feature", "properties": { "P29_001": "24204", "P29_002": "B124220420398", "P29_003": "16001", "P29_004": "松阪市立宮前小学校", "P29_005": "三重県松阪市飯高町宮前1022", "P29_006": "3", "P29_007": "1", "P29_008": "00", "P29_009": null }, "geometry": { "type": "Point", "coordinates": [ 136.334940740285447, 34.434942651340293 ] } },
{ "type": "Feature", "properties": { "P29_001": "24204", "P29_002": "B124220420405", "P29_003": "16001", "P29_004": "松阪市立波瀬小学校", "P29_005": "三重県松阪市飯高町波瀬675", "P29_006": "3", "P29_007": "1", "P29_008": "00", "P29_009": null }, "geometry": { "type": "Point", "coordinates": [ 136.151130637785627, 34.422368297941091 ] } },
{ "type": "Feature", "properties": { "P29_001": "24204", "P29_002": "B124220420414", "P29_003": "16001", "P29_004": "松阪市立川俣小学校", "P29_005": "三重県松阪市飯高町粟野481", "P29_006": "3", "P29_007": "1", "P29_008": "00", "P29_009": null }, "geometry": { "type": "Point", "coordinates": [ 136.250125380452658, 34.419926760699347 ] } },
{ "type": "Feature", "properties": { "P29_001": "24205", "P29_002": "B124220520011", "P29_003": "16001", "P29_004": "桑名市立日進小学校", "P29_005": "三重県桑名市新屋敷126", "P29_006": "3", "P29_007": "1", "P29_008": "00", "P29_009": null }, "geometry": { "type": "Point", "coordinates": [ 136.691023438539503, 35.056029155212819 ] } },
{ "type": "Feature", "properties": { "P29_001": "24205", "P29_002": "B124220520020", "P29_003": "16001", "P29_004": "桑名市立精義小学校", "P29_005": "三重県桑名市寿町3-28", "P29_006": "3", "P29_007": "1", "P29_008": "00", "P29_009": null }, "geometry": { "type": "Point", "coordinates": [ 136.689030424903279, 35.066271313121767 ] } },
{ "type": "Feature", "properties": { "P29_001": "24205", "P29_002": "B124220520039", "P29_003": "16001", "P29_004": "桑名市立立教小学校", "P29_005": "三重県桑名市吉之丸10", "P29_006": "3", "P29_007": "1", "P29_008": "00", "P29_009": null }, "geometry": { "type": "Point", "coordinates": [ 136.69757853238886, 35.062497898915787 ] } },
{ "type": "Feature", "properties": { "P29_001": "24205", "P29_002": "B124220520048", "P29_003": "16001", "P29_004": "桑名市立城東小学校", "P29_005": "三重県桑名市大字小貝須1883-2", "P29_006": "3", "P29_007": "1", "P29_008": "00", "P29_009": null }, "geometry": { "type": "Point", "coordinates": [ 136.699576021060921, 35.057052997790393 ] } },
{ "type": "Feature", "properties": { "P29_001": "24205", "P29_002": "B124220520057", "P29_003": "16001", "P29_004": "桑名市立益世小学校", "P29_005": "三重県桑名市益生町59", "P29_006": "3", "P29_007": "1", "P29_008": "00", "P29_009": null }, "geometry": { "type": "Point", "coordinates": [ 136.680191693525927, 35.057605313173781 ] } },
{ "type": "Feature", "properties": { "P29_001": "24205", "P29_002": "B124220520066", "P29_003": "16001", "P29_004": "桑名市立修徳小学校", "P29_005": "三重県桑名市東方302-5", "P29_006": "3", "P29_007": "1", "P29_008": "00", "P29_009": null }, "geometry": { "type": "Point", "coordinates": [ 136.684811532362346, 35.070721772426793 ] } },
{ "type": "Feature", "properties": { "P29_001": "24205", "P29_002": "B124220520075", "P29_003": "16001", "P29_004": "桑名市立大成小学校", "P29_005": "三重県桑名市東方2157", "P29_006": "3", "P29_007": "1", "P29_008": "00", "P29_009": null }, "geometry": { "type": "Point", "coordinates": [ 136.676877776875784, 35.073069212304247 ] } },
{ "type": "Feature", "properties": { "P29_001": "24205", "P29_002": "B124220520084", "P29_003": "16001", "P29_004": "桑名市立桑部小学校", "P29_005": "三重県桑名市桑部479-1", "P29_006": "3", "P29_007": "1", "P29_008": "00", "P29_009": null }, "geometry": { "type": "Point", "coordinates": [ 136.653002838014771, 35.050558873691656 ] } },
{ "type": "Feature", "properties": { "P29_001": "24205", "P29_002": "B124220520093", "P29_003": "16001", "P29_004": "桑名市立在良小学校", "P29_005": "三重県桑名市蓮花寺129-2", "P29_006": "3", "P29_007": "1", "P29_008": "00", "P29_009": null }, "geometry": { "type": "Point", "coordinates": [ 136.652570409616033, 35.058954883970976 ] } },
{ "type": "Feature", "properties": { "P29_001": "24205", "P29_002": "B124220520100", "P29_003": "16001", "P29_004": "桑名市立七和小学校", "P29_005": "三重県桑名市芳ヶ崎1232-2", "P29_006": "3", "P29_007": "1", "P29_008": "00", "P29_009": null }, "geometry": { "type": "Point", "coordinates": [ 136.619384278025677, 35.074644734789537 ] } },
{ "type": "Feature", "properties": { "P29_001": "24205", "P29_002": "B124220520119", "P29_003": "16001", "P29_004": "桑名市立深谷小学校", "P29_005": "三重県桑名市下深谷部3683-1", "P29_006": "3", "P29_007": "1", "P29_008": "00", "P29_009": null }, "geometry": { "type": "Point", "coordinates": [ 136.657658678078406, 35.101457310092698 ] } },
{ "type": "Feature", "properties": { "P29_001": "24205", "P29_002": "B124220520128", "P29_003": "16001", "P29_004": "桑名市立久米小学校", "P29_005": "三重県桑名市志知3846-1", "P29_006": "3", "P29_007": "1", "P29_008": "00", "P29_009": null }, "geometry": { "type": "Point", "coordinates": [ 136.616550078009396, 35.051316282195828 ] } },
{ "type": "Feature", "properties": { "P29_001": "24205", "P29_002": "B124220520137", "P29_003": "16001", "P29_004": "桑名市立城南小学校", "P29_005": "三重県桑名市和泉269-1", "P29_006": "3", "P29_007": "1", "P29_008": "00", "P29_009": null }, "geometry": { "type": "Point", "coordinates": [ 136.687143131200486, 35.044986154499227 ] } },
{ "type": "Feature", "properties": { "P29_001": "24205", "P29_002": "B124220520146", "P29_003": "16001", "P29_004": "桑名市立大和小学校", "P29_005": "三重県桑名市大字播磨770", "P29_006": "3", "P29_007": "1", "P29_008": "00", "P29_009": null }, "geometry": { "type": "Point", "coordinates": [ 136.669118174981918, 35.08051854131989 ] } },
{ "type": "Feature", "properties": { "P29_001": "24205", "P29_002": "B124220520155", "P29_003": "16001", "P29_004": "桑名市立大山田東小学校", "P29_005": "三重県桑名市筒尾8-11-1", "P29_006": "3", "P29_007": "1", "P29_008": "00", "P29_009": null }, "geometry": { "type": "Point", "coordinates": [ 136.643684350760566, 35.080877698571577 ] } },
{ "type": "Feature", "properties": { "P29_001": "24205", "P29_002": "B124220520164", "P29_003": "16001", "P29_004": "桑名市立大山田北小学校", "P29_005": "三重県桑名市大山田6-8", "P29_006": "3", "P29_007": "1", "P29_008": "00", "P29_009": null }, "geometry": { "type": "Point", "coordinates": [ 136.636135584003142, 35.08256290912896 ] } },
{ "type": "Feature", "properties": { "P29_001": "24205", "P29_002": "B124220520173", "P29_003": "16001", "P29_004": "桑名市立大山田西小学校", "P29_005": "三重県桑名市野田2-8", "P29_006": "3", "P29_007": "1", "P29_008": "00", "P29_009": null }, "geometry": { "type": "Point", "coordinates": [ 136.632332534542115, 35.079680238841746 ] } },
{ "type": "Feature", "properties": { "P29_001": "24205", "P29_002": "B124220520182", "P29_003": "16001", "P29_004": "桑名市立大山田南小学校", "P29_005": "三重県桑名市松ノ木6-11-1", "P29_006": "3", "P29_007": "1", "P29_008": "00", "P29_009": null }, "geometry": { "type": "Point", "coordinates": [ 136.640405290424439, 35.076087648353116 ] } },
{ "type": "Feature", "properties": { "P29_001": "24205", "P29_002": "B124220520191", "P29_003": "16001", "P29_004": "桑名市立藤が丘小学校", "P29_005": "三重県桑名市藤が丘6-109-1", "P29_006": "3", "P29_007": "1", "P29_008": "00", "P29_009": null }, "geometry": { "type": "Point", "coordinates": [ 136.648135828828629, 35.075041460637621 ] } },
{ "type": "Feature", "properties": { "P29_001": "24205", "P29_002": "B124220520208", "P29_003": "16001", "P29_004": "桑名市立星見ヶ丘小学校", "P29_005": "三重県桑名市星見ヶ丘8-501", "P29_006": "3", "P29_007": "1", "P29_008": "00", "P29_009": null }, "geometry": { "type": "Point", "coordinates": [ 136.634825998073893, 35.071565996489348 ] } },
{ "type": "Feature", "properties": { "P29_001": "24205", "P29_002": "B124220520217", "P29_003": "16001", "P29_004": "桑名市立多度東小学校", "P29_005": "三重県桑名市多度町下野代955", "P29_006": "3", "P29_007": "1", "P29_008": "00", "P29_009": null }, "geometry": { "type": "Point", "coordinates": [ 136.648769785199192, 35.120296471103728 ] } },
{ "type": "Feature", "properties": { "P29_001": "24205", "P29_002": "B124220520226", "P29_003": "16001", "P29_004": "桑名市立多度中小学校", "P29_005": "三重県桑名市多度町小山2060", "P29_006": "3", "P29_007": "1", "P29_008": "00", "P29_009": null }, "geometry": { "type": "Point", "coordinates": [ 136.638698379963444, 35.135302695280402 ] } },
{ "type": "Feature", "properties": { "P29_001": "24205", "P29_002": "B124220520235", "P29_003": "16001", "P29_004": "桑名市立多度北小学校", "P29_005": "三重県桑名市多度町香取2202", "P29_006": "3", "P29_007": "1", "P29_008": "00", "P29_009": null }, "geometry": { "type": "Point", "coordinates": [ 136.649170837907235, 35.139778774947573 ] } },
{ "type": "Feature", "properties": { "P29_001": "24205", "P29_002": "B124220520244", "P29_003": "16001", "P29_004": "桑名市立多度青葉小学校", "P29_005": "三重県桑名市多度町力尾2304-2", "P29_006": "3", "P29_007": "1", "P29_008": "00", "P29_009": null }, "geometry": { "type": "Point", "coordinates": [ 136.625289946904189, 35.118402212874798 ] } },
{ "type": "Feature", "properties": { "P29_001": "24205", "P29_002": "B124220520253", "P29_003": "16001", "P29_004": "桑名市立長島北部小学校", "P29_005": "三重県桑名市長島町西川423", "P29_006": "3", "P29_007": "1", "P29_008": "00", "P29_009": null }, "geometry": { "type": "Point", "coordinates": [ 136.685657432708581, 35.111670541919445 ] } },
{ "type": "Feature", "properties": { "P29_001": "24205", "P29_002": "B124220520262", "P29_003": "16001", "P29_004": "桑名市立長島中部小学校", "P29_005": "三重県桑名市長島町西外面2188", "P29_006": "3", "P29_007": "1", "P29_008": "00", "P29_009": null }, "geometry": { "type": "Point", "coordinates": [ 136.698354536073282, 35.092354001376364 ] } },
{ "type": "Feature", "properties": { "P29_001": "24205", "P29_002": "B124220520271", "P29_003": "16001", "P29_004": "桑名市立伊曽島小学校", "P29_005": "三重県桑名市長島町福吉567", "P29_006": "3", "P29_007": "1", "P29_008": "00", "P29_009": null }, "geometry": { "type": "Point", "coordinates": [ 136.716715579884919, 35.055690001017574 ] } },
{ "type": "Feature", "properties": { "P29_001": "24205", "P29_002": "B124220520280", "P29_003": "16001", "P29_004": "桑名市立伊曽島小学校悠分校", "P29_005": "三重県桑名市横満蔵568-3", "P29_006": "3", "P29_007": "1", "P29_008": "00", "P29_009": null }, "geometry": { "type": "Point", "coordinates": [ 136.722138048258785, 35.052540310733924 ] } },
{ "type": "Feature", "properties": { "P29_001": "24207", "P29_002": "B124220720019", "P29_003": "16001", "P29_004": "鈴鹿市立国府小学校", "P29_005": "三重県鈴鹿市国府町2373-1", "P29_006": "3", "P29_007": "1", "P29_008": "00", "P29_009": null }, "geometry": { "type": "Point", "coordinates": [ 136.509479134681015, 34.857654776053465 ] } },
{ "type": "Feature", "properties": { "P29_001": "24207", "P29_002": "B124220720028", "P29_003": "16001", "P29_004": "鈴鹿市立庄野小学校", "P29_005": "三重県鈴鹿市庄野東2-5-35", "P29_006": "3", "P29_007": "1", "P29_008": "00", "P29_009": null }, "geometry": { "type": "Point", "coordinates": [ 136.529952332652414, 34.878590959842938 ] } },
{ "type": "Feature", "properties": { "P29_001": "24207", "P29_002": "B124220720037", "P29_003": "16001", "P29_004": "鈴鹿市立加佐登小学校", "P29_005": "三重県鈴鹿市高塚町1069", "P29_006": "3", "P29_007": "1", "P29_008": "00", "P29_009": null }, "geometry": { "type": "Point", "coordinates": [ 136.515416459903491, 34.898355863969428 ] } },
{ "type": "Feature", "properties": { "P29_001": "24207", "P29_002": "B124220720046", "P29_003": "16001", "P29_004": "鈴鹿市立牧田小学校", "P29_005": "三重県鈴鹿市岡田1-29-1", "P29_006": "3", "P29_007": "1", "P29_008": "00", "P29_009": null }, "geometry": { "type": "Point", "coordinates": [ 136.548070900460715, 34.881813686343911 ] } },
{ "type": "Feature", "properties": { "P29_001": "24207", "P29_002": "B124220720055", "P29_003": "16001", "P29_004": "鈴鹿市立石薬師小学校", "P29_005": "三重県鈴鹿市石薬師町1713", "P29_006": "3", "P29_007": "1", "P29_008": "00", "P29_009": null }, "geometry": { "type": "Point", "coordinates": [ 136.547433711199972, 34.90381437913063 ] } },
{ "type": "Feature", "properties": { "P29_001": "24207", "P29_002": "B124220720064", "P29_003": "16001", "P29_004": "鈴鹿市立白子小学校", "P29_005": "三重県鈴鹿市白子1-12-12", "P29_006": "3", "P29_007": "1", "P29_008": "00", "P29_009": null }, "geometry": { "type": "Point", "coordinates": [ 136.587433126637052, 34.831141697500378 ] } },
{ "type": "Feature", "properties": { "P29_001": "24207", "P29_002": "B124220720073", "P29_003": "16001", "P29_004": "鈴鹿市立愛宕小学校", "P29_005": "三重県鈴鹿市東江島町23-15", "P29_006": "3", "P29_007": "1", "P29_008": "00", "P29_009": null }, "geometry": { "type": "Point", "coordinates": [ 136.599314512617099, 34.841024688445238 ] } },
{ "type": "Feature", "properties": { "P29_001": "24207", "P29_002": "B124220720082", "P29_003": "16001", "P29_004": "鈴鹿市立稲生小学校", "P29_005": "三重県鈴鹿市稲生3-10-1", "P29_006": "3", "P29_007": "1", "P29_008": "00", "P29_009": null }, "geometry": { "type": "Point", "coordinates": [ 136.56059143230874, 34.838511174602651 ] } },
{ "type": "Feature", "properties": { "P29_001": "24207", "P29_002": "B124220720091", "P29_003": "16001", "P29_004": "鈴鹿市立飯野小学校", "P29_005": "三重県鈴鹿市三日市南2-1-7", "P29_006": "3", "P29_007": "1", "P29_008": "00", "P29_009": null }, "geometry": { "type": "Point", "coordinates": [ 136.552230267957725, 34.864561757576801 ] } },
{ "type": "Feature", "properties": { "P29_001": "24207", "P29_002": "B124220720108", "P29_003": "16001", "P29_004": "鈴鹿市立河曲小学校", "P29_005": "三重県鈴鹿市十宮町719-2", "P29_006": "3", "P29_007": "1", "P29_008": "00", "P29_009": null }, "geometry": { "type": "Point", "coordinates": [ 136.575029001216706, 34.892028003761709 ] } },
{ "type": "Feature", "properties": { "P29_001": "24207", "P29_002": "B124220720117", "P29_003": "16001", "P29_004": "鈴鹿市立一ノ宮小学校", "P29_005": "三重県鈴鹿市一ノ宮町557", "P29_006": "3", "P29_007": "1", "P29_008": "00", "P29_009": null }, "geometry": { "type": "Point", "coordinates": [ 136.599612173834998, 34.898247519006681 ] } },
{ "type": "Feature", "properties": { "P29_001": "24207", "P29_002": "B124220720126", "P29_003": "16001", "P29_004": "鈴鹿市立長太小学校", "P29_005": "三重県鈴鹿市長太旭町5-4-5", "P29_006": "3", "P29_007": "1", "P29_008": "00", "P29_009": null }, "geometry": { "type": "Point", "coordinates": [ 136.630785323072757, 34.893463695040573 ] } },
{ "type": "Feature", "properties": { "P29_001": "24207", "P29_002": "B124220720135", "P29_003": "16001", "P29_004": "鈴鹿市立箕田小学校", "P29_005": "三重県鈴鹿市南堀江1-1-1", "P29_006": "3", "P29_007": "1", "P29_008": "00", "P29_009": null }, "geometry": { "type": "Point", "coordinates": [ 136.618882137872419, 34.88129787479167 ] } },
{ "type": "Feature", "properties": { "P29_001": "24207", "P29_002": "B124220720144", "P29_003": "16001", "P29_004": "鈴鹿市立若松小学校", "P29_005": "三重県鈴鹿市若松中1-4-1", "P29_006": "3", "P29_007": "1", "P29_008": "00", "P29_009": null }, "geometry": { "type": "Point", "coordinates": [ 136.61321679602716, 34.859697155471082 ] } },
{ "type": "Feature", "properties": { "P29_001": "24207", "P29_002": "B124220720153", "P29_003": "16001", "P29_004": "鈴鹿市立玉垣小学校", "P29_005": "三重県鈴鹿市北玉垣町947", "P29_006": "3", "P29_007": "1", "P29_008": "00", "P29_009": null }, "geometry": { "type": "Point", "coordinates": [ 136.589845183816095, 34.864587615670828 ] } },
{ "type": "Feature", "properties": { "P29_001": "24207", "P29_002": "B124220720162", "P29_003": "16001", "P29_004": "鈴鹿市立神戸小学校", "P29_005": "三重県鈴鹿市神戸2-12-10", "P29_006": "3", "P29_007": "1", "P29_008": "00", "P29_009": null }, "geometry": { "type": "Point", "coordinates": [ 136.579356354073468, 34.884868181662355 ] } },
{ "type": "Feature", "properties": { "P29_001": "24207", "P29_002": "B124220720171", "P29_003": "16001", "P29_004": "鈴鹿市立合川小学校", "P29_005": "三重県鈴鹿市三宅町3694-2", "P29_006": "3", "P29_007": "1", "P29_008": "00", "P29_009": null }, "geometry": { "type": "Point", "coordinates": [ 136.503132848787828, 34.817670544901254 ] } },
{ "type": "Feature", "properties": { "P29_001": "24207", "P29_002": "B124220720180", "P29_003": "16001", "P29_004": "鈴鹿市立天名小学校", "P29_005": "三重県鈴鹿市御薗町2500", "P29_006": "3", "P29_007": "1", "P29_008": "00", "P29_009": null }, "geometry": { "type": "Point", "coordinates": [ 136.528711478733385, 34.82885146747676 ] } },
{ "type": "Feature", "properties": { "P29_001": "24207", "P29_002": "B124220720199", "P29_003": "16001", "P29_004": "鈴鹿市立栄小学校", "P29_005": "三重県鈴鹿市五祝町1845-2", "P29_006": "3", "P29_007": "1", "P29_008": "00", "P29_009": null }, "geometry": { "type": "Point", "coordinates": [ 136.55839199824652, 34.817201995875607 ] } },
{ "type": "Feature", "properties": { "P29_001": "24207", "P29_002": "B124220720206", "P29_003": "16001", "P29_004": "鈴鹿市立鈴西小学校", "P29_005": "三重県鈴鹿市深溝町3172-1", "P29_006": "3", "P29_007": "1", "P29_008": "00", "P29_009": null }, "geometry": { "type": "Point", "coordinates": [ 136.516727002705693, 34.928025003347187 ] } },
{ "type": "Feature", "properties": { "P29_001": "24207", "P29_002": "B124220720215", "P29_003": "16001", "P29_004": "鈴鹿市立椿小学校", "P29_005": "三重県鈴鹿市山本町750", "P29_006": "3", "P29_007": "1", "P29_008": "00", "P29_009": null }, "geometry": { "type": "Point", "coordinates": [ 136.463358483207941, 34.959391009783999 ] } },
{ "type": "Feature", "properties": { "P29_001": "24207", "P29_002": "B124220720224", "P29_003": "16001", "P29_004": "鈴鹿市立旭が丘小学校", "P29_005": "三重県鈴鹿市東旭が丘5-3-18", "P29_006": "3", "P29_007": "1", "P29_008": "00", "P29_009": null }, "geometry": { "type": "Point", "coordinates": [ 136.581582026026012, 34.846972637654055 ] } },
{ "type": "Feature", "properties": { "P29_001": "24207", "P29_002": "B124220720233", "P29_003": "16001", "P29_004": "鈴鹿市立深伊沢小学校", "P29_005": "三重県鈴鹿市伊船町1693", "P29_006": "3", "P29_007": "1", "P29_008": "00", "P29_009": null }, "geometry": { "type": "Point", "coordinates": [ 136.482882742152469, 34.928428218433638 ] } },
{ "type": "Feature", "properties": { "P29_001": "24207", "P29_002": "B124220720242", "P29_003": "16001", "P29_004": "鈴鹿市立庄内小学校", "P29_005": "三重県鈴鹿市東庄内町2458-1", "P29_006": "3", "P29_007": "1", "P29_008": "00", "P29_009": null }, "geometry": { "type": "Point", "coordinates": [ 136.46275683089263, 34.92198646732971 ] } },
{ "type": "Feature", "properties": { "P29_001": "24207", "P29_002": "B124220720251", "P29_003": "16001", "P29_004": "鈴鹿市立井田川小学校", "P29_005": "三重県鈴鹿市和泉町814", "P29_006": "3", "P29_007": "1", "P29_008": "00", "P29_009": null }, "geometry": { "type": "Point", "coordinates": [ 136.505148372467829, 34.870961313541393 ] } },
{ "type": "Feature", "properties": { "P29_001": "24207", "P29_002": "B124220720260", "P29_003": "16001", "P29_004": "鈴鹿市立鼓ヶ浦小学校", "P29_005": "三重県鈴鹿市寺家1-41-1", "P29_006": "3", "P29_007": "1", "P29_008": "00", "P29_009": null }, "geometry": { "type": "Point", "coordinates": [ 136.577233246360635, 34.815775699810715 ] } },
{ "type": "Feature", "properties": { "P29_001": "24207", "P29_002": "B124220720279", "P29_003": "16001", "P29_004": "鈴鹿市立桜島小学校", "P29_005": "三重県鈴鹿市桜島町4-12", "P29_006": "3", "P29_007": "1", "P29_008": "00", "P29_009": null }, "geometry": { "type": "Point", "coordinates": [ 136.576746171125137, 34.855747225471163 ] } },
{ "type": "Feature", "properties": { "P29_001": "24207", "P29_002": "B124220720288", "P29_003": "16001", "P29_004": "鈴鹿市立明生小学校", "P29_005": "三重県鈴鹿市大池2-13-1", "P29_006": "3", "P29_007": "1", "P29_008": "00", "P29_009": null }, "geometry": { "type": "Point", "coordinates": [ 136.540493263847679, 34.866631694466548 ] } },
{ "type": "Feature", "properties": { "P29_001": "24207", "P29_002": "B124220720297", "P29_003": "16001", "P29_004": "鈴鹿市立清和小学校", "P29_005": "三重県鈴鹿市算所5-21-12", "P29_006": "3", "P29_007": "1", "P29_008": "00", "P29_009": null }, "geometry": { "type": "Point", "coordinates": [ 136.553513532512369, 34.876343390217414 ] } },
{ "type": "Feature", "properties": { "P29_001": "24207", "P29_002": "B124220720304", "P29_003": "16001", "P29_004": "鈴鹿市立郡山小学校", "P29_005": "三重県鈴鹿市郡山町710-6", "P29_006": "3", "P29_007": "1", "P29_008": "00", "P29_009": null }, "geometry": { "type": "Point", "coordinates": [ 136.535644002232317, 34.815896997865934 ] } },
{ "type": "Feature", "properties": { "P29_001": "24208", "P29_002": "B124220820018", "P29_003": "16001", "P29_004": "名張市立名張小学校", "P29_005": "三重県名張市丸之内55", "P29_006": "3", "P29_007": "1", "P29_008": "00", "P29_009": null }, "geometry": { "type": "Point", "coordinates": [ 136.09169268163302, 34.622259691322661 ] } },
{ "type": "Feature", "properties": { "P29_001": "24208", "P29_002": "B124220820027", "P29_003": "16001", "P29_004": "名張市立蔵持小学校", "P29_005": "三重県名張市蔵持町原出338", "P29_006": "3", "P29_007": "1", "P29_008": "00", "P29_009": null }, "geometry": { "type": "Point", "coordinates": [ 136.107242492985591, 34.635854681194033 ] } },
{ "type": "Feature", "properties": { "P29_001": "24208", "P29_002": "B124220820036", "P29_003": "16001", "P29_004": "名張市立桔梗が丘小学校", "P29_005": "三重県名張市桔梗が丘3-2-67", "P29_006": "3", "P29_007": "1", "P29_008": "00", "P29_009": null }, "geometry": { "type": "Point", "coordinates": [ 136.118597762136829, 34.644731255573909 ] } },
{ "type": "Feature", "properties": { "P29_001": "24208", "P29_002": "B124220820045", "P29_003": "16001", "P29_004": "名張市立薦原小学校", "P29_005": "三重県名張市薦生1595", "P29_006": "3", "P29_007": "1", "P29_008": "00", "P29_009": null }, "geometry": { "type": "Point", "coordinates": [ 136.088665197401639, 34.652785469872796 ] } },
{ "type": "Feature", "properties": { "P29_001": "24208", "P29_002": "B124220820054", "P29_003": "16001", "P29_004": "名張市立比奈知小学校", "P29_005": "三重県名張市下比奈知1422", "P29_006": "3", "P29_007": "1", "P29_008": "00", "P29_009": null }, "geometry": { "type": "Point", "coordinates": [ 136.130563737594429, 34.622564401400474 ] } },
{ "type": "Feature", "properties": { "P29_001": "24208", "P29_002": "B124220820063", "P29_003": "16001", "P29_004": "名張市立美旗小学校", "P29_005": "三重県名張市新田117-2", "P29_006": "3", "P29_007": "1", "P29_008": "00", "P29_009": null }, "geometry": { "type": "Point", "coordinates": [ 136.139062395593697, 34.665394552775076 ] } },
{ "type": "Feature", "properties": { "P29_001": "24208", "P29_002": "B124220820072", "P29_003": "16001", "P29_004": "名張市立箕曲小学校", "P29_005": "三重県名張市夏見351", "P29_006": "3", "P29_007": "1", "P29_008": "00", "P29_009": null }, "geometry": { "type": "Point", "coordinates": [ 136.096956168373197, 34.61243615912241 ] } },
{ "type": "Feature", "properties": { "P29_001": "24208", "P29_002": "B124220820081", "P29_003": "16001", "P29_004": "名張市立錦生赤目小学校", "P29_005": "三重県名張市赤目町檀116", "P29_006": "3", "P29_007": "1", "P29_008": "00", "P29_009": null }, "geometry": { "type": "Point", "coordinates": [ 136.077321336486108, 34.598964166063887 ] } },
{ "type": "Feature", "properties": { "P29_001": "24208", "P29_002": "B124220820090", "P29_003": "16001", "P29_004": "名張市立桔梗が丘南小学校", "P29_005": "三重県名張市桔梗が丘5-12-38", "P29_006": "3", "P29_007": "1", "P29_008": "00", "P29_009": null }, "geometry": { "type": "Point", "coordinates": [ 136.124985091135414, 34.637326710089852 ] } },
{ "type": "Feature", "properties": { "P29_001": "24208", "P29_002": "B124220820107", "P29_003": "16001", "P29_004": "名張市立桔梗が丘東小学校", "P29_005": "三重県名張市桔梗が丘7-1-86", "P29_006": "3", "P29_007": "1", "P29_008": "00", "P29_009": null }, "geometry": { "type": "Point", "coordinates": [ 136.12904973004197, 34.646084832380687 ] } },
{ "type": "Feature", "properties": { "P29_001": "24208", "P29_002": "B124220820116", "P29_003": "16001", "P29_004": "名張市立つつじが丘小学校", "P29_005": "三重県名張市つつじが丘北3-5", "P29_006": "3", "P29_007": "1", "P29_008": "00", "P29_009": null }, "geometry": { "type": "Point", "coordinates": [ 136.131055991407123, 34.606741399881081 ] } },
{ "type": "Feature", "properties": { "P29_001": "24208", "P29_002": "B124220820125", "P29_003": "16001", "P29_004": "名張市立すずらん台小学校", "P29_005": "三重県名張市すずらん台東3-219", "P29_006": "3", "P29_007": "1", "P29_008": "00", "P29_009": null }, "geometry": { "type": "Point", "coordinates": [ 136.161774380667651, 34.632941182159982 ] } },
{ "type": "Feature", "properties": { "P29_001": "24208", "P29_002": "B124220820134", "P29_003": "16001", "P29_004": "名張市立梅が丘小学校", "P29_005": "三重県名張市梅が丘北1-340", "P29_006": "3", "P29_007": "1", "P29_008": "00", "P29_009": null }, "geometry": { "type": "Point", "coordinates": [ 136.090785504161204, 34.637825461461674 ] } },
{ "type": "Feature", "properties": { "P29_001": "24208", "P29_002": "B124220820143", "P29_003": "16001", "P29_004": "名張市立百合が丘小学校", "P29_005": "三重県名張市百合が丘東9-1", "P29_006": "3", "P29_007": "1", "P29_008": "00", "P29_009": null }, "geometry": { "type": "Point", "coordinates": [ 136.106616710756299, 34.60473070572499 ] } },
{ "type": "Feature", "properties": { "P29_001": "24209", "P29_002": "B124220920017", "P29_003": "16001", "P29_004": "尾鷲市立尾鷲小学校", "P29_005": "三重県尾鷲市中村町4-58", "P29_006": "3", "P29_007": "1", "P29_008": "00", "P29_009": null }, "geometry": { "type": "Point", "coordinates": [ 136.194689827105066, 34.07285206609297 ] } },
{ "type": "Feature", "properties": { "P29_001": "24209", "P29_002": "B124220920026", "P29_003": "16001", "P29_004": "尾鷲市立宮之上小学校", "P29_005": "三重県尾鷲市宮ノ上町6-48", "P29_006": "3", "P29_007": "1", "P29_008": "00", "P29_009": null }, "geometry": { "type": "Point", "coordinates": [ 136.193414501017003, 34.079113938514425 ] } },
{ "type": "Feature", "properties": { "P29_001": "24209", "P29_002": "B124220920035", "P29_003": "16001", "P29_004": "尾鷲市立矢浜小学校", "P29_005": "三重県尾鷲市矢浜2-3-52", "P29_006": "3", "P29_007": "1", "P29_008": "00", "P29_009": null }, "geometry": { "type": "Point", "coordinates": [ 136.197603215705726, 34.064592466995641 ] } },
{ "type": "Feature", "properties": { "P29_001": "24209", "P29_002": "B124220920044", "P29_003": "16001", "P29_004": "尾鷲市立向井小学校", "P29_005": "三重県尾鷲市大字向井134-12", "P29_006": "3", "P29_007": "1", "P29_008": "00", "P29_009": null }, "geometry": { "type": "Point", "coordinates": [ 136.214693005125014, 34.058197999776468 ] } },
{ "type": "Feature", "properties": { "P29_001": "24209", "P29_002": "B124220920053", "P29_003": "16001", "P29_004": "尾鷲市立須賀利小学校", "P29_005": "三重県尾鷲市須賀利町107", "P29_006": "3", "P29_007": "9", "P29_008": "00", "P29_009": null }, "geometry": { "type": "Point", "coordinates": [ 136.264483089967655, 34.10207911350107 ] } },
{ "type": "Feature", "properties": { "P29_001": "24209", "P29_002": "B124220920062", "P29_003": "16001", "P29_004": "尾鷲市立九鬼小学校", "P29_005": "三重県尾鷲市九鬼町374-1", "P29_006": "3", "P29_007": "9", "P29_008": "00", "P29_009": null }, "geometry": { "type": "Point", "coordinates": [ 136.255585699243227, 34.014679545021671 ] } },
{ "type": "Feature", "properties": { "P29_001": "24209", "P29_002": "B124220920099", "P29_003": "16001", "P29_004": "尾鷲市立賀田小学校", "P29_005": "三重県尾鷲市賀田町319", "P29_006": "3", "P29_007": "1", "P29_008": "00", "P29_009": null }, "geometry": { "type": "Point", "coordinates": [ 136.189073538649694, 33.9774349234821 ] } },
{ "type": "Feature", "properties": { "P29_001": "24209", "P29_002": "B124220920106", "P29_003": "16001", "P29_004": "尾鷲市立梶賀小学校", "P29_005": "三重県尾鷲市梶賀町333", "P29_006": "3", "P29_007": "9", "P29_008": "00", "P29_009": null }, "geometry": { "type": "Point", "coordinates": [ 136.21887300115398, 33.964191000589793 ] } },
{ "type": "Feature", "properties": { "P29_001": "24210", "P29_002": "B124221020014", "P29_003": "16001", "P29_004": "亀山市立亀山西小学校", "P29_005": "三重県亀山市本丸町585", "P29_006": "3", "P29_007": "1", "P29_008": "00", "P29_009": null }, "geometry": { "type": "Point", "coordinates": [ 136.452183237109011, 34.856494455617657 ] } },
{ "type": "Feature", "properties": { "P29_001": "24210", "P29_002": "B124221020023", "P29_003": "16001", "P29_004": "亀山市立亀山東小学校", "P29_005": "三重県亀山市本町1-9-9", "P29_006": "3", "P29_007": "1", "P29_008": "00", "P29_009": null }, "geometry": { "type": "Point", "coordinates": [ 136.461109904731529, 34.852892440163906 ] } },
{ "type": "Feature", "properties": { "P29_001": "24210", "P29_002": "B124221020032", "P29_003": "16001", "P29_004": "亀山市立昼生小学校", "P29_005": "三重県亀山市中庄町1405", "P29_006": "3", "P29_007": "1", "P29_008": "00", "P29_009": null }, "geometry": { "type": "Point", "coordinates": [ 136.472601647007991, 34.824457574324796 ] } },
{ "type": "Feature", "properties": { "P29_001": "24210", "P29_002": "B124221020041", "P29_003": "16001", "P29_004": "亀山市立川崎小学校", "P29_005": "三重県亀山市能褒野町77-22", "P29_006": "3", "P29_007": "1", "P29_008": "00", "P29_009": null }, "geometry": { "type": "Point", "coordinates": [ 136.481585041434926, 34.888952787585559 ] } },
{ "type": "Feature", "properties": { "P29_001": "24210", "P29_002": "B124221020050", "P29_003": "16001", "P29_004": "亀山市立野登小学校", "P29_005": "三重県亀山市両尾町2124", "P29_006": "3", "P29_007": "1", "P29_008": "00", "P29_009": null }, "geometry": { "type": "Point", "coordinates": [ 136.433456336749373, 34.901501076973176 ] } },
{ "type": "Feature", "properties": { "P29_001": "24210", "P29_002": "B124221020069", "P29_003": "16001", "P29_004": "亀山市立白川小学校", "P29_005": "三重県亀山市白木町2739", "P29_006": "3", "P29_007": "1", "P29_008": "00", "P29_009": null }, "geometry": { "type": "Point", "coordinates": [ 136.412696043830579, 34.883381926286241 ] } },
{ "type": "Feature", "properties": { "P29_001": "24210", "P29_002": "B124221020078", "P29_003": "16001", "P29_004": "亀山市立神辺小学校", "P29_005": "三重県亀山市太岡寺町1310", "P29_006": "3", "P29_007": "1", "P29_008": "00", "P29_009": null }, "geometry": { "type": "Point", "coordinates": [ 136.417401067523542, 34.857028345592418 ] } },
{ "type": "Feature", "properties": { "P29_001": "24210", "P29_002": "B124221020087", "P29_003": "16001", "P29_004": "亀山市立井田川小学校", "P29_005": "三重県亀山市みどり町52", "P29_006": "3", "P29_007": "1", "P29_008": "00", "P29_009": null }, "geometry": { "type": "Point", "coordinates": [ 136.482840934381784, 34.869833245211325 ] } },
{ "type": "Feature", "properties": { "P29_001": "24210", "P29_002": "B124221020096", "P29_003": "16001", "P29_004": "亀山市立亀山南小学校", "P29_005": "三重県亀山市天神3-10-25", "P29_006": "3", "P29_007": "1", "P29_008": "00", "P29_009": null }, "geometry": { "type": "Point", "coordinates": [ 136.454123194164964, 34.838857169811945 ] } },
{ "type": "Feature", "properties": { "P29_001": "24210", "P29_002": "B124221020103", "P29_003": "16001", "P29_004": "亀山市立関小学校", "P29_005": "三重県亀山市関町木崎1416", "P29_006": "3", "P29_007": "1", "P29_008": "00", "P29_009": null }, "geometry": { "type": "Point", "coordinates": [ 136.392267598709822, 34.855363345739363 ] } },
{ "type": "Feature", "properties": { "P29_001": "24210", "P29_002": "B124221020112", "P29_003": "16001", "P29_004": "亀山市立加太小学校", "P29_005": "三重県亀山市加太板屋4569", "P29_006": "3", "P29_007": "1", "P29_008": "00", "P29_009": null }, "geometry": { "type": "Point", "coordinates": [ 136.323530243231033, 34.84111038892533 ] } },
{ "type": "Feature", "properties": { "P29_001": "24211", "P29_002": "B124221120013", "P29_003": "16001", "P29_004": "鳥羽市立鳥羽小学校", "P29_005": "三重県鳥羽市堅神町805-2", "P29_006": "3", "P29_007": "1", "P29_008": "00", "P29_009": null }, "geometry": { "type": "Point", "coordinates": [ 136.82001399765366, 34.478803997760998 ] } },
{ "type": "Feature", "properties": { "P29_001": "24211", "P29_002": "B124221120022", "P29_003": "16001", "P29_004": "鳥羽市立答志小学校", "P29_005": "三重県鳥羽市答志町941-1", "P29_006": "3", "P29_007": "1", "P29_008": "00", "P29_009": null }, "geometry": { "type": "Point", "coordinates": [ 136.900166812086468, 34.524979164333665 ] } },
{ "type": "Feature", "properties": { "P29_001": "24211", "P29_002": "B124221120031", "P29_003": "16001", "P29_004": "鳥羽市立神島小学校", "P29_005": "三重県鳥羽市神島町358-3", "P29_006": "3", "P29_007": "1", "P29_008": "00", "P29_009": null }, "geometry": { "type": "Point", "coordinates": [ 136.982968536376006, 34.544731932380756 ] } },
{ "type": "Feature", "properties": { "P29_001": "24211", "P29_002": "B124221120040", "P29_003": "16001", "P29_004": "鳥羽市立菅島小学校", "P29_005": "三重県鳥羽市菅島町1-2", "P29_006": "3", "P29_007": "1", "P29_008": "00", "P29_009": null }, "geometry": { "type": "Point", "coordinates": [ 136.899627875313428, 34.498574551034196 ] } },
{ "type": "Feature", "properties": { "P29_001": "24211", "P29_002": "B124221120059", "P29_003": "16001", "P29_004": "鳥羽市立加茂小学校", "P29_005": "三重県鳥羽市岩倉27-1", "P29_006": "3", "P29_007": "1", "P29_008": "00", "P29_009": null }, "geometry": { "type": "Point", "coordinates": [ 136.844679840703179, 34.445301233418405 ] } },
{ "type": "Feature", "properties": { "P29_001": "24211", "P29_002": "B124221120068", "P29_003": "16001", "P29_004": "鳥羽市立安楽島小学校", "P29_005": "三重県鳥羽市安楽島町377", "P29_006": "3", "P29_007": "1", "P29_008": "00", "P29_009": null }, "geometry": { "type": "Point", "coordinates": [ 136.859807964874989, 34.462986927079314 ] } },
{ "type": "Feature", "properties": { "P29_001": "24211", "P29_002": "B124221120086", "P29_003": "16001", "P29_004": "鳥羽市立弘道小学校", "P29_005": "三重県鳥羽市相差町1014", "P29_006": "3", "P29_007": "1", "P29_008": "00", "P29_009": null }, "geometry": { "type": "Point", "coordinates": [ 136.902835934953941, 34.389139156460942 ] } },
{ "type": "Feature", "properties": { "P29_001": "24212", "P29_002": "B124221220012", "P29_003": "16001", "P29_004": "熊野市立荒坂小学校", "P29_005": "三重県熊野市二木島町729", "P29_006": "3", "P29_007": "1", "P29_008": "00", "P29_009": null }, "geometry": { "type": "Point", "coordinates": [ 136.180214956171653, 33.941788690886199 ] } },
{ "type": "Feature", "properties": { "P29_001": "24212", "P29_002": "B124221220021", "P29_003": "16001", "P29_004": "熊野市立荒坂小学校甫母分校", "P29_005": "三重県熊野市甫母町364", "P29_006": "3", "P29_007": "1", "P29_008": "00", "P29_009": null }, "geometry": { "type": "Point", "coordinates": [ 136.199528560987176, 33.946820380171616 ] } },
{ "type": "Feature", "properties": { "P29_001": "24212", "P29_002": "B124221220030", "P29_003": "16001", "P29_004": "熊野市立遊木小学校", "P29_005": "三重県熊野市遊木町108", "P29_006": "3", "P29_007": "1", "P29_008": "00", "P29_009": null }, "geometry": { "type": "Point", "coordinates": [ 136.175348368169352, 33.928685884867519 ] } },
{ "type": "Feature", "properties": { "P29_001": "24212", "P29_002": "B124221220049", "P29_003": "16001", "P29_004": "熊野市立新鹿小学校", "P29_005": "三重県熊野市新鹿町916-4", "P29_006": "3", "P29_007": "1", "P29_008": "00", "P29_009": null }, "geometry": { "type": "Point", "coordinates": [ 136.140380680442348, 33.932476710837086 ] } },
{ "type": "Feature", "properties": { "P29_001": "24212", "P29_002": "B124221220058", "P29_003": "16001", "P29_004": "熊野市立新鹿小学校波田須分校", "P29_005": "三重県熊野市波田須町602", "P29_006": "3", "P29_007": "1", "P29_008": "00", "P29_009": null }, "geometry": { "type": "Point", "coordinates": [ 136.136466291519923, 33.913791690832468 ] } },
{ "type": "Feature", "properties": { "P29_001": "24212", "P29_002": "B124221220067", "P29_003": "16001", "P29_004": "熊野市立木本小学校", "P29_005": "三重県熊野市木本町349-10", "P29_006": "3", "P29_007": "1", "P29_008": "00", "P29_009": null }, "geometry": { "type": "Point", "coordinates": [ 136.101652244260805, 33.891041080301605 ] } },
{ "type": "Feature", "properties": { "P29_001": "24212", "P29_002": "B124221220076", "P29_003": "16001", "P29_004": "熊野市立井戸小学校", "P29_005": "三重県熊野市井戸町238", "P29_006": "3", "P29_007": "1", "P29_008": "00", "P29_009": null }, "geometry": { "type": "Point", "coordinates": [ 136.091126695588798, 33.890146849672085 ] } },
{ "type": "Feature", "properties": { "P29_001": "24212", "P29_002": "B124221220085", "P29_003": "16001", "P29_004": "熊野市立有馬小学校", "P29_005": "三重県熊野市有馬町530", "P29_006": "3", "P29_007": "1", "P29_008": "00", "P29_009": null }, "geometry": { "type": "Point", "coordinates": [ 136.086137084261168, 33.875747238936739 ] } },
{ "type": "Feature", "properties": { "P29_001": "24212", "P29_002": "B124221220094", "P29_003": "16001", "P29_004": "熊野市立金山小学校", "P29_005": "三重県熊野市金山町2370-2", "P29_006": "3", "P29_007": "1", "P29_008": "00", "P29_009": null }, "geometry": { "type": "Point", "coordinates": [ 136.057021532122093, 33.865991162517503 ] } },
{ "type": "Feature", "properties": { "P29_001": "24212", "P29_002": "B124221220101", "P29_003": "16001", "P29_004": "熊野市立育生小学校", "P29_005": "三重県熊野市育生町尾川41", "P29_006": "3", "P29_007": "1", "P29_008": "00", "P29_009": null }, "geometry": { "type": "Point", "coordinates": [ 135.983603000726646, 33.921707997483324 ] } },
{ "type": "Feature", "properties": { "P29_001": "24212", "P29_002": "B124221220110", "P29_003": "16001", "P29_004": "熊野市立育生小学校赤倉分校", "P29_005": "三重県熊野市赤倉538", "P29_006": "3", "P29_007": "1", "P29_008": "00", "P29_009": null }, "geometry": { "type": "Point", "coordinates": [ 136.02465499634468, 33.906654995668902 ] } },
{ "type": "Feature", "properties": { "P29_001": "24212", "P29_002": "B124221220129", "P29_003": "16001", "P29_004": "熊野市立神上小学校", "P29_005": "三重県熊野市神川町神上63", "P29_006": "3", "P29_007": "1", "P29_008": "00", "P29_009": null }, "geometry": { "type": "Point", "coordinates": [ 136.009041304357822, 33.946795071848499 ] } },
{ "type": "Feature", "properties": { "P29_001": "24212", "P29_002": "B124221220138", "P29_003": "16001", "P29_004": "熊野市立神上小学校青柳分校", "P29_005": "三重県熊野市神川町柳谷265", "P29_006": "3", "P29_007": "1", "P29_008": "00", "P29_009": null }, "geometry": { "type": "Point", "coordinates": [ 136.029237996577763, 33.959788002838081 ] } },
{ "type": "Feature", "properties": { "P29_001": "24212", "P29_002": "B124221220147", "P29_003": "16001", "P29_004": "熊野市立五郷小学校", "P29_005": "三重県熊野市五郷町寺谷1123", "P29_006": "3", "P29_007": "1", "P29_008": "00", "P29_009": null }, "geometry": { "type": "Point", "coordinates": [ 136.049294986857404, 33.985338467364265 ] } },
{ "type": "Feature", "properties": { "P29_001": "24212", "P29_002": "B124221220156", "P29_003": "16001", "P29_004": "熊野市立飛鳥小学校", "P29_005": "三重県熊野市飛鳥町野口375", "P29_006": "3", "P29_007": "1", "P29_008": "00", "P29_009": null }, "geometry": { "type": "Point", "coordinates": [ 136.076360729554551, 33.948486065905549 ] } },
{ "type": "Feature", "properties": { "P29_001": "24212", "P29_002": "B124221220165", "P29_003": "16001", "P29_004": "熊野市立上川小学校", "P29_005": "三重県熊野市紀和町楊枝2", "P29_006": "3", "P29_007": "1", "P29_008": "00", "P29_009": null }, "geometry": { "type": "Point", "coordinates": [ 135.868613996075027, 33.811832003154073 ] } },
{ "type": "Feature", "properties": { "P29_001": "24212", "P29_002": "B124221220174", "P29_003": "16001", "P29_004": "熊野市立入鹿小学校", "P29_005": "三重県熊野市紀和町大栗須1", "P29_006": "3", "P29_007": "1", "P29_008": "00", "P29_009": null }, "geometry": { "type": "Point", "coordinates": [ 135.928639266988, 33.877124469789614 ] } },
{ "type": "Feature", "properties": { "P29_001": "24212", "P29_002": "B124221220183", "P29_003": "16001", "P29_004": "熊野市立入鹿小学校西山分校", "P29_005": "三重県熊野市紀和町長尾850", "P29_006": "3", "P29_007": "1", "P29_008": "00", "P29_009": null }, "geometry": { "type": "Point", "coordinates": [ 135.929319075592531, 33.87700176872336 ] } },
{ "type": "Feature", "properties": { "P29_001": "24212", "P29_002": "B124221220192", "P29_003": "16001", "P29_004": "熊野市立矢ノ川小学校", "P29_005": "三重県熊野市紀和町矢ノ川455", "P29_006": "3", "P29_007": "1", "P29_008": "00", "P29_009": null }, "geometry": { "type": "Point", "coordinates": [ 135.94693841188888, 33.865208305198315 ] } },
{ "type": "Feature", "properties": { "P29_001": "24214", "P29_002": "B124221420010", "P29_003": "16001", "P29_004": "いなべ市立阿下喜小学校", "P29_005": "三重県いなべ市北勢町阿下喜2562-1", "P29_006": "3", "P29_007": "1", "P29_008": "00", "P29_009": null }, "geometry": { "type": "Point", "coordinates": [ 136.524542098139165, 35.156763274487069 ] } },
{ "type": "Feature", "properties": { "P29_001": "24214", "P29_002": "B124221420029", "P29_003": "16001", "P29_004": "いなべ市立治田小学校", "P29_005": "三重県いなべ市北勢町東村30-1", "P29_006": "3", "P29_007": "1", "P29_008": "00", "P29_009": null }, "geometry": { "type": "Point", "coordinates": [ 136.511595153966397, 35.132166853061825 ] } },
{ "type": "Feature", "properties": { "P29_001": "24214", "P29_002": "B124221420038", "P29_003": "16001", "P29_004": "いなべ市立十社小学校", "P29_005": "三重県いなべ市北勢町畑毛634", "P29_006": "3", "P29_007": "1", "P29_008": "00", "P29_009": null }, "geometry": { "type": "Point", "coordinates": [ 136.525121541601607, 35.183251938237618 ] } },
{ "type": "Feature", "properties": { "P29_001": "24214", "P29_002": "B124221420047", "P29_003": "16001", "P29_004": "いなべ市立山郷小学校", "P29_005": "三重県いなべ市北勢町大辻新田276", "P29_006": "3", "P29_007": "1", "P29_008": "00", "P29_009": null }, "geometry": { "type": "Point", "coordinates": [ 136.541634606854018, 35.149923235519658 ] } },
{ "type": "Feature", "properties": { "P29_001": "24214", "P29_002": "B124221420056", "P29_003": "16001", "P29_004": "いなべ市立員弁西小学校", "P29_005": "三重県いなべ市員弁町笠田新田607", "P29_006": "3", "P29_007": "1", "P29_008": "00", "P29_009": null }, "geometry": { "type": "Point", "coordinates": [ 136.554428430307752, 35.115258394185815 ] } },
{ "type": "Feature", "properties": { "P29_001": "24214", "P29_002": "B124221420065", "P29_003": "16001", "P29_004": "いなべ市立員弁東小学校", "P29_005": "三重県いなべ市員弁町大泉1201", "P29_006": "3", "P29_007": "1", "P29_008": "00", "P29_009": null }, "geometry": { "type": "Point", "coordinates": [ 136.56816276169431, 35.099250086752278 ] } },
{ "type": "Feature", "properties": { "P29_001": "24214", "P29_002": "B124221420074", "P29_003": "16001", "P29_004": "いなべ市立笠間小学校", "P29_005": "三重県いなべ市大安町門前561", "P29_006": "3", "P29_007": "1", "P29_008": "00", "P29_009": null }, "geometry": { "type": "Point", "coordinates": [ 136.552426188262388, 35.083143091818584 ] } },
{ "type": "Feature", "properties": { "P29_001": "24214", "P29_002": "B124221420083", "P29_003": "16001", "P29_004": "いなべ市立三里小学校", "P29_005": "三重県いなべ市大安町平塚1247", "P29_006": "3", "P29_007": "1", "P29_008": "00", "P29_009": null }, "geometry": { "type": "Point", "coordinates": [ 136.534994283652793, 35.10316088711118 ] } },
{ "type": "Feature", "properties": { "P29_001": "24214", "P29_002": "B124221420092", "P29_003": "16001", "P29_004": "いなべ市立石榑小学校", "P29_005": "三重県いなべ市大安町石榑南611", "P29_006": "3", "P29_007": "1", "P29_008": "00", "P29_009": null }, "geometry": { "type": "Point", "coordinates": [ 136.505019892924537, 35.105144136393427 ] } },
{ "type": "Feature", "properties": { "P29_001": "24214", "P29_002": "B124221420109", "P29_003": "16001", "P29_004": "いなべ市立丹生川小学校", "P29_005": "三重県いなべ市大安町丹生川中1189", "P29_006": "3", "P29_007": "1", "P29_008": "00", "P29_009": null }, "geometry": { "type": "Point", "coordinates": [ 136.521203438580244, 35.123200780014166 ] } },
{ "type": "Feature", "properties": { "P29_001": "24214", "P29_002": "B124221420118", "P29_003": "16001", "P29_004": "いなべ市立藤原小学校", "P29_005": "三重県いなべ市藤原町市場491", "P29_006": "3", "P29_007": "1", "P29_008": "00", "P29_009": null }, "geometry": { "type": "Point", "coordinates": [ 136.49089300393797, 35.172729004013313 ] } },
{ "type": "Feature", "properties": { "P29_001": "24215", "P29_002": "B124221520019", "P29_003": "16001", "P29_004": "志摩市立浜島小学校", "P29_005": "三重県志摩市浜島町1112", "P29_006": "3", "P29_007": "1", "P29_008": "00", "P29_009": null }, "geometry": { "type": "Point", "coordinates": [ 136.749825639279919, 34.304968924331057 ] } },
{ "type": "Feature", "properties": { "P29_001": "24215", "P29_002": "B124221520028", "P29_003": "16001", "P29_004": "志摩市立大王小学校", "P29_005": "三重県志摩市大王町波切877-3", "P29_006": "3", "P29_007": "1", "P29_008": "00", "P29_009": null }, "geometry": { "type": "Point", "coordinates": [ 136.893853198755181, 34.278641765436618 ] } },
{ "type": "Feature", "properties": { "P29_001": "24215", "P29_002": "B124221520037", "P29_003": "16001", "P29_004": "志摩市立志摩小学校", "P29_005": "三重県志摩市志摩町和具314-1", "P29_006": "3", "P29_007": "1", "P29_008": "00", "P29_009": null }, "geometry": { "type": "Point", "coordinates": [ 136.810126882027902, 34.258921339816808 ] } },
{ "type": "Feature", "properties": { "P29_001": "24215", "P29_002": "B124221520046", "P29_003": "16001", "P29_004": "志摩市立鵜方小学校", "P29_005": "三重県志摩市阿児町鵜方1775", "P29_006": "3", "P29_007": "1", "P29_008": "00", "P29_009": null }, "geometry": { "type": "Point", "coordinates": [ 136.825795484256759, 34.332584994984131 ] } },
{ "type": "Feature", "properties": { "P29_001": "24215", "P29_002": "B124221520055", "P29_003": "16001", "P29_004": "志摩市立神明小学校", "P29_005": "三重県志摩市阿児町神明522-1", "P29_006": "3", "P29_007": "1", "P29_008": "00", "P29_009": null }, "geometry": { "type": "Point", "coordinates": [ 136.833488106772364, 34.311850406172951 ] } },
{ "type": "Feature", "properties": { "P29_001": "24215", "P29_002": "B124221520064", "P29_003": "16001", "P29_004": "志摩市立東海小学校", "P29_005": "三重県志摩市阿児町甲賀1518", "P29_006": "3", "P29_007": "1", "P29_008": "00", "P29_009": null }, "geometry": { "type": "Point", "coordinates": [ 136.86643719858543, 34.313320917828058 ] } },
{ "type": "Feature", "properties": { "P29_001": "24215", "P29_002": "B124221520073", "P29_003": "16001", "P29_004": "志摩市立磯部小学校", "P29_005": "三重県志摩市磯部町恵利原1275", "P29_006": "3", "P29_007": "1", "P29_008": "00", "P29_009": null }, "geometry": { "type": "Point", "coordinates": [ 136.802024764392115, 34.374589025582772 ] } },
{ "type": "Feature", "properties": { "P29_001": "24216", "P29_002": "B124221620018", "P29_003": "16001", "P29_004": "伊賀市立上野東小学校", "P29_005": "三重県伊賀市緑ケ丘中町4352", "P29_006": "3", "P29_007": "1", "P29_008": "00", "P29_009": null }, "geometry": { "type": "Point", "coordinates": [ 136.145882935220357, 34.75978091289749 ] } },
{ "type": "Feature", "properties": { "P29_001": "24216", "P29_002": "B124221620027", "P29_003": "16001", "P29_004": "伊賀市立上野西小学校", "P29_005": "三重県伊賀市上野丸之内112", "P29_006": "3", "P29_007": "1", "P29_008": "00", "P29_009": null }, "geometry": { "type": "Point", "coordinates": [ 136.128219012082241, 34.768489073502039 ] } },
{ "type": "Feature", "properties": { "P29_001": "24216", "P29_002": "B124221620036", "P29_003": "16001", "P29_004": "伊賀市立久米小学校", "P29_005": "三重県伊賀市久米町544", "P29_006": "3", "P29_007": "1", "P29_008": "00", "P29_009": null }, "geometry": { "type": "Point", "coordinates": [ 136.129840796202586, 34.75544848107905 ] } },
{ "type": "Feature", "properties": { "P29_001": "24216", "P29_002": "B124221620045", "P29_003": "16001", "P29_004": "伊賀市立上野北小学校", "P29_005": "三重県伊賀市西高倉3146", "P29_006": "3", "P29_007": "1", "P29_008": "00", "P29_009": null }, "geometry": { "type": "Point", "coordinates": [ 136.106702525286209, 34.786821810804504 ] } },
{ "type": "Feature", "properties": { "P29_001": "24216", "P29_002": "B124221620054", "P29_003": "16001", "P29_004": "伊賀市立府中小学校", "P29_005": "三重県伊賀市東条88", "P29_006": "3", "P29_007": "1", "P29_008": "00", "P29_009": null }, "geometry": { "type": "Point", "coordinates": [ 136.154436761210206, 34.792587168587936 ] } },
{ "type": "Feature", "properties": { "P29_001": "24216", "P29_002": "B124221620063", "P29_003": "16001", "P29_004": "伊賀市立中瀬小学校", "P29_005": "三重県伊賀市西明寺105", "P29_006": "3", "P29_007": "1", "P29_008": "00", "P29_009": null }, "geometry": { "type": "Point", "coordinates": [ 136.155001852078158, 34.773574764364646 ] } },
{ "type": "Feature", "properties": { "P29_001": "24216", "P29_002": "B124221620072", "P29_003": "16001", "P29_004": "伊賀市立友生小学校", "P29_005": "三重県伊賀市ゆめが丘2-11", "P29_006": "3", "P29_007": "1", "P29_008": "00", "P29_009": null }, "geometry": { "type": "Point", "coordinates": [ 136.164543985867937, 34.73704524121851 ] } },
{ "type": "Feature", "properties": { "P29_001": "24216", "P29_002": "B124221620116", "P29_003": "16001", "P29_004": "伊賀市立成和東小学校", "P29_005": "三重県伊賀市猪田1350", "P29_006": "3", "P29_007": "1", "P29_008": "00", "P29_009": null }, "geometry": { "type": "Point", "coordinates": [ 136.130594128969193, 34.727312461896332 ] } },
{ "type": "Feature", "properties": { "P29_001": "24216", "P29_002": "B124221620125", "P29_003": "16001", "P29_004": "伊賀市立成和西小学校", "P29_005": "三重県伊賀市大内624", "P29_006": "3", "P29_007": "1", "P29_008": "00", "P29_009": null }, "geometry": { "type": "Point", "coordinates": [ 136.102974471679204, 34.737223783167863 ] } },
{ "type": "Feature", "properties": { "P29_001": "24216", "P29_002": "B124221620134", "P29_003": "16001", "P29_004": "伊賀市立三訪小学校", "P29_005": "三重県伊賀市三田1652", "P29_006": "3", "P29_007": "1", "P29_008": "00", "P29_009": null }, "geometry": { "type": "Point", "coordinates": [ 136.128849232235268, 34.792488766062668 ] } },
{ "type": "Feature", "properties": { "P29_001": "24216", "P29_002": "B124221620143", "P29_003": "16001", "P29_004": "伊賀市立柘植小学校", "P29_005": "三重県伊賀市柘植町2343", "P29_006": "3", "P29_007": "1", "P29_008": "00", "P29_009": null }, "geometry": { "type": "Point", "coordinates": [ 136.245445056025403, 34.842246198703094 ] } },
{ "type": "Feature", "properties": { "P29_001": "24216", "P29_002": "B124221620152", "P29_003": "16001", "P29_004": "伊賀市立西柘植小学校", "P29_005": "三重県伊賀市大字新堂160", "P29_006": "3", "P29_007": "1", "P29_008": "00", "P29_009": null }, "geometry": { "type": "Point", "coordinates": [ 136.210644944325992, 34.820063338475443 ] } },
{ "type": "Feature", "properties": { "P29_001": "24216", "P29_002": "B124221620161", "P29_003": "16001", "P29_004": "伊賀市立壬生野小学校", "P29_005": "三重県伊賀市川東1786-3", "P29_006": "3", "P29_007": "1", "P29_008": "00", "P29_009": null }, "geometry": { "type": "Point", "coordinates": [ 136.210210048413046, 34.797205224837157 ] } },
{ "type": "Feature", "properties": { "P29_001": "24216", "P29_002": "B124221620170", "P29_003": "16001", "P29_004": "伊賀市立島ヶ原小学校", "P29_005": "三重県伊賀市島ヶ原514-2", "P29_006": "3", "P29_007": "1", "P29_008": "00", "P29_009": null }, "geometry": { "type": "Point", "coordinates": [ 136.05677794611006, 34.777754690991301 ] } },
{ "type": "Feature", "properties": { "P29_001": "24216", "P29_002": "B124221620198", "P29_003": "16001", "P29_004": "伊賀市立阿山小学校", "P29_005": "三重県伊賀市馬場1045", "P29_006": "3", "P29_007": "1", "P29_008": "00", "P29_009": null }, "geometry": { "type": "Point", "coordinates": [ 136.177509494108733, 34.82700241381918 ] } },
{ "type": "Feature", "properties": { "P29_001": "24216", "P29_002": "B124221620205", "P29_003": "16001", "P29_004": "伊賀市立大山田小学校", "P29_005": "三重県伊賀市平田25", "P29_006": "3", "P29_007": "1", "P29_008": "00", "P29_009": null }, "geometry": { "type": "Point", "coordinates": [ 136.210969562627668, 34.768384643547137 ] } },
{ "type": "Feature", "properties": { "P29_001": "24216", "P29_002": "B124221620214", "P29_003": "16001", "P29_004": "伊賀市立青山小学校", "P29_005": "三重県伊賀市阿保1789", "P29_006": "3", "P29_007": "1", "P29_008": "00", "P29_009": null }, "geometry": { "type": "Point", "coordinates": [ 136.183982886204262, 34.664378264505089 ] } },
{ "type": "Feature", "properties": { "P29_001": "24216", "P29_002": "B124221620223", "P29_003": "16001", "P29_004": "伊賀市立上野南小学校", "P29_005": "三重県伊賀市沖265", "P29_006": "3", "P29_007": "1", "P29_008": "00", "P29_009": null }, "geometry": { "type": "Point", "coordinates": [ 136.152330393964547, 34.720438017903945 ] } },
{ "type": "Feature", "properties": { "P29_001": "24303", "P29_002": "B124230320012", "P29_003": "16001", "P29_004": "木曽岬町立木曽岬小学校", "P29_005": "三重県桑名郡木曽岬町大字田代160", "P29_006": "3", "P29_007": "1", "P29_008": "00", "P29_009": null }, "geometry": { "type": "Point", "coordinates": [ 136.731859770287372, 35.074739925391427 ] } },
{ "type": "Feature", "properties": { "P29_001": "24324", "P29_002": "B124232420017", "P29_003": "16001", "P29_004": "東員町立三和小学校", "P29_005": "三重県員弁郡東員町長深700", "P29_006": "3", "P29_007": "1", "P29_008": "00", "P29_009": null }, "geometry": { "type": "Point", "coordinates": [ 136.577411285262258, 35.064791279987503 ] } },
{ "type": "Feature", "properties": { "P29_001": "24324", "P29_002": "B124232420026", "P29_003": "16001", "P29_004": "東員町立稲部小学校", "P29_005": "三重県員弁郡東員町大木944", "P29_006": "3", "P29_007": "1", "P29_008": "00", "P29_009": null }, "geometry": { "type": "Point", "coordinates": [ 136.57463814969546, 35.083217280456481 ] } },
{ "type": "Feature", "properties": { "P29_001": "24324", "P29_002": "B124232420035", "P29_003": "16001", "P29_004": "東員町立神田小学校", "P29_005": "三重県員弁郡東員町六把野新田100", "P29_006": "3", "P29_007": "1", "P29_008": "00", "P29_009": null }, "geometry": { "type": "Point", "coordinates": [ 136.592810997339342, 35.078439389762657 ] } },
{ "type": "Feature", "properties": { "P29_001": "24324", "P29_002": "B124232420044", "P29_003": "16001", "P29_004": "東員町立笹尾西小学校", "P29_005": "三重県員弁郡東員町笹尾西2-1-1", "P29_006": "3", "P29_007": "1", "P29_008": "00", "P29_009": null }, "geometry": { "type": "Point", "coordinates": [ 136.592591250420838, 35.09999254336666 ] } },
{ "type": "Feature", "properties": { "P29_001": "24324", "P29_002": "B124232420053", "P29_003": "16001", "P29_004": "東員町立笹尾東小学校", "P29_005": "三重県員弁郡東員町笹尾東4-28", "P29_006": "3", "P29_007": "1", "P29_008": "00", "P29_009": null }, "geometry": { "type": "Point", "coordinates": [ 136.603135475625095, 35.102060023505011 ] } },
{ "type": "Feature", "properties": { "P29_001": "24324", "P29_002": "B124232420062", "P29_003": "16001", "P29_004": "東員町立城山小学校", "P29_005": "三重県員弁郡東員町城山1-48", "P29_006": "3", "P29_007": "1", "P29_008": "00", "P29_009": null }, "geometry": { "type": "Point", "coordinates": [ 136.60552213139627, 35.090781737321343 ] } },
{ "type": "Feature", "properties": { "P29_001": "24341", "P29_002": "B124234120016", "P29_003": "16001", "P29_004": "菰野町立菰野小学校", "P29_005": "三重県三重郡菰野町菰野1490", "P29_006": "3", "P29_007": "1", "P29_008": "00", "P29_009": null }, "geometry": { "type": "Point", "coordinates": [ 136.508940252955568, 35.012307507888153 ] } },
{ "type": "Feature", "properties": { "P29_001": "24341", "P29_002": "B124234120025", "P29_003": "16001", "P29_004": "菰野町立千種小学校", "P29_005": "三重県三重郡菰野町千草3861", "P29_006": "3", "P29_007": "1", "P29_008": "00", "P29_009": null }, "geometry": { "type": "Point", "coordinates": [ 136.502701357599932, 35.029616410488295 ] } },
{ "type": "Feature", "properties": { "P29_001": "24341", "P29_002": "B124234120034", "P29_003": "16001", "P29_004": "菰野町立朝上小学校", "P29_005": "三重県三重郡菰野町田光66", "P29_006": "3", "P29_007": "1", "P29_008": "00", "P29_009": null }, "geometry": { "type": "Point", "coordinates": [ 136.508141287690563, 35.069256665716196 ] } },
{ "type": "Feature", "properties": { "P29_001": "24341", "P29_002": "B124234120043", "P29_003": "16001", "P29_004": "菰野町立鵜川原小学校", "P29_005": "三重県三重郡菰野町大強原913", "P29_006": "3", "P29_007": "1", "P29_008": "00", "P29_009": null }, "geometry": { "type": "Point", "coordinates": [ 136.537991207921465, 35.027245080460411 ] } },
{ "type": "Feature", "properties": { "P29_001": "24341", "P29_002": "B124234120052", "P29_003": "16001", "P29_004": "菰野町立竹永小学校", "P29_005": "三重県三重郡菰野町竹成2593-5", "P29_006": "3", "P29_007": "1", "P29_008": "00", "P29_009": null }, "geometry": { "type": "Point", "coordinates": [ 136.521165258581476, 35.051216668456071 ] } },
{ "type": "Feature", "properties": { "P29_001": "24343", "P29_002": "B124234320014", "P29_003": "16001", "P29_004": "朝日町立朝日小学校", "P29_005": "三重県三重郡朝日町大字柿750", "P29_006": "3", "P29_007": "1", "P29_008": "00", "P29_009": null }, "geometry": { "type": "Point", "coordinates": [ 136.665520163389601, 35.033669155515746 ] } },
{ "type": "Feature", "properties": { "P29_001": "24344", "P29_002": "B124234420013", "P29_003": "16001", "P29_004": "川越町立川越北小学校", "P29_005": "三重県三重郡川越町豊田一色69", "P29_006": "3", "P29_007": "1", "P29_008": "00", "P29_009": null }, "geometry": { "type": "Point", "coordinates": [ 136.670061871586796, 35.023513760119037 ] } },
{ "type": "Feature", "properties": { "P29_001": "24344", "P29_002": "B124234420022", "P29_003": "16001", "P29_004": "川越町立川越南小学校", "P29_005": "三重県三重郡川越町大字高松258", "P29_006": "3", "P29_007": "1", "P29_008": "00", "P29_009": null }, "geometry": { "type": "Point", "coordinates": [ 136.666247645399721, 35.022266078150992 ] } },
{ "type": "Feature", "properties": { "P29_001": "24441", "P29_002": "B124244120015", "P29_003": "16001", "P29_004": "多気町立相可小学校", "P29_005": "三重県多気郡多気町兄国464", "P29_006": "3", "P29_007": "1", "P29_008": "00", "P29_009": null }, "geometry": { "type": "Point", "coordinates": [ 136.556330535386024, 34.510905084587044 ] } },
{ "type": "Feature", "properties": { "P29_001": "24441", "P29_002": "B124244120024", "P29_003": "16001", "P29_004": "多気町立佐奈小学校", "P29_005": "三重県多気郡多気町仁田120", "P29_006": "3", "P29_007": "1", "P29_008": "00", "P29_009": null }, "geometry": { "type": "Point", "coordinates": [ 136.546810897194348, 34.481679681906947 ] } },
{ "type": "Feature", "properties": { "P29_001": "24441", "P29_002": "B124244120033", "P29_003": "16001", "P29_004": "多気町立津田小学校", "P29_005": "三重県多気郡多気町井内林138", "P29_006": "3", "P29_007": "1", "P29_008": "00", "P29_009": null }, "geometry": { "type": "Point", "coordinates": [ 136.513807755127999, 34.501136688255038 ] } },
{ "type": "Feature", "properties": { "P29_001": "24441", "P29_002": "B124244120042", "P29_003": "16001", "P29_004": "多気町立外城田小学校", "P29_005": "三重県多気郡多気町森荘534-1", "P29_006": "3", "P29_007": "1", "P29_008": "00", "P29_009": null }, "geometry": { "type": "Point", "coordinates": [ 136.57799227203185, 34.484039690786737 ] } },
{ "type": "Feature", "properties": { "P29_001": "24441", "P29_002": "B124244120051", "P29_003": "16001", "P29_004": "多気町立勢和小学校", "P29_005": "三重県多気郡多気町片野2343", "P29_006": "3", "P29_007": "1", "P29_008": "00", "P29_009": null }, "geometry": { "type": "Point", "coordinates": [ 136.460805611045942, 34.463851613551505 ] } },
{ "type": "Feature", "properties": { "P29_001": "24442", "P29_002": "B124244220014", "P29_003": "16001", "P29_004": "明和町立上御糸小学校", "P29_005": "三重県多気郡明和町佐田2038-2", "P29_006": "3", "P29_007": "1", "P29_008": "00", "P29_009": null }, "geometry": { "type": "Point", "coordinates": [ 136.622926041368316, 34.562707411299328 ] } },
{ "type": "Feature", "properties": { "P29_001": "24442", "P29_002": "B124244220023", "P29_003": "16001", "P29_004": "明和町立下御糸小学校", "P29_005": "三重県多気郡明和町内座367", "P29_006": "3", "P29_007": "1", "P29_008": "00", "P29_009": null }, "geometry": { "type": "Point", "coordinates": [ 136.622255654613895, 34.583926787699745 ] } },
{ "type": "Feature", "properties": { "P29_001": "24442", "P29_002": "B124244220032", "P29_003": "16001", "P29_004": "明和町立大淀小学校", "P29_005": "三重県多気郡明和町大淀2873-1", "P29_006": "3", "P29_007": "1", "P29_008": "00", "P29_009": null }, "geometry": { "type": "Point", "coordinates": [ 136.653787416516423, 34.566463854204628 ] } },
{ "type": "Feature", "properties": { "P29_001": "24442", "P29_002": "B124244220041", "P29_003": "16001", "P29_004": "明和町立斎宮小学校", "P29_005": "三重県多気郡明和町斎宮3385-2", "P29_006": "3", "P29_007": "1", "P29_008": "00", "P29_009": null }, "geometry": { "type": "Point", "coordinates": [ 136.611280098322709, 34.537779925317999 ] } },
{ "type": "Feature", "properties": { "P29_001": "24442", "P29_002": "B124244220050", "P29_003": "16001", "P29_004": "明和町立明星小学校", "P29_005": "三重県多気郡明和町明星1547", "P29_006": "3", "P29_007": "1", "P29_008": "00", "P29_009": null }, "geometry": { "type": "Point", "coordinates": [ 136.637010377364845, 34.5272145377524 ] } },
{ "type": "Feature", "properties": { "P29_001": "24443", "P29_002": "B124244320013", "P29_003": "16001", "P29_004": "大台町立日進小学校", "P29_005": "三重県多気郡大台町新田278", "P29_006": "3", "P29_007": "1", "P29_008": "00", "P29_009": null }, "geometry": { "type": "Point", "coordinates": [ 136.521236845867634, 34.438937769564447 ] } },
{ "type": "Feature", "properties": { "P29_001": "24443", "P29_002": "B124244320022", "P29_003": "16001", "P29_004": "大台町立川添小学校", "P29_005": "三重県多気郡大台町上楠420", "P29_006": "3", "P29_007": "1", "P29_008": "00", "P29_009": null }, "geometry": { "type": "Point", "coordinates": [ 136.473356462037316, 34.421143624290238 ] } },
{ "type": "Feature", "properties": { "P29_001": "24443", "P29_002": "B124244320031", "P29_003": "16001", "P29_004": "大台町立三瀬谷小学校", "P29_005": "三重県多気郡大台町佐原107", "P29_006": "3", "P29_007": "1", "P29_008": "00", "P29_009": null }, "geometry": { "type": "Point", "coordinates": [ 136.408631066176952, 34.397598232069683 ] } },
{ "type": "Feature", "properties": { "P29_001": "24443", "P29_002": "B124244320040", "P29_003": "16001", "P29_004": "大台町立宮川小学校", "P29_005": "三重県多気郡大台町茂原543-3", "P29_006": "3", "P29_007": "1", "P29_008": "00", "P29_009": null }, "geometry": { "type": "Point", "coordinates": [ 136.327664801717276, 34.357230441512165 ] } },
{ "type": "Feature", "properties": { "P29_001": "24461", "P29_002": "B124246120010", "P29_003": "16001", "P29_004": "玉城町立田丸小学校", "P29_005": "三重県度会郡玉城町佐田1247", "P29_006": "3", "P29_007": "1", "P29_008": "00", "P29_009": null }, "geometry": { "type": "Point", "coordinates": [ 136.633324747672361, 34.493842311809175 ] } },
{ "type": "Feature", "properties": { "P29_001": "24461", "P29_002": "B124246120029", "P29_003": "16001", "P29_004": "玉城町立有田小学校", "P29_005": "三重県度会郡玉城町長更376", "P29_006": "3", "P29_007": "1", "P29_008": "00", "P29_009": null }, "geometry": { "type": "Point", "coordinates": [ 136.639660653611827, 34.506822614500756 ] } },
{ "type": "Feature", "properties": { "P29_001": "24461", "P29_002": "B124246120038", "P29_003": "16001", "P29_004": "玉城町立外城田小学校", "P29_005": "三重県度会郡玉城町蚊野2018", "P29_006": "3", "P29_007": "1", "P29_008": "00", "P29_009": null }, "geometry": { "type": "Point", "coordinates": [ 136.601694491802562, 34.483373918212123 ] } },
{ "type": "Feature", "properties": { "P29_001": "24461", "P29_002": "B124246120047", "P29_003": "16001", "P29_004": "玉城町立下外城田小学校", "P29_005": "三重県度会郡玉城町小社曽根776", "P29_006": "3", "P29_007": "1", "P29_008": "00", "P29_009": null }, "geometry": { "type": "Point", "coordinates": [ 136.650111004064087, 34.477412032923098 ] } },
{ "type": "Feature", "properties": { "P29_001": "24470", "P29_002": "B124247020019", "P29_003": "16001", "P29_004": "度会町立度会小学校", "P29_005": "三重県度会郡度会町棚橋1679-1", "P29_006": "3", "P29_007": "1", "P29_008": "00", "P29_009": null }, "geometry": { "type": "Point", "coordinates": [ 136.617555843482933, 34.435378928171374 ] } },
{ "type": "Feature", "properties": { "P29_001": "24471", "P29_002": "B124247120018", "P29_003": "16001", "P29_004": "大紀町立七保小学校", "P29_005": "三重県度会郡大紀町打見388", "P29_006": "3", "P29_007": "1", "P29_008": "00", "P29_009": null }, "geometry": { "type": "Point", "coordinates": [ 136.480654131810354, 34.412701947596439 ] } },
{ "type": "Feature", "properties": { "P29_001": "24471", "P29_002": "B124247120027", "P29_003": "16001", "P29_004": "大紀町立大宮小学校", "P29_005": "三重県度会郡大紀町滝原1748-1", "P29_006": "3", "P29_007": "1", "P29_008": "00", "P29_009": null }, "geometry": { "type": "Point", "coordinates": [ 136.407592864842115, 34.350459480004204 ] } },
{ "type": "Feature", "properties": { "P29_001": "24471", "P29_002": "B124247120036", "P29_003": "16001", "P29_004": "大紀町立大紀小学校", "P29_005": "三重県度会郡大紀町大内山875", "P29_006": "3", "P29_007": "1", "P29_008": "00", "P29_009": null }, "geometry": { "type": "Point", "coordinates": [ 136.35881094019129, 34.274818551104509 ] } },
{ "type": "Feature", "properties": { "P29_001": "24471", "P29_002": "B124247120045", "P29_003": "16001", "P29_004": "大紀町立錦小学校", "P29_005": "三重県度会郡大紀町錦426-1", "P29_006": "3", "P29_007": "1", "P29_008": "00", "P29_009": null }, "geometry": { "type": "Point", "coordinates": [ 136.395891796099733, 34.224320461820732 ] } },
{ "type": "Feature", "properties": { "P29_001": "24472", "P29_002": "B124247220017", "P29_003": "16001", "P29_004": "南伊勢町立南勢小学校", "P29_005": "三重県度会郡南伊勢町五ヵ所浦3755-4", "P29_006": "3", "P29_007": "1", "P29_008": "00", "P29_009": null }, "geometry": { "type": "Point", "coordinates": [ 136.708788702853838, 34.349478924333702 ] } },
{ "type": "Feature", "properties": { "P29_001": "24472", "P29_002": "B124247220026", "P29_003": "16001", "P29_004": "南伊勢町立南島東小学校", "P29_005": "三重県度会郡南伊勢町贄浦188-2", "P29_006": "3", "P29_007": "1", "P29_008": "00", "P29_009": null }, "geometry": { "type": "Point", "coordinates": [ 136.550516520700938, 34.284268247594966 ] } },
{ "type": "Feature", "properties": { "P29_001": "24472", "P29_002": "B124247220035", "P29_003": "16001", "P29_004": "南伊勢町立南島西小学校", "P29_005": "三重県度会郡南伊勢町村山1036", "P29_006": "3", "P29_007": "1", "P29_008": "00", "P29_009": null }, "geometry": { "type": "Point", "coordinates": [ 136.4968323042539, 34.281269164179079 ] } },
{ "type": "Feature", "properties": { "P29_001": "24543", "P29_002": "B124254320012", "P29_003": "16001", "P29_004": "紀北町立三浦小学校", "P29_005": "三重県北牟婁郡紀北町三浦432", "P29_006": "3", "P29_007": "1", "P29_008": "00", "P29_009": null }, "geometry": { "type": "Point", "coordinates": [ 136.279246406859301, 34.167552162840529 ] } },
{ "type": "Feature", "properties": { "P29_001": "24543", "P29_002": "B124254320030", "P29_003": "16001", "P29_004": "紀北町立西小学校", "P29_005": "三重県北牟婁郡紀北町長島1538", "P29_006": "3", "P29_007": "1", "P29_008": "00", "P29_009": null }, "geometry": { "type": "Point", "coordinates": [ 136.329741069536936, 34.199177941453932 ] } },
{ "type": "Feature", "properties": { "P29_001": "24543", "P29_002": "B124254320049", "P29_003": "16001", "P29_004": "紀北町立東小学校", "P29_005": "三重県北牟婁郡紀北町東長島2458", "P29_006": "3", "P29_007": "1", "P29_008": "00", "P29_009": null }, "geometry": { "type": "Point", "coordinates": [ 136.343066211596692, 34.209163476646189 ] } },
{ "type": "Feature", "properties": { "P29_001": "24543", "P29_002": "B124254320058", "P29_003": "16001", "P29_004": "紀北町立赤羽小学校", "P29_005": "三重県北牟婁郡紀北町島原2708-2", "P29_006": "3", "P29_007": "1", "P29_008": "00", "P29_009": null }, "geometry": { "type": "Point", "coordinates": [ 136.300746581277139, 34.216271644395313 ] } },
{ "type": "Feature", "properties": { "P29_001": "24543", "P29_002": "B124254320067", "P29_003": "16001", "P29_004": "紀北町立相賀小学校", "P29_005": "三重県北牟婁郡紀北町相賀368-3", "P29_006": "3", "P29_007": "1", "P29_008": "00", "P29_009": null }, "geometry": { "type": "Point", "coordinates": [ 136.226576715061015, 34.110215441190647 ] } },
{ "type": "Feature", "properties": { "P29_001": "24543", "P29_002": "B124254320076", "P29_003": "16001", "P29_004": "紀北町立矢口小学校", "P29_005": "三重県北牟婁郡紀北町矢口浦311", "P29_006": "3", "P29_007": "1", "P29_008": "00", "P29_009": null }, "geometry": { "type": "Point", "coordinates": [ 136.268206517197399, 34.130625123404052 ] } },
{ "type": "Feature", "properties": { "P29_001": "24543", "P29_002": "B124254320085", "P29_003": "16001", "P29_004": "紀北町立船津小学校", "P29_005": "三重県北牟婁郡紀北町船津1057", "P29_006": "3", "P29_007": "1", "P29_008": "00", "P29_009": null }, "geometry": { "type": "Point", "coordinates": [ 136.214791249917027, 34.125922323316388 ] } },
{ "type": "Feature", "properties": { "P29_001": "24543", "P29_002": "B124254320094", "P29_003": "16001", "P29_004": "紀北町立上里小学校", "P29_005": "三重県北牟婁郡紀北町上里801", "P29_006": "3", "P29_007": "1", "P29_008": "00", "P29_009": null }, "geometry": { "type": "Point", "coordinates": [ 136.239338487731459, 34.141610891680138 ] } },
{ "type": "Feature", "properties": { "P29_001": "24561", "P29_002": "B124256120019", "P29_003": "16001", "P29_004": "御浜町立神志山小学校", "P29_005": "三重県南牟婁郡御浜町志原16", "P29_006": "3", "P29_007": "1", "P29_008": "00", "P29_009": null }, "geometry": { "type": "Point", "coordinates": [ 136.040153931258033, 33.867576098921859 ] } },
{ "type": "Feature", "properties": { "P29_001": "24561", "P29_002": "B124256120028", "P29_003": "16001", "P29_004": "御浜町立御浜小学校", "P29_005": "三重県南牟婁郡御浜町下市木1956", "P29_006": "3", "P29_007": "1", "P29_008": "00", "P29_009": null }, "geometry": { "type": "Point", "coordinates": [ 136.046713708477995, 33.832114746628704 ] } },
{ "type": "Feature", "properties": { "P29_001": "24561", "P29_002": "B124256120037", "P29_003": "16001", "P29_004": "御浜町立阿田和小学校", "P29_005": "三重県南牟婁郡御浜町阿田和1791-1", "P29_006": "3", "P29_007": "1", "P29_008": "00", "P29_009": null }, "geometry": { "type": "Point", "coordinates": [ 136.037825662963797, 33.796091699020643 ] } },
{ "type": "Feature", "properties": { "P29_001": "24561", "P29_002": "B124256120046", "P29_003": "16001", "P29_004": "御浜町立尾呂志学園小学校", "P29_005": "三重県南牟婁郡御浜町上野535-5", "P29_006": "3", "P29_007": "1", "P29_008": "00", "P29_009": null }, "geometry": { "type": "Point", "coordinates": [ 135.98132148454431, 33.854905663115517 ] } },
{ "type": "Feature", "properties": { "P29_001": "24562", "P29_002": "B124256220018", "P29_003": "16001", "P29_004": "紀宝町立井田小学校", "P29_005": "三重県南牟婁郡紀宝町井田1787-2", "P29_006": "3", "P29_007": "1", "P29_008": "00", "P29_009": null }, "geometry": { "type": "Point", "coordinates": [ 136.022270240672214, 33.756461006061947 ] } },
{ "type": "Feature", "properties": { "P29_001": "24562", "P29_002": "B124256220027", "P29_003": "16001", "P29_004": "紀宝町立神内小学校", "P29_005": "三重県南牟婁郡紀宝町神内493", "P29_006": "3", "P29_007": "1", "P29_008": "00", "P29_009": null }, "geometry": { "type": "Point", "coordinates": [ 136.011281042194923, 33.752201003052271 ] } },
{ "type": "Feature", "properties": { "P29_001": "24562", "P29_002": "B124256220036", "P29_003": "16001", "P29_004": "紀宝町立成川小学校", "P29_005": "三重県南牟婁郡紀宝町成川632", "P29_006": "3", "P29_007": "1", "P29_008": "00", "P29_009": null }, "geometry": { "type": "Point", "coordinates": [ 135.993796352969525, 33.735660691124529 ] } },
{ "type": "Feature", "properties": { "P29_001": "24562", "P29_002": "B124256220045", "P29_003": "16001", "P29_004": "紀宝町立相野谷小学校", "P29_005": "三重県南牟婁郡紀宝町井内98-1", "P29_006": "3", "P29_007": "1", "P29_008": "00", "P29_009": null }, "geometry": { "type": "Point", "coordinates": [ 135.986634235372804, 33.787324852423176 ] } },
{ "type": "Feature", "properties": { "P29_001": "24562", "P29_002": "B124256220054", "P29_003": "16001", "P29_004": "紀宝町立鵜殿小学校", "P29_005": "三重県南牟婁郡紀宝町鵜殿1232-1", "P29_006": "3", "P29_007": "1", "P29_008": "00", "P29_009": null }, "geometry": { "type": "Point", "coordinates": [ 136.011923272520335, 33.742355136016172 ] } },
{ "type": "Feature", "properties": { "P29_001": "24202", "P29_002": "B124320225017", "P29_003": "16001", "P29_004": "暁小学校", "P29_005": "三重県四日市市蒔田3-3-37", "P29_006": "4", "P29_007": "1", "P29_008": "00", "P29_009": null }, "geometry": { "type": "Point", "coordinates": [ 136.656226240909973, 35.01708619750206 ] } },
{ "type": "Feature", "properties": { "P29_001": "24205", "P29_002": "B124320525014", "P29_003": "16001", "P29_004": "津田学園小学校", "P29_005": "三重県桑名市野田5-3-12", "P29_006": "4", "P29_007": "1", "P29_008": "00", "P29_009": null }, "geometry": { "type": "Point", "coordinates": [ 136.623887296378172, 35.083242363578968 ] } }
]
}
